contractSymbol,lastTradeDate,strike,lastPrice,bid,ask,change,percentChange,volume,openInterest,impliedVolatility,inTheMoney,contractSize,currency,expiry,underlying_last,r,quote_date,mid_price,T
SPY260925C00610000,2026-09-17 19:56:31+00:00,610.0,153.0,151.28,155.16,0.0,0.0,5.0,0.0,0.9321295849609376,True,REGULAR,USD,2026-09-25,761.6900024414062,0.039779999256134034,2026-09-18,153.22,0.019178082191780823
SPY260925C00615000,2026-09-17 19:56:31+00:00,615.0,148.01,146.25,150.17,0.0,0.0,5.0,0.0,0.9025888647460938,True,REGULAR,USD,2026-09-25,761.6900024414062,0.039779999256134034,2026-09-18,148.20999999999998,0.019178082191780823
SPY260925C00620000,2026-09-18 15:40:11+00:00,620.0,139.79,141.26,145.17,-3.3400116,-2.333551,20.0,21.0,0.8747571118164061,True,REGULAR,USD,2026-09-25,761.6900024414062,0.039779999256134034,2026-09-18,143.21499999999997,0.019178082191780823
SPY260925C00625000,2026-09-17 19:56:31+00:00,625.0,138.08,136.34,140.18,0.0,0.0,5.0,0.0,0.8513198461914062,True,REGULAR,USD,2026-09-25,761.6900024414062,0.039779999256134034,2026-09-18,138.26,0.019178082191780823
SPY260925C00630000,2026-09-17 19:56:31+00:00,630.0,133.08,131.27,135.2,0.0,0.0,5.0,0.0,0.8205584350585937,True,REGULAR,USD,2026-09-25,761.6900024414062,0.039779999256134034,2026-09-18,133.235,0.019178082191780823
SPY260925C00640000,2026-09-17 19:55:00+00:00,640.0,123.15,121.28,125.21,0.0,0.0,1365.0,0.0,0.7653832055664063,True,REGULAR,USD,2026-09-25,761.6900024414062,0.039779999256134034,2026-09-18,123.245,0.019178082191780823
SPY260925C00645000,2026-09-17 19:55:00+00:00,645.0,118.06,116.29,120.22,0.0,0.0,160.0,0.0,0.7382838671874999,True,REGULAR,USD,2026-09-25,761.6900024414062,0.039779999256134034,2026-09-18,118.255,0.019178082191780823
SPY260925C00650000,2026-09-18 19:38:24+00:00,650.0,111.58,111.38,115.23,-1.5,-1.3264945,8.0,1.0,0.7150907397460937,True,REGULAR,USD,2026-09-25,761.6900024414062,0.039779999256134034,2026-09-18,113.305,0.019178082191780823
SPY260925C00655000,2026-09-17 19:56:19+00:00,655.0,108.08,106.44,110.23,0.0,0.0,6.0,0.0,0.6898224377441409,True,REGULAR,USD,2026-09-25,761.6900024414062,0.039779999256134034,2026-09-18,108.33500000000001,0.019178082191780823
SPY260925C00660000,2026-09-17 19:56:19+00:00,660.0,102.96,101.45,105.24,0.0,0.0,5.0,0.0,0.6626010302734376,True,REGULAR,USD,2026-09-25,761.6900024414062,0.039779999256134034,2026-09-18,103.345,0.019178082191780823
SPY260925C00665000,2026-09-17 19:56:15+00:00,665.0,98.07,96.32,100.25,0.0,0.0,5.0,0.0,0.6296423754882813,True,REGULAR,USD,2026-09-25,761.6900024414062,0.039779999256134034,2026-09-18,98.285,0.019178082191780823
SPY260925C00670000,2026-09-18 14:36:09+00:00,670.0,89.8,91.33,95.27,-3.2799988,-3.523849,1.0,1.0,0.6030313134765627,True,REGULAR,USD,2026-09-25,761.6900024414062,0.039779999256134034,2026-09-18,93.3,0.019178082191780823
SPY260925C00675000,2026-09-17 19:56:19+00:00,675.0,88.08,86.34,90.28,0.0,0.0,5.0,0.0,0.5759319750976561,True,REGULAR,USD,2026-09-25,761.6900024414062,0.039779999256134034,2026-09-18,88.31,0.019178082191780823
SPY260925C00680000,2026-09-17 19:56:19+00:00,680.0,83.08,81.36,85.28,0.0,0.0,21.0,0.0,0.5488326367187502,True,REGULAR,USD,2026-09-25,761.6900024414062,0.039779999256134034,2026-09-18,83.32,0.019178082191780823
SPY260925C00685000,2026-09-17 19:56:19+00:00,685.0,77.98,76.37,80.3,0.0,0.0,21.0,1.0,0.5219774365234374,True,REGULAR,USD,2026-09-25,761.6900024414062,0.039779999256134034,2026-09-18,78.33500000000001,0.019178082191780823
SPY260925C00690000,2026-09-17 19:51:41+00:00,690.0,72.99,71.37,75.31,0.0,0.0,50.0,0.0,0.608524422607422,True,REGULAR,USD,2026-09-25,761.6900024414062,0.039779999256134034,2026-09-18,73.34,0.019178082191780823
SPY260925C00695000,2026-09-17 20:00:28+00:00,695.0,67.87,66.53,70.33,0.0,0.0,85.0,0.0,0.5772747351074219,True,REGULAR,USD,2026-09-25,761.6900024414062,0.039779999256134034,2026-09-18,68.43,0.019178082191780823
SPY260925C00700000,2026-09-18 19:48:49+00:00,700.0,62.2,61.48,65.35,-0.9599991,-1.5199479,5.0,2.0,0.5459029785156251,True,REGULAR,USD,2026-09-25,761.6900024414062,0.039779999256134034,2026-09-18,63.41499999999999,0.019178082191780823
SPY260925C00705000,2026-09-17 20:00:28+00:00,705.0,57.85,56.55,60.37,0.0,0.0,113.0,0.0,0.5142260491943358,True,REGULAR,USD,2026-09-25,761.6900024414062,0.039779999256134034,2026-09-18,58.459999999999994,0.019178082191780823
SPY260925C00710000,2026-09-18 14:50:47+00:00,710.0,50.04,51.57,55.39,-3.0599976,-5.762707,3.0,11.0,0.4822439471435547,True,REGULAR,USD,2026-09-25,761.6900024414062,0.039779999256134034,2026-09-18,53.480000000000004,0.019178082191780823
SPY260925C00715000,2026-09-18 15:04:28+00:00,715.0,45.29,46.53,50.44,-2.5900002,-5.4093566,7.0,0.0,0.45111632873535157,True,REGULAR,USD,2026-09-25,761.6900024414062,0.039779999256134034,2026-09-18,48.485,0.019178082191780823
SPY260925C00720000,2026-09-17 19:56:31+00:00,720.0,43.13,41.62,45.47,0.0,0.0,97.0,2.0,0.41864595031738283,True,REGULAR,USD,2026-09-25,761.6900024414062,0.039779999256134034,2026-09-18,43.545,0.019178082191780823
SPY260925C00721000,2026-09-17 19:56:15+00:00,721.0,42.09,40.63,44.48,0.0,0.0,12.0,0.0,0.41223732299804683,True,REGULAR,USD,2026-09-25,761.6900024414062,0.039779999256134034,2026-09-18,42.555,0.019178082191780823
SPY260925C00722000,2026-09-17 19:56:51+00:00,722.0,41.09,39.53,43.49,0.0,0.0,27.0,0.0,0.40582869567871094,True,REGULAR,USD,2026-09-25,761.6900024414062,0.039779999256134034,2026-09-18,41.510000000000005,0.019178082191780823
SPY260925C00723000,2026-09-18 15:45:06+00:00,723.0,37.08,38.54,42.5,-2.949997,-7.3694654,2.0,2.0,0.3993590338134766,True,REGULAR,USD,2026-09-25,761.6900024414062,0.039779999256134034,2026-09-18,40.519999999999996,0.019178082191780823
SPY260925C00724000,2026-09-18 15:04:23+00:00,724.0,36.39,37.6,41.5,-2.9000015,-7.3810167,2.0,0.0,0.3924621301269531,True,REGULAR,USD,2026-09-25,761.6900024414062,0.039779999256134034,2026-09-18,39.55,0.019178082191780823
SPY260925C00725000,2026-09-18 19:51:16+00:00,725.0,37.38,36.66,40.51,-0.25,-0.6643635,10.0,0.0,0.3859924682617187,True,REGULAR,USD,2026-09-25,761.6900024414062,0.039779999256134034,2026-09-18,38.584999999999994,0.019178082191780823
SPY260925C00726000,2026-09-17 20:00:13+00:00,726.0,36.54,35.67,39.56,0.0,0.0,2.0,0.0,0.38092660095214836,True,REGULAR,USD,2026-09-25,761.6900024414062,0.039779999256134034,2026-09-18,37.615,0.019178082191780823
SPY260925C00727000,2026-09-18 14:25:37+00:00,727.0,32.95,34.58,38.57,-2.380001,-6.7364874,3.0,0.0,0.3743348699951171,True,REGULAR,USD,2026-09-25,761.6900024414062,0.039779999256134034,2026-09-18,36.575,0.019178082191780823
SPY260925C00728000,2026-09-17 18:55:31+00:00,728.0,34.33,33.64,37.58,0.0,0.0,4.0,0.0,0.3676821044921875,True,REGULAR,USD,2026-09-25,761.6900024414062,0.039779999256134034,2026-09-18,35.61,0.019178082191780823
SPY260925C00729000,2026-09-18 19:48:42+00:00,729.0,33.42,32.71,36.6,-0.30000305,-0.88968873,6.0,0.0,0.3613955462646484,True,REGULAR,USD,2026-09-25,761.6900024414062,0.039779999256134034,2026-09-18,34.655,0.019178082191780823
SPY260925C00730000,2026-09-18 19:57:03+00:00,730.0,32.48,31.72,35.65,-0.38000107,-1.1564244,19.0,1.0,0.35608554077148435,True,REGULAR,USD,2026-09-25,761.6900024414062,0.039779999256134034,2026-09-18,33.685,0.019178082191780823
SPY260925C00731000,2026-09-18 19:47:32+00:00,731.0,31.49,30.69,34.65,0.010000229,0.03176693,14.0,0.0,0.3490055334472656,True,REGULAR,USD,2026-09-25,761.6900024414062,0.039779999256134034,2026-09-18,32.67,0.019178082191780823
SPY260925C00732000,2026-09-18 19:49:57+00:00,732.0,30.52,29.7,33.69,7.4799995,32.465275,13.0,0.0,0.34326828613281246,True,REGULAR,USD,2026-09-25,761.6900024414062,0.039779999256134034,2026-09-18,31.695,0.019178082191780823
SPY260925C00733000,2026-09-18 19:56:52+00:00,733.0,29.46,28.77,32.71,-0.5100002,-1.7017025,18.0,0.0,0.33673758972167966,True,REGULAR,USD,2026-09-25,761.6900024414062,0.039779999256134034,2026-09-18,30.740000000000002,0.019178082191780823
SPY260925C00734000,2026-09-18 19:52:50+00:00,734.0,28.64,27.79,31.76,3.7399998,15.02008,12.0,0.0,0.3311834460449219,True,REGULAR,USD,2026-09-25,761.6900024414062,0.039779999256134034,2026-09-18,29.775,0.019178082191780823
SPY260925C00735000,2026-09-18 19:56:40+00:00,735.0,27.63,26.81,30.78,-0.23000145,-0.8255615,938.0,1.0,0.32459171508789053,True,REGULAR,USD,2026-09-25,761.6900024414062,0.039779999256134034,2026-09-18,28.795,0.019178082191780823
SPY260925C00736000,2026-09-18 19:52:37+00:00,736.0,26.23,25.84,29.83,9.01,52.322884,16.0,0.0,0.31891550231933585,True,REGULAR,USD,2026-09-25,761.6900024414062,0.039779999256134034,2026-09-18,27.835,0.019178082191780823
SPY260925C00737000,2026-09-18 19:56:16+00:00,737.0,25.52,25.15,28.71,9.060001,55.042538,42.0,1.0,0.30762411132812495,True,REGULAR,USD,2026-09-25,761.6900024414062,0.039779999256134034,2026-09-18,26.93,0.019178082191780823
SPY260925C00738000,2026-09-18 20:11:45+00:00,738.0,26.0,24.09,27.74,1.3099995,5.305789,15.0,4.0,0.30121548400878906,True,REGULAR,USD,2026-09-25,761.6900024414062,0.039779999256134034,2026-09-18,25.915,0.019178082191780823
SPY260925C00739000,2026-09-18 19:57:15+00:00,739.0,23.68,23.12,26.77,0.460001,1.9810551,57.0,0.0,0.2946847875976562,True,REGULAR,USD,2026-09-25,761.6900024414062,0.039779999256134034,2026-09-18,24.945,0.019178082191780823
SPY260925C00740000,2026-09-18 20:02:17+00:00,740.0,23.5,22.15,25.81,1.2700005,5.7130027,525.0,300.0,0.2884592639160155,True,REGULAR,USD,2026-09-25,761.6900024414062,0.039779999256134034,2026-09-18,23.979999999999997,0.019178082191780823
SPY260925C00741000,2026-09-18 19:56:28+00:00,741.0,21.7,21.19,23.89,0.15000153,0.6960628,1186.0,197.0,0.2515943981933594,True,REGULAR,USD,2026-09-25,761.6900024414062,0.039779999256134034,2026-09-18,22.54,0.019178082191780823
SPY260925C00742000,2026-09-18 19:54:43+00:00,742.0,20.55,20.23,23.2,-0.09000015,-0.43604726,447.0,287.0,0.25427991821289064,True,REGULAR,USD,2026-09-25,761.6900024414062,0.039779999256134034,2026-09-18,21.715,0.019178082191780823
SPY260925C00743000,2026-09-18 19:42:13+00:00,743.0,19.43,19.36,22.25,-0.26000023,-1.3204684,120.0,207.0,0.2483595672607422,True,REGULAR,USD,2026-09-25,761.6900024414062,0.039779999256134034,2026-09-18,20.805,0.019178082191780823
SPY260925C00744000,2026-09-18 19:42:39+00:00,744.0,18.49,18.33,21.3,-0.25,-1.3340448,1492.0,521.0,0.2423781817626953,True,REGULAR,USD,2026-09-25,761.6900024414062,0.039779999256134034,2026-09-18,19.814999999999998,0.019178082191780823
SPY260925C00745000,2026-09-18 20:00:30+00:00,745.0,16.96,17.38,20.36,-0.75,-4.2348957,261.0,191.0,0.23651886535644528,True,REGULAR,USD,2026-09-25,761.6900024414062,0.039779999256134034,2026-09-18,18.869999999999997,0.019178082191780823
SPY260925C00746000,2026-09-18 19:42:19+00:00,746.0,16.63,16.44,19.41,-0.07999992,-0.47875482,47.0,182.0,0.2302933416748047,True,REGULAR,USD,2026-09-25,761.6900024414062,0.039779999256134034,2026-09-18,17.925,0.019178082191780823
SPY260925C00747000,2026-09-18 20:06:53+00:00,747.0,17.05,16.26,18.44,0.94999886,5.900614,27.0,161.0,0.22333540344238278,True,REGULAR,USD,2026-09-25,761.6900024414062,0.039779999256134034,2026-09-18,17.35,0.019178082191780823
SPY260925C00748000,2026-09-18 19:48:33+00:00,748.0,15.14,15.41,17.49,-0.7699995,-4.8397207,116.0,156.0,0.21686574157714844,True,REGULAR,USD,2026-09-25,761.6900024414062,0.039779999256134034,2026-09-18,16.45,0.019178082191780823
SPY260925C00749000,2026-09-18 19:44:45+00:00,749.0,14.1,14.56,16.51,-0.65999985,-4.471544,408.0,359.0,0.2093584924316406,True,REGULAR,USD,2026-09-25,761.6900024414062,0.039779999256134034,2026-09-18,15.535,0.019178082191780823
SPY260925C00750000,2026-09-18 20:14:41+00:00,750.0,13.96,13.96,15.5,0.59000015,4.4128656,1936.0,563.0,0.20093572509765623,True,REGULAR,USD,2026-09-25,761.6900024414062,0.039779999256134034,2026-09-18,14.73,0.019178082191780823
SPY260925C00751000,2026-09-18 19:42:14+00:00,751.0,12.51,12.9,14.53,-0.07999992,-0.6354243,1940.0,289.0,0.19348951049804688,True,REGULAR,USD,2026-09-25,761.6900024414062,0.039779999256134034,2026-09-18,13.715,0.019178082191780823
SPY260925C00752000,2026-09-18 20:07:14+00:00,752.0,11.91,12.09,13.58,-0.25,-2.055921,1707.0,502.0,0.18640950317382812,True,REGULAR,USD,2026-09-25,761.6900024414062,0.039779999256134034,2026-09-18,12.835,0.019178082191780823
SPY260925C00753000,2026-09-18 19:59:55+00:00,753.0,10.81,11.28,12.65,-0.18999958,-1.7272689,980.0,356.0,0.179695703125,True,REGULAR,USD,2026-09-25,761.6900024414062,0.039779999256134034,2026-09-18,11.965,0.019178082191780823
SPY260925C00754000,2026-09-18 20:10:23+00:00,754.0,11.0,10.5,11.71,0.40999985,3.8715754,1880.0,990.0,0.1724936267089844,True,REGULAR,USD,2026-09-25,761.6900024414062,0.039779999256134034,2026-09-18,11.105,0.019178082191780823
SPY260925C00755000,2026-09-18 20:10:14+00:00,755.0,10.05,9.96,10.58,0.6500006,6.9149003,856.0,1235.0,0.1601646484375,True,REGULAR,USD,2026-09-25,761.6900024414062,0.039779999256134034,2026-09-18,10.27,0.019178082191780823
SPY260925C00756000,2026-09-18 20:05:10+00:00,756.0,9.09,9.0,9.92,0.5699997,6.690137,439.0,820.0,0.15964585479736326,True,REGULAR,USD,2026-09-25,761.6900024414062,0.039779999256134034,2026-09-18,9.46,0.019178082191780823
SPY260925C00757000,2026-09-18 20:02:40+00:00,757.0,8.33,8.44,8.98,0.07999992,0.96969604,593.0,1205.0,0.15161981201171876,True,REGULAR,USD,2026-09-25,761.6900024414062,0.039779999256134034,2026-09-18,8.71,0.019178082191780823
SPY260925C00758000,2026-09-18 20:05:14+00:00,758.0,7.5,7.7,8.22,0.09000015,1.214577,895.0,1670.0,0.14771360107421877,True,REGULAR,USD,2026-09-25,761.6900024414062,0.039779999256134034,2026-09-18,7.960000000000001,0.019178082191780823
SPY260925C00759000,2026-09-18 20:14:10+00:00,759.0,6.99,6.96,7.28,0.2999997,4.4843006,3085.0,1397.0,0.13892462646484377,True,REGULAR,USD,2026-09-25,761.6900024414062,0.039779999256134034,2026-09-18,7.12,0.019178082191780823
SPY260925C00760000,2026-09-18 20:13:57+00:00,760.0,6.46,6.22,6.56,0.5999999,10.238906,14111.0,3613.0,0.13498789825439456,True,REGULAR,USD,2026-09-25,761.6900024414062,0.039779999256134034,2026-09-18,6.39,0.019178082191780823
SPY260925C00761000,2026-09-18 20:11:45+00:00,761.0,5.8,5.59,5.71,0.44000006,8.208957,6169.0,1987.0,0.12735858001708983,True,REGULAR,USD,2026-09-25,761.6900024414062,0.039779999256134034,2026-09-18,5.65,0.019178082191780823
SPY260925C00762000,2026-09-18 20:14:29+00:00,762.0,5.05,4.93,5.1,0.20000029,4.1237173,4278.0,1799.0,0.12479512908935547,False,REGULAR,USD,2026-09-25,761.6900024414062,0.039779999256134034,2026-09-18,5.015,0.019178082191780823
SPY260925C00763000,2026-09-18 20:14:54+00:00,763.0,4.45,4.4,4.46,0.26999998,6.45933,3942.0,3331.0,0.12079736633300782,False,REGULAR,USD,2026-09-25,761.6900024414062,0.039779999256134034,2026-09-18,4.43,0.019178082191780823
SPY260925C00764000,2026-09-18 20:13:44+00:00,764.0,3.97,3.83,3.89,0.29999995,8.174386,9504.0,1089.0,0.1176846044921875,False,REGULAR,USD,2026-09-25,761.6900024414062,0.039779999256134034,2026-09-18,3.8600000000000003,0.019178082191780823
SPY260925C00765000,2026-09-18 20:14:52+00:00,765.0,3.36,3.31,3.34,0.14999986,4.6728926,9730.0,7859.0,0.11414460083007813,False,REGULAR,USD,2026-09-25,761.6900024414062,0.039779999256134034,2026-09-18,3.325,0.019178082191780823
SPY260925C00766000,2026-09-18 20:14:58+00:00,766.0,2.84,2.82,2.87,0.06999993,2.5270734,2050.0,2410.0,0.11170321899414062,False,REGULAR,USD,2026-09-25,761.6900024414062,0.039779999256134034,2026-09-18,2.8449999999999998,0.019178082191780823
SPY260925C00767000,2026-09-18 20:14:58+00:00,767.0,2.4,2.38,2.43,-0.00999999,-0.41493735,4942.0,1761.0,0.1090787335205078,False,REGULAR,USD,2026-09-25,761.6900024414062,0.039779999256134034,2026-09-18,2.4050000000000002,0.019178082191780823
SPY260925C00768000,2026-09-18 20:14:53+00:00,768.0,2.04,1.99,2.04,-0.059999943,-2.8571403,2127.0,2656.0,0.10669838623046876,False,REGULAR,USD,2026-09-25,761.6900024414062,0.039779999256134034,2026-09-18,2.015,0.019178082191780823
SPY260925C00769000,2026-09-18 20:14:44+00:00,769.0,1.69,1.64,1.69,-0.109999895,-6.1111054,2255.0,1368.0,0.10444010803222654,False,REGULAR,USD,2026-09-25,761.6900024414062,0.039779999256134034,2026-09-18,1.665,0.019178082191780823
SPY260925C00770000,2026-09-18 20:14:58+00:00,770.0,1.37,1.35,1.38,-0.08000004,-5.517244,9678.0,6621.0,0.10218182983398436,False,REGULAR,USD,2026-09-25,761.6900024414062,0.039779999256134034,2026-09-18,1.365,0.019178082191780823
SPY260925C00771000,2026-09-18 20:14:00+00:00,771.0,1.12,1.09,1.12,-0.08000004,-6.6666694,2301.0,1545.0,0.1002897589111328,False,REGULAR,USD,2026-09-25,761.6900024414062,0.039779999256134034,2026-09-18,1.105,0.019178082191780823
SPY260925C00772000,2026-09-18 20:14:55+00:00,772.0,0.9,0.87,0.9,-0.09000003,-9.090913,5275.0,26482.0,0.098641826171875,False,REGULAR,USD,2026-09-25,761.6900024414062,0.039779999256134034,2026-09-18,0.885,0.019178082191780823
SPY260925C00773000,2026-09-18 20:13:43+00:00,773.0,0.71,0.69,0.71,-0.13,-15.476191,3576.0,1773.0,0.09693285888671876,False,REGULAR,USD,2026-09-25,761.6900024414062,0.039779999256134034,2026-09-18,0.7,0.019178082191780823
SPY260925C00774000,2026-09-18 20:14:41+00:00,774.0,0.55,0.54,0.56,-0.120000005,-17.910448,4368.0,6636.0,0.09571216796875001,False,REGULAR,USD,2026-09-25,761.6900024414062,0.039779999256134034,2026-09-18,0.55,0.019178082191780823
SPY260925C00775000,2026-09-18 20:14:31+00:00,775.0,0.43,0.42,0.43,-0.089999974,-17.307688,9423.0,8625.0,0.0942473388671875,False,REGULAR,USD,2026-09-25,761.6900024414062,0.039779999256134034,2026-09-18,0.425,0.019178082191780823
SPY260925C00776000,2026-09-18 20:14:33+00:00,776.0,0.32,0.32,0.33,-0.110000014,-25.5814,2699.0,1272.0,0.09314871704101563,False,REGULAR,USD,2026-09-25,761.6900024414062,0.039779999256134034,2026-09-18,0.325,0.019178082191780823
SPY260925C00777000,2026-09-18 20:14:05+00:00,777.0,0.25,0.24,0.25,-0.08000001,-24.242426,1886.0,1858.0,0.09205009521484375,False,REGULAR,USD,2026-09-25,761.6900024414062,0.039779999256134034,2026-09-18,0.245,0.019178082191780823
SPY260925C00778000,2026-09-18 20:14:39+00:00,778.0,0.19,0.18,0.19,-0.06999999,-26.923075,886.0,1362.0,0.0913176806640625,False,REGULAR,USD,2026-09-25,761.6900024414062,0.039779999256134034,2026-09-18,0.185,0.019178082191780823
SPY260925C00779000,2026-09-18 20:13:33+00:00,779.0,0.14,0.13,0.14,-0.06999999,-33.33333,1581.0,1071.0,0.09046319702148437,False,REGULAR,USD,2026-09-25,761.6900024414062,0.039779999256134034,2026-09-18,0.135,0.019178082191780823
SPY260925C00780000,2026-09-18 20:14:41+00:00,780.0,0.11,0.1,0.11,-0.07000001,-38.888893,14063.0,10934.0,0.090829404296875,False,REGULAR,USD,2026-09-25,761.6900024414062,0.039779999256134034,2026-09-18,0.10500000000000001,0.019178082191780823
SPY260925C00781000,2026-09-18 20:14:29+00:00,781.0,0.09,0.08,0.09,-0.049999997,-35.714283,713.0,1423.0,0.09180595703125,False,REGULAR,USD,2026-09-25,761.6900024414062,0.039779999256134034,2026-09-18,0.08499999999999999,0.019178082191780823
SPY260925C00782000,2026-09-18 20:14:07+00:00,782.0,0.06,0.06,0.07,-0.08,-57.142857,726.0,5057.0,0.09205009521484375,False,REGULAR,USD,2026-09-25,761.6900024414062,0.039779999256134034,2026-09-18,0.065,0.019178082191780823
SPY260925C00783000,2026-09-18 20:12:43+00:00,783.0,0.05,0.04,0.05,-0.05,-50.0,167.0,1093.0,0.0913176806640625,False,REGULAR,USD,2026-09-25,761.6900024414062,0.039779999256134034,2026-09-18,0.045,0.019178082191780823
SPY260925C00784000,2026-09-18 20:14:07+00:00,784.0,0.04,0.03,0.04,-0.060000002,-60.0,242.0,839.0,0.09180595703125,False,REGULAR,USD,2026-09-25,761.6900024414062,0.039779999256134034,2026-09-18,0.035,0.019178082191780823
SPY260925C00785000,2026-09-18 20:14:34+00:00,785.0,0.04,0.03,0.04,-0.04,-50.0,1276.0,24433.0,0.09571216796875001,False,REGULAR,USD,2026-09-25,761.6900024414062,0.039779999256134034,2026-09-18,0.035,0.019178082191780823
SPY260925C00786000,2026-09-18 20:14:49+00:00,786.0,0.02,0.02,0.03,-0.04,-66.66667,3620.0,5821.0,0.09571216796875001,False,REGULAR,USD,2026-09-25,761.6900024414062,0.039779999256134034,2026-09-18,0.025,0.019178082191780823
SPY260925C00787000,2026-09-18 20:14:49+00:00,787.0,0.02,0.02,0.03,-0.04,-66.66667,3118.0,1060.0,0.098641826171875,False,REGULAR,USD,2026-09-25,761.6900024414062,0.039779999256134034,2026-09-18,0.025,0.019178082191780823
SPY260925C00788000,2026-09-18 20:14:50+00:00,788.0,0.02,0.02,0.03,-0.030000001,-60.0,394.0,926.0,0.10254803710937499,False,REGULAR,USD,2026-09-25,761.6900024414062,0.039779999256134034,2026-09-18,0.025,0.019178082191780823
SPY260925C00789000,2026-09-18 20:14:50+00:00,789.0,0.01,0.01,0.02,-0.04,-80.00001,108.0,448.0,0.100594931640625,False,REGULAR,USD,2026-09-25,761.6900024414062,0.039779999256134034,2026-09-18,0.015,0.019178082191780823
SPY260925C00790000,2026-09-18 20:14:50+00:00,790.0,0.01,0.01,0.02,-0.04,-80.00001,854.0,29665.0,0.10352458984374999,False,REGULAR,USD,2026-09-25,761.6900024414062,0.039779999256134034,2026-09-18,0.015,0.019178082191780823
SPY260925C00791000,2026-09-18 20:14:54+00:00,791.0,0.01,0.01,0.02,-0.04,-80.00001,146.0,1264.0,0.10743080078125,False,REGULAR,USD,2026-09-25,761.6900024414062,0.039779999256134034,2026-09-18,0.015,0.019178082191780823
SPY260925C00792000,2026-09-18 19:05:32+00:00,792.0,0.02,0.01,0.02,-0.01,-33.333336,8.0,887.0,0.11036045898437499,False,REGULAR,USD,2026-09-25,761.6900024414062,0.039779999256134034,2026-09-18,0.015,0.019178082191780823
SPY260925C00793000,2026-09-18 17:27:13+00:00,793.0,0.01,0.01,0.02,-0.02,-66.66667,27.0,1309.0,0.1132901171875,False,REGULAR,USD,2026-09-25,761.6900024414062,0.039779999256134034,2026-09-18,0.015,0.019178082191780823
SPY260925C00794000,2026-09-18 19:54:01+00:00,794.0,0.01,0.01,0.02,-0.02,-66.66667,5073.0,767.0,0.117196328125,False,REGULAR,USD,2026-09-25,761.6900024414062,0.039779999256134034,2026-09-18,0.015,0.019178082191780823
SPY260925C00795000,2026-09-18 20:02:00+00:00,795.0,0.02,0.01,0.02,-0.01,-33.333336,2828.0,1140.0,0.11914943359374999,False,REGULAR,USD,2026-09-25,761.6900024414062,0.039779999256134034,2026-09-18,0.015,0.019178082191780823
SPY260925C00796000,2026-09-18 14:48:17+00:00,796.0,0.02,0.01,0.02,-0.01,-33.333336,2091.0,985.0,0.12305564453125001,False,REGULAR,USD,2026-09-25,761.6900024414062,0.039779999256134034,2026-09-18,0.015,0.019178082191780823
SPY260925C00797000,2026-09-18 19:15:23+00:00,797.0,0.01,0.01,0.02,-0.03,-75.0,315.0,823.0,0.125985302734375,False,REGULAR,USD,2026-09-25,761.6900024414062,0.039779999256134034,2026-09-18,0.015,0.019178082191780823
SPY260925C00798000,2026-09-18 19:57:22+00:00,798.0,0.01,0.01,0.02,-0.02,-66.66667,51.0,1326.0,0.1289149609375,False,REGULAR,USD,2026-09-25,761.6900024414062,0.039779999256134034,2026-09-18,0.015,0.019178082191780823
SPY260925C00799000,2026-09-18 19:54:07+00:00,799.0,0.01,0.01,0.02,-0.01,-50.0,9.0,557.0,0.131844619140625,False,REGULAR,USD,2026-09-25,761.6900024414062,0.039779999256134034,2026-09-18,0.015,0.019178082191780823
SPY260925C00800000,2026-09-18 20:12:59+00:00,800.0,0.01,0.01,0.02,-0.01,-50.0,243.0,6039.0,0.13477427734375003,False,REGULAR,USD,2026-09-25,761.6900024414062,0.039779999256134034,2026-09-18,0.015,0.019178082191780823
SPY260925C00801000,2026-09-18 19:50:47+00:00,801.0,0.01,0.01,0.02,-0.01,-50.0,76.0,566.0,0.13868048828125001,False,REGULAR,USD,2026-09-25,761.6900024414062,0.039779999256134034,2026-09-18,0.015,0.019178082191780823
SPY260925C00802000,2026-09-18 20:00:44+00:00,802.0,0.01,0.01,0.02,-0.01,-50.0,24.0,450.0,0.14063359375,False,REGULAR,USD,2026-09-25,761.6900024414062,0.039779999256134034,2026-09-18,0.015,0.019178082191780823
SPY260925C00803000,2026-09-18 20:02:14+00:00,803.0,0.01,0.01,0.02,-0.01,-50.0,8.0,595.0,0.1445398046875,False,REGULAR,USD,2026-09-25,761.6900024414062,0.039779999256134034,2026-09-18,0.015,0.019178082191780823
SPY260925C00804000,2026-09-18 20:01:51+00:00,804.0,0.01,0.01,0.02,-0.01,-50.0,1.0,683.0,0.147469462890625,False,REGULAR,USD,2026-09-25,761.6900024414062,0.039779999256134034,2026-09-18,0.015,0.019178082191780823
SPY260925C00805000,2026-09-18 19:36:23+00:00,805.0,0.01,0.01,0.02,-0.01,-50.0,179.0,1664.0,0.15039912109375003,False,REGULAR,USD,2026-09-25,761.6900024414062,0.039779999256134034,2026-09-18,0.015,0.019178082191780823
SPY260930C00610000,2026-09-17 19:51:02+00:00,610.0,152.92,151.56,155.43,0.0,0.0,500.0,0.0,0.735354208984375,True,REGULAR,USD,2026-09-30,761.6900024414062,0.039779999256134034,2026-09-18,153.495,0.03287671232876712
SPY260930C00611000,2026-09-17 19:50:56+00:00,611.0,151.81,150.51,154.44,0.0,0.0,1000.0,0.0,0.7292507543945312,True,REGULAR,USD,2026-09-30,761.6900024414062,0.039779999256134034,2026-09-18,152.475,0.03287671232876712
SPY260930C00612000,2026-09-17 19:51:07+00:00,612.0,151.03,149.51,153.44,0.0,0.0,100.0,0.0,0.7247341979980468,True,REGULAR,USD,2026-09-30,761.6900024414062,0.039779999256134034,2026-09-18,151.475,0.03287671232876712
SPY260930C00613000,2026-09-17 19:51:41+00:00,613.0,150.01,148.48,152.44,0.0,0.0,50.0,0.0,0.7191190197753907,True,REGULAR,USD,2026-09-30,761.6900024414062,0.039779999256134034,2026-09-18,150.45999999999998,0.03287671232876712
SPY260930C00614000,2026-09-17 19:55:58+00:00,614.0,149.1,147.48,151.44,0.0,0.0,10.0,0.0,0.7146024633789063,True,REGULAR,USD,2026-09-30,761.6900024414062,0.039779999256134034,2026-09-18,149.45999999999998,0.03287671232876712
SPY260930C00615000,2026-09-17 19:59:40+00:00,615.0,147.95,146.48,150.44,0.0,0.0,361.0,0.0,0.7102079760742188,True,REGULAR,USD,2026-09-30,761.6900024414062,0.039779999256134034,2026-09-18,148.45999999999998,0.03287671232876712
SPY260930C00616000,2026-09-17 19:53:45+00:00,616.0,147.03,145.57,149.45,0.0,0.0,200.0,0.0,0.7097196997070312,True,REGULAR,USD,2026-09-30,761.6900024414062,0.039779999256134034,2026-09-18,147.51,0.03287671232876712
SPY260930C00617000,2026-09-17 19:51:07+00:00,617.0,146.03,144.52,148.45,0.0,0.0,100.0,0.0,0.7033721069335939,True,REGULAR,USD,2026-09-30,761.6900024414062,0.039779999256134034,2026-09-18,146.485,0.03287671232876712
SPY260930C00618000,2026-09-17 19:53:45+00:00,618.0,144.75,143.52,147.45,0.0,0.0,200.0,0.0,0.6988555505371095,True,REGULAR,USD,2026-09-30,761.6900024414062,0.039779999256134034,2026-09-18,145.485,0.03287671232876712
SPY260930C00619000,2026-09-17 19:51:29+00:00,619.0,144.11,142.5,146.45,0.0,0.0,50.0,0.0,0.6936065795898438,True,REGULAR,USD,2026-09-30,761.6900024414062,0.039779999256134034,2026-09-18,144.475,0.03287671232876712
SPY260930C00620000,2026-09-17 19:52:22+00:00,620.0,143.21,141.49,145.46,0.0,0.0,1001.0,1.0,0.6892120922851563,True,REGULAR,USD,2026-09-30,761.6900024414062,0.039779999256134034,2026-09-18,143.47500000000002,0.03287671232876712
SPY260930C00621000,2026-09-17 19:55:22+00:00,621.0,142.1,140.58,144.46,0.0,0.0,50.0,0.0,0.6883576086425782,True,REGULAR,USD,2026-09-30,761.6900024414062,0.039779999256134034,2026-09-18,142.52,0.03287671232876712
SPY260930C00622000,2026-09-17 19:55:58+00:00,622.0,141.0,139.53,143.46,0.0,0.0,10.0,0.0,0.681887946777344,True,REGULAR,USD,2026-09-30,761.6900024414062,0.039779999256134034,2026-09-18,141.495,0.03287671232876712
SPY260930C00623000,2026-09-18 14:19:08+00:00,623.0,136.83,138.53,142.46,-3.149994,-2.250317,2.0,2.0,0.6774934594726563,True,REGULAR,USD,2026-09-30,761.6900024414062,0.039779999256134034,2026-09-18,140.495,0.03287671232876712
SPY260930C00624000,2026-09-17 19:56:14+00:00,624.0,139.09,137.51,141.46,0.0,0.0,5.0,0.0,0.6723665576171877,True,REGULAR,USD,2026-09-30,761.6900024414062,0.039779999256134034,2026-09-18,139.485,0.03287671232876712
SPY260930C00625000,2026-09-17 19:55:22+00:00,625.0,138.19,136.5,140.47,0.0,0.0,250.0,0.0,0.6679720703125002,True,REGULAR,USD,2026-09-30,761.6900024414062,0.039779999256134034,2026-09-18,138.485,0.03287671232876712
SPY260930C00626000,2026-09-17 19:53:45+00:00,626.0,137.4,135.59,139.47,0.0,0.0,200.0,0.0,0.6668734484863283,True,REGULAR,USD,2026-09-30,761.6900024414062,0.039779999256134034,2026-09-18,137.53,0.03287671232876712
SPY260930C00627000,2026-09-17 19:51:23+00:00,627.0,135.88,134.54,138.47,0.0,0.0,163.0,0.0,0.6606479248046876,True,REGULAR,USD,2026-09-30,761.6900024414062,0.039779999256134034,2026-09-18,136.505,0.03287671232876712
SPY260930C00628000,2026-09-17 19:53:49+00:00,628.0,135.27,133.54,137.47,0.0,0.0,15.0,0.0,0.6562534375000001,True,REGULAR,USD,2026-09-30,761.6900024414062,0.039779999256134034,2026-09-18,135.505,0.03287671232876712
SPY260930C00629000,2026-09-17 19:53:45+00:00,629.0,134.4,132.51,136.48,0.0,0.0,200.0,0.0,0.6511265356445313,True,REGULAR,USD,2026-09-30,761.6900024414062,0.039779999256134034,2026-09-18,134.495,0.03287671232876712
SPY260930C00630000,2026-09-17 19:50:56+00:00,630.0,132.89,131.52,135.48,0.0,0.0,1000.0,1.0,0.6469761865234375,True,REGULAR,USD,2026-09-30,761.6900024414062,0.039779999256134034,2026-09-18,133.5,0.03287671232876712
SPY260930C00631000,2026-09-17 19:50:56+00:00,631.0,131.89,130.61,134.48,0.0,0.0,750.0,1.0,0.6459996337890624,True,REGULAR,USD,2026-09-30,761.6900024414062,0.039779999256134034,2026-09-18,132.54500000000002,0.03287671232876712
SPY260930C00632000,2026-09-17 19:55:40+00:00,632.0,131.06,129.55,133.48,0.0,0.0,150.0,0.0,0.6394079028320312,True,REGULAR,USD,2026-09-30,761.6900024414062,0.039779999256134034,2026-09-18,131.515,0.03287671232876712
SPY260930C00633000,2026-09-17 19:55:47+00:00,633.0,130.29,128.53,132.48,0.0,0.0,300.0,3.0,0.6342810009765626,True,REGULAR,USD,2026-09-30,761.6900024414062,0.039779999256134034,2026-09-18,130.505,0.03287671232876712
SPY260930C00634000,2026-09-17 19:55:40+00:00,634.0,129.05,127.52,131.49,0.0,0.0,150.0,0.0,0.629886513671875,True,REGULAR,USD,2026-09-30,761.6900024414062,0.039779999256134034,2026-09-18,129.505,0.03287671232876712
SPY260930C00635000,2026-09-17 19:50:56+00:00,635.0,127.85,126.62,130.49,0.0,0.0,510.0,2.0,0.6290320300292969,True,REGULAR,USD,2026-09-30,761.6900024414062,0.039779999256134034,2026-09-18,128.555,0.03287671232876712
SPY260930C00636000,2026-09-17 19:55:40+00:00,636.0,127.05,125.62,129.49,0.0,0.0,152.0,0.0,0.6246375427246094,True,REGULAR,USD,2026-09-30,761.6900024414062,0.039779999256134034,2026-09-18,127.555,0.03287671232876712
SPY260930C00637000,2026-09-17 19:55:22+00:00,637.0,126.06,124.56,128.49,0.0,0.0,200.0,0.0,0.6180458117675782,True,REGULAR,USD,2026-09-30,761.6900024414062,0.039779999256134034,2026-09-18,126.525,0.03287671232876712
SPY260930C00638000,2026-09-17 19:55:47+00:00,638.0,125.29,123.53,127.5,0.0,0.0,300.0,0.0,0.6130409790039064,True,REGULAR,USD,2026-09-30,761.6900024414062,0.039779999256134034,2026-09-18,125.515,0.03287671232876712
SPY260930C00639000,2026-09-17 19:51:02+00:00,639.0,123.92,122.54,126.5,0.0,0.0,500.0,0.0,0.6088906298828126,True,REGULAR,USD,2026-09-30,761.6900024414062,0.039779999256134034,2026-09-18,124.52000000000001,0.03287671232876712
SPY260930C00640000,2026-09-17 19:51:02+00:00,640.0,122.99,121.63,125.5,0.0,0.0,502.0,4.0,0.6076699389648439,True,REGULAR,USD,2026-09-30,761.6900024414062,0.039779999256134034,2026-09-18,123.565,0.03287671232876712
SPY260930C00641000,2026-09-17 19:55:47+00:00,641.0,121.92,120.57,124.51,0.0,0.0,300.0,0.0,0.6015664843750002,True,REGULAR,USD,2026-09-30,761.6900024414062,0.039779999256134034,2026-09-18,122.53999999999999,0.03287671232876712
SPY260930C00642000,2026-09-17 19:55:47+00:00,642.0,121.29,119.54,123.51,0.0,0.0,300.0,0.0,0.5961954443359375,True,REGULAR,USD,2026-09-30,761.6900024414062,0.039779999256134034,2026-09-18,121.525,0.03287671232876712
SPY260930C00643000,2026-09-17 19:55:53+00:00,643.0,120.0,118.54,122.51,0.0,0.0,150.0,0.0,0.5918009570312501,True,REGULAR,USD,2026-09-30,761.6900024414062,0.039779999256134034,2026-09-18,120.525,0.03287671232876712
SPY260930C00644000,2026-09-17 19:55:22+00:00,644.0,119.06,117.64,121.51,0.0,0.0,200.0,3.0,0.5908244042968751,True,REGULAR,USD,2026-09-30,761.6900024414062,0.039779999256134034,2026-09-18,119.575,0.03287671232876712
SPY260930C00645000,2026-09-17 19:55:53+00:00,645.0,118.13,116.58,120.52,0.0,0.0,350.0,0.0,0.5847209497070311,True,REGULAR,USD,2026-09-30,761.6900024414062,0.039779999256134034,2026-09-18,118.55,0.03287671232876712
SPY260930C00646000,2026-09-17 19:56:51+00:00,646.0,117.11,115.55,119.52,0.0,0.0,25.0,0.0,0.5793499096679688,True,REGULAR,USD,2026-09-30,761.6900024414062,0.039779999256134034,2026-09-18,117.535,0.03287671232876712
SPY260930C00647000,2026-09-17 19:55:22+00:00,647.0,116.06,114.55,118.52,0.0,0.0,206.0,0.0,0.5749554223632812,True,REGULAR,USD,2026-09-30,761.6900024414062,0.039779999256134034,2026-09-18,116.535,0.03287671232876712
SPY260930C00648000,2026-09-17 19:56:14+00:00,648.0,115.09,113.65,117.52,0.0,0.0,6.0,0.0,0.5738568005371094,True,REGULAR,USD,2026-09-30,761.6900024414062,0.039779999256134034,2026-09-18,115.58500000000001,0.03287671232876712
SPY260930C00649000,2026-09-17 19:56:35+00:00,649.0,114.1,112.59,116.53,0.0,0.0,25.0,10.0,0.5678754150390625,True,REGULAR,USD,2026-09-30,761.6900024414062,0.039779999256134034,2026-09-18,114.56,0.03287671232876712
SPY260930C00650000,2026-09-18 19:47:34+00:00,650.0,112.37,111.56,115.53,-0.7199936,-0.63665545,5.0,7.0,0.5625043750000001,True,REGULAR,USD,2026-09-30,761.6900024414062,0.039779999256134034,2026-09-18,113.545,0.03287671232876712
SPY260930C00651000,2026-09-17 19:51:07+00:00,651.0,111.93,110.56,114.53,0.0,0.0,100.0,0.0,0.5581098876953126,True,REGULAR,USD,2026-09-30,761.6900024414062,0.039779999256134034,2026-09-18,112.545,0.03287671232876712
SPY260930C00652000,2026-09-17 19:55:00+00:00,652.0,110.11,109.66,113.54,0.0,0.0,17.0,0.0,0.5573774731445313,True,REGULAR,USD,2026-09-30,761.6900024414062,0.039779999256134034,2026-09-18,111.6,0.03287671232876712
SPY260930C00653000,2026-09-17 19:51:23+00:00,653.0,109.91,108.6,112.54,0.0,0.0,30.0,0.0,0.5510298803710938,True,REGULAR,USD,2026-09-30,761.6900024414062,0.039779999256134034,2026-09-18,110.57,0.03287671232876712
SPY260930C00654000,2026-09-17 19:53:49+00:00,654.0,109.23,107.57,111.54,0.0,0.0,15.0,0.0,0.5456588403320313,True,REGULAR,USD,2026-09-30,761.6900024414062,0.039779999256134034,2026-09-18,109.555,0.03287671232876712
SPY260930C00655000,2026-09-17 19:55:40+00:00,655.0,108.05,106.57,110.55,0.0,0.0,151.0,0.0,0.5416305603027345,True,REGULAR,USD,2026-09-30,761.6900024414062,0.039779999256134034,2026-09-18,108.56,0.03287671232876712
SPY260930C00656000,2026-09-18 17:04:57+00:00,656.0,103.5,105.67,109.55,-3.5199966,-3.2891018,1.0,3.0,0.5404098693847659,True,REGULAR,USD,2026-09-30,761.6900024414062,0.039779999256134034,2026-09-18,107.61,0.03287671232876712
SPY260930C00657000,2026-09-17 19:51:36+00:00,657.0,105.99,104.58,108.55,0.0,0.0,10.0,0.0,0.53320779296875,True,REGULAR,USD,2026-09-30,761.6900024414062,0.039779999256134034,2026-09-18,106.565,0.03287671232876712
SPY260930C00658000,2026-09-17 19:56:35+00:00,658.0,105.1,103.58,107.56,0.0,0.0,25.0,0.0,0.5291795129394532,True,REGULAR,USD,2026-09-30,761.6900024414062,0.039779999256134034,2026-09-18,105.57,0.03287671232876712
SPY260930C00659000,2026-09-17 19:51:29+00:00,659.0,103.75,102.68,106.56,0.0,0.0,50.0,0.0,0.5279588220214844,True,REGULAR,USD,2026-09-30,761.6900024414062,0.039779999256134034,2026-09-18,104.62,0.03287671232876712
SPY260930C00660000,2026-09-17 19:55:53+00:00,660.0,103.13,101.62,105.1,0.0,0.0,359.0,1.0,0.5070850073242188,True,REGULAR,USD,2026-09-30,761.6900024414062,0.039779999256134034,2026-09-18,103.36,0.03287671232876712
SPY260930C00661000,2026-09-17 19:56:51+00:00,661.0,102.12,100.59,104.56,0.0,0.0,15.0,10.0,0.5163622583007812,True,REGULAR,USD,2026-09-30,761.6900024414062,0.039779999256134034,2026-09-18,102.575,0.03287671232876712
SPY260930C00662000,2026-09-17 19:53:49+00:00,662.0,101.08,99.59,103.57,0.0,0.0,15.0,0.0,0.5123339782714844,True,REGULAR,USD,2026-09-30,761.6900024414062,0.039779999256134034,2026-09-18,101.58,0.03287671232876712
SPY260930C00663000,2026-09-17 19:51:07+00:00,663.0,99.71,98.69,102.57,0.0,0.0,100.0,0.0,0.5109912182617188,True,REGULAR,USD,2026-09-30,761.6900024414062,0.039779999256134034,2026-09-18,100.63,0.03287671232876712
SPY260930C00664000,2026-09-17 19:55:22+00:00,664.0,99.06,97.6,101.57,0.0,0.0,210.0,0.0,0.5039112109375,True,REGULAR,USD,2026-09-30,761.6900024414062,0.039779999256134034,2026-09-18,99.585,0.03287671232876712
SPY260930C00665000,2026-09-17 19:55:40+00:00,665.0,98.05,96.6,100.58,0.0,0.0,154.0,1.0,0.5981485498046876,True,REGULAR,USD,2026-09-30,761.6900024414062,0.039779999256134034,2026-09-18,98.59,0.03287671232876712
SPY260930C00666000,2026-09-17 19:51:29+00:00,666.0,96.75,95.7,99.58,0.0,0.0,50.0,1.0,0.5932657861328126,True,REGULAR,USD,2026-09-30,761.6900024414062,0.039779999256134034,2026-09-18,97.64,0.03287671232876712
SPY260930C00667000,2026-09-17 19:51:23+00:00,667.0,95.89,94.61,98.59,0.0,0.0,100.0,1.0,0.5887492297363282,True,REGULAR,USD,2026-09-30,761.6900024414062,0.039779999256134034,2026-09-18,96.6,0.03287671232876712
SPY260930C00668000,2026-09-17 19:55:40+00:00,668.0,95.05,93.61,97.59,0.0,0.0,150.0,0.0,0.583866466064453,True,REGULAR,USD,2026-09-30,761.6900024414062,0.039779999256134034,2026-09-18,95.6,0.03287671232876712
SPY260930C00669000,2026-09-17 19:55:53+00:00,669.0,94.13,92.71,96.59,0.0,0.0,313.0,0.0,0.5789226678466797,True,REGULAR,USD,2026-09-30,761.6900024414062,0.039779999256134034,2026-09-18,94.65,0.03287671232876712
SPY260930C00670000,2026-09-17 19:57:11+00:00,670.0,93.22,91.62,95.59,0.0,0.0,3015.0,21.0,0.5739788696289063,True,REGULAR,USD,2026-09-30,761.6900024414062,0.039779999256134034,2026-09-18,93.605,0.03287671232876712
SPY260930C00671000,2026-09-17 19:55:40+00:00,671.0,92.05,90.62,94.6,0.0,0.0,150.0,1.0,0.5694623132324219,True,REGULAR,USD,2026-09-30,761.6900024414062,0.039779999256134034,2026-09-18,92.61,0.03287671232876712
SPY260930C00672000,2026-09-17 19:51:29+00:00,672.0,90.75,89.72,93.6,0.0,0.0,50.0,0.0,0.564579549560547,True,REGULAR,USD,2026-09-30,761.6900024414062,0.039779999256134034,2026-09-18,91.66,0.03287671232876712
SPY260930C00673000,2026-09-17 19:51:29+00:00,673.0,90.11,88.68,92.61,0.0,0.0,50.0,0.0,0.5600629931640625,True,REGULAR,USD,2026-09-30,761.6900024414062,0.039779999256134034,2026-09-18,90.64500000000001,0.03287671232876712
SPY260930C00674000,2026-09-17 19:51:23+00:00,674.0,87.57,87.68,91.61,-1.3199997,-1.4849811,1.0,1.0,0.5551191949462893,True,REGULAR,USD,2026-09-30,761.6900024414062,0.039779999256134034,2026-09-18,89.64500000000001,0.03287671232876712
SPY260930C00675000,2026-09-18 14:08:04+00:00,675.0,86.78,86.73,90.62,-1.2799988,-1.4535531,19.0,20.0,0.5505416040039064,True,REGULAR,USD,2026-09-30,761.6900024414062,0.039779999256134034,2026-09-18,88.67500000000001,0.03287671232876712
SPY260930C00676000,2026-09-17 19:51:13+00:00,676.0,86.85,85.69,89.62,0.0,0.0,50.0,0.0,0.5456588403320313,True,REGULAR,USD,2026-09-30,761.6900024414062,0.039779999256134034,2026-09-18,87.655,0.03287671232876712
SPY260930C00677000,2026-09-17 19:55:53+00:00,677.0,86.13,84.74,88.62,0.0,0.0,310.0,0.0,0.5406540075683595,True,REGULAR,USD,2026-09-30,761.6900024414062,0.039779999256134034,2026-09-18,86.68,0.03287671232876712
SPY260930C00678000,2026-09-17 19:56:35+00:00,678.0,85.09,83.7,87.63,0.0,0.0,25.0,1.0,0.5361374511718751,True,REGULAR,USD,2026-09-30,761.6900024414062,0.039779999256134034,2026-09-18,85.66499999999999,0.03287671232876712
SPY260930C00679000,2026-09-17 19:51:23+00:00,679.0,83.89,82.7,86.63,0.0,0.0,100.0,0.0,0.5311936529541017,True,REGULAR,USD,2026-09-30,761.6900024414062,0.039779999256134034,2026-09-18,84.66499999999999,0.03287671232876712
SPY260930C00680000,2026-09-17 19:50:56+00:00,680.0,82.88,81.7,85.64,0.0,0.0,814.0,26.0,0.5266160620117188,True,REGULAR,USD,2026-09-30,761.6900024414062,0.039779999256134034,2026-09-18,83.67,0.03287671232876712
SPY260930C00681000,2026-09-17 19:51:13+00:00,681.0,81.84,80.71,84.64,0.0,0.0,53.0,0.0,0.5216722637939453,True,REGULAR,USD,2026-09-30,761.6900024414062,0.039779999256134034,2026-09-18,82.675,0.03287671232876712
SPY260930C00682000,2026-09-17 19:53:45+00:00,682.0,81.4,79.76,83.65,0.0,0.0,150.0,0.0,0.5170946728515625,True,REGULAR,USD,2026-09-30,761.6900024414062,0.039779999256134034,2026-09-18,81.70500000000001,0.03287671232876712
SPY260930C00683000,2026-09-17 19:53:45+00:00,683.0,80.4,78.83,82.65,0.0,0.0,151.0,0.0,0.512150874633789,True,REGULAR,USD,2026-09-30,761.6900024414062,0.039779999256134034,2026-09-18,80.74000000000001,0.03287671232876712
SPY260930C00684000,2026-09-17 19:51:13+00:00,684.0,78.78,77.76,81.66,0.0,0.0,50.0,1.0,0.5075732836914062,True,REGULAR,USD,2026-09-30,761.6900024414062,0.039779999256134034,2026-09-18,79.71000000000001,0.03287671232876712
SPY260930C00685000,2026-09-17 19:55:53+00:00,685.0,78.13,76.72,80.66,0.0,0.0,377.0,1.0,0.5026294854736328,True,REGULAR,USD,2026-09-30,761.6900024414062,0.039779999256134034,2026-09-18,78.69,0.03287671232876712
SPY260930C00686000,2026-09-17 19:51:23+00:00,686.0,76.82,75.77,79.67,0.0,0.0,104.0,0.0,0.49805189453125004,True,REGULAR,USD,2026-09-30,761.6900024414062,0.039779999256134034,2026-09-18,77.72,0.03287671232876712
SPY260930C00687000,2026-09-17 19:55:22+00:00,687.0,76.05,74.73,78.67,0.0,0.0,210.0,4.0,0.4930470617675782,True,REGULAR,USD,2026-09-30,761.6900024414062,0.039779999256134034,2026-09-18,76.7,0.03287671232876712
SPY260930C00688000,2026-09-17 18:31:07+00:00,688.0,74.48,73.78,77.68,0.0,0.0,10.0,0.0,0.48846947082519543,True,REGULAR,USD,2026-09-30,761.6900024414062,0.039779999256134034,2026-09-18,75.73,0.03287671232876712
SPY260930C00689000,2026-09-18 13:38:24+00:00,689.0,72.79,72.75,76.68,1.4400024,2.0182235,1.0,1.0,0.4834646380615235,True,REGULAR,USD,2026-09-30,761.6900024414062,0.039779999256134034,2026-09-18,74.715,0.03287671232876712
SPY260930C00690000,2026-09-17 19:53:03+00:00,690.0,74.62,71.79,75.69,0.0,0.0,25.0,17.0,0.4788260125732422,True,REGULAR,USD,2026-09-30,761.6900024414062,0.039779999256134034,2026-09-18,73.74000000000001,0.03287671232876712
SPY260930C00691000,2026-09-18 13:53:04+00:00,691.0,69.86,70.75,74.69,-1.5199966,-2.1294434,4.0,5.0,0.4738822143554688,True,REGULAR,USD,2026-09-30,761.6900024414062,0.039779999256134034,2026-09-18,72.72,0.03287671232876712
SPY260930C00692000,2026-09-17 15:31:50+00:00,692.0,69.55,69.76,73.74,0.0,0.0,10.0,0.0,0.4706473834228516,True,REGULAR,USD,2026-09-30,761.6900024414062,0.039779999256134034,2026-09-18,71.75,0.03287671232876712
SPY260930C00693000,2026-09-08 19:51:25+00:00,693.0,74.04,68.88,72.7,0.0,0.0,1.0,0.0,0.4642387561035156,True,REGULAR,USD,2026-09-30,761.6900024414062,0.039779999256134034,2026-09-18,70.78999999999999,0.03287671232876712
SPY260930C00694000,2026-09-04 17:30:27+00:00,694.0,76.66,67.77,71.72,0.0,0.0,4.0,0.0,0.45990530334472657,True,REGULAR,USD,2026-09-30,761.6900024414062,0.039779999256134034,2026-09-18,69.745,0.03287671232876712
SPY260930C00695000,2026-09-18 19:24:50+00:00,695.0,67.02,66.82,70.73,-0.25,-0.37163672,16.0,26.0,0.45526667785644537,True,REGULAR,USD,2026-09-30,761.6900024414062,0.039779999256134034,2026-09-18,68.775,0.03287671232876712
SPY260930C00696000,2026-09-04 17:30:27+00:00,696.0,74.69,65.78,69.76,0.0,0.0,4.0,0.0,0.4512994323730469,True,REGULAR,USD,2026-09-30,761.6900024414062,0.039779999256134034,2026-09-18,67.77000000000001,0.03287671232876712
SPY260930C00697000,2026-09-09 14:44:02+00:00,697.0,67.56,64.79,68.73,0.0,0.0,2.0,0.0,0.4451959777832031,True,REGULAR,USD,2026-09-30,761.6900024414062,0.039779999256134034,2026-09-18,66.76,0.03287671232876712
SPY260930C00698000,2026-09-17 16:07:58+00:00,698.0,64.21,63.84,67.73,0.0,0.0,2.0,0.0,0.4401911450195312,True,REGULAR,USD,2026-09-30,761.6900024414062,0.039779999256134034,2026-09-18,65.785,0.03287671232876712
SPY260930C00699000,2026-09-14 15:57:20+00:00,699.0,63.64,62.8,66.77,0.0,0.0,1705.0,0.0,0.436529072265625,True,REGULAR,USD,2026-09-30,761.6900024414062,0.039779999256134034,2026-09-18,64.785,0.03287671232876712
SPY260930C00700000,2026-09-18 15:01:45+00:00,700.0,60.66,62.0,65.77,-1.9799995,-3.160919,4.0,51.0,0.4314632049560547,True,REGULAR,USD,2026-09-30,761.6900024414062,0.039779999256134034,2026-09-18,63.885,0.03287671232876712
SPY260930C00701000,2026-09-16 14:20:32+00:00,701.0,58.79,60.82,64.78,0.0,0.0,302.0,0.0,0.4267025103759766,True,REGULAR,USD,2026-09-30,761.6900024414062,0.039779999256134034,2026-09-18,62.8,0.03287671232876712
SPY260930C00702000,2026-09-16 19:33:39+00:00,702.0,50.25,59.94,63.77,0.0,0.0,1.0,0.0,0.4213314703369141,True,REGULAR,USD,2026-09-30,761.6900024414062,0.039779999256134034,2026-09-18,61.855000000000004,0.03287671232876712
SPY260930C00703000,2026-09-14 15:30:48+00:00,703.0,57.48,58.94,62.78,0.0,0.0,153.0,0.0,0.4165707757568359,True,REGULAR,USD,2026-09-30,761.6900024414062,0.039779999256134034,2026-09-18,60.86,0.03287671232876712
SPY260930C00704000,2026-09-17 16:48:19+00:00,704.0,58.41,57.84,61.78,0.0,0.0,5.0,0.0,0.4115049084472656,True,REGULAR,USD,2026-09-30,761.6900024414062,0.039779999256134034,2026-09-18,59.81,0.03287671232876712
SPY260930C00705000,2026-09-18 19:29:09+00:00,705.0,57.08,56.85,60.81,-0.79999924,-1.3821687,5.0,18.0,0.40735455932617193,True,REGULAR,USD,2026-09-30,761.6900024414062,0.039779999256134034,2026-09-18,58.83,0.03287671232876712
SPY260930C00706000,2026-09-09 13:39:57+00:00,706.0,58.97,55.86,59.82,0.0,0.0,2.0,0.0,0.40259386474609377,True,REGULAR,USD,2026-09-30,761.6900024414062,0.039779999256134034,2026-09-18,57.84,0.03287671232876712
SPY260930C00707000,2026-09-17 13:36:59+00:00,707.0,54.32,54.82,58.82,0.0,0.0,1.0,0.0,0.397466962890625,True,REGULAR,USD,2026-09-30,761.6900024414062,0.039779999256134034,2026-09-18,56.82,0.03287671232876712
SPY260930C00708000,2026-09-17 16:48:03+00:00,708.0,54.61,53.88,57.87,0.0,0.0,4.0,0.0,0.3939269592285156,True,REGULAR,USD,2026-09-30,761.6900024414062,0.039779999256134034,2026-09-18,55.875,0.03287671232876712
SPY260930C00709000,2026-09-16 14:13:06+00:00,709.0,50.69,52.89,56.9,0.0,0.0,2.0,0.0,0.38977661010742193,True,REGULAR,USD,2026-09-30,761.6900024414062,0.039779999256134034,2026-09-18,54.894999999999996,0.03287671232876712
SPY260930C00710000,2026-09-18 19:34:43+00:00,710.0,51.81,51.9,55.85,-1.0599976,-2.004913,22.0,42.0,0.3830017755126953,True,REGULAR,USD,2026-09-30,761.6900024414062,0.039779999256134034,2026-09-18,53.875,0.03287671232876712
SPY260930C00711000,2026-09-10 15:01:38+00:00,711.0,49.48,51.02,54.92,0.0,0.0,198.0,0.0,0.3800110827636719,True,REGULAR,USD,2026-09-30,761.6900024414062,0.039779999256134034,2026-09-18,52.97,0.03287671232876712
SPY260930C00712000,2026-09-16 13:44:02+00:00,712.0,49.62,50.03,53.87,2.2299995,4.705633,1.0,1.0,0.37329728271484375,True,REGULAR,USD,2026-09-30,761.6900024414062,0.039779999256134034,2026-09-18,51.95,0.03287671232876712
SPY260930C00713000,2026-09-18 19:44:02+00:00,713.0,49.49,48.93,52.95,0.07000351,0.14165017,2.0,0.0,0.37055072814941403,True,REGULAR,USD,2026-09-30,761.6900024414062,0.039779999256134034,2026-09-18,50.94,0.03287671232876712
SPY260930C00714000,2026-09-16 17:09:36+00:00,714.0,46.19,47.94,51.95,0.0,0.0,3.0,0.0,0.36536279174804687,True,REGULAR,USD,2026-09-30,761.6900024414062,0.039779999256134034,2026-09-18,49.945,0.03287671232876712
SPY260930C00715000,2026-09-18 14:32:58+00:00,715.0,45.43,47.07,51.02,-2.6800003,-5.570568,2.0,1.0,0.3621889953613281,True,REGULAR,USD,2026-09-30,761.6900024414062,0.039779999256134034,2026-09-18,49.045,0.03287671232876712
SPY260930C00716000,2026-09-16 18:52:47+00:00,716.0,40.8,45.97,49.98,0.0,0.0,41.0,0.0,0.3557803680419921,True,REGULAR,USD,2026-09-30,761.6900024414062,0.039779999256134034,2026-09-18,47.974999999999994,0.03287671232876712
SPY260930C00717000,2026-09-15 14:15:32+00:00,717.0,42.0,45.1,49.0,0.0,0.0,4.0,0.0,0.35108070800781244,True,REGULAR,USD,2026-09-30,761.6900024414062,0.039779999256134034,2026-09-18,47.05,0.03287671232876712
SPY260930C00718000,2026-09-17 16:07:58+00:00,718.0,44.22,44.11,48.06,0.0,0.0,4.0,10.0,0.3476017388916015,True,REGULAR,USD,2026-09-30,761.6900024414062,0.039779999256134034,2026-09-18,46.085,0.03287671232876712
SPY260930C00719000,2026-09-17 13:42:37+00:00,719.0,42.02,43.02,47.08,0.0,0.0,2.0,0.0,0.3428410443115234,True,REGULAR,USD,2026-09-30,761.6900024414062,0.039779999256134034,2026-09-18,45.05,0.03287671232876712
SPY260930C00720000,2026-09-18 20:13:02+00:00,720.0,44.2,42.04,46.11,1.5300026,3.5856636,19.0,37.0,0.33838552246093745,True,REGULAR,USD,2026-09-30,761.6900024414062,0.039779999256134034,2026-09-18,44.075,0.03287671232876712
SPY260930C00721000,2026-09-17 16:47:50+00:00,721.0,41.56,41.02,45.13,0.0,0.0,2.0,0.0,0.3336248278808594,True,REGULAR,USD,2026-09-30,761.6900024414062,0.039779999256134034,2026-09-18,43.075,0.03287671232876712
SPY260930C00722000,2026-09-18 13:42:06+00:00,722.0,40.46,40.08,44.16,-0.10000229,-0.24655396,4.0,1.0,0.3290472369384765,True,REGULAR,USD,2026-09-30,761.6900024414062,0.039779999256134034,2026-09-18,42.12,0.03287671232876712
SPY260930C00723000,2026-09-18 13:38:59+00:00,723.0,39.22,39.1,43.18,0.8199997,2.1354158,24.0,0.0,0.3242255078124999,True,REGULAR,USD,2026-09-30,761.6900024414062,0.039779999256134034,2026-09-18,41.14,0.03287671232876712
SPY260930C00724000,2026-09-17 14:18:09+00:00,724.0,37.16,38.23,42.2,0.0,0.0,19.0,110.0,0.31937326141357414,True,REGULAR,USD,2026-09-30,761.6900024414062,0.039779999256134034,2026-09-18,40.215,0.03287671232876712
SPY260930C00725000,2026-09-18 15:43:24+00:00,725.0,35.64,37.43,41.07,-2.6100006,-6.823531,9.0,85.0,0.3104011831665039,True,REGULAR,USD,2026-09-30,761.6900024414062,0.039779999256134034,2026-09-18,39.25,0.03287671232876712
SPY260930C00726000,2026-09-16 19:58:57+00:00,726.0,29.52,36.46,40.09,0.0,0.0,9.0,598.0,0.3055184194946289,True,REGULAR,USD,2026-09-30,761.6900024414062,0.039779999256134034,2026-09-18,38.275000000000006,0.03287671232876712
SPY260930C00727000,2026-09-18 16:05:54+00:00,727.0,33.32,35.48,39.12,-0.8600006,-2.516093,2.0,581.0,0.3008797940063477,True,REGULAR,USD,2026-09-30,761.6900024414062,0.039779999256134034,2026-09-18,37.3,0.03287671232876712
SPY260930C00728000,2026-09-18 14:33:02+00:00,728.0,32.73,34.48,38.15,0.36999893,1.1433836,4.0,643.0,0.29621065124511714,True,REGULAR,USD,2026-09-30,761.6900024414062,0.039779999256134034,2026-09-18,36.315,0.03287671232876712
SPY260930C00729000,2026-09-18 14:07:21+00:00,729.0,31.82,33.51,37.18,-1.0999985,-3.3414292,1.0,560.0,0.29148047393798815,True,REGULAR,USD,2026-09-30,761.6900024414062,0.039779999256134034,2026-09-18,35.345,0.03287671232876712
SPY260930C00730000,2026-09-18 20:14:11+00:00,730.0,34.26,32.54,36.21,1.2599983,3.8181767,35.0,5767.0,0.2867502966308593,True,REGULAR,USD,2026-09-30,761.6900024414062,0.039779999256134034,2026-09-18,34.375,0.03287671232876712
SPY260930C00731000,2026-09-16 19:57:52+00:00,731.0,24.97,31.69,35.24,0.0,0.0,1.0,1134.0,0.2819285675048828,True,REGULAR,USD,2026-09-30,761.6900024414062,0.039779999256134034,2026-09-18,33.465,0.03287671232876712
SPY260930C00732000,2026-09-17 13:47:01+00:00,732.0,29.73,30.64,34.28,0.0,0.0,46.0,878.0,0.27735097656249996,True,REGULAR,USD,2026-09-30,761.6900024414062,0.039779999256134034,2026-09-18,32.46,0.03287671232876712
SPY260930C00733000,2026-09-16 18:32:23+00:00,733.0,26.95,29.68,33.32,0.0,0.0,199.0,961.0,0.2727123510742187,True,REGULAR,USD,2026-09-30,761.6900024414062,0.039779999256134034,2026-09-18,31.5,0.03287671232876712
SPY260930C00734000,2026-09-18 16:12:44+00:00,734.0,26.4,28.8,32.36,3.5900002,15.738711,16.0,737.0,0.268012691040039,True,REGULAR,USD,2026-09-30,761.6900024414062,0.039779999256134034,2026-09-18,30.58,0.03287671232876712
SPY260930C00735000,2026-09-18 19:59:31+00:00,735.0,28.63,27.76,31.4,-0.11000061,-0.38274395,1.0,1773.0,0.2633130310058594,True,REGULAR,USD,2026-09-30,761.6900024414062,0.039779999256134034,2026-09-18,29.58,0.03287671232876712
SPY260930C00736000,2026-09-18 18:06:15+00:00,736.0,25.77,26.81,30.45,6.92,36.710876,29.0,743.0,0.2587659573364258,True,REGULAR,USD,2026-09-30,761.6900024414062,0.039779999256134034,2026-09-18,28.63,0.03287671232876712
SPY260930C00737000,2026-09-17 18:18:08+00:00,737.0,24.03,25.86,29.5,-2.4399986,-9.217978,2.0,592.0,0.2541578491210938,True,REGULAR,USD,2026-09-30,761.6900024414062,0.039779999256134034,2026-09-18,27.68,0.03287671232876712
SPY260930C00738000,2026-09-18 15:16:02+00:00,738.0,23.71,24.97,28.56,-1.3400002,-5.3493023,7.0,361.0,0.249732844543457,True,REGULAR,USD,2026-09-30,761.6900024414062,0.039779999256134034,2026-09-18,26.765,0.03287671232876712
SPY260930C00739000,2026-09-18 19:05:47+00:00,739.0,24.29,23.97,27.62,-0.66999817,-2.6842875,8.0,304.0,0.2452468054199219,True,REGULAR,USD,2026-09-30,761.6900024414062,0.039779999256134034,2026-09-18,25.795,0.03287671232876712
SPY260930C00740000,2026-09-18 16:45:22+00:00,740.0,21.43,23.04,26.68,-1.9899998,-8.49701,450.0,2762.0,0.24066921447753903,True,REGULAR,USD,2026-09-30,761.6900024414062,0.039779999256134034,2026-09-18,24.86,0.03287671232876712
SPY260930C00741000,2026-09-18 14:18:57+00:00,741.0,20.7,22.92,25.01,-1.3699989,-6.2075167,1.0,582.0,0.21921557159423827,True,REGULAR,USD,2026-09-30,761.6900024414062,0.039779999256134034,2026-09-18,23.965000000000003,0.03287671232876712
SPY260930C00742000,2026-09-17 18:55:21+00:00,742.0,21.63,22.03,24.05,0.0,0.0,72.0,1493.0,0.2142412561035156,True,REGULAR,USD,2026-09-30,761.6900024414062,0.039779999256134034,2026-09-18,23.04,0.03287671232876712
SPY260930C00743000,2026-09-17 14:40:43+00:00,743.0,20.36,21.16,23.09,0.0,0.0,1.0,862.0,0.2092364233398437,True,REGULAR,USD,2026-09-30,761.6900024414062,0.039779999256134034,2026-09-18,22.125,0.03287671232876712
SPY260930C00744000,2026-09-18 13:38:58+00:00,744.0,19.46,20.26,22.16,0.539999,2.8541174,2.0,643.0,0.20478090148925776,True,REGULAR,USD,2026-09-30,761.6900024414062,0.039779999256134034,2026-09-18,21.21,0.03287671232876712
SPY260930C00745000,2026-09-18 19:57:00+00:00,745.0,19.1,19.64,20.8,-0.25,-1.2919897,56.0,3992.0,0.19068192138671874,True,REGULAR,USD,2026-09-30,761.6900024414062,0.039779999256134034,2026-09-18,20.22,0.03287671232876712
SPY260930C00746000,2026-09-18 13:38:58+00:00,746.0,17.71,18.59,20.44,-0.33000183,-1.8292783,2.0,909.0,0.19867744689941402,True,REGULAR,USD,2026-09-30,761.6900024414062,0.039779999256134034,2026-09-18,19.515,0.03287671232876712
SPY260930C00747000,2026-09-18 17:17:20+00:00,747.0,15.56,17.7,19.29,-1.96,-11.187214,86.0,940.0,0.18921709228515626,True,REGULAR,USD,2026-09-30,761.6900024414062,0.039779999256134034,2026-09-18,18.494999999999997,0.03287671232876712
SPY260930C00748000,2026-09-18 16:05:55+00:00,748.0,14.3,17.08,18.32,-2.5500002,-15.133532,229.0,372.0,0.18354087951660153,True,REGULAR,USD,2026-09-30,761.6900024414062,0.039779999256134034,2026-09-18,17.7,0.03287671232876712
SPY260930C00749000,2026-09-18 16:59:44+00:00,749.0,13.84,16.15,17.12,-2.12,-13.283207,915.0,426.0,0.17292086853027344,True,REGULAR,USD,2026-09-30,761.6900024414062,0.039779999256134034,2026-09-18,16.634999999999998,0.03287671232876712
SPY260930C00750000,2026-09-18 20:14:58+00:00,750.0,15.46,15.46,16.47,0.3800001,2.5198946,821.0,5112.0,0.17377535217285156,True,REGULAR,USD,2026-09-30,761.6900024414062,0.039779999256134034,2026-09-18,15.965,0.03287671232876712
SPY260930C00751000,2026-09-18 18:36:08+00:00,751.0,13.1,14.65,16.15,-1.3599997,-9.405253,328.0,1084.0,0.18094691131591795,True,REGULAR,USD,2026-09-30,761.6900024414062,0.039779999256134034,2026-09-18,15.399999999999999,0.03287671232876712
SPY260930C00752000,2026-09-18 18:37:06+00:00,752.0,12.13,13.86,14.52,-1.29,-9.612518,885.0,608.0,0.1615074084472656,True,REGULAR,USD,2026-09-30,761.6900024414062,0.039779999256134034,2026-09-18,14.19,0.03287671232876712
SPY260930C00753000,2026-09-18 18:37:14+00:00,753.0,11.36,13.05,13.75,-1.6400003,-12.615387,642.0,604.0,0.15924913024902343,True,REGULAR,USD,2026-09-30,761.6900024414062,0.039779999256134034,2026-09-18,13.4,0.03287671232876712
SPY260930C00754000,2026-09-18 17:55:44+00:00,754.0,10.2,12.26,12.86,-1.9099998,-15.772088,738.0,503.0,0.1543968838500977,True,REGULAR,USD,2026-09-30,761.6900024414062,0.039779999256134034,2026-09-18,12.559999999999999,0.03287671232876712
SPY260930C00755000,2026-09-18 20:10:23+00:00,755.0,11.6,11.44,12.03,0.6500006,5.9360785,2247.0,3551.0,0.1505211901855469,True,REGULAR,USD,2026-09-30,761.6900024414062,0.039779999256134034,2026-09-18,11.735,0.03287671232876712
SPY260930C00756000,2026-09-18 20:03:34+00:00,756.0,10.58,10.67,11.26,0.32999992,3.2195115,1676.0,1149.0,0.14753049743652347,True,REGULAR,USD,2026-09-30,761.6900024414062,0.039779999256134034,2026-09-18,10.965,0.03287671232876712
SPY260930C00757000,2026-09-18 20:08:32+00:00,757.0,9.85,9.91,10.45,0.35000038,3.6842146,904.0,1550.0,0.14350221740722657,True,REGULAR,USD,2026-09-30,761.6900024414062,0.039779999256134034,2026-09-18,10.18,0.03287671232876712
SPY260930C00758000,2026-09-18 20:02:01+00:00,758.0,9.0,9.18,9.66,0.069999695,0.7838711,535.0,1022.0,0.13959600646972659,True,REGULAR,USD,2026-09-30,761.6900024414062,0.039779999256134034,2026-09-18,9.42,0.03287671232876712
SPY260930C00759000,2026-09-18 19:55:07+00:00,759.0,8.0,8.46,8.8,-0.27999973,-3.3816395,418.0,1662.0,0.1341028973388672,True,REGULAR,USD,2026-09-30,761.6900024414062,0.039779999256134034,2026-09-18,8.63,0.03287671232876712
SPY260930C00760000,2026-09-18 20:14:58+00:00,760.0,8.18,7.78,8.17,0.7300005,9.798664,3645.0,4442.0,0.13251599914550782,True,REGULAR,USD,2026-09-30,761.6900024414062,0.039779999256134034,2026-09-18,7.975,0.03287671232876712
SPY260930C00761000,2026-09-18 20:06:37+00:00,761.0,7.02,7.09,7.49,0.19000006,2.7818456,3549.0,5820.0,0.12961685821533203,True,REGULAR,USD,2026-09-30,761.6900024414062,0.039779999256134034,2026-09-18,7.29,0.03287671232876712
SPY260930C00762000,2026-09-18 20:14:57+00:00,762.0,6.61,6.52,6.67,0.28999996,4.588607,2846.0,2283.0,0.12378805908203125,False,REGULAR,USD,2026-09-30,761.6900024414062,0.039779999256134034,2026-09-18,6.595,0.03287671232876712
SPY260930C00763000,2026-09-18 20:11:48+00:00,763.0,6.13,5.97,6.03,0.48000002,8.495575,663.0,1267.0,0.12082788360595703,False,REGULAR,USD,2026-09-30,761.6900024414062,0.039779999256134034,2026-09-18,6.0,0.03287671232876712
SPY260930C00764000,2026-09-18 20:12:37+00:00,764.0,5.51,5.38,5.45,0.29000044,5.5555644,1282.0,1351.0,0.1185085708618164,False,REGULAR,USD,2026-09-30,761.6900024414062,0.039779999256134034,2026-09-18,5.415,0.03287671232876712
SPY260930C00765000,2026-09-18 20:12:36+00:00,765.0,4.93,4.82,4.89,0.27999973,6.0214996,1488.0,4648.0,0.1160671890258789,False,REGULAR,USD,2026-09-30,761.6900024414062,0.039779999256134034,2026-09-18,4.855,0.03287671232876712
SPY260930C00766000,2026-09-18 20:11:01+00:00,766.0,4.32,4.3,4.36,0.17000008,4.0963874,503.0,1821.0,0.11365632446289062,False,REGULAR,USD,2026-09-30,761.6900024414062,0.039779999256134034,2026-09-18,4.33,0.03287671232876712
SPY260930C00767000,2026-09-18 20:13:40+00:00,767.0,3.92,3.81,3.87,0.1500001,3.9787824,408.0,1651.0,0.1114895980834961,False,REGULAR,USD,2026-09-30,761.6900024414062,0.039779999256134034,2026-09-18,3.84,0.03287671232876712
SPY260930C00768000,2026-09-18 20:01:37+00:00,768.0,3.12,3.36,3.42,-0.17000008,-5.167176,641.0,1580.0,0.10950597534179687,False,REGULAR,USD,2026-09-30,761.6900024414062,0.039779999256134034,2026-09-18,3.3899999999999997,0.03287671232876712
SPY260930C00769000,2026-09-18 19:59:29+00:00,769.0,2.51,2.94,3.0,-0.4000001,-13.745707,930.0,2502.0,0.10755286987304688,False,REGULAR,USD,2026-09-30,761.6900024414062,0.039779999256134034,2026-09-18,2.9699999999999998,0.03287671232876712
SPY260930C00770000,2026-09-18 20:14:54+00:00,770.0,2.6,2.56,2.61,0.06999993,2.7667959,1732.0,6999.0,0.10559976440429686,False,REGULAR,USD,2026-09-30,761.6900024414062,0.039779999256134034,2026-09-18,2.585,0.03287671232876712
SPY260930C00771000,2026-09-18 20:11:06+00:00,771.0,2.26,2.22,2.26,0.029999971,1.3452902,682.0,2065.0,0.10382976257324218,False,REGULAR,USD,2026-09-30,761.6900024414062,0.039779999256134034,2026-09-18,2.24,0.03287671232876712
SPY260930C00772000,2026-09-18 20:12:42+00:00,772.0,1.98,1.9,1.95,0.029999971,1.53846,658.0,2226.0,0.10233441619873046,False,REGULAR,USD,2026-09-30,761.6900024414062,0.039779999256134034,2026-09-18,1.9249999999999998,0.03287671232876712
SPY260930C00773000,2026-09-18 20:14:26+00:00,773.0,1.65,1.63,1.66,0.0,0.0,1265.0,2652.0,0.100594931640625,False,REGULAR,USD,2026-09-30,761.6900024414062,0.039779999256134034,2026-09-18,1.645,0.03287671232876712
SPY260930C00774000,2026-09-18 20:12:46+00:00,774.0,1.43,1.38,1.41,-0.03000009,-2.0548007,597.0,1676.0,0.09919113708496094,False,REGULAR,USD,2026-09-30,761.6900024414062,0.039779999256134034,2026-09-18,1.395,0.03287671232876712
SPY260930C00775000,2026-09-18 20:14:32+00:00,775.0,1.18,1.17,1.19,-0.05000007,-4.0650463,1623.0,17583.0,0.09790941162109376,False,REGULAR,USD,2026-09-30,761.6900024414062,0.039779999256134034,2026-09-18,1.18,0.03287671232876712
SPY260930C00776000,2026-09-18 20:14:23+00:00,776.0,0.99,0.98,1.0,-0.110000014,-10.000002,192.0,1058.0,0.09674975524902345,False,REGULAR,USD,2026-09-30,761.6900024414062,0.039779999256134034,2026-09-18,0.99,0.03287671232876712
SPY260930C00777000,2026-09-18 20:14:35+00:00,777.0,0.83,0.82,0.84,-0.15000004,-15.306126,361.0,3741.0,0.09589527160644533,False,REGULAR,USD,2026-09-30,761.6900024414062,0.039779999256134034,2026-09-18,0.83,0.03287671232876712
SPY260930C00778000,2026-09-18 20:12:32+00:00,778.0,0.7,0.68,0.7,-0.09000003,-11.392409,1375.0,2861.0,0.09497975341796877,False,REGULAR,USD,2026-09-30,761.6900024414062,0.039779999256134034,2026-09-18,0.69,0.03287671232876712
SPY260930C00779000,2026-09-18 20:10:16+00:00,779.0,0.55,0.56,0.57,-0.18,-24.657534,5115.0,5224.0,0.0937590625,False,REGULAR,USD,2026-09-30,761.6900024414062,0.039779999256134034,2026-09-18,0.565,0.03287671232876712
SPY260930C00780000,2026-09-18 20:14:42+00:00,780.0,0.46,0.46,0.47,-0.08000001,-14.8148155,2501.0,18881.0,0.09314871704101563,False,REGULAR,USD,2026-09-30,761.6900024414062,0.039779999256134034,2026-09-18,0.46499999999999997,0.03287671232876712
SPY260930C00781000,2026-09-18 20:00:55+00:00,781.0,0.31,0.38,0.39,-0.21999997,-41.50943,438.0,2269.0,0.092782509765625,False,REGULAR,USD,2026-09-30,761.6900024414062,0.039779999256134034,2026-09-18,0.385,0.03287671232876712
SPY260930C00782000,2026-09-18 20:00:52+00:00,782.0,0.25,0.31,0.32,-0.18,-41.860466,546.0,1845.0,0.0922942333984375,False,REGULAR,USD,2026-09-30,761.6900024414062,0.039779999256134034,2026-09-18,0.315,0.03287671232876712
SPY260930C00783000,2026-09-18 20:14:22+00:00,783.0,0.25,0.25,0.27,-0.110000014,-30.55556,235.0,1214.0,0.09241630249023436,False,REGULAR,USD,2026-09-30,761.6900024414062,0.039779999256134034,2026-09-18,0.26,0.03287671232876712
SPY260930C00784000,2026-09-18 20:06:20+00:00,784.0,0.2,0.21,0.22,-0.11,-35.48387,498.0,1657.0,0.09205009521484375,False,REGULAR,USD,2026-09-30,761.6900024414062,0.039779999256134034,2026-09-18,0.215,0.03287671232876712
SPY260930C00785000,2026-09-18 20:12:29+00:00,785.0,0.18,0.17,0.18,-0.059999987,-24.999994,750.0,5402.0,0.09192802612304687,False,REGULAR,USD,2026-09-30,761.6900024414062,0.039779999256134034,2026-09-18,0.175,0.03287671232876712
SPY260930C00786000,2026-09-18 20:07:19+00:00,786.0,0.14,0.14,0.15,-0.06999999,-33.33333,73.0,21442.0,0.09205009521484375,False,REGULAR,USD,2026-09-30,761.6900024414062,0.039779999256134034,2026-09-18,0.14500000000000002,0.03287671232876712
SPY260930C00787000,2026-09-18 19:56:07+00:00,787.0,0.1,0.12,0.13,-0.1,-50.0,717.0,2837.0,0.09302664794921875,False,REGULAR,USD,2026-09-30,761.6900024414062,0.039779999256134034,2026-09-18,0.125,0.03287671232876712
SPY260930C00788000,2026-09-18 19:42:40+00:00,788.0,0.07,0.1,0.11,-0.1,-58.82353,798.0,1415.0,0.09351492431640626,False,REGULAR,USD,2026-09-30,761.6900024414062,0.039779999256134034,2026-09-18,0.10500000000000001,0.03287671232876712
SPY260930C00789000,2026-09-18 20:04:38+00:00,789.0,0.09,0.09,0.1,-0.049999997,-35.714283,411.0,3823.0,0.09497975341796877,False,REGULAR,USD,2026-09-30,761.6900024414062,0.039779999256134034,2026-09-18,0.095,0.03287671232876712
SPY260930C00790000,2026-09-18 20:14:28+00:00,790.0,0.09,0.07,0.08,-0.029999994,-24.999994,1322.0,12617.0,0.09473561523437501,False,REGULAR,USD,2026-09-30,761.6900024414062,0.039779999256134034,2026-09-18,0.07500000000000001,0.03287671232876712
SPY260930C00791000,2026-09-18 20:14:17+00:00,791.0,0.07,0.06,0.08,-0.049999997,-41.666664,39.0,1467.0,0.09742113525390625,False,REGULAR,USD,2026-09-30,761.6900024414062,0.039779999256134034,2026-09-18,0.07,0.03287671232876712
SPY260930C00792000,2026-09-18 19:27:04+00:00,792.0,0.05,0.06,0.07,-0.05,-50.0,81.0,1690.0,0.0981535498046875,False,REGULAR,USD,2026-09-30,761.6900024414062,0.039779999256134034,2026-09-18,0.065,0.03287671232876712
SPY260930C00793000,2026-09-18 18:54:13+00:00,793.0,0.06,0.05,0.06,-0.02,-25.0,10.0,1863.0,0.0991301025390625,False,REGULAR,USD,2026-09-30,761.6900024414062,0.039779999256134034,2026-09-18,0.055,0.03287671232876712
SPY260930C00794000,2026-09-18 19:56:06+00:00,794.0,0.05,0.05,0.06,-0.040000003,-44.444447,277.0,3611.0,0.10157148437499999,False,REGULAR,USD,2026-09-30,761.6900024414062,0.039779999256134034,2026-09-18,0.055,0.03287671232876712
SPY260930C00795000,2026-09-18 19:58:06+00:00,795.0,0.04,0.04,0.05,-0.04,-50.0,47.0,5029.0,0.10205976074218749,False,REGULAR,USD,2026-09-30,761.6900024414062,0.039779999256134034,2026-09-18,0.045,0.03287671232876712
SPY260930C00796000,2026-09-18 19:56:21+00:00,796.0,0.03,0.04,0.05,-0.060000002,-66.666664,11.0,1099.0,0.10450114257812498,False,REGULAR,USD,2026-09-30,761.6900024414062,0.039779999256134034,2026-09-18,0.045,0.03287671232876712
SPY260930C00797000,2026-09-18 19:56:06+00:00,797.0,0.03,0.04,0.05,-0.04,-57.142857,37.0,988.0,0.1069425244140625,False,REGULAR,USD,2026-09-30,761.6900024414062,0.039779999256134034,2026-09-18,0.045,0.03287671232876712
SPY260930C00798000,2026-09-18 19:58:06+00:00,798.0,0.03,0.03,0.04,-0.01,-25.0,19.0,1126.0,0.106454248046875,False,REGULAR,USD,2026-09-30,761.6900024414062,0.039779999256134034,2026-09-18,0.035,0.03287671232876712
SPY260930C00799000,2026-09-18 19:57:01+00:00,799.0,0.03,0.03,0.04,-0.03,-50.0,6946.0,1369.0,0.10938390625,False,REGULAR,USD,2026-09-30,761.6900024414062,0.039779999256134034,2026-09-18,0.035,0.03287671232876712
SPY260930C00800000,2026-09-18 20:04:07+00:00,800.0,0.03,0.03,0.04,-0.020000001,-40.000004,8276.0,61144.0,0.11133701171874999,False,REGULAR,USD,2026-09-30,761.6900024414062,0.039779999256134034,2026-09-18,0.035,0.03287671232876712
SPY260930C00801000,2026-09-18 18:10:08+00:00,801.0,0.03,0.03,0.04,-0.03,-50.0,206.0,1782.0,0.11426666992187501,False,REGULAR,USD,2026-09-30,761.6900024414062,0.039779999256134034,2026-09-18,0.035,0.03287671232876712
SPY260930C00802000,2026-09-18 18:49:38+00:00,802.0,0.03,0.02,0.03,-0.020000001,-40.000004,6.0,829.0,0.1128018408203125,False,REGULAR,USD,2026-09-30,761.6900024414062,0.039779999256134034,2026-09-18,0.025,0.03287671232876712
SPY260930C00803000,2026-09-18 18:55:00+00:00,803.0,0.02,0.02,0.03,-0.030000001,-60.0,14.0,3033.0,0.11524322265625,False,REGULAR,USD,2026-09-30,761.6900024414062,0.039779999256134034,2026-09-18,0.025,0.03287671232876712
SPY260930C00804000,2026-09-18 18:53:20+00:00,804.0,0.02,0.02,0.03,-0.030000001,-60.0,7.0,729.0,0.117196328125,False,REGULAR,USD,2026-09-30,761.6900024414062,0.039779999256134034,2026-09-18,0.025,0.03287671232876712
SPY260930C00805000,2026-09-18 18:55:16+00:00,805.0,0.02,0.02,0.03,-0.02,-50.0,41.0,4638.0,0.12012598632812499,False,REGULAR,USD,2026-09-30,761.6900024414062,0.039779999256134034,2026-09-18,0.025,0.03287671232876712
SPY260930C00806000,2026-09-18 18:53:54+00:00,806.0,0.03,0.02,0.03,-0.01,-25.0,6.0,1236.0,0.12207909179687501,False,REGULAR,USD,2026-09-30,761.6900024414062,0.039779999256134034,2026-09-18,0.025,0.03287671232876712
SPY260930C00807000,2026-09-18 18:55:34+00:00,807.0,0.03,0.02,0.03,-0.01,-25.0,9.0,2417.0,0.12500875,False,REGULAR,USD,2026-09-30,761.6900024414062,0.039779999256134034,2026-09-18,0.025,0.03287671232876712
SPY260930C00808000,2026-09-18 19:31:18+00:00,808.0,0.02,0.02,0.03,-0.02,-50.0,16.0,618.0,0.12696185546875,False,REGULAR,USD,2026-09-30,761.6900024414062,0.039779999256134034,2026-09-18,0.025,0.03287671232876712
SPY260930C00809000,2026-09-18 19:36:32+00:00,809.0,0.02,0.02,0.03,-0.01,-33.333336,47.0,7567.0,0.129891513671875,False,REGULAR,USD,2026-09-30,761.6900024414062,0.039779999256134034,2026-09-18,0.025,0.03287671232876712
SPY260930C00810000,2026-09-18 19:29:37+00:00,810.0,0.02,0.02,0.03,-0.01,-33.333336,460.0,11228.0,0.131844619140625,False,REGULAR,USD,2026-09-30,761.6900024414062,0.039779999256134034,2026-09-18,0.025,0.03287671232876712
SPY260930C00811000,2026-09-18 18:51:18+00:00,811.0,0.02,0.01,0.02,-0.01,-33.333336,59.0,1806.0,0.1289149609375,False,REGULAR,USD,2026-09-30,761.6900024414062,0.039779999256134034,2026-09-18,0.015,0.03287671232876712
SPY260930C00812000,2026-09-18 18:52:26+00:00,812.0,0.01,0.01,0.02,-0.02,-66.66667,56.0,790.0,0.13086806640624998,False,REGULAR,USD,2026-09-30,761.6900024414062,0.039779999256134034,2026-09-18,0.015,0.03287671232876712
SPY260930C00813000,2026-09-18 18:51:38+00:00,813.0,0.02,0.01,0.02,-0.01,-33.333336,7.0,412.0,0.132821171875,False,REGULAR,USD,2026-09-30,761.6900024414062,0.039779999256134034,2026-09-18,0.015,0.03287671232876712
SPY260930C00814000,2026-09-18 18:52:17+00:00,814.0,0.01,0.01,0.02,-0.02,-66.66667,7.0,3568.0,0.13477427734375003,False,REGULAR,USD,2026-09-30,761.6900024414062,0.039779999256134034,2026-09-18,0.015,0.03287671232876712
SPY260930C00815000,2026-09-18 18:46:08+00:00,815.0,0.01,0.01,0.02,-0.02,-66.66667,5.0,3991.0,0.13770393554687502,False,REGULAR,USD,2026-09-30,761.6900024414062,0.039779999256134034,2026-09-18,0.015,0.03287671232876712
SPY260930C00816000,2026-09-18 16:00:33+00:00,816.0,0.01,0.01,0.02,-0.02,-66.66667,10.0,3221.0,0.139657041015625,False,REGULAR,USD,2026-09-30,761.6900024414062,0.039779999256134034,2026-09-18,0.015,0.03287671232876712
SPY260930C00817000,2026-09-17 15:38:45+00:00,817.0,0.02,0.01,0.02,0.0,0.0,4.0,770.0,0.14258669921875,False,REGULAR,USD,2026-09-30,761.6900024414062,0.039779999256134034,2026-09-18,0.015,0.03287671232876712
SPY260930C00818000,2026-09-17 16:13:28+00:00,818.0,0.03,0.01,0.02,0.0,0.0,2.0,276.0,0.1445398046875,False,REGULAR,USD,2026-09-30,761.6900024414062,0.039779999256134034,2026-09-18,0.015,0.03287671232876712
SPY260930C00819000,2026-09-18 14:18:56+00:00,819.0,0.01,0.01,0.02,-0.01,-50.0,4.0,2019.0,0.14649291015625,False,REGULAR,USD,2026-09-30,761.6900024414062,0.039779999256134034,2026-09-18,0.015,0.03287671232876712
SPY260930C00820000,2026-09-18 17:02:41+00:00,820.0,0.02,0.01,0.02,0.0,0.0,104.0,2919.0,0.148446015625,False,REGULAR,USD,2026-09-30,761.6900024414062,0.039779999256134034,2026-09-18,0.015,0.03287671232876712
SPY260930C00821000,2026-09-18 19:27:13+00:00,821.0,0.01,0.01,0.02,-0.04,-80.00001,201.0,713.0,0.15039912109375003,False,REGULAR,USD,2026-09-30,761.6900024414062,0.039779999256134034,2026-09-18,0.015,0.03287671232876712
SPY260930C00822000,2026-09-18 14:26:24+00:00,822.0,0.02,0.01,0.02,-0.04,-66.66667,200.0,201.0,0.15235222656250003,False,REGULAR,USD,2026-09-30,761.6900024414062,0.039779999256134034,2026-09-18,0.015,0.03287671232876712
SPY260930C00823000,2026-09-18 14:20:12+00:00,823.0,0.01,0.01,0.02,-0.01,-50.0,200.0,220.0,0.15528188476562502,False,REGULAR,USD,2026-09-30,761.6900024414062,0.039779999256134034,2026-09-18,0.015,0.03287671232876712
SPY260930C00824000,2026-09-16 19:04:36+00:00,824.0,0.02,0.01,0.02,0.0,0.0,2.0,3733.0,0.157234990234375,False,REGULAR,USD,2026-09-30,761.6900024414062,0.039779999256134034,2026-09-18,0.015,0.03287671232876712
SPY260930C00825000,2026-09-18 14:41:26+00:00,825.0,0.01,0.01,0.02,-0.01,-50.0,213.0,42249.0,0.1601646484375,False,REGULAR,USD,2026-09-30,761.6900024414062,0.039779999256134034,2026-09-18,0.015,0.03287671232876712
SPY260930C00826000,2026-09-18 14:15:53+00:00,826.0,0.01,0.01,0.02,-0.03,-75.0,240.0,13922.0,0.16211775390625,False,REGULAR,USD,2026-09-30,761.6900024414062,0.039779999256134034,2026-09-18,0.015,0.03287671232876712
SPY260930C00827000,2026-09-18 14:13:58+00:00,827.0,0.01,0.01,0.02,-0.01,-50.0,200.0,215.0,0.16407085937500002,False,REGULAR,USD,2026-09-30,761.6900024414062,0.039779999256134034,2026-09-18,0.015,0.03287671232876712
SPY260930C00828000,2026-09-17 20:09:53+00:00,828.0,0.02,0.01,0.02,0.0,0.0,101.0,1560.0,0.16602396484375004,False,REGULAR,USD,2026-09-30,761.6900024414062,0.039779999256134034,2026-09-18,0.015,0.03287671232876712
SPY260930C00829000,2026-09-18 14:13:24+00:00,829.0,0.01,0.01,0.02,-0.01,-50.0,200.0,1315.0,0.16797707031250003,False,REGULAR,USD,2026-09-30,761.6900024414062,0.039779999256134034,2026-09-18,0.015,0.03287671232876712
SPY260930C00837000,2026-09-18 19:28:37+00:00,837.0,0.01,0.01,0.02,-0.049999997,-83.333336,751.0,372.0,0.18555501953124998,False,REGULAR,USD,2026-09-30,761.6900024414062,0.039779999256134034,2026-09-18,0.015,0.03287671232876712
SPY261002C00610000,2026-09-08 16:03:58+00:00,610.0,157.91,151.96,155.69,0.0,0.0,2.0,1.0,0.7044707287597658,True,REGULAR,USD,2026-10-02,761.6900024414062,0.039779999256134034,2026-09-18,153.825,0.038356164383561646
SPY261002C00615000,2026-09-14 13:52:18+00:00,615.0,145.63,146.83,150.7,0.0,0.0,2.0,0.0,0.6792024267578126,True,REGULAR,USD,2026-10-02,761.6900024414062,0.039779999256134034,2026-09-18,148.765,0.038356164383561646
SPY261002C00620000,2026-09-18 15:40:11+00:00,620.0,140.44,141.86,145.72,-1.7399902,-1.223794,20.0,0.0,0.6599155102539063,True,REGULAR,USD,2026-10-02,761.6900024414062,0.039779999256134034,2026-09-18,143.79000000000002,0.038356164383561646
SPY261002C00625000,2026-09-09 14:02:11+00:00,625.0,139.15,136.86,140.73,0.0,0.0,2.0,0.0,0.6392858337402343,True,REGULAR,USD,2026-10-02,761.6900024414062,0.039779999256134034,2026-09-18,138.79500000000002,0.038356164383561646
SPY261002C00630000,2026-09-11 15:04:32+00:00,630.0,134.74,131.89,135.75,0.0,0.0,1.0,0.0,0.6199989172363283,True,REGULAR,USD,2026-10-02,761.6900024414062,0.039779999256134034,2026-09-18,133.82,0.038356164383561646
SPY261002C00635000,2026-09-09 14:02:11+00:00,635.0,129.18,126.89,130.78,0.0,0.0,2.0,0.0,0.6001016552734376,True,REGULAR,USD,2026-10-02,761.6900024414062,0.039779999256134034,2026-09-18,128.835,0.038356164383561646
SPY261002C00640000,2026-09-09 14:02:11+00:00,640.0,124.19,122.05,125.78,0.0,0.0,,,0.5839885351562499,True,REGULAR,USD,2026-10-02,761.6900024414062,0.039779999256134034,2026-09-18,123.91499999999999,0.038356164383561646
SPY261002C00645000,2026-09-09 14:02:11+00:00,645.0,119.21,116.94,120.8,0.0,0.0,,,0.56055126953125,True,REGULAR,USD,2026-10-02,761.6900024414062,0.039779999256134034,2026-09-18,118.87,0.038356164383561646
SPY261002C00650000,2026-09-18 14:11:44+00:00,650.0,110.69,111.94,115.81,3.100006,2.8813145,21.0,1.0,0.5400436621093752,True,REGULAR,USD,2026-10-02,761.6900024414062,0.039779999256134034,2026-09-18,113.875,0.038356164383561646
SPY261002C00655000,2026-09-16 20:00:30+00:00,655.0,99.18,107.0,110.86,0.0,0.0,2.0,2.0,0.522343643798828,True,REGULAR,USD,2026-10-02,761.6900024414062,0.039779999256134034,2026-09-18,108.93,0.038356164383561646
SPY261002C00660000,2026-09-18 15:01:24+00:00,660.0,100.83,102.02,105.87,-1.8699951,-1.8208327,4.0,4.0,0.5023243127441408,True,REGULAR,USD,2026-10-02,761.6900024414062,0.039779999256134034,2026-09-18,103.945,0.038356164383561646
SPY261002C00665000,2026-09-16 14:23:16+00:00,665.0,94.08,97.04,100.9,0.0,0.0,2.0,1.0,0.5661664477539063,True,REGULAR,USD,2026-10-02,761.6900024414062,0.039779999256134034,2026-09-18,98.97,0.038356164383561646
SPY261002C00670000,2026-09-16 14:40:43+00:00,670.0,89.42,92.06,95.92,0.0,0.0,4.0,0.0,0.5438278039550781,True,REGULAR,USD,2026-10-02,761.6900024414062,0.039779999256134034,2026-09-18,93.99000000000001,0.038356164383561646
SPY261002C00675000,2026-09-16 14:23:46+00:00,675.0,84.06,87.07,90.95,0.0,0.0,2.0,0.0,0.5217943328857422,True,REGULAR,USD,2026-10-02,761.6900024414062,0.039779999256134034,2026-09-18,89.00999999999999,0.038356164383561646
SPY261002C00680000,2026-09-18 14:59:54+00:00,680.0,81.17,82.12,85.98,-1.5600052,-1.8856583,1.0,0.0,0.4996387927246094,True,REGULAR,USD,2026-10-02,761.6900024414062,0.039779999256134034,2026-09-18,84.05000000000001,0.038356164383561646
SPY261002C00685000,2026-09-17 15:35:48+00:00,685.0,76.82,77.15,81.01,0.0,0.0,8.0,1.0,0.47736118347167966,True,REGULAR,USD,2026-10-02,761.6900024414062,0.039779999256134034,2026-09-18,79.08000000000001,0.038356164383561646
SPY261002C00690000,2026-09-17 15:33:28+00:00,690.0,71.52,72.18,76.11,0.0,0.0,10.0,0.0,0.4572197833251954,True,REGULAR,USD,2026-10-02,761.6900024414062,0.039779999256134034,2026-09-18,74.14500000000001,0.038356164383561646
SPY261002C00695000,2026-09-18 15:05:04+00:00,695.0,66.08,67.23,71.16,-1.5299988,-2.2629771,2.0,33.0,0.4352473468017578,True,REGULAR,USD,2026-10-02,761.6900024414062,0.039779999256134034,2026-09-18,69.195,0.038356164383561646
SPY261002C00700000,2026-09-18 14:10:16+00:00,700.0,59.52,62.25,66.23,-2.1100006,-3.4236581,500.0,7.0,0.41358008300781246,True,REGULAR,USD,2026-10-02,761.6900024414062,0.039779999256134034,2026-09-18,64.24000000000001,0.038356164383561646
SPY261002C00705000,2026-09-18 13:54:31+00:00,705.0,56.6,57.33,61.31,-0.3600006,-0.6320236,1.0,69.0,0.39197385375976557,True,REGULAR,USD,2026-10-02,761.6900024414062,0.039779999256134034,2026-09-18,59.32,0.038356164383561646
SPY261002C00710000,2026-09-18 15:38:06+00:00,710.0,51.25,52.51,56.4,-1.6500015,-3.1190953,2.0,238.0,0.3702455554199219,True,REGULAR,USD,2026-10-02,761.6900024414062,0.039779999256134034,2026-09-18,54.455,0.038356164383561646
SPY261002C00715000,2026-09-18 13:30:03+00:00,715.0,48.32,47.6,51.53,0.13999939,0.29057574,1.0,232.0,0.3491581198120117,True,REGULAR,USD,2026-10-02,761.6900024414062,0.039779999256134034,2026-09-18,49.565,0.038356164383561646
SPY261002C00720000,2026-09-18 13:50:46+00:00,720.0,42.35,42.88,46.54,-0.9000015,-2.0809283,1.0,105.0,0.3244391287231445,True,REGULAR,USD,2026-10-02,761.6900024414062,0.039779999256134034,2026-09-18,44.71,0.038356164383561646
SPY261002C00721000,2026-09-16 19:24:56+00:00,721.0,32.37,42.02,45.57,0.0,0.0,10.0,170.0,0.3201361932373046,True,REGULAR,USD,2026-10-02,761.6900024414062,0.039779999256134034,2026-09-18,43.795,0.038356164383561646
SPY261002C00722000,2026-09-17 19:34:47+00:00,722.0,41.05,40.93,44.6,0.0,0.0,6.0,243.0,0.315863775024414,True,REGULAR,USD,2026-10-02,761.6900024414062,0.039779999256134034,2026-09-18,42.765,0.038356164383561646
SPY261002C00723000,2026-09-17 18:30:17+00:00,723.0,40.13,39.96,43.62,0.0,0.0,10.0,206.0,0.3112861840820312,True,REGULAR,USD,2026-10-02,761.6900024414062,0.039779999256134034,2026-09-18,41.79,0.038356164383561646
SPY261002C00724000,2026-09-17 17:31:33+00:00,724.0,38.76,39.11,42.65,0.0,0.0,2.0,168.0,0.30689169677734374,True,REGULAR,USD,2026-10-02,761.6900024414062,0.039779999256134034,2026-09-18,40.879999999999995,0.038356164383561646
SPY261002C00725000,2026-09-18 17:49:25+00:00,725.0,36.71,38.02,41.68,-1.5900002,-4.1514363,3.0,173.0,0.30249720947265624,True,REGULAR,USD,2026-10-02,761.6900024414062,0.039779999256134034,2026-09-18,39.85,0.038356164383561646
SPY261002C00726000,2026-09-17 15:26:26+00:00,726.0,35.83,37.05,40.72,0.0,0.0,6.0,196.0,0.29834686035156244,True,REGULAR,USD,2026-10-02,761.6900024414062,0.039779999256134034,2026-09-18,38.885,0.038356164383561646
SPY261002C00727000,2026-09-17 15:27:42+00:00,727.0,36.35,36.08,39.75,0.0,0.0,2.0,56.0,0.2938913385009765,True,REGULAR,USD,2026-10-02,761.6900024414062,0.039779999256134034,2026-09-18,37.915,0.038356164383561646
SPY261002C00728000,2026-09-18 13:58:13+00:00,728.0,34.15,35.24,38.79,-0.25999832,-0.7555894,1.0,299.0,0.2896189202880859,True,REGULAR,USD,2026-10-02,761.6900024414062,0.039779999256134034,2026-09-18,37.015,0.038356164383561646
SPY261002C00729000,2026-09-18 20:06:03+00:00,729.0,35.25,34.16,37.83,1.7400017,5.1924853,1.0,109.0,0.28531598480224607,True,REGULAR,USD,2026-10-02,761.6900024414062,0.039779999256134034,2026-09-18,35.995,0.038356164383561646
SPY261002C00730000,2026-09-18 20:11:17+00:00,730.0,35.0,33.2,36.87,1.7099991,5.136675,100.0,105.0,0.280982532043457,True,REGULAR,USD,2026-10-02,761.6900024414062,0.039779999256134034,2026-09-18,35.035,0.038356164383561646
SPY261002C00731000,2026-09-16 20:01:32+00:00,731.0,26.1,32.24,35.91,0.0,0.0,35.0,116.0,0.2766185620117187,True,REGULAR,USD,2026-10-02,761.6900024414062,0.039779999256134034,2026-09-18,34.075,0.038356164383561646
SPY261002C00732000,2026-09-16 20:01:23+00:00,732.0,25.32,31.32,34.96,0.0,0.0,25.0,126.0,0.2724071783447265,True,REGULAR,USD,2026-10-02,761.6900024414062,0.039779999256134034,2026-09-18,33.14,0.038356164383561646
SPY261002C00733000,2026-09-17 13:33:20+00:00,733.0,30.38,30.37,34.01,0.0,0.0,2.0,70.0,0.26819579467773436,True,REGULAR,USD,2026-10-02,761.6900024414062,0.039779999256134034,2026-09-18,32.19,0.038356164383561646
SPY261002C00734000,2026-09-16 19:57:47+00:00,734.0,23.32,29.39,33.06,0.0,0.0,1.0,149.0,0.26389285919189454,True,REGULAR,USD,2026-10-02,761.6900024414062,0.039779999256134034,2026-09-18,31.225,0.038356164383561646
SPY261002C00735000,2026-09-17 19:43:18+00:00,735.0,29.03,28.45,32.12,0.0,0.0,5.0,96.0,0.25977302734375,True,REGULAR,USD,2026-10-02,761.6900024414062,0.039779999256134034,2026-09-18,30.284999999999997,0.038356164383561646
SPY261002C00736000,2026-09-17 19:50:55+00:00,736.0,28.3,27.51,31.18,0.0,0.0,4.0,63.0,0.25559216094970705,True,REGULAR,USD,2026-10-02,761.6900024414062,0.039779999256134034,2026-09-18,29.345,0.038356164383561646
SPY261002C00737000,2026-09-17 17:08:39+00:00,737.0,27.17,26.6,30.25,0.0,0.0,20.0,53.0,0.2515943981933594,True,REGULAR,USD,2026-10-02,761.6900024414062,0.039779999256134034,2026-09-18,28.425,0.038356164383561646
SPY261002C00738000,2026-09-18 19:53:31+00:00,738.0,26.06,26.29,28.35,5.8999996,29.265871,2.0,130.0,0.22660075164794918,True,REGULAR,USD,2026-10-02,761.6900024414062,0.039779999256134034,2026-09-18,27.32,0.038356164383561646
SPY261002C00739000,2026-09-18 15:07:03+00:00,739.0,24.09,25.4,27.4,1.7000008,7.592679,5.0,77.0,0.22226729888916014,True,REGULAR,USD,2026-10-02,761.6900024414062,0.039779999256134034,2026-09-18,26.4,0.038356164383561646
SPY261002C00740000,2026-09-18 19:01:53+00:00,740.0,24.03,24.51,26.44,-0.5,-2.0383203,17.0,87.0,0.2176591906738281,True,REGULAR,USD,2026-10-02,761.6900024414062,0.039779999256134034,2026-09-18,25.475,0.038356164383561646
SPY261002C00741000,2026-09-16 20:01:32+00:00,741.0,17.89,23.64,25.49,0.0,0.0,50.0,58.0,0.21323418609619144,True,REGULAR,USD,2026-10-02,761.6900024414062,0.039779999256134034,2026-09-18,24.564999999999998,0.038356164383561646
SPY261002C00742000,2026-09-17 17:30:31+00:00,742.0,22.19,22.79,24.54,0.0,0.0,31.0,33.0,0.20871762969970697,True,REGULAR,USD,2026-10-02,761.6900024414062,0.039779999256134034,2026-09-18,23.665,0.038356164383561646
SPY261002C00743000,2026-09-18 19:04:03+00:00,743.0,21.4,22.2,23.6,-0.6100006,-2.7714703,44.0,180.0,0.2043536596679687,True,REGULAR,USD,2026-10-02,761.6900024414062,0.039779999256134034,2026-09-18,22.9,0.038356164383561646
SPY261002C00744000,2026-09-18 18:46:34+00:00,744.0,20.5,21.28,22.67,1.0599995,5.452672,20.0,412.0,0.2000812414550781,True,REGULAR,USD,2026-10-02,761.6900024414062,0.039779999256134034,2026-09-18,21.975,0.038356164383561646
SPY261002C00745000,2026-09-18 19:47:02+00:00,745.0,19.83,20.24,21.71,-0.460001,-2.2671316,28.0,649.0,0.1951374432373047,True,REGULAR,USD,2026-10-02,761.6900024414062,0.039779999256134034,2026-09-18,20.975,0.038356164383561646
SPY261002C00746000,2026-09-18 18:16:50+00:00,746.0,17.81,19.64,20.79,-1.75,-8.946831,58.0,360.0,0.1909260595703125,True,REGULAR,USD,2026-10-02,761.6900024414062,0.039779999256134034,2026-09-18,20.215,0.038356164383561646
SPY261002C00747000,2026-09-18 14:59:43+00:00,747.0,16.97,18.53,19.91,-0.9700012,-5.4069185,69.0,754.0,0.18738605590820312,True,REGULAR,USD,2026-10-02,761.6900024414062,0.039779999256134034,2026-09-18,19.22,0.038356164383561646
SPY261002C00748000,2026-09-18 18:23:15+00:00,748.0,16.54,17.97,18.88,0.030000687,0.18171221,14.0,133.0,0.1808248422241211,True,REGULAR,USD,2026-10-02,761.6900024414062,0.039779999256134034,2026-09-18,18.424999999999997,0.038356164383561646
SPY261002C00749000,2026-09-18 19:47:18+00:00,749.0,16.45,17.15,18.1,-0.48999977,-2.8925605,25.0,278.0,0.17899380584716795,True,REGULAR,USD,2026-10-02,761.6900024414062,0.039779999256134034,2026-09-18,17.625,0.038356164383561646
SPY261002C00750000,2026-09-18 20:12:59+00:00,750.0,16.85,16.48,17.05,0.42000008,2.5563,135.0,1826.0,0.17188328125000002,True,REGULAR,USD,2026-10-02,761.6900024414062,0.039779999256134034,2026-09-18,16.765,0.038356164383561646
SPY261002C00751000,2026-09-18 16:41:11+00:00,751.0,13.06,15.32,16.33,-2.4299994,-15.687536,4.0,235.0,0.1708456939697266,True,REGULAR,USD,2026-10-02,761.6900024414062,0.039779999256134034,2026-09-18,15.825,0.038356164383561646
SPY261002C00752000,2026-09-18 20:13:42+00:00,752.0,15.13,14.76,15.48,0.8800001,6.17544,21.0,88.0,0.16721413848876954,True,REGULAR,USD,2026-10-02,761.6900024414062,0.039779999256134034,2026-09-18,15.120000000000001,0.038356164383561646
SPY261002C00753000,2026-09-18 19:57:31+00:00,753.0,13.46,14.01,14.63,-0.39999962,-2.8860002,9.0,99.0,0.16339947937011723,True,REGULAR,USD,2026-10-02,761.6900024414062,0.039779999256134034,2026-09-18,14.32,0.038356164383561646
SPY261002C00754000,2026-09-18 19:57:31+00:00,754.0,12.68,13.22,13.8,-0.43999958,-3.3536553,894.0,433.0,0.15976792388916017,True,REGULAR,USD,2026-10-02,761.6900024414062,0.039779999256134034,2026-09-18,13.510000000000002,0.038356164383561646
SPY261002C00755000,2026-09-18 20:10:29+00:00,755.0,12.55,12.46,12.99,0.69000053,5.8178797,372.0,612.0,0.15631947204589847,True,REGULAR,USD,2026-10-02,761.6900024414062,0.039779999256134034,2026-09-18,12.725000000000001,0.038356164383561646
SPY261002C00756000,2026-09-18 20:00:10+00:00,756.0,11.03,11.66,12.18,-0.52000046,-4.502168,251.0,166.0,0.15265739929199224,True,REGULAR,USD,2026-10-02,761.6900024414062,0.039779999256134034,2026-09-18,11.92,0.038356164383561646
SPY261002C00757000,2026-09-18 19:57:31+00:00,757.0,10.42,10.91,11.4,0.020000458,0.1923121,236.0,563.0,0.14926998199462893,True,REGULAR,USD,2026-10-02,761.6900024414062,0.039779999256134034,2026-09-18,11.155000000000001,0.038356164383561646
SPY261002C00758000,2026-09-18 20:11:48+00:00,758.0,10.55,10.19,10.64,0.8000002,8.20513,1040.0,568.0,0.14600463378906248,True,REGULAR,USD,2026-10-02,761.6900024414062,0.039779999256134034,2026-09-18,10.415,0.038356164383561646
SPY261002C00759000,2026-09-18 20:08:24+00:00,759.0,9.4,9.48,9.89,-0.15000057,-1.5706866,582.0,301.0,0.14267825103759768,True,REGULAR,USD,2026-10-02,761.6900024414062,0.039779999256134034,2026-09-18,9.685,0.038356164383561646
SPY261002C00760000,2026-09-18 20:14:42+00:00,760.0,9.17,8.79,9.15,0.72000027,8.520714,4305.0,2149.0,0.13922979919433598,True,REGULAR,USD,2026-10-02,761.6900024414062,0.039779999256134034,2026-09-18,8.969999999999999,0.038356164383561646
SPY261002C00761000,2026-09-18 20:04:35+00:00,761.0,8.12,8.14,8.48,-0.029999733,-0.3680949,871.0,565.0,0.13666634826660157,True,REGULAR,USD,2026-10-02,761.6900024414062,0.039779999256134034,2026-09-18,8.31,0.038356164383561646
SPY261002C00762000,2026-09-18 20:12:50+00:00,762.0,7.73,7.5,7.8,0.49000025,6.767959,1728.0,1030.0,0.1336146209716797,False,REGULAR,USD,2026-10-02,761.6900024414062,0.039779999256134034,2026-09-18,7.65,0.038356164383561646
SPY261002C00763000,2026-09-18 20:13:56+00:00,763.0,7.11,7.0,7.07,0.4000001,5.961253,849.0,781.0,0.12937272003173828,False,REGULAR,USD,2026-10-02,761.6900024414062,0.039779999256134034,2026-09-18,7.035,0.038356164383561646
SPY261002C00764000,2026-09-18 20:03:28+00:00,764.0,6.12,6.4,6.47,0.009999752,0.16366206,262.0,672.0,0.12696185546875,False,REGULAR,USD,2026-10-02,761.6900024414062,0.039779999256134034,2026-09-18,6.4350000000000005,0.038356164383561646
SPY261002C00765000,2026-09-18 20:14:54+00:00,765.0,5.89,5.83,5.9,0.37999964,6.8965445,1090.0,2730.0,0.1247035772705078,False,REGULAR,USD,2026-10-02,761.6900024414062,0.039779999256134034,2026-09-18,5.865,0.038356164383561646
SPY261002C00766000,2026-09-18 20:14:54+00:00,766.0,5.35,5.29,5.35,-0.099999905,-1.8348607,657.0,902.0,0.122353747253418,False,REGULAR,USD,2026-10-02,761.6900024414062,0.039779999256134034,2026-09-18,5.32,0.038356164383561646
SPY261002C00767000,2026-09-18 20:09:56+00:00,767.0,4.66,4.77,4.84,0.0,0.0,568.0,914.0,0.1203090899658203,False,REGULAR,USD,2026-10-02,761.6900024414062,0.039779999256134034,2026-09-18,4.805,0.038356164383561646
SPY261002C00768000,2026-09-18 20:13:29+00:00,768.0,4.38,4.29,4.36,-0.069999695,-1.5730269,683.0,844.0,0.1183254672241211,False,REGULAR,USD,2026-10-02,761.6900024414062,0.039779999256134034,2026-09-18,4.325,0.038356164383561646
SPY261002C00769000,2026-09-18 20:14:51+00:00,769.0,3.92,3.84,3.9,-0.07999992,-1.9999981,337.0,922.0,0.11625029266357423,False,REGULAR,USD,2026-10-02,761.6900024414062,0.039779999256134034,2026-09-18,3.87,0.038356164383561646
SPY261002C00770000,2026-09-18 20:13:14+00:00,770.0,3.47,3.42,3.47,0.06999993,2.0588214,2513.0,3667.0,0.11423615264892578,False,REGULAR,USD,2026-10-02,761.6900024414062,0.039779999256134034,2026-09-18,3.4450000000000003,0.038356164383561646
SPY261002C00771000,2026-09-18 20:13:42+00:00,771.0,3.11,3.03,3.09,0.15999985,5.4237237,195.0,1086.0,0.11267977172851562,False,REGULAR,USD,2026-10-02,761.6900024414062,0.039779999256134034,2026-09-18,3.0599999999999996,0.038356164383561646
SPY261002C00772000,2026-09-18 20:13:01+00:00,772.0,2.75,2.67,2.73,0.07999992,2.9962518,5925.0,10857.0,0.1110318389892578,False,REGULAR,USD,2026-10-02,761.6900024414062,0.039779999256134034,2026-09-18,2.7,0.038356164383561646
SPY261002C00773000,2026-09-18 20:14:08+00:00,773.0,2.36,2.35,2.4,-0.05000019,-2.0746965,594.0,1977.0,0.10944494079589843,False,REGULAR,USD,2026-10-02,761.6900024414062,0.039779999256134034,2026-09-18,2.375,0.038356164383561646
SPY261002C00774000,2026-09-18 20:14:59+00:00,774.0,2.05,2.05,2.1,-0.01999998,-0.9661827,256.0,2137.0,0.10798011169433594,False,REGULAR,USD,2026-10-02,761.6900024414062,0.039779999256134034,2026-09-18,2.075,0.038356164383561646
SPY261002C00775000,2026-09-18 20:14:18+00:00,775.0,1.8,1.79,1.82,-0.100000024,-5.263159,3832.0,3218.0,0.10639321350097657,False,REGULAR,USD,2026-10-02,761.6900024414062,0.039779999256134034,2026-09-18,1.8050000000000002,0.038356164383561646
SPY261002C00776000,2026-09-18 20:13:01+00:00,776.0,1.6,1.55,1.58,-0.16999996,-9.604518,414.0,765.0,0.10517252258300781,False,REGULAR,USD,2026-10-02,761.6900024414062,0.039779999256134034,2026-09-18,1.565,0.038356164383561646
SPY261002C00777000,2026-09-18 20:13:42+00:00,777.0,1.39,1.34,1.36,-0.060000062,-4.137935,808.0,803.0,0.10389079711914062,False,REGULAR,USD,2026-10-02,761.6900024414062,0.039779999256134034,2026-09-18,1.35,0.038356164383561646
SPY261002C00778000,2026-09-18 20:11:46+00:00,778.0,1.2,1.15,1.17,-0.17999995,-13.043474,595.0,530.0,0.10285320983886719,False,REGULAR,USD,2026-10-02,761.6900024414062,0.039779999256134034,2026-09-18,1.16,0.038356164383561646
SPY261002C00779000,2026-09-18 20:03:10+00:00,779.0,0.91,0.98,1.01,-0.14999992,-14.150936,376.0,1236.0,0.10212079528808593,False,REGULAR,USD,2026-10-02,761.6900024414062,0.039779999256134034,2026-09-18,0.995,0.038356164383561646
SPY261002C00780000,2026-09-18 20:14:40+00:00,780.0,0.86,0.84,0.86,-0.089999974,-9.473681,1018.0,3446.0,0.10120527709960936,False,REGULAR,USD,2026-10-02,761.6900024414062,0.039779999256134034,2026-09-18,0.85,0.038356164383561646
SPY261002C00781000,2026-09-18 20:05:18+00:00,781.0,0.68,0.71,0.74,-0.19999999,-22.72727,653.0,2402.0,0.10071700073242187,False,REGULAR,USD,2026-10-02,761.6900024414062,0.039779999256134034,2026-09-18,0.725,0.038356164383561646
SPY261002C00782000,2026-09-18 20:09:37+00:00,782.0,0.57,0.61,0.63,-0.17000002,-22.972975,632.0,971.0,0.1001066552734375,False,REGULAR,USD,2026-10-02,761.6900024414062,0.039779999256134034,2026-09-18,0.62,0.038356164383561646
SPY261002C00783000,2026-09-18 20:11:46+00:00,783.0,0.55,0.52,0.54,-0.089999974,-14.062496,132.0,1897.0,0.09986251708984376,False,REGULAR,USD,2026-10-02,761.6900024414062,0.039779999256134034,2026-09-18,0.53,0.038356164383561646
SPY261002C00784000,2026-09-18 20:04:47+00:00,784.0,0.42,0.44,0.46,-0.099999994,-19.230768,168.0,870.0,0.09949630981445312,False,REGULAR,USD,2026-10-02,761.6900024414062,0.039779999256134034,2026-09-18,0.45,0.038356164383561646
SPY261002C00785000,2026-09-18 20:14:18+00:00,785.0,0.37,0.37,0.39,-0.09,-19.565218,5280.0,2162.0,0.0991301025390625,False,REGULAR,USD,2026-10-02,761.6900024414062,0.039779999256134034,2026-09-18,0.38,0.038356164383561646
SPY261002C00786000,2026-09-18 20:14:43+00:00,786.0,0.33,0.32,0.33,-0.099999994,-23.255812,314.0,1168.0,0.09888596435546876,False,REGULAR,USD,2026-10-02,761.6900024414062,0.039779999256134034,2026-09-18,0.325,0.038356164383561646
SPY261002C00787000,2026-09-18 19:52:35+00:00,787.0,0.2,0.27,0.29,-0.14999999,-42.85714,308.0,1006.0,0.09937424072265624,False,REGULAR,USD,2026-10-02,761.6900024414062,0.039779999256134034,2026-09-18,0.28,0.038356164383561646
SPY261002C00788000,2026-09-18 19:20:38+00:00,788.0,0.18,0.23,0.25,-0.13,-41.935482,158.0,1078.0,0.09961837890625,False,REGULAR,USD,2026-10-02,761.6900024414062,0.039779999256134034,2026-09-18,0.24,0.038356164383561646
SPY261002C00789000,2026-09-18 18:40:38+00:00,789.0,0.15,0.2,0.21,-0.120000005,-44.444443,244.0,951.0,0.09937424072265624,False,REGULAR,USD,2026-10-02,761.6900024414062,0.039779999256134034,2026-09-18,0.20500000000000002,0.038356164383561646
SPY261002C00790000,2026-09-18 20:10:22+00:00,790.0,0.17,0.17,0.19,-0.060000002,-26.086956,369.0,2098.0,0.10047286254882812,False,REGULAR,USD,2026-10-02,761.6900024414062,0.039779999256134034,2026-09-18,0.18,0.038356164383561646
SPY261002C00791000,2026-09-18 18:46:02+00:00,791.0,0.12,0.15,0.16,-0.07,-36.842106,54.0,2938.0,0.10035079345703124,False,REGULAR,USD,2026-10-02,761.6900024414062,0.039779999256134034,2026-09-18,0.155,0.038356164383561646
SPY261002C00792000,2026-09-18 20:02:00+00:00,792.0,0.12,0.13,0.14,-0.07,-36.842106,183.0,1316.0,0.10096113891601563,False,REGULAR,USD,2026-10-02,761.6900024414062,0.039779999256134034,2026-09-18,0.135,0.038356164383561646
SPY261002C00793000,2026-09-18 19:35:40+00:00,793.0,0.09,0.12,0.13,-0.09,-49.999996,180.0,953.0,0.10254803710937499,False,REGULAR,USD,2026-10-02,761.6900024414062,0.039779999256134034,2026-09-18,0.125,0.038356164383561646
SPY261002C00794000,2026-09-18 20:11:14+00:00,794.0,0.11,0.1,0.11,-0.049999997,-31.249998,165.0,1383.0,0.10254803710937499,False,REGULAR,USD,2026-10-02,761.6900024414062,0.039779999256134034,2026-09-18,0.10500000000000001,0.038356164383561646
SPY261002C00795000,2026-09-18 20:14:15+00:00,795.0,0.1,0.09,0.1,-0.029999994,-23.076918,84.0,4890.0,0.10352458984374999,False,REGULAR,USD,2026-10-02,761.6900024414062,0.039779999256134034,2026-09-18,0.095,0.038356164383561646
SPY261002C00796000,2026-09-18 19:56:38+00:00,796.0,0.07,0.08,0.09,-0.04,-36.363636,4.0,860.0,0.10450114257812498,False,REGULAR,USD,2026-10-02,761.6900024414062,0.039779999256134034,2026-09-18,0.08499999999999999,0.038356164383561646
SPY261002C00797000,2026-09-18 20:11:14+00:00,797.0,0.08,0.08,0.09,-0.04,-33.333336,209.0,1322.0,0.10718666259765625,False,REGULAR,USD,2026-10-02,761.6900024414062,0.039779999256134034,2026-09-18,0.08499999999999999,0.038356164383561646
SPY261002C00798000,2026-09-18 19:56:38+00:00,798.0,0.06,0.07,0.08,-0.040000003,-40.000004,51.0,325.0,0.1079190771484375,False,REGULAR,USD,2026-10-02,761.6900024414062,0.039779999256134034,2026-09-18,0.07500000000000001,0.038356164383561646
SPY261002C00799000,2026-09-17 19:59:41+00:00,799.0,0.1,0.06,0.08,0.0,0.0,601.0,1960.0,0.11036045898437499,False,REGULAR,USD,2026-10-02,761.6900024414062,0.039779999256134034,2026-09-18,0.07,0.038356164383561646
SPY261002C00800000,2026-09-18 20:10:48+00:00,800.0,0.06,0.06,0.07,-0.040000003,-40.000004,491.0,7403.0,0.11084873535156249,False,REGULAR,USD,2026-10-02,761.6900024414062,0.039779999256134034,2026-09-18,0.065,0.038356164383561646
SPY261002C00801000,2026-09-17 16:38:10+00:00,801.0,0.08,0.06,0.07,0.0,0.0,273.0,790.0,0.1132901171875,False,REGULAR,USD,2026-10-02,761.6900024414062,0.039779999256134034,2026-09-18,0.065,0.038356164383561646
SPY261002C00802000,2026-09-18 20:11:29+00:00,802.0,0.06,0.05,0.06,-0.02,-25.0,5.0,163.0,0.1132901171875,False,REGULAR,USD,2026-10-02,761.6900024414062,0.039779999256134034,2026-09-18,0.055,0.038356164383561646
SPY261002C00803000,2026-09-18 18:00:06+00:00,803.0,0.05,0.05,0.06,-0.029999997,-37.499996,17.0,212.0,0.1157314990234375,False,REGULAR,USD,2026-10-02,761.6900024414062,0.039779999256134034,2026-09-18,0.055,0.038356164383561646
SPY261002C00804000,2026-09-17 17:09:53+00:00,804.0,0.07,0.05,0.06,0.0,0.0,2.0,140.0,0.118172880859375,False,REGULAR,USD,2026-10-02,761.6900024414062,0.039779999256134034,2026-09-18,0.055,0.038356164383561646
SPY261002C00805000,2026-09-18 18:37:45+00:00,805.0,0.05,0.04,0.05,-0.02,-28.571428,43.0,768.0,0.118172880859375,False,REGULAR,USD,2026-10-02,761.6900024414062,0.039779999256134034,2026-09-18,0.045,0.038356164383561646
SPY261002C00806000,2026-09-18 19:50:30+00:00,806.0,0.04,0.04,0.05,-0.030000001,-42.857143,6.0,723.0,0.12012598632812499,False,REGULAR,USD,2026-10-02,761.6900024414062,0.039779999256134034,2026-09-18,0.045,0.038356164383561646
SPY261002C00807000,2026-09-17 14:32:41+00:00,807.0,0.07,0.04,0.05,0.0,0.0,28.0,285.0,0.12256736816406251,False,REGULAR,USD,2026-10-02,761.6900024414062,0.039779999256134034,2026-09-18,0.045,0.038356164383561646
SPY261002C00808000,2026-09-18 20:00:41+00:00,808.0,0.04,0.04,0.05,0.0,0.0,5.0,176.0,0.12500875,False,REGULAR,USD,2026-10-02,761.6900024414062,0.039779999256134034,2026-09-18,0.045,0.038356164383561646
SPY261002C00809000,2026-09-16 15:49:50+00:00,809.0,0.06,0.03,0.04,0.0,0.0,1.0,138.0,0.124032197265625,False,REGULAR,USD,2026-10-02,761.6900024414062,0.039779999256134034,2026-09-18,0.035,0.038356164383561646
SPY261002C00810000,2026-09-18 18:37:45+00:00,810.0,0.03,0.03,0.04,-0.020000001,-40.000004,2.0,624.0,0.125985302734375,False,REGULAR,USD,2026-10-02,761.6900024414062,0.039779999256134034,2026-09-18,0.035,0.038356164383561646
SPY261002C00811000,2026-09-17 17:05:58+00:00,811.0,0.05,0.03,0.04,0.0,0.0,1.0,533.0,0.127938408203125,False,REGULAR,USD,2026-10-02,761.6900024414062,0.039779999256134034,2026-09-18,0.035,0.038356164383561646
SPY261002C00812000,2026-09-17 13:30:02+00:00,812.0,0.04,0.03,0.04,0.0,0.0,3.0,201.0,0.13086806640624998,False,REGULAR,USD,2026-10-02,761.6900024414062,0.039779999256134034,2026-09-18,0.035,0.038356164383561646
SPY261002C00813000,2026-09-18 16:45:01+00:00,813.0,0.03,0.03,0.04,-0.03,-50.0,10.0,154.0,0.132821171875,False,REGULAR,USD,2026-10-02,761.6900024414062,0.039779999256134034,2026-09-18,0.035,0.038356164383561646
SPY261002C00814000,2026-09-18 20:00:53+00:00,814.0,0.03,0.03,0.04,-0.020000001,-40.000004,49.0,209.0,0.13477427734375003,False,REGULAR,USD,2026-10-02,761.6900024414062,0.039779999256134034,2026-09-18,0.035,0.038356164383561646
SPY261002C00815000,2026-09-18 19:36:10+00:00,815.0,0.03,0.02,0.03,-0.01,-25.0,13.0,851.0,0.132821171875,False,REGULAR,USD,2026-10-02,761.6900024414062,0.039779999256134034,2026-09-18,0.025,0.038356164383561646
SPY261002C00816000,2026-09-18 19:50:30+00:00,816.0,0.02,0.02,0.03,-0.04,-66.66667,6.0,83.0,0.13477427734375003,False,REGULAR,USD,2026-10-02,761.6900024414062,0.039779999256134034,2026-09-18,0.025,0.038356164383561646
SPY261002C00817000,2026-09-17 19:57:48+00:00,817.0,0.04,0.02,0.03,0.0,0.0,10.0,107.0,0.13672738281250002,False,REGULAR,USD,2026-10-02,761.6900024414062,0.039779999256134034,2026-09-18,0.025,0.038356164383561646
SPY261002C00818000,2026-09-17 15:43:45+00:00,818.0,0.04,0.02,0.03,0.0,0.0,4.0,307.0,0.139657041015625,False,REGULAR,USD,2026-10-02,761.6900024414062,0.039779999256134034,2026-09-18,0.025,0.038356164383561646
SPY261002C00819000,2026-09-15 15:16:15+00:00,819.0,0.04,0.02,0.03,0.0,0.0,14.0,35.0,0.141610146484375,False,REGULAR,USD,2026-10-02,761.6900024414062,0.039779999256134034,2026-09-18,0.025,0.038356164383561646
SPY261002C00820000,2026-09-18 18:19:47+00:00,820.0,0.02,0.02,0.03,-0.01,-33.333336,5.0,323.0,0.143563251953125,False,REGULAR,USD,2026-10-02,761.6900024414062,0.039779999256134034,2026-09-18,0.025,0.038356164383561646
SPY261002C00821000,2026-09-16 19:45:48+00:00,821.0,0.03,0.02,0.03,0.0,0.0,24.0,86.0,0.145516357421875,False,REGULAR,USD,2026-10-02,761.6900024414062,0.039779999256134034,2026-09-18,0.025,0.038356164383561646
SPY261002C00822000,2026-09-16 16:41:17+00:00,822.0,0.04,0.02,0.03,0.0,0.0,1.0,9.0,0.147469462890625,False,REGULAR,USD,2026-10-02,761.6900024414062,0.039779999256134034,2026-09-18,0.025,0.038356164383561646
SPY261002C00823000,2026-09-17 19:55:25+00:00,823.0,0.04,0.01,0.03,0.0,0.0,1.0,141.0,0.149422568359375,False,REGULAR,USD,2026-10-02,761.6900024414062,0.039779999256134034,2026-09-18,0.02,0.038356164383561646
SPY261002C00824000,2026-09-11 18:38:35+00:00,824.0,0.05,0.01,0.02,0.0,0.0,11.0,84.0,0.145516357421875,False,REGULAR,USD,2026-10-02,761.6900024414062,0.039779999256134034,2026-09-18,0.015,0.038356164383561646
SPY261002C00825000,2026-09-18 16:46:44+00:00,825.0,0.02,0.01,0.02,-0.01,-33.333336,9.0,370.0,0.148446015625,False,REGULAR,USD,2026-10-02,761.6900024414062,0.039779999256134034,2026-09-18,0.015,0.038356164383561646
SPY261002C00830000,2026-09-18 19:36:10+00:00,830.0,0.01,0.01,0.02,-0.01,-50.0,13.0,690.0,0.15821154296875,False,REGULAR,USD,2026-10-02,761.6900024414062,0.039779999256134034,2026-09-18,0.015,0.038356164383561646
SPY261002C00835000,2026-09-16 19:04:48+00:00,835.0,0.02,0.01,0.02,0.0,0.0,99.0,642.0,0.16797707031250003,False,REGULAR,USD,2026-10-02,761.6900024414062,0.039779999256134034,2026-09-18,0.015,0.038356164383561646
SPY261002C00840000,2026-09-17 14:56:15+00:00,840.0,0.02,0.01,0.02,0.0,0.0,10.0,761.0,0.17774259765625,False,REGULAR,USD,2026-10-02,761.6900024414062,0.039779999256134034,2026-09-18,0.015,0.038356164383561646
SPY261009C00610000,2026-09-16 19:54:51+00:00,610.0,144.18,152.53,156.4,0.0,0.0,27.0,23.0,0.6085854571533205,True,REGULAR,USD,2026-10-09,761.6900024414062,0.039779999256134034,2026-09-18,154.465,0.057534246575342465
SPY261009C00615000,2026-09-16 19:55:17+00:00,615.0,139.12,147.52,151.42,0.0,0.0,1.0,253.0,0.5908244042968751,True,REGULAR,USD,2026-10-09,761.6900024414062,0.039779999256134034,2026-09-18,149.47,0.057534246575342465
SPY261009C00620000,2026-09-18 14:28:07+00:00,620.0,140.9,142.58,146.49,0.5499878,0.39186874,4.0,6.0,0.5759319750976561,True,REGULAR,USD,2026-10-09,761.6900024414062,0.039779999256134034,2026-09-18,144.53500000000003,0.057534246575342465
SPY261009C00630000,2026-09-17 14:01:44+00:00,630.0,131.0,132.6,136.52,0.0,0.0,1.0,5.0,0.5412033184814455,True,REGULAR,USD,2026-10-09,761.6900024414062,0.039779999256134034,2026-09-18,134.56,0.057534246575342465
SPY261009C00635000,2026-09-10 15:57:19+00:00,635.0,124.74,127.71,131.55,0.0,0.0,11.0,32.0,0.526371923828125,True,REGULAR,USD,2026-10-09,761.6900024414062,0.039779999256134034,2026-09-18,129.63,0.057534246575342465
SPY261009C00640000,2026-09-16 14:15:07+00:00,640.0,119.97,122.74,126.58,0.0,0.0,2.0,47.0,0.5097705273437501,True,REGULAR,USD,2026-10-09,761.6900024414062,0.039779999256134034,2026-09-18,124.66,0.057534246575342465
SPY261009C00650000,2026-09-17 19:03:22+00:00,650.0,112.73,112.71,116.64,0.0,0.0,1.0,294.0,0.5427902166748049,True,REGULAR,USD,2026-10-09,761.6900024414062,0.039779999256134034,2026-09-18,114.675,0.057534246575342465
SPY261009C00655000,2026-09-16 15:17:34+00:00,655.0,106.12,107.76,111.68,0.0,0.0,4.0,2.0,0.5246019219970703,True,REGULAR,USD,2026-10-09,761.6900024414062,0.039779999256134034,2026-09-18,109.72,0.057534246575342465
SPY261009C00660000,2026-09-14 19:20:58+00:00,660.0,102.73,102.88,106.72,0.0,0.0,10.0,64.0,0.5062915582275391,True,REGULAR,USD,2026-10-09,761.6900024414062,0.039779999256134034,2026-09-18,104.8,0.057534246575342465
SPY261009C00665000,2026-09-17 17:19:49+00:00,665.0,97.6,97.83,101.82,0.0,0.0,1.0,5.0,0.48969016174316415,True,REGULAR,USD,2026-10-09,761.6900024414062,0.039779999256134034,2026-09-18,99.82499999999999,0.057534246575342465
SPY261009C00670000,2026-09-16 14:23:46+00:00,670.0,90.0,92.96,96.84,0.0,0.0,4.0,27.0,0.47070841796875,True,REGULAR,USD,2026-10-09,761.6900024414062,0.039779999256134034,2026-09-18,94.9,0.057534246575342465
SPY261009C00675000,2026-09-16 14:32:46+00:00,675.0,84.93,88.01,91.88,0.0,0.0,200.0,102.0,0.4522149505615235,True,REGULAR,USD,2026-10-09,761.6900024414062,0.039779999256134034,2026-09-18,89.945,0.057534246575342465
SPY261009C00680000,2026-09-18 15:16:50+00:00,680.0,81.73,83.02,86.94,1.0600052,1.3140018,5.0,1262.0,0.434148724975586,True,REGULAR,USD,2026-10-09,761.6900024414062,0.039779999256134034,2026-09-18,84.97999999999999,0.057534246575342465
SPY261009C00685000,2026-09-17 14:07:23+00:00,685.0,76.22,78.06,82.03,0.0,0.0,6.0,10.0,0.4166928448486328,True,REGULAR,USD,2026-10-09,761.6900024414062,0.039779999256134034,2026-09-18,80.045,0.057534246575342465
SPY261009C00690000,2026-09-17 19:53:38+00:00,690.0,73.8,73.19,77.12,0.0,0.0,1.0,16.0,0.39905386108398444,True,REGULAR,USD,2026-10-09,761.6900024414062,0.039779999256134034,2026-09-18,75.155,0.057534246575342465
SPY261009C00695000,2026-09-17 17:05:24+00:00,695.0,68.5,68.27,72.23,0.0,0.0,10.0,1113.0,0.3816590155029296,True,REGULAR,USD,2026-10-09,761.6900024414062,0.039779999256134034,2026-09-18,70.25,0.057534246575342465
SPY261009C00700000,2026-09-18 14:10:11+00:00,700.0,61.83,63.31,67.34,-0.829998,-1.3246058,109.0,457.0,0.3639895144653321,True,REGULAR,USD,2026-10-09,761.6900024414062,0.039779999256134034,2026-09-18,65.325,0.057534246575342465
SPY261009C00705000,2026-09-18 14:29:13+00:00,705.0,56.87,58.46,62.45,-1.9799995,-3.3644853,3.0,77.0,0.3460148406982422,True,REGULAR,USD,2026-10-09,761.6900024414062,0.039779999256134034,2026-09-18,60.455,0.057534246575342465
SPY261009C00710000,2026-09-17 18:25:01+00:00,710.0,53.96,53.9,57.44,0.0,0.0,27.0,24.0,0.3251410260009765,True,REGULAR,USD,2026-10-09,761.6900024414062,0.039779999256134034,2026-09-18,55.67,0.057534246575342465
SPY261009C00715000,2026-09-17 20:10:36+00:00,715.0,49.2,49.05,52.59,0.0,0.0,13.0,17.0,0.3073799731445312,True,REGULAR,USD,2026-10-09,761.6900024414062,0.039779999256134034,2026-09-18,50.82,0.057534246575342465
SPY261009C00720000,2026-09-18 19:51:53+00:00,720.0,44.44,44.15,47.78,-0.1800003,-0.40340725,2.0,27.0,0.28992409301757804,True,REGULAR,USD,2026-10-09,761.6900024414062,0.039779999256134034,2026-09-18,45.965,0.057534246575342465
SPY261009C00721000,2026-09-16 20:02:42+00:00,721.0,36.75,43.27,46.82,0.0,0.0,3.0,10.0,0.2864146066284179,True,REGULAR,USD,2026-10-09,761.6900024414062,0.039779999256134034,2026-09-18,45.045,0.057534246575342465
SPY261009C00723000,2026-09-17 13:36:30+00:00,723.0,40.5,41.28,44.91,0.0,0.0,4.0,11.0,0.27948718566894526,True,REGULAR,USD,2026-10-09,761.6900024414062,0.039779999256134034,2026-09-18,43.095,0.057534246575342465
SPY261009C00724000,2026-09-18 14:18:22+00:00,724.0,38.63,40.41,43.96,-1.3699989,-3.4249973,1.0,8.0,0.2760692510986328,True,REGULAR,USD,2026-10-09,761.6900024414062,0.039779999256134034,2026-09-18,42.185,0.057534246575342465
SPY261009C00725000,2026-09-18 13:37:56+00:00,725.0,39.35,39.46,43.01,-0.24000168,-0.6062179,2.0,221.0,0.27259028198242186,True,REGULAR,USD,2026-10-09,761.6900024414062,0.039779999256134034,2026-09-18,41.235,0.057534246575342465
SPY261009C00726000,2026-09-16 20:02:45+00:00,726.0,32.32,38.4,42.06,0.0,0.0,32.0,42.0,0.2691113128662109,True,REGULAR,USD,2026-10-09,761.6900024414062,0.039779999256134034,2026-09-18,40.230000000000004,0.057534246575342465
SPY261009C00727000,2026-09-16 18:38:27+00:00,727.0,34.04,37.48,41.12,0.0,0.0,6.0,40.0,0.26581544738769536,True,REGULAR,USD,2026-10-09,761.6900024414062,0.039779999256134034,2026-09-18,39.3,0.057534246575342465
SPY261009C00728000,2026-09-18 18:30:52+00:00,728.0,36.26,36.62,40.17,5.7299976,18.768415,5.0,498.0,0.262275443725586,True,REGULAR,USD,2026-10-09,761.6900024414062,0.039779999256134034,2026-09-18,38.394999999999996,0.057534246575342465
SPY261009C00729000,2026-09-18 19:43:14+00:00,729.0,35.85,35.6,39.24,1.5900002,4.640981,4.0,91.0,0.2590406127929688,True,REGULAR,USD,2026-10-09,761.6900024414062,0.039779999256134034,2026-09-18,37.42,0.057534246575342465
SPY261009C00730000,2026-09-18 16:00:30+00:00,730.0,32.83,35.38,37.32,-2.1099968,-6.038915,3.0,339.0,0.23780059082031246,True,REGULAR,USD,2026-10-09,761.6900024414062,0.039779999256134034,2026-09-18,36.35,0.057534246575342465
SPY261009C00731000,2026-09-15 16:13:13+00:00,731.0,30.56,34.4,36.41,0.0,0.0,2.0,3.0,0.23508455352783203,True,REGULAR,USD,2026-10-09,761.6900024414062,0.039779999256134034,2026-09-18,35.405,0.057534246575342465
SPY261009C00732000,2026-09-16 20:01:24+00:00,732.0,27.19,33.48,35.46,0.0,0.0,32.0,33.0,0.23154454986572265,True,REGULAR,USD,2026-10-09,761.6900024414062,0.039779999256134034,2026-09-18,34.47,0.057534246575342465
SPY261009C00733000,2026-09-18 15:20:30+00:00,733.0,30.9,32.61,34.5,4.59,17.445839,2.0,35.0,0.22782144256591796,True,REGULAR,USD,2026-10-09,761.6900024414062,0.039779999256134034,2026-09-18,33.555,0.057534246575342465
SPY261009C00734000,2026-09-16 19:59:51+00:00,734.0,25.43,31.72,33.56,0.0,0.0,1.0,163.0,0.22440350799560543,True,REGULAR,USD,2026-10-09,761.6900024414062,0.039779999256134034,2026-09-18,32.64,0.057534246575342465
SPY261009C00735000,2026-09-18 13:48:36+00:00,735.0,30.09,31.01,32.62,0.42000008,1.4155716,19.0,1163.0,0.2209245388793945,True,REGULAR,USD,2026-10-09,761.6900024414062,0.039779999256134034,2026-09-18,31.814999999999998,0.057534246575342465
SPY261009C00736000,2026-09-16 19:49:10+00:00,736.0,23.12,29.95,31.68,0.0,0.0,5.0,285.0,0.21741505249023438,True,REGULAR,USD,2026-10-09,761.6900024414062,0.039779999256134034,2026-09-18,30.814999999999998,0.057534246575342465
SPY261009C00737000,2026-09-17 17:08:39+00:00,737.0,28.84,29.07,30.75,0.0,0.0,10.0,13.0,0.2140276351928711,True,REGULAR,USD,2026-10-09,761.6900024414062,0.039779999256134034,2026-09-18,29.91,0.057534246575342465
SPY261009C00738000,2026-09-18 18:30:52+00:00,738.0,27.43,28.2,29.82,-0.10000038,-0.36324146,5.0,45.0,0.21060970062255857,True,REGULAR,USD,2026-10-09,761.6900024414062,0.039779999256134034,2026-09-18,29.009999999999998,0.057534246575342465
SPY261009C00739000,2026-09-17 14:25:18+00:00,739.0,26.68,27.49,28.88,0.0,0.0,2.0,117.0,0.20694762786865228,True,REGULAR,USD,2026-10-09,761.6900024414062,0.039779999256134034,2026-09-18,28.185,0.057534246575342465
SPY261009C00740000,2026-09-18 17:47:54+00:00,740.0,24.74,26.48,27.96,-1.8400002,-6.9224987,5.0,1020.0,0.20356021057128904,True,REGULAR,USD,2026-10-09,761.6900024414062,0.039779999256134034,2026-09-18,27.22,0.057534246575342465
SPY261009C00741000,2026-09-16 20:05:42+00:00,741.0,19.97,25.76,27.04,0.0,0.0,4.0,90.0,0.20014227600097656,True,REGULAR,USD,2026-10-09,761.6900024414062,0.039779999256134034,2026-09-18,26.4,0.057534246575342465
SPY261009C00742000,2026-09-18 16:25:16+00:00,742.0,21.79,24.76,26.15,-2.8199997,-11.4587555,1.0,68.0,0.19712106597900392,True,REGULAR,USD,2026-10-09,761.6900024414062,0.039779999256134034,2026-09-18,25.455,0.057534246575342465
SPY261009C00743000,2026-09-18 17:30:25+00:00,743.0,21.92,23.92,25.23,3.5,19.001085,16.0,24.0,0.1935505450439453,True,REGULAR,USD,2026-10-09,761.6900024414062,0.039779999256134034,2026-09-18,24.575000000000003,0.057534246575342465
SPY261009C00744000,2026-09-18 18:35:09+00:00,744.0,21.97,23.28,24.3,6.2599993,39.847225,22.0,70.0,0.18976640319824223,True,REGULAR,USD,2026-10-09,761.6900024414062,0.039779999256134034,2026-09-18,23.79,0.057534246575342465
SPY261009C00745000,2026-09-18 18:21:07+00:00,745.0,20.98,22.4,23.42,-1.0300007,-4.679694,7.0,1479.0,0.1867146759033203,True,REGULAR,USD,2026-10-09,761.6900024414062,0.039779999256134034,2026-09-18,22.91,0.057534246575342465
SPY261009C00746000,2026-09-18 18:55:23+00:00,746.0,21.03,21.66,22.53,1.1800003,5.944586,7.0,30.0,0.18338829315185545,True,REGULAR,USD,2026-10-09,761.6900024414062,0.039779999256134034,2026-09-18,22.095,0.057534246575342465
SPY261009C00747000,2026-09-18 18:26:23+00:00,747.0,19.35,20.74,21.66,-0.9599991,-4.7267313,22.0,308.0,0.18030604858398439,True,REGULAR,USD,2026-10-09,761.6900024414062,0.039779999256134034,2026-09-18,21.2,0.057534246575342465
SPY261009C00748000,2026-09-17 19:54:40+00:00,748.0,19.89,19.82,20.83,0.0,0.0,5.0,265.0,0.17774259765625,True,REGULAR,USD,2026-10-09,761.6900024414062,0.039779999256134034,2026-09-18,20.325,0.057534246575342465
SPY261009C00749000,2026-09-18 20:00:26+00:00,749.0,18.73,19.22,19.95,0.1099987,0.59075564,8.0,77.0,0.17432466308593753,True,REGULAR,USD,2026-10-09,761.6900024414062,0.039779999256134034,2026-09-18,19.585,0.057534246575342465
SPY261009C00750000,2026-09-18 20:09:37+00:00,750.0,18.11,18.26,19.11,0.20000076,1.1166989,78.0,655.0,0.1713950048828125,True,REGULAR,USD,2026-10-09,761.6900024414062,0.039779999256134034,2026-09-18,18.685000000000002,0.057534246575342465
SPY261009C00751000,2026-09-18 17:10:47+00:00,751.0,15.38,17.56,18.29,-1.5999994,-9.422847,3.0,36.0,0.16864845031738285,True,REGULAR,USD,2026-10-09,761.6900024414062,0.039779999256134034,2026-09-18,17.924999999999997,0.057534246575342465
SPY261009C00752000,2026-09-18 17:27:35+00:00,752.0,14.91,16.71,17.45,-1.9799995,-11.722911,328.0,248.0,0.16547465393066407,True,REGULAR,USD,2026-10-09,761.6900024414062,0.039779999256134034,2026-09-18,17.08,0.057534246575342465
SPY261009C00753000,2026-09-17 18:14:33+00:00,753.0,15.69,15.94,16.65,0.0,0.0,12.0,54.0,0.1627891339111328,True,REGULAR,USD,2026-10-09,761.6900024414062,0.039779999256134034,2026-09-18,16.294999999999998,0.057534246575342465
SPY261009C00754000,2026-09-18 17:25:51+00:00,754.0,13.41,15.3,15.84,-1.2600002,-8.588959,14.0,90.0,0.15979844116210937,True,REGULAR,USD,2026-10-09,761.6900024414062,0.039779999256134034,2026-09-18,15.57,0.057534246575342465
SPY261009C00755000,2026-09-18 20:10:44+00:00,755.0,14.78,14.56,15.05,0.78999996,5.6468906,482.0,503.0,0.15699085205078128,True,REGULAR,USD,2026-10-09,761.6900024414062,0.039779999256134034,2026-09-18,14.805,0.057534246575342465
SPY261009C00756000,2026-09-18 20:00:51+00:00,756.0,13.5,13.79,14.26,0.14999962,1.1235926,104.0,378.0,0.1540001593017578,True,REGULAR,USD,2026-10-09,761.6900024414062,0.039779999256134034,2026-09-18,14.024999999999999,0.057534246575342465
SPY261009C00757000,2026-09-18 20:02:17+00:00,757.0,13.0,13.06,13.52,0.0,0.0,36.0,432.0,0.15158929473876953,True,REGULAR,USD,2026-10-09,761.6900024414062,0.039779999256134034,2026-09-18,13.29,0.057534246575342465
SPY261009C00758000,2026-09-18 20:05:44+00:00,758.0,12.33,12.38,12.78,0.3199997,2.6644437,44.0,1341.0,0.14899532653808595,True,REGULAR,USD,2026-10-09,761.6900024414062,0.039779999256134034,2026-09-18,12.58,0.057534246575342465
SPY261009C00759000,2026-09-18 20:05:43+00:00,759.0,11.64,11.66,12.05,0.28999996,2.5550656,592.0,823.0,0.1463708410644531,True,REGULAR,USD,2026-10-09,761.6900024414062,0.039779999256134034,2026-09-18,11.855,0.057534246575342465
SPY261009C00760000,2026-09-18 20:14:54+00:00,760.0,11.1,11.0,11.33,0.5600004,5.313097,702.0,1375.0,0.14368532104492188,True,REGULAR,USD,2026-10-09,761.6900024414062,0.039779999256134034,2026-09-18,11.165,0.057534246575342465
SPY261009C00761000,2026-09-18 20:00:49+00:00,761.0,10.0,10.32,10.67,0.119999886,1.2145737,191.0,1210.0,0.1416406637573242,True,REGULAR,USD,2026-10-09,761.6900024414062,0.039779999256134034,2026-09-18,10.495000000000001,0.057534246575342465
SPY261009C00762000,2026-09-18 20:02:17+00:00,762.0,9.56,9.63,10.0,-0.09999943,-1.0351908,868.0,2146.0,0.1392603164672852,False,REGULAR,USD,2026-10-09,761.6900024414062,0.039779999256134034,2026-09-18,9.815000000000001,0.057534246575342465
SPY261009C00763000,2026-09-18 19:58:27+00:00,763.0,8.46,9.16,9.25,-0.6700001,-7.3384457,383.0,1066.0,0.13556772644042972,False,REGULAR,USD,2026-10-09,761.6900024414062,0.039779999256134034,2026-09-18,9.205,0.057534246575342465
SPY261009C00764000,2026-09-18 20:10:52+00:00,764.0,8.55,8.55,8.64,0.3699999,4.523226,537.0,1236.0,0.13355358642578125,False,REGULAR,USD,2026-10-09,761.6900024414062,0.039779999256134034,2026-09-18,8.595,0.057534246575342465
SPY261009C00765000,2026-09-18 20:12:54+00:00,765.0,8.14,7.96,8.03,0.5100002,6.6841445,1127.0,773.0,0.13132582550048827,False,REGULAR,USD,2026-10-09,761.6900024414062,0.039779999256134034,2026-09-18,7.994999999999999,0.057534246575342465
SPY261009C00766000,2026-09-18 20:10:01+00:00,766.0,7.3,7.38,7.47,0.10000038,1.3888942,1354.0,1945.0,0.12952530639648438,False,REGULAR,USD,2026-10-09,761.6900024414062,0.039779999256134034,2026-09-18,7.425,0.057534246575342465
SPY261009C00767000,2026-09-18 20:14:57+00:00,767.0,6.85,6.84,6.91,0.2999997,4.580148,708.0,634.0,0.12748064910888673,False,REGULAR,USD,2026-10-09,761.6900024414062,0.039779999256134034,2026-09-18,6.875,0.057534246575342465
SPY261009C00768000,2026-09-18 20:14:22+00:00,768.0,6.36,6.31,6.38,0.3000002,4.950498,291.0,942.0,0.1255885781860352,False,REGULAR,USD,2026-10-09,761.6900024414062,0.039779999256134034,2026-09-18,6.345,0.057534246575342465
SPY261009C00769000,2026-09-18 20:07:05+00:00,769.0,5.71,5.81,5.88,0.03000021,0.52817273,182.0,896.0,0.12381857635498048,False,REGULAR,USD,2026-10-09,761.6900024414062,0.039779999256134034,2026-09-18,5.845,0.057534246575342465
SPY261009C00770000,2026-09-18 20:12:57+00:00,770.0,5.44,5.33,5.41,0.32000017,6.2500033,757.0,2703.0,0.12223167816162112,False,REGULAR,USD,2026-10-09,761.6900024414062,0.039779999256134034,2026-09-18,5.37,0.057534246575342465
SPY261009C00771000,2026-09-18 20:01:14+00:00,771.0,4.65,4.88,4.95,-0.13000011,-2.7196674,61.0,826.0,0.1204616763305664,False,REGULAR,USD,2026-10-09,761.6900024414062,0.039779999256134034,2026-09-18,4.915,0.057534246575342465
SPY261009C00772000,2026-09-18 20:03:22+00:00,772.0,4.29,4.45,4.52,-0.05000019,-1.152078,149.0,707.0,0.1188442608642578,False,REGULAR,USD,2026-10-09,761.6900024414062,0.039779999256134034,2026-09-18,4.484999999999999,0.057534246575342465
SPY261009C00773000,2026-09-18 20:10:53+00:00,773.0,4.08,4.05,4.11,-0.11000013,-2.6253014,265.0,714.0,0.11722684539794923,False,REGULAR,USD,2026-10-09,761.6900024414062,0.039779999256134034,2026-09-18,4.08,0.057534246575342465
SPY261009C00774000,2026-09-18 20:07:14+00:00,774.0,3.6,3.67,3.74,-0.08000016,-2.1739173,171.0,964.0,0.1159146026611328,False,REGULAR,USD,2026-10-09,761.6900024414062,0.039779999256134034,2026-09-18,3.705,0.057534246575342465
SPY261009C00775000,2026-09-18 20:10:54+00:00,775.0,3.35,3.32,3.38,0.06999993,2.1341443,807.0,1866.0,0.11441925628662111,False,REGULAR,USD,2026-10-09,761.6900024414062,0.039779999256134034,2026-09-18,3.3499999999999996,0.057534246575342465
SPY261009C00776000,2026-09-18 20:14:39+00:00,776.0,3.08,3.0,3.06,-0.10000014,-3.1446586,160.0,474.0,0.11322908264160156,False,REGULAR,USD,2026-10-09,761.6900024414062,0.039779999256134034,2026-09-18,3.0300000000000002,0.057534246575342465
SPY261009C00777000,2026-09-18 20:13:42+00:00,777.0,2.8,2.7,2.75,0.03999996,1.449274,494.0,935.0,0.11191683990478514,False,REGULAR,USD,2026-10-09,761.6900024414062,0.039779999256134034,2026-09-18,2.725,0.057534246575342465
SPY261009C00778000,2026-09-18 20:14:52+00:00,778.0,2.47,2.43,2.46,0.029999971,1.229507,375.0,1294.0,0.11057407989501952,False,REGULAR,USD,2026-10-09,761.6900024414062,0.039779999256134034,2026-09-18,2.4450000000000003,0.057534246575342465
SPY261009C00779000,2026-09-18 20:14:33+00:00,779.0,2.22,2.18,2.21,-0.059999943,-2.6315765,354.0,1173.0,0.10962804443359375,False,REGULAR,USD,2026-10-09,761.6900024414062,0.039779999256134034,2026-09-18,2.1950000000000003,0.057534246575342465
SPY261009C00780000,2026-09-18 20:14:16+00:00,780.0,1.98,1.95,1.98,0.01999998,1.0204072,791.0,2359.0,0.1087125262451172,False,REGULAR,USD,2026-10-09,761.6900024414062,0.039779999256134034,2026-09-18,1.9649999999999999,0.057534246575342465
SPY261009C00781000,2026-09-18 20:11:23+00:00,781.0,1.78,1.74,1.76,-0.09000003,-4.812836,325.0,1031.0,0.10767493896484376,False,REGULAR,USD,2026-10-09,761.6900024414062,0.039779999256134034,2026-09-18,1.75,0.057534246575342465
SPY261009C00782000,2026-09-18 20:13:24+00:00,782.0,1.6,1.54,1.57,-0.049999952,-3.0303001,229.0,931.0,0.1069425244140625,False,REGULAR,USD,2026-10-09,761.6900024414062,0.039779999256134034,2026-09-18,1.5550000000000002,0.057534246575342465
SPY261009C00783000,2026-09-18 19:34:32+00:00,783.0,1.08,1.37,1.4,-0.39,-26.530611,249.0,813.0,0.1063016616821289,False,REGULAR,USD,2026-10-09,761.6900024414062,0.039779999256134034,2026-09-18,1.385,0.057534246575342465
SPY261009C00784000,2026-09-18 20:05:31+00:00,784.0,1.18,1.22,1.24,-0.08000004,-6.3492093,279.0,695.0,0.10553872985839843,False,REGULAR,USD,2026-10-09,761.6900024414062,0.039779999256134034,2026-09-18,1.23,0.057534246575342465
SPY261009C00785000,2026-09-18 20:10:55+00:00,785.0,1.09,1.08,1.11,-0.049999952,-4.3859606,1129.0,1779.0,0.10529459167480469,False,REGULAR,USD,2026-10-09,761.6900024414062,0.039779999256134034,2026-09-18,1.0950000000000002,0.057534246575342465
SPY261009C00786000,2026-09-18 20:10:53+00:00,786.0,0.96,0.96,0.98,-0.060000002,-5.882353,512.0,1213.0,0.1046842462158203,False,REGULAR,USD,2026-10-09,761.6900024414062,0.039779999256134034,2026-09-18,0.97,0.057534246575342465
SPY261009C00787000,2026-09-18 20:07:37+00:00,787.0,0.82,0.85,0.87,-0.07999998,-8.888887,544.0,526.0,0.10431803894042967,False,REGULAR,USD,2026-10-09,761.6900024414062,0.039779999256134034,2026-09-18,0.86,0.057534246575342465
SPY261009C00788000,2026-09-18 20:06:14+00:00,788.0,0.74,0.75,0.77,-0.060000002,-7.5,241.0,646.0,0.10395183166503905,False,REGULAR,USD,2026-10-09,761.6900024414062,0.039779999256134034,2026-09-18,0.76,0.057534246575342465
SPY261009C00789000,2026-09-18 20:14:59+00:00,789.0,0.69,0.66,0.69,-0.030000031,-4.166671,70.0,640.0,0.10395183166503905,False,REGULAR,USD,2026-10-09,761.6900024414062,0.039779999256134034,2026-09-18,0.675,0.057534246575342465
SPY261009C00790000,2026-09-18 20:01:42+00:00,790.0,0.53,0.59,0.61,-0.13000005,-19.696978,316.0,2268.0,0.1037076934814453,False,REGULAR,USD,2026-10-09,761.6900024414062,0.039779999256134034,2026-09-18,0.6,0.057534246575342465
SPY261009C00791000,2026-09-18 19:39:14+00:00,791.0,0.4,0.52,0.54,-0.17999998,-31.034481,45.0,740.0,0.10352458984374999,False,REGULAR,USD,2026-10-09,761.6900024414062,0.039779999256134034,2026-09-18,0.53,0.057534246575342465
SPY261009C00792000,2026-09-18 20:12:00+00:00,792.0,0.48,0.46,0.48,-0.07000002,-12.727277,201.0,746.0,0.10352458984374999,False,REGULAR,USD,2026-10-09,761.6900024414062,0.039779999256134034,2026-09-18,0.47,0.057534246575342465
SPY261009C00793000,2026-09-18 20:05:27+00:00,793.0,0.4,0.41,0.43,-0.099999994,-19.999998,66.0,1071.0,0.10376872802734374,False,REGULAR,USD,2026-10-09,761.6900024414062,0.039779999256134034,2026-09-18,0.42,0.057534246575342465
SPY261009C00794000,2026-09-18 19:58:54+00:00,794.0,0.31,0.36,0.38,-0.13,-29.545454,48.0,818.0,0.10364665893554686,False,REGULAR,USD,2026-10-09,761.6900024414062,0.039779999256134034,2026-09-18,0.37,0.057534246575342465
SPY261009C00795000,2026-09-18 20:14:59+00:00,795.0,0.34,0.33,0.34,-0.030000001,-8.108108,248.0,1240.0,0.10389079711914062,False,REGULAR,USD,2026-10-09,761.6900024414062,0.039779999256134034,2026-09-18,0.335,0.057534246575342465
SPY261009C00796000,2026-09-18 19:53:23+00:00,796.0,0.26,0.29,0.31,-0.09,-25.714287,42.0,634.0,0.10450114257812498,False,REGULAR,USD,2026-10-09,761.6900024414062,0.039779999256134034,2026-09-18,0.3,0.057534246575342465
SPY261009C00797000,2026-09-18 19:17:07+00:00,797.0,0.21,0.26,0.28,-0.10000001,-32.258068,19.0,1726.0,0.1049894189453125,False,REGULAR,USD,2026-10-09,761.6900024414062,0.039779999256134034,2026-09-18,0.27,0.057534246575342465
SPY261009C00798000,2026-09-18 19:42:28+00:00,798.0,0.2,0.23,0.25,-0.08999999,-31.034481,26.0,485.0,0.10523355712890625,False,REGULAR,USD,2026-10-09,761.6900024414062,0.039779999256134034,2026-09-18,0.24,0.057534246575342465
SPY261009C00799000,2026-09-18 18:22:33+00:00,799.0,0.16,0.21,0.23,-0.120000005,-42.857143,576.0,663.0,0.10596597167968749,False,REGULAR,USD,2026-10-09,761.6900024414062,0.039779999256134034,2026-09-18,0.22,0.057534246575342465
SPY261009C00800000,2026-09-18 20:13:41+00:00,800.0,0.2,0.19,0.2,-0.03999999,-16.666662,17897.0,18507.0,0.10572183349609374,False,REGULAR,USD,2026-10-09,761.6900024414062,0.039779999256134034,2026-09-18,0.195,0.057534246575342465
SPY261009C00801000,2026-09-18 19:06:08+00:00,801.0,0.15,0.17,0.19,-0.059999987,-28.571423,1408.0,1636.0,0.10706459350585937,False,REGULAR,USD,2026-10-09,761.6900024414062,0.039779999256134034,2026-09-18,0.18,0.057534246575342465
SPY261009C00802000,2026-09-18 18:36:13+00:00,802.0,0.13,0.16,0.17,-0.07000001,-35.000004,1853.0,586.0,0.10743080078125,False,REGULAR,USD,2026-10-09,761.6900024414062,0.039779999256134034,2026-09-18,0.165,0.057534246575342465
SPY261009C00803000,2026-09-18 19:47:36+00:00,803.0,0.13,0.14,0.16,-0.040000007,-23.529415,14.0,264.0,0.10852942260742188,False,REGULAR,USD,2026-10-09,761.6900024414062,0.039779999256134034,2026-09-18,0.15000000000000002,0.057534246575342465
SPY261009C00804000,2026-09-18 16:39:21+00:00,804.0,0.11,0.13,0.14,-0.07000001,-38.888893,195.0,345.0,0.108407353515625,False,REGULAR,USD,2026-10-09,761.6900024414062,0.039779999256134034,2026-09-18,0.135,0.057534246575342465
SPY261009C00805000,2026-09-18 19:53:11+00:00,805.0,0.11,0.12,0.13,-0.060000002,-35.294117,144.0,1471.0,0.10938390625,False,REGULAR,USD,2026-10-09,761.6900024414062,0.039779999256134034,2026-09-18,0.125,0.057534246575342465
SPY261009C00806000,2026-09-18 19:39:41+00:00,806.0,0.1,0.11,0.12,-0.04,-28.571428,6.0,239.0,0.11011632080078124,False,REGULAR,USD,2026-10-09,761.6900024414062,0.039779999256134034,2026-09-18,0.11499999999999999,0.057534246575342465
SPY261009C00807000,2026-09-18 19:39:41+00:00,807.0,0.09,0.1,0.12,-0.03999999,-30.769224,5.0,427.0,0.11231356445312499,False,REGULAR,USD,2026-10-09,761.6900024414062,0.039779999256134034,2026-09-18,0.11,0.057534246575342465
SPY261009C00808000,2026-09-18 18:25:54+00:00,808.0,0.09,0.1,0.11,-0.029999994,-24.999994,1.0,482.0,0.1128018408203125,False,REGULAR,USD,2026-10-09,761.6900024414062,0.039779999256134034,2026-09-18,0.10500000000000001,0.057534246575342465
SPY261009C00809000,2026-09-18 19:32:47+00:00,809.0,0.09,0.09,0.1,-0.049999997,-35.714283,4.0,222.0,0.1132901171875,False,REGULAR,USD,2026-10-09,761.6900024414062,0.039779999256134034,2026-09-18,0.095,0.057534246575342465
SPY261009C00810000,2026-09-18 20:14:10+00:00,810.0,0.09,0.09,0.1,-0.03999999,-30.769224,70.0,660.0,0.11548736083984376,False,REGULAR,USD,2026-10-09,761.6900024414062,0.039779999256134034,2026-09-18,0.095,0.057534246575342465
SPY261009C00811000,2026-09-17 13:31:23+00:00,811.0,0.1,0.08,0.09,0.0,0.0,292.0,388.0,0.1157314990234375,False,REGULAR,USD,2026-10-09,761.6900024414062,0.039779999256134034,2026-09-18,0.08499999999999999,0.057534246575342465
SPY261009C00812000,2026-09-18 19:19:06+00:00,812.0,0.08,0.08,0.09,-0.020000003,-20.000002,103.0,660.0,0.1176846044921875,False,REGULAR,USD,2026-10-09,761.6900024414062,0.039779999256134034,2026-09-18,0.08499999999999999,0.057534246575342465
SPY261009C00813000,2026-09-16 15:49:35+00:00,813.0,0.1,0.07,0.08,0.0,0.0,2.0,85.0,0.1176846044921875,False,REGULAR,USD,2026-10-09,761.6900024414062,0.039779999256134034,2026-09-18,0.07500000000000001,0.057534246575342465
SPY261009C00814000,2026-09-17 17:17:29+00:00,814.0,0.09,0.07,0.08,0.0,0.0,16.0,1277.0,0.11963770996093749,False,REGULAR,USD,2026-10-09,761.6900024414062,0.039779999256134034,2026-09-18,0.07500000000000001,0.057534246575342465
SPY261009C00815000,2026-09-18 20:07:17+00:00,815.0,0.07,0.06,0.08,-0.020000003,-22.222223,7.0,167.0,0.1215908154296875,False,REGULAR,USD,2026-10-09,761.6900024414062,0.039779999256134034,2026-09-18,0.07,0.057534246575342465
SPY261009C00816000,2026-09-17 16:34:46+00:00,816.0,0.08,0.06,0.07,0.0,0.0,13.0,82.0,0.1215908154296875,False,REGULAR,USD,2026-10-09,761.6900024414062,0.039779999256134034,2026-09-18,0.065,0.057534246575342465
SPY261009C00817000,2026-09-14 16:39:18+00:00,817.0,0.09,0.06,0.07,0.0,0.0,1.0,75.0,0.1235439208984375,False,REGULAR,USD,2026-10-09,761.6900024414062,0.039779999256134034,2026-09-18,0.065,0.057534246575342465
SPY261009C00818000,2026-09-16 18:37:15+00:00,818.0,0.06,0.05,0.07,0.0,0.0,1.0,48.0,0.12549702636718751,False,REGULAR,USD,2026-10-09,761.6900024414062,0.039779999256134034,2026-09-18,0.060000000000000005,0.057534246575342465
SPY261009C00819000,2026-09-16 18:46:33+00:00,819.0,0.06,0.05,0.06,0.0,0.0,7.0,32.0,0.12500875,False,REGULAR,USD,2026-10-09,761.6900024414062,0.039779999256134034,2026-09-18,0.055,0.057534246575342465
SPY261009C00820000,2026-09-18 19:55:45+00:00,820.0,0.04,0.05,0.06,-0.030000001,-42.857143,5.0,495.0,0.12647357910156248,False,REGULAR,USD,2026-10-09,761.6900024414062,0.039779999256134034,2026-09-18,0.055,0.057534246575342465
SPY261009C00821000,2026-09-18 16:24:22+00:00,821.0,0.04,0.05,0.06,-0.010000002,-20.000002,3.0,530.0,0.12842668457031248,False,REGULAR,USD,2026-10-09,761.6900024414062,0.039779999256134034,2026-09-18,0.055,0.057534246575342465
SPY261009C00822000,2026-09-17 18:39:56+00:00,822.0,0.06,0.04,0.06,0.0,0.0,3.0,425.0,0.13037979003906247,False,REGULAR,USD,2026-10-09,761.6900024414062,0.039779999256134034,2026-09-18,0.05,0.057534246575342465
SPY261009C00823000,2026-09-16 19:19:57+00:00,823.0,0.04,0.04,0.05,0.0,0.0,25.0,151.0,0.1294032373046875,False,REGULAR,USD,2026-10-09,761.6900024414062,0.039779999256134034,2026-09-18,0.045,0.057534246575342465
SPY261009C00824000,2026-09-17 16:34:47+00:00,824.0,0.06,0.04,0.05,0.0,0.0,10.0,136.0,0.13086806640624998,False,REGULAR,USD,2026-10-09,761.6900024414062,0.039779999256134034,2026-09-18,0.045,0.057534246575342465
SPY261009C00825000,2026-09-18 20:07:17+00:00,825.0,0.04,0.04,0.05,-0.02,-33.333336,20.0,260.0,0.132821171875,False,REGULAR,USD,2026-10-09,761.6900024414062,0.039779999256134034,2026-09-18,0.045,0.057534246575342465
SPY261009C00830000,2026-09-18 17:25:59+00:00,830.0,0.04,0.03,0.04,-0.010000002,-20.000002,6.0,206.0,0.1381922119140625,False,REGULAR,USD,2026-10-09,761.6900024414062,0.039779999256134034,2026-09-18,0.035,0.057534246575342465
SPY261009C00835000,2026-09-17 16:56:59+00:00,835.0,0.04,0.02,0.03,0.0,0.0,66.0,301.0,0.14258669921875,False,REGULAR,USD,2026-10-09,761.6900024414062,0.039779999256134034,2026-09-18,0.025,0.057534246575342465
SPY261009C00840000,2026-09-18 16:47:19+00:00,840.0,0.03,0.02,0.03,0.0,0.0,100.0,696.0,0.15039912109375003,False,REGULAR,USD,2026-10-09,761.6900024414062,0.039779999256134034,2026-09-18,0.025,0.057534246575342465
SPY261009C00845000,2026-09-11 19:54:09+00:00,845.0,0.04,0.01,0.02,0.0,0.0,28.0,56.0,0.15235222656250003,False,REGULAR,USD,2026-10-09,761.6900024414062,0.039779999256134034,2026-09-18,0.015,0.057534246575342465
SPY261009C00850000,2026-09-18 13:32:22+00:00,850.0,0.02,0.01,0.02,0.01,100.0,26.0,161.0,0.1601646484375,False,REGULAR,USD,2026-10-09,761.6900024414062,0.039779999256134034,2026-09-18,0.015,0.057534246575342465
SPY261009C00855000,2026-09-09 15:25:05+00:00,855.0,0.03,0.01,0.02,0.0,0.0,2.0,70.0,0.16797707031250003,False,REGULAR,USD,2026-10-09,761.6900024414062,0.039779999256134034,2026-09-18,0.015,0.057534246575342465
SPY261009C00860000,2026-09-16 15:59:16+00:00,860.0,0.01,0.01,0.02,0.0,0.0,1.0,35.0,0.1757894921875,False,REGULAR,USD,2026-10-09,761.6900024414062,0.039779999256134034,2026-09-18,0.015,0.057534246575342465
SPY261016C00610000,2026-09-17 15:55:16+00:00,610.0,152.54,153.26,156.98,0.0,0.0,24.0,73.0,0.5532271240234375,True,REGULAR,USD,2026-10-16,761.6900024414062,0.039779999256134034,2026-09-18,155.12,0.07671232876712329
SPY261016C00615000,2026-09-17 19:59:40+00:00,615.0,148.55,148.29,152.02,0.0,0.0,12.0,211.0,0.5384567639160158,True,REGULAR,USD,2026-10-16,761.6900024414062,0.039779999256134034,2026-09-18,150.155,0.07671232876712329
SPY261016C00620000,2026-09-16 19:23:42+00:00,620.0,131.65,143.33,147.06,0.0,0.0,15.0,193.0,0.5238084729003907,True,REGULAR,USD,2026-10-16,761.6900024414062,0.039779999256134034,2026-09-18,145.195,0.07671232876712329
SPY261016C00625000,2026-09-18 13:30:04+00:00,625.0,138.65,138.36,142.12,1.2399902,0.90240175,10.0,238.0,0.5092822509765625,True,REGULAR,USD,2026-10-16,761.6900024414062,0.039779999256134034,2026-09-18,140.24,0.07671232876712329
SPY261016C00630000,2026-09-18 14:20:42+00:00,630.0,131.5,133.4,137.13,-0.58999634,-0.4466624,1.0,53.0,0.5518233294677735,True,REGULAR,USD,2026-10-16,761.6900024414062,0.039779999256134034,2026-09-18,135.265,0.07671232876712329
SPY261016C00635000,2026-09-18 15:39:10+00:00,635.0,126.8,128.45,132.19,-2.0800018,-1.6139058,1.0,4348.0,0.536259520263672,True,REGULAR,USD,2026-10-16,761.6900024414062,0.039779999256134034,2026-09-18,130.32,0.07671232876712329
SPY261016C00640000,2026-09-18 19:28:50+00:00,640.0,123.6,123.49,127.26,-0.27999878,-0.22602421,200.0,422.0,0.5208788146972656,True,REGULAR,USD,2026-10-16,761.6900024414062,0.039779999256134034,2026-09-18,125.375,0.07671232876712329
SPY261016C00645000,2026-09-18 20:13:21+00:00,645.0,120.5,118.54,122.3,2.5599976,2.170593,1.0,249.0,0.5047046600341796,True,REGULAR,USD,2026-10-16,761.6900024414062,0.039779999256134034,2026-09-18,120.42,0.07671232876712329
SPY261016C00650000,2026-09-18 19:10:32+00:00,650.0,113.8,113.59,117.36,1.3800049,1.227544,7.0,334.0,0.48898826446533217,True,REGULAR,USD,2026-10-16,761.6900024414062,0.039779999256134034,2026-09-18,115.475,0.07671232876712329
SPY261016C00655000,2026-09-17 19:55:00+00:00,655.0,108.13,108.64,112.38,0.0,0.0,9.0,33.0,0.47223428161621095,True,REGULAR,USD,2026-10-16,761.6900024414062,0.039779999256134034,2026-09-18,110.50999999999999,0.07671232876712329
SPY261016C00660000,2026-09-17 19:46:10+00:00,660.0,103.74,103.7,107.47,0.0,0.0,11.0,286.0,0.45715874877929696,True,REGULAR,USD,2026-10-16,761.6900024414062,0.039779999256134034,2026-09-18,105.58500000000001,0.07671232876712329
SPY261016C00665000,2026-09-14 19:38:47+00:00,665.0,98.86,98.76,102.53,0.0,0.0,4.0,475.0,0.44125924957275386,True,REGULAR,USD,2026-10-16,761.6900024414062,0.039779999256134034,2026-09-18,100.64500000000001,0.07671232876712329
SPY261016C00670000,2026-09-18 15:15:53+00:00,670.0,92.5,93.83,97.6,-1.2300034,-1.3122835,2.0,500.0,0.4255428540039063,True,REGULAR,USD,2026-10-16,761.6900024414062,0.039779999256134034,2026-09-18,95.715,0.07671232876712329
SPY261016C00675000,2026-09-18 19:51:37+00:00,675.0,89.35,88.9,92.67,0.3899994,0.4383986,61.0,108.0,0.4096738720703125,True,REGULAR,USD,2026-10-16,761.6900024414062,0.039779999256134034,2026-09-18,90.785,0.07671232876712329
SPY261016C00680000,2026-09-18 17:32:55+00:00,680.0,82.44,83.98,87.75,-1.5899963,-1.892177,9.0,2417.0,0.3939269592285156,True,REGULAR,USD,2026-10-16,761.6900024414062,0.039779999256134034,2026-09-18,85.86500000000001,0.07671232876712329
SPY261016C00685000,2026-09-18 19:51:44+00:00,685.0,79.48,79.07,82.85,2.7200012,3.5435138,96.0,1548.0,0.3784547018432617,True,REGULAR,USD,2026-10-16,761.6900024414062,0.039779999256134034,2026-09-18,80.96,0.07671232876712329
SPY261016C00690000,2026-09-18 18:11:58+00:00,690.0,73.06,74.18,77.95,-1.0600052,-1.4301202,4.0,1197.0,0.3627993408203125,True,REGULAR,USD,2026-10-16,761.6900024414062,0.039779999256134034,2026-09-18,76.065,0.07671232876712329
SPY261016C00695000,2026-09-18 19:51:11+00:00,695.0,69.75,69.4,73.07,0.3199997,0.46089542,106.0,1075.0,0.3473576007080078,True,REGULAR,USD,2026-10-16,761.6900024414062,0.039779999256134034,2026-09-18,71.235,0.07671232876712329
SPY261016C00700000,2026-09-18 20:11:45+00:00,700.0,66.51,64.56,68.2,1.7900009,2.7657616,313.0,916.0,0.33185482604980465,True,REGULAR,USD,2026-10-16,761.6900024414062,0.039779999256134034,2026-09-18,66.38,0.07671232876712329
SPY261016C00701000,2026-09-18 19:51:58+00:00,701.0,63.86,63.68,67.23,2.8899994,4.740035,606.0,34.0,0.3288030987548828,True,REGULAR,USD,2026-10-16,761.6900024414062,0.039779999256134034,2026-09-18,65.455,0.07671232876712329
SPY261016C00702000,2026-09-18 18:11:58+00:00,702.0,61.45,62.59,66.26,-1.4500008,-2.3052475,2.0,75.0,0.3257208541870117,True,REGULAR,USD,2026-10-16,761.6900024414062,0.039779999256134034,2026-09-18,64.42500000000001,0.07671232876712329
SPY261016C00703000,2026-09-18 18:11:58+00:00,703.0,60.49,61.62,65.3,8.690002,16.776066,2.0,29.0,0.32282171325683584,True,REGULAR,USD,2026-10-16,761.6900024414062,0.039779999256134034,2026-09-18,63.459999999999994,0.07671232876712329
SPY261016C00704000,2026-09-18 18:11:58+00:00,704.0,59.53,60.77,64.33,-1.0600014,-1.7494658,2.0,74.0,0.3197089514160155,True,REGULAR,USD,2026-10-16,761.6900024414062,0.039779999256134034,2026-09-18,62.55,0.07671232876712329
SPY261016C00705000,2026-09-18 18:11:58+00:00,705.0,58.57,59.72,63.36,-1.4300003,-2.383334,49.0,305.0,0.3165961895751953,True,REGULAR,USD,2026-10-16,761.6900024414062,0.039779999256134034,2026-09-18,61.54,0.07671232876712329
SPY261016C00706000,2026-09-17 13:40:09+00:00,706.0,58.15,58.75,62.4,0.0,0.0,3.0,25.0,0.31366653137207035,True,REGULAR,USD,2026-10-16,761.6900024414062,0.039779999256134034,2026-09-18,60.575,0.07671232876712329
SPY261016C00707000,2026-09-14 13:48:46+00:00,707.0,55.97,57.76,61.43,0.0,0.0,1.0,42.0,0.3105232522583008,True,REGULAR,USD,2026-10-16,761.6900024414062,0.039779999256134034,2026-09-18,59.595,0.07671232876712329
SPY261016C00708000,2026-09-17 18:22:32+00:00,708.0,56.74,56.91,60.47,0.0,0.0,1.0,16.0,0.3075630767822265,True,REGULAR,USD,2026-10-16,761.6900024414062,0.039779999256134034,2026-09-18,58.69,0.07671232876712329
SPY261016C00709000,2026-08-27 16:27:11+00:00,709.0,66.69,55.83,59.51,0.0,0.0,4.0,6.0,0.3045723840332031,True,REGULAR,USD,2026-10-16,761.6900024414062,0.039779999256134034,2026-09-18,57.67,0.07671232876712329
SPY261016C00710000,2026-09-18 16:52:51+00:00,710.0,53.5,54.87,58.55,-1.9399986,-3.4992762,85.0,1186.0,0.30155117401123044,True,REGULAR,USD,2026-10-16,761.6900024414062,0.039779999256134034,2026-09-18,56.709999999999994,0.07671232876712329
SPY261016C00711000,2026-09-16 19:55:55+00:00,711.0,47.15,54.03,57.59,0.0,0.0,3.0,9.0,0.2985299639892578,True,REGULAR,USD,2026-10-16,761.6900024414062,0.039779999256134034,2026-09-18,55.81,0.07671232876712329
SPY261016C00712000,2026-09-16 17:38:20+00:00,712.0,51.63,53.07,56.63,0.0,0.0,1.0,329.0,0.2954782366943359,True,REGULAR,USD,2026-10-16,761.6900024414062,0.039779999256134034,2026-09-18,54.85,0.07671232876712329
SPY261016C00713000,2026-09-10 18:05:12+00:00,713.0,50.69,52.03,55.68,0.0,0.0,1.0,9.0,0.2925790957641601,True,REGULAR,USD,2026-10-16,761.6900024414062,0.039779999256134034,2026-09-18,53.855000000000004,0.07671232876712329
SPY261016C00714000,2026-09-17 18:26:45+00:00,714.0,51.31,51.16,54.73,0.0,0.0,92.0,194.0,0.28967995483398434,True,REGULAR,USD,2026-10-16,761.6900024414062,0.039779999256134034,2026-09-18,52.94499999999999,0.07671232876712329
SPY261016C00715000,2026-09-18 20:02:36+00:00,715.0,51.11,50.21,53.77,0.7799988,1.549769,23.0,363.0,0.286567192993164,True,REGULAR,USD,2026-10-16,761.6900024414062,0.039779999256134034,2026-09-18,51.99,0.07671232876712329
SPY261016C00716000,2026-09-16 14:05:12+00:00,716.0,47.65,49.26,52.82,0.0,0.0,1.0,19.0,0.28363753479003895,True,REGULAR,USD,2026-10-16,761.6900024414062,0.039779999256134034,2026-09-18,51.04,0.07671232876712329
SPY261016C00717000,2026-09-17 19:44:16+00:00,717.0,48.33,48.31,51.87,0.0,0.0,1.0,8.0,0.28064684204101553,True,REGULAR,USD,2026-10-16,761.6900024414062,0.039779999256134034,2026-09-18,50.09,0.07671232876712329
SPY261016C00718000,2026-09-14 14:47:59+00:00,718.0,46.01,47.25,50.93,0.0,0.0,1.0,31.0,0.27780873565673825,True,REGULAR,USD,2026-10-16,761.6900024414062,0.039779999256134034,2026-09-18,49.09,0.07671232876712329
SPY261016C00719000,2026-09-01 14:49:08+00:00,719.0,50.85,46.41,49.98,0.0,0.0,1.0,12.0,0.2747875256347656,True,REGULAR,USD,2026-10-16,761.6900024414062,0.039779999256134034,2026-09-18,48.19499999999999,0.07671232876712329
SPY261016C00720000,2026-09-18 19:42:09+00:00,720.0,45.6,46.04,49.04,-0.4300003,-0.93417406,3.0,549.0,0.271918901977539,True,REGULAR,USD,2026-10-16,761.6900024414062,0.039779999256134034,2026-09-18,47.54,0.07671232876712329
SPY261016C00721000,2026-09-17 17:51:47+00:00,721.0,44.65,44.42,48.1,0.0,0.0,17.0,54.0,0.26901976104736325,True,REGULAR,USD,2026-10-16,761.6900024414062,0.039779999256134034,2026-09-18,46.260000000000005,0.07671232876712329
SPY261016C00722000,2026-09-18 20:01:33+00:00,722.0,44.15,44.19,46.17,4.260002,10.679374,1.0,78.0,0.2500685345458984,True,REGULAR,USD,2026-10-16,761.6900024414062,0.039779999256134034,2026-09-18,45.18,0.07671232876712329
SPY261016C00723000,2026-09-17 13:30:23+00:00,723.0,43.27,43.29,45.22,0.0,0.0,1.0,20.0,0.2471083590698242,True,REGULAR,USD,2026-10-16,761.6900024414062,0.039779999256134034,2026-09-18,44.254999999999995,0.07671232876712329
SPY261016C00724000,2026-09-17 19:27:50+00:00,724.0,42.1,42.37,44.27,0.0,0.0,2.0,13.0,0.24408714904785156,True,REGULAR,USD,2026-10-16,761.6900024414062,0.039779999256134034,2026-09-18,43.32,0.07671232876712329
SPY261016C00725000,2026-09-18 16:51:56+00:00,725.0,39.37,41.47,43.25,-1.9300003,-4.6731243,3.0,1123.0,0.23993679992675776,True,REGULAR,USD,2026-10-16,761.6900024414062,0.039779999256134034,2026-09-18,42.36,0.07671232876712329
SPY261016C00726000,2026-09-17 16:27:08+00:00,726.0,39.49,40.56,42.37,0.0,0.0,4.0,26.0,0.238014211730957,True,REGULAR,USD,2026-10-16,761.6900024414062,0.039779999256134034,2026-09-18,41.465,0.07671232876712329
SPY261016C00727000,2026-09-18 14:18:22+00:00,727.0,37.29,39.66,41.42,-0.29999924,-0.7980826,1.0,92.0,0.23493196716308595,True,REGULAR,USD,2026-10-16,761.6900024414062,0.039779999256134034,2026-09-18,40.54,0.07671232876712329
SPY261016C00728000,2026-09-16 19:30:48+00:00,728.0,30.26,38.7,40.53,0.0,0.0,3.0,182.0,0.2327347235107422,True,REGULAR,USD,2026-10-16,761.6900024414062,0.039779999256134034,2026-09-18,39.615,0.07671232876712329
SPY261016C00729000,2026-09-14 16:47:36+00:00,729.0,38.87,37.81,39.59,0.0,0.0,18.0,42.0,0.22974403076171873,True,REGULAR,USD,2026-10-16,761.6900024414062,0.039779999256134034,2026-09-18,38.7,0.07671232876712329
SPY261016C00730000,2026-09-18 20:14:08+00:00,730.0,37.82,36.92,38.65,1.0200005,2.7717404,11.0,1088.0,0.2267228207397461,True,REGULAR,USD,2026-10-16,761.6900024414062,0.039779999256134034,2026-09-18,37.785,0.07671232876712329
SPY261016C00731000,2026-09-15 17:02:15+00:00,731.0,32.75,36.2,37.72,0.0,0.0,1.0,285.0,0.22382367980957027,True,REGULAR,USD,2026-10-16,761.6900024414062,0.039779999256134034,2026-09-18,36.96,0.07671232876712329
SPY261016C00732000,2026-09-18 19:09:31+00:00,732.0,34.6,35.17,36.78,0.2199974,0.6398994,3.0,140.0,0.22071091796874998,True,REGULAR,USD,2026-10-16,761.6900024414062,0.039779999256134034,2026-09-18,35.975,0.07671232876712329
SPY261016C00733000,2026-09-16 19:16:10+00:00,733.0,26.14,34.28,35.87,0.0,0.0,3.0,158.0,0.2180253979492187,True,REGULAR,USD,2026-10-16,761.6900024414062,0.039779999256134034,2026-09-18,35.075,0.07671232876712329
SPY261016C00734000,2026-09-18 19:50:07+00:00,734.0,33.1,33.4,34.92,1.1699982,3.66426,15.0,223.0,0.21472953247070312,True,REGULAR,USD,2026-10-16,761.6900024414062,0.039779999256134034,2026-09-18,34.16,0.07671232876712329
SPY261016C00735000,2026-09-18 18:55:13+00:00,735.0,32.09,32.52,34.01,-0.6399994,-1.9553908,35.0,2686.0,0.2119524606323242,True,REGULAR,USD,2026-10-16,761.6900024414062,0.039779999256134034,2026-09-18,33.265,0.07671232876712329
SPY261016C00736000,2026-09-17 14:26:59+00:00,736.0,30.91,31.81,33.11,0.0,0.0,1.0,158.0,0.20929745788574217,True,REGULAR,USD,2026-10-16,761.6900024414062,0.039779999256134034,2026-09-18,32.46,0.07671232876712329
SPY261016C00737000,2026-09-18 19:43:29+00:00,737.0,30.48,30.81,32.19,-0.48999977,-1.5821756,2.0,181.0,0.20627624786376947,True,REGULAR,USD,2026-10-16,761.6900024414062,0.039779999256134034,2026-09-18,31.5,0.07671232876712329
SPY261016C00738000,2026-09-18 20:10:20+00:00,738.0,30.6,29.96,31.29,1.1400013,3.8696582,3.0,411.0,0.2035296932983398,True,REGULAR,USD,2026-10-16,761.6900024414062,0.039779999256134034,2026-09-18,30.625,0.07671232876712329
SPY261016C00739000,2026-09-18 13:51:54+00:00,739.0,27.8,28.03,30.4,-0.020000458,-0.07189237,3.0,658.0,0.20084417327880855,True,REGULAR,USD,2026-10-16,761.6900024414062,0.039779999256134034,2026-09-18,29.215,0.07671232876712329
SPY261016C00740000,2026-09-18 20:01:20+00:00,740.0,28.34,28.28,29.5,0.45000076,1.6134843,175.0,5104.0,0.19797554962158204,True,REGULAR,USD,2026-10-16,761.6900024414062,0.039779999256134034,2026-09-18,28.89,0.07671232876712329
SPY261016C00741000,2026-09-16 20:05:42+00:00,741.0,21.78,27.36,28.62,0.0,0.0,3.0,458.0,0.19535106414794923,True,REGULAR,USD,2026-10-16,761.6900024414062,0.039779999256134034,2026-09-18,27.990000000000002,0.07671232876712329
SPY261016C00742000,2026-09-18 15:04:29+00:00,742.0,24.76,25.43,27.75,-1.789999,-6.741993,3.0,247.0,0.19278761322021482,True,REGULAR,USD,2026-10-16,761.6900024414062,0.039779999256134034,2026-09-18,26.59,0.07671232876712329
SPY261016C00743000,2026-09-18 16:28:43+00:00,743.0,23.3,25.77,26.86,-1.9200001,-7.6130056,2.0,475.0,0.18988847229003908,True,REGULAR,USD,2026-10-16,761.6900024414062,0.039779999256134034,2026-09-18,26.314999999999998,0.07671232876712329
SPY261016C00744000,2026-09-17 19:59:07+00:00,744.0,24.54,24.89,26.06,0.0,0.0,2.0,192.0,0.18811847045898436,True,REGULAR,USD,2026-10-16,761.6900024414062,0.039779999256134034,2026-09-18,25.475,0.07671232876712329
SPY261016C00745000,2026-09-18 19:43:09+00:00,745.0,23.4,24.21,25.14,-0.5400009,-2.255643,31.0,2657.0,0.18470053588867186,True,REGULAR,USD,2026-10-16,761.6900024414062,0.039779999256134034,2026-09-18,24.675,0.07671232876712329
SPY261016C00746000,2026-09-18 20:11:42+00:00,746.0,24.13,23.46,24.26,1.1299992,4.9130397,63.0,257.0,0.18174036041259767,True,REGULAR,USD,2026-10-16,761.6900024414062,0.039779999256134034,2026-09-18,23.86,0.07671232876712329
SPY261016C00747000,2026-09-18 19:50:59+00:00,747.0,21.87,22.57,23.41,0.060001373,0.27510947,6.0,248.0,0.1790853576660156,True,REGULAR,USD,2026-10-16,761.6900024414062,0.039779999256134034,2026-09-18,22.990000000000002,0.07671232876712329
SPY261016C00748000,2026-09-18 20:10:00+00:00,748.0,21.96,21.77,23.51,1.1899986,5.7294106,3.0,183.0,0.18851519500732422,True,REGULAR,USD,2026-10-16,761.6900024414062,0.039779999256134034,2026-09-18,22.64,0.07671232876712329
SPY261016C00749000,2026-09-18 19:39:00+00:00,749.0,20.12,21.16,21.74,-0.3199997,-1.5655562,5.0,373.0,0.1739584558105469,True,REGULAR,USD,2026-10-16,761.6900024414062,0.039779999256134034,2026-09-18,21.45,0.07671232876712329
SPY261016C00750000,2026-09-18 20:13:24+00:00,750.0,20.7,20.36,20.94,1.0300007,5.236404,728.0,8666.0,0.17171543624877933,True,REGULAR,USD,2026-10-16,761.6900024414062,0.039779999256134034,2026-09-18,20.65,0.07671232876712329
SPY261016C00751000,2026-09-18 20:00:49+00:00,751.0,19.2,19.58,20.13,-0.049999237,-0.2597363,16.0,388.0,0.1692587957763672,True,REGULAR,USD,2026-10-16,761.6900024414062,0.039779999256134034,2026-09-18,19.854999999999997,0.07671232876712329
SPY261016C00752000,2026-09-18 19:51:27+00:00,752.0,17.96,18.81,19.32,-0.5400009,-2.9189239,40.0,463.0,0.16669534484863285,True,REGULAR,USD,2026-10-16,761.6900024414062,0.039779999256134034,2026-09-18,19.064999999999998,0.07671232876712329
SPY261016C00753000,2026-09-18 19:51:27+00:00,753.0,17.21,17.94,18.55,-0.09000015,-0.52023214,350.0,408.0,0.16452861846923827,True,REGULAR,USD,2026-10-16,761.6900024414062,0.039779999256134034,2026-09-18,18.245,0.07671232876712329
SPY261016C00754000,2026-09-18 19:10:02+00:00,754.0,16.41,17.28,17.77,-0.62000084,-3.640639,92.0,779.0,0.16214827117919922,True,REGULAR,USD,2026-10-16,761.6900024414062,0.039779999256134034,2026-09-18,17.525,0.07671232876712329
SPY261016C00755000,2026-09-18 20:13:24+00:00,755.0,16.86,16.53,17.0,1.000001,6.3051763,218.0,4375.0,0.15976792388916017,True,REGULAR,USD,2026-10-16,761.6900024414062,0.039779999256134034,2026-09-18,16.765,0.07671232876712329
SPY261016C00756000,2026-09-18 20:04:15+00:00,756.0,15.85,15.8,16.25,0.78999996,5.2456837,648.0,1030.0,0.15752490432739258,True,REGULAR,USD,2026-10-16,761.6900024414062,0.039779999256134034,2026-09-18,16.025,0.07671232876712329
SPY261016C00757000,2026-09-18 20:11:42+00:00,757.0,15.45,15.08,15.52,0.47000027,3.1375186,863.0,847.0,0.1554039538574219,True,REGULAR,USD,2026-10-16,761.6900024414062,0.039779999256134034,2026-09-18,15.3,0.07671232876712329
SPY261016C00758000,2026-09-18 20:10:21+00:00,758.0,14.53,14.37,14.79,0.72999954,5.2898517,323.0,1486.0,0.15314567565917972,True,REGULAR,USD,2026-10-16,761.6900024414062,0.039779999256134034,2026-09-18,14.579999999999998,0.07671232876712329
SPY261016C00759000,2026-09-18 20:11:45+00:00,759.0,14.0,13.68,14.11,0.39999962,2.9411736,405.0,1199.0,0.15137567382812503,True,REGULAR,USD,2026-10-16,761.6900024414062,0.039779999256134034,2026-09-18,13.895,0.07671232876712329
SPY261016C00760000,2026-09-18 20:12:54+00:00,760.0,13.33,13.01,13.42,0.77999973,6.215137,3279.0,10211.0,0.14933101654052733,True,REGULAR,USD,2026-10-16,761.6900024414062,0.039779999256134034,2026-09-18,13.215,0.07671232876712329
SPY261016C00761000,2026-09-18 20:06:31+00:00,761.0,12.34,12.33,12.74,0.4800005,4.0472217,3640.0,1488.0,0.1472863592529297,True,REGULAR,USD,2026-10-16,761.6900024414062,0.039779999256134034,2026-09-18,12.535,0.07671232876712329
SPY261016C00762000,2026-09-18 20:07:51+00:00,762.0,11.7,11.72,12.05,0.34000015,2.9929593,2371.0,2027.0,0.14495178787231444,False,REGULAR,USD,2026-10-16,761.6900024414062,0.039779999256134034,2026-09-18,11.885000000000002,0.07671232876712329
SPY261016C00763000,2026-09-18 20:14:36+00:00,763.0,11.28,11.2,11.29,0.5699997,5.322126,2155.0,1786.0,0.1416406637573242,False,REGULAR,USD,2026-10-16,761.6900024414062,0.039779999256134034,2026-09-18,11.245,0.07671232876712329
SPY261016C00764000,2026-09-18 20:14:15+00:00,764.0,10.62,10.58,10.67,-0.010000229,-0.09407553,1046.0,2495.0,0.13984014465332031,False,REGULAR,USD,2026-10-16,761.6900024414062,0.039779999256134034,2026-09-18,10.625,0.07671232876712329
SPY261016C00765000,2026-09-18 20:14:15+00:00,765.0,10.03,9.98,10.06,0.5199995,5.467923,3295.0,7098.0,0.13797859100341797,False,REGULAR,USD,2026-10-16,761.6900024414062,0.039779999256134034,2026-09-18,10.02,0.07671232876712329
SPY261016C00766000,2026-09-18 20:05:43+00:00,766.0,9.3,9.39,9.48,0.34000015,3.7946446,968.0,6194.0,0.13631539962768557,False,REGULAR,USD,2026-10-16,761.6900024414062,0.039779999256134034,2026-09-18,9.435,0.07671232876712329
SPY261016C00767000,2026-09-18 20:14:36+00:00,767.0,8.91,8.82,8.9,0.47999954,5.6939445,655.0,7513.0,0.13446910461425782,False,REGULAR,USD,2026-10-16,761.6900024414062,0.039779999256134034,2026-09-18,8.86,0.07671232876712329
SPY261016C00768000,2026-09-18 20:14:22+00:00,768.0,8.35,8.28,8.35,0.11000061,1.3349589,608.0,4750.0,0.1327906546020508,False,REGULAR,USD,2026-10-16,761.6900024414062,0.039779999256134034,2026-09-18,8.315,0.07671232876712329
SPY261016C00769000,2026-09-18 20:14:52+00:00,769.0,7.83,7.75,7.83,0.13000011,1.6883132,568.0,2313.0,0.13129530822753904,False,REGULAR,USD,2026-10-16,761.6900024414062,0.039779999256134034,2026-09-18,7.79,0.07671232876712329
SPY261016C00770000,2026-09-18 20:14:56+00:00,770.0,7.29,7.28,7.31,0.3499999,5.0432267,3359.0,18267.0,0.1295863409423828,False,REGULAR,USD,2026-10-16,761.6900024414062,0.039779999256134034,2026-09-18,7.295,0.07671232876712329
SPY261016C00771000,2026-09-18 20:08:25+00:00,771.0,6.68,6.75,6.83,0.03999996,0.60240906,491.0,3272.0,0.12818254638671872,False,REGULAR,USD,2026-10-16,761.6900024414062,0.039779999256134034,2026-09-18,6.79,0.07671232876712329
SPY261016C00772000,2026-09-18 20:11:42+00:00,772.0,6.37,6.29,6.35,0.26999998,4.4262295,749.0,2662.0,0.12656513092041016,False,REGULAR,USD,2026-10-16,761.6900024414062,0.039779999256134034,2026-09-18,6.32,0.07671232876712329
SPY261016C00773000,2026-09-18 20:05:16+00:00,773.0,5.73,5.84,5.91,-0.21000004,-3.5353541,529.0,2229.0,0.12525288818359376,False,REGULAR,USD,2026-10-16,761.6900024414062,0.039779999256134034,2026-09-18,5.875,0.07671232876712329
SPY261016C00774000,2026-09-18 20:06:47+00:00,774.0,5.33,5.41,5.48,0.009999752,0.18796526,265.0,1815.0,0.12383383499145509,False,REGULAR,USD,2026-10-16,761.6900024414062,0.039779999256134034,2026-09-18,5.445,0.07671232876712329
SPY261016C00775000,2026-09-18 20:14:55+00:00,775.0,5.05,5.01,5.07,0.12000036,2.4340844,3472.0,13145.0,0.12246055770874026,False,REGULAR,USD,2026-10-16,761.6900024414062,0.039779999256134034,2026-09-18,5.04,0.07671232876712329
SPY261016C00776000,2026-09-18 20:13:24+00:00,776.0,4.71,4.63,4.69,-0.01999998,-0.42283258,512.0,1747.0,0.12125512542724609,False,REGULAR,USD,2026-10-16,761.6900024414062,0.039779999256134034,2026-09-18,4.66,0.07671232876712329
SPY261016C00777000,2026-09-18 20:14:21+00:00,777.0,4.32,4.27,4.33,-0.049999714,-1.1441582,355.0,1887.0,0.12009546905517576,False,REGULAR,USD,2026-10-16,761.6900024414062,0.039779999256134034,2026-09-18,4.3,0.07671232876712329
SPY261016C00778000,2026-09-18 20:09:18+00:00,778.0,3.86,3.93,3.99,-0.10000014,-2.5252562,1155.0,3845.0,0.11899684722900389,False,REGULAR,USD,2026-10-16,761.6900024414062,0.039779999256134034,2026-09-18,3.96,0.07671232876712329
SPY261016C00779000,2026-09-18 20:10:00+00:00,779.0,3.56,3.61,3.67,0.049999952,1.4245001,344.0,1921.0,0.11792874267578124,False,REGULAR,USD,2026-10-16,761.6900024414062,0.039779999256134034,2026-09-18,3.6399999999999997,0.07671232876712329
SPY261016C00780000,2026-09-18 20:11:45+00:00,780.0,3.4,3.31,3.37,0.13000011,3.9755387,8164.0,13157.0,0.11692167266845702,False,REGULAR,USD,2026-10-16,761.6900024414062,0.039779999256134034,2026-09-18,3.34,0.07671232876712329
SPY261016C00781000,2026-09-18 19:47:07+00:00,781.0,2.71,3.04,3.08,-0.37999988,-12.297731,1533.0,3409.0,0.11582305084228516,False,REGULAR,USD,2026-10-16,761.6900024414062,0.039779999256134034,2026-09-18,3.06,0.07671232876712329
SPY261016C00782000,2026-09-18 20:02:39+00:00,782.0,2.72,2.78,2.82,-0.00999999,-0.36630002,390.0,2881.0,0.11496856719970702,False,REGULAR,USD,2026-10-16,761.6900024414062,0.039779999256134034,2026-09-18,2.8,0.07671232876712329
SPY261016C00783000,2026-09-18 19:50:57+00:00,783.0,2.29,2.54,2.57,-0.30999994,-11.923075,723.0,2292.0,0.11402253173828125,False,REGULAR,USD,2026-10-16,761.6900024414062,0.039779999256134034,2026-09-18,2.5549999999999997,0.07671232876712329
SPY261016C00784000,2026-09-18 19:22:46+00:00,784.0,2.14,2.32,2.35,-0.29999995,-12.29508,273.0,2473.0,0.11332063446044921,False,REGULAR,USD,2026-10-16,761.6900024414062,0.039779999256134034,2026-09-18,2.335,0.07671232876712329
SPY261016C00785000,2026-09-18 20:11:29+00:00,785.0,2.15,2.11,2.14,0.0400002,1.8957442,952.0,13125.0,0.11258821990966797,False,REGULAR,USD,2026-10-16,761.6900024414062,0.039779999256134034,2026-09-18,2.125,0.07671232876712329
SPY261016C00786000,2026-09-18 20:10:10+00:00,786.0,1.9,1.92,1.95,-0.00999999,-0.5235597,711.0,4363.0,0.11194735717773435,False,REGULAR,USD,2026-10-16,761.6900024414062,0.039779999256134034,2026-09-18,1.935,0.07671232876712329
SPY261016C00787000,2026-09-18 19:57:56+00:00,787.0,1.55,1.75,1.77,-0.2800001,-15.300551,744.0,2064.0,0.11127597717285155,False,REGULAR,USD,2026-10-16,761.6900024414062,0.039779999256134034,2026-09-18,1.76,0.07671232876712329
SPY261016C00788000,2026-09-18 20:13:07+00:00,788.0,1.61,1.59,1.61,-0.059999943,-3.592811,603.0,1712.0,0.11078770080566405,False,REGULAR,USD,2026-10-16,761.6900024414062,0.039779999256134034,2026-09-18,1.6,0.07671232876712329
SPY261016C00789000,2026-09-18 20:14:34+00:00,789.0,1.45,1.44,1.47,-0.099999905,-6.4516068,708.0,1539.0,0.11048252807617187,False,REGULAR,USD,2026-10-16,761.6900024414062,0.039779999256134034,2026-09-18,1.455,0.07671232876712329
SPY261016C00790000,2026-09-18 20:05:56+00:00,790.0,1.3,1.31,1.33,-0.08000004,-5.7971044,6318.0,21273.0,0.10993321716308593,False,REGULAR,USD,2026-10-16,761.6900024414062,0.039779999256134034,2026-09-18,1.32,0.07671232876712329
SPY261016C00791000,2026-09-18 20:14:28+00:00,791.0,1.2,1.19,1.21,-0.099999905,-7.692301,447.0,1900.0,0.10965856170654298,False,REGULAR,USD,2026-10-16,761.6900024414062,0.039779999256134034,2026-09-18,1.2,0.07671232876712329
SPY261016C00792000,2026-09-18 19:06:50+00:00,792.0,0.96,1.08,1.1,-0.13000005,-11.92661,509.0,2014.0,0.10938390625,False,REGULAR,USD,2026-10-16,761.6900024414062,0.039779999256134034,2026-09-18,1.09,0.07671232876712329
SPY261016C00793000,2026-09-18 19:51:21+00:00,793.0,0.83,0.98,1.0,-0.24000007,-22.429913,392.0,7321.0,0.10920080261230468,False,REGULAR,USD,2026-10-16,761.6900024414062,0.039779999256134034,2026-09-18,0.99,0.07671232876712329
SPY261016C00794000,2026-09-18 19:59:20+00:00,794.0,0.79,0.89,0.91,-0.13,-14.130435,153.0,3957.0,0.1090787335205078,False,REGULAR,USD,2026-10-16,761.6900024414062,0.039779999256134034,2026-09-18,0.9,0.07671232876712329
SPY261016C00795000,2026-09-18 20:13:54+00:00,795.0,0.81,0.81,0.82,-0.029999971,-3.5714252,5342.0,10409.0,0.1087125262451172,False,REGULAR,USD,2026-10-16,761.6900024414062,0.039779999256134034,2026-09-18,0.815,0.07671232876712329
SPY261016C00796000,2026-09-18 20:04:12+00:00,796.0,0.7,0.73,0.75,-0.07999998,-10.256408,75.0,2470.0,0.10883459533691406,False,REGULAR,USD,2026-10-16,761.6900024414062,0.039779999256134034,2026-09-18,0.74,0.07671232876712329
SPY261016C00797000,2026-09-18 19:55:49+00:00,797.0,0.59,0.66,0.68,-0.13000005,-18.055563,1420.0,11643.0,0.1087125262451172,False,REGULAR,USD,2026-10-16,761.6900024414062,0.039779999256134034,2026-09-18,0.67,0.07671232876712329
SPY261016C00798000,2026-09-18 20:05:44+00:00,798.0,0.58,0.6,0.61,-0.100000024,-14.705885,2103.0,1679.0,0.108407353515625,False,REGULAR,USD,2026-10-16,761.6900024414062,0.039779999256134034,2026-09-18,0.605,0.07671232876712329
SPY261016C00799000,2026-09-18 20:10:56+00:00,799.0,0.55,0.55,0.56,-0.06999999,-11.290321,1304.0,2812.0,0.10865149169921876,False,REGULAR,USD,2026-10-16,761.6900024414062,0.039779999256134034,2026-09-18,0.555,0.07671232876712329
SPY261016C00800000,2026-09-18 20:13:19+00:00,800.0,0.51,0.5,0.51,-0.030000031,-5.555561,5351.0,22107.0,0.10877356079101563,False,REGULAR,USD,2026-10-16,761.6900024414062,0.039779999256134034,2026-09-18,0.505,0.07671232876712329
SPY261016C00805000,2026-09-18 20:13:54+00:00,805.0,0.34,0.33,0.34,-0.030000001,-8.108108,982.0,10081.0,0.11072666625976563,False,REGULAR,USD,2026-10-16,761.6900024414062,0.039779999256134034,2026-09-18,0.335,0.07671232876712329
SPY261016C00810000,2026-09-18 20:14:55+00:00,810.0,0.23,0.22,0.23,-0.029999986,-11.538457,1767.0,15187.0,0.11304597900390626,False,REGULAR,USD,2026-10-16,761.6900024414062,0.039779999256134034,2026-09-18,0.225,0.07671232876712329
SPY261016C00815000,2026-09-18 19:44:43+00:00,815.0,0.14,0.16,0.17,-0.040000007,-22.222223,191.0,16309.0,0.11695218994140624,False,REGULAR,USD,2026-10-16,761.6900024414062,0.039779999256134034,2026-09-18,0.165,0.07671232876712329
SPY261016C00820000,2026-09-18 20:07:28+00:00,820.0,0.12,0.12,0.13,-0.020000003,-14.285716,1125.0,14361.0,0.1211025390625,False,REGULAR,USD,2026-10-16,761.6900024414062,0.039779999256134034,2026-09-18,0.125,0.07671232876712329
SPY261016C00825000,2026-09-18 20:08:35+00:00,825.0,0.09,0.09,0.1,-0.019999996,-18.181814,138.0,16091.0,0.12525288818359376,False,REGULAR,USD,2026-10-16,761.6900024414062,0.039779999256134034,2026-09-18,0.095,0.07671232876712329
SPY261016C00830000,2026-09-18 18:53:35+00:00,830.0,0.07,0.07,0.08,-0.020000003,-22.222223,20.0,18376.0,0.129891513671875,False,REGULAR,USD,2026-10-16,761.6900024414062,0.039779999256134034,2026-09-18,0.07500000000000001,0.07671232876712329
SPY261016C00835000,2026-09-18 18:02:41+00:00,835.0,0.06,0.06,0.07,-0.010000002,-14.285716,10.0,3413.0,0.13526255371093754,False,REGULAR,USD,2026-10-16,761.6900024414062,0.039779999256134034,2026-09-18,0.065,0.07671232876712329
SPY261016C00840000,2026-09-18 20:02:43+00:00,840.0,0.06,0.05,0.06,-0.010000002,-14.285716,42.0,3068.0,0.14063359375,False,REGULAR,USD,2026-10-16,761.6900024414062,0.039779999256134034,2026-09-18,0.055,0.07671232876712329
SPY261016C00845000,2026-09-18 17:50:27+00:00,845.0,0.03,0.04,0.05,-0.020000001,-40.000004,4.0,1886.0,0.1450280810546875,False,REGULAR,USD,2026-10-16,761.6900024414062,0.039779999256134034,2026-09-18,0.045,0.07671232876712329
SPY261016C00850000,2026-09-18 16:36:48+00:00,850.0,0.04,0.03,0.04,0.0,0.0,6.0,9894.0,0.1489342919921875,False,REGULAR,USD,2026-10-16,761.6900024414062,0.039779999256134034,2026-09-18,0.035,0.07671232876712329
SPY261016C00855000,2026-09-18 14:22:00+00:00,855.0,0.03,0.02,0.03,0.0,0.0,2.0,714.0,0.15137567382812503,False,REGULAR,USD,2026-10-16,761.6900024414062,0.039779999256134034,2026-09-18,0.025,0.07671232876712329
SPY261016C00860000,2026-09-18 16:34:34+00:00,860.0,0.02,0.02,0.03,-0.01,-33.333336,30.0,2031.0,0.15821154296875,False,REGULAR,USD,2026-10-16,761.6900024414062,0.039779999256134034,2026-09-18,0.025,0.07671232876712329
SPY261016C00865000,2026-09-18 17:24:20+00:00,865.0,0.01,0.01,0.02,-0.02,-66.66667,11.0,509.0,0.15821154296875,False,REGULAR,USD,2026-10-16,761.6900024414062,0.039779999256134034,2026-09-18,0.015,0.07671232876712329
SPY261016C00870000,2026-09-18 15:35:44+00:00,870.0,0.02,0.01,0.02,0.0,0.0,2.0,2233.0,0.16602396484375004,False,REGULAR,USD,2026-10-16,761.6900024414062,0.039779999256134034,2026-09-18,0.015,0.07671232876712329
SPY261016C00875000,2026-09-18 16:28:40+00:00,875.0,0.02,0.01,0.02,0.0,0.0,1.0,1434.0,0.17188328125000002,False,REGULAR,USD,2026-10-16,761.6900024414062,0.039779999256134034,2026-09-18,0.015,0.07671232876712329
SPY261016C00880000,2026-09-18 19:57:19+00:00,880.0,0.01,0.01,0.02,-0.01,-50.0,1.0,433.0,0.17774259765625,False,REGULAR,USD,2026-10-16,761.6900024414062,0.039779999256134034,2026-09-18,0.015,0.07671232876712329
SPY261023C00615000,2026-09-11 14:01:19+00:00,615.0,152.53,148.72,152.71,0.0,0.0,,,0.5553633331298828,True,REGULAR,USD,2026-10-23,761.6900024414062,0.039779999256134034,2026-09-18,150.715,0.0958904109589041
SPY261023C00645000,2026-09-18 20:13:49+00:00,645.0,121.1,119.09,123.08,1.9899979,1.6707227,1.0,3.0,0.46924358886718753,True,REGULAR,USD,2026-10-23,761.6900024414062,0.039779999256134034,2026-09-18,121.08500000000001,0.0958904109589041
SPY261023C00650000,2026-09-15 19:03:19+00:00,650.0,109.73,114.13,118.15,0.0,0.0,2.0,2.0,0.4549615051269531,True,REGULAR,USD,2026-10-23,761.6900024414062,0.039779999256134034,2026-09-18,116.14,0.0958904109589041
SPY261023C00655000,2026-09-14 16:28:15+00:00,655.0,109.18,109.35,113.22,0.0,0.0,22.0,23.0,0.44061838684082033,True,REGULAR,USD,2026-10-23,761.6900024414062,0.039779999256134034,2026-09-18,111.285,0.0958904109589041
SPY261023C00670000,2026-09-16 14:07:33+00:00,670.0,92.51,94.61,98.49,0.0,0.0,3.0,8.0,0.39838248107910157,True,REGULAR,USD,2026-10-23,761.6900024414062,0.039779999256134034,2026-09-18,96.55,0.0958904109589041
SPY261023C00675000,2026-09-17 18:45:13+00:00,675.0,89.69,89.59,93.6,0.0,0.0,22.0,27.0,0.38446660461425775,True,REGULAR,USD,2026-10-23,761.6900024414062,0.039779999256134034,2026-09-18,91.595,0.0958904109589041
SPY261023C00680000,2026-09-17 19:29:17+00:00,680.0,84.98,84.7,88.71,0.0,0.0,20.0,26.0,0.3703981417846679,True,REGULAR,USD,2026-10-23,761.6900024414062,0.039779999256134034,2026-09-18,86.705,0.0958904109589041
SPY261023C00685000,2026-09-18 19:50:35+00:00,685.0,80.42,80.2,83.74,0.41999817,0.5249977,2.0,8.0,0.35477329803466784,True,REGULAR,USD,2026-10-23,761.6900024414062,0.039779999256134034,2026-09-18,81.97,0.0958904109589041
SPY261023C00690000,2026-09-17 17:10:57+00:00,690.0,75.13,75.25,78.88,0.0,0.0,1.0,4.0,0.34097949066162114,True,REGULAR,USD,2026-10-23,761.6900024414062,0.039779999256134034,2026-09-18,77.065,0.0958904109589041
SPY261023C00695000,2026-09-17 19:54:32+00:00,695.0,70.98,70.38,74.04,0.0,0.0,2.0,21.0,0.3272772351074219,True,REGULAR,USD,2026-10-23,761.6900024414062,0.039779999256134034,2026-09-18,72.21000000000001,0.0958904109589041
SPY261023C00700000,2026-09-18 18:12:17+00:00,700.0,64.37,65.68,69.23,-1.199997,-1.8301005,15.0,38.0,0.3138496350097656,True,REGULAR,USD,2026-10-23,761.6900024414062,0.039779999256134034,2026-09-18,67.45500000000001,0.0958904109589041
SPY261023C00705000,2026-09-17 14:33:44+00:00,705.0,60.34,60.8,64.44,0.0,0.0,36.0,42.0,0.30039151763916017,True,REGULAR,USD,2026-10-23,761.6900024414062,0.039779999256134034,2026-09-18,62.62,0.0958904109589041
SPY261023C00710000,2026-09-18 16:38:11+00:00,710.0,54.72,56.01,59.68,-1.2799988,-2.285712,7.0,10.0,0.28705546936035153,True,REGULAR,USD,2026-10-23,761.6900024414062,0.039779999256134034,2026-09-18,57.845,0.0958904109589041
SPY261023C00715000,2026-09-18 14:55:46+00:00,715.0,50.99,52.24,54.23,-0.84000015,-1.6206832,10.0,11.0,0.26319096191406255,True,REGULAR,USD,2026-10-23,761.6900024414062,0.039779999256134034,2026-09-18,53.235,0.0958904109589041
SPY261023C00720000,2026-09-18 17:02:40+00:00,720.0,45.12,47.64,49.47,-1.9400024,-4.122402,3.0,93.0,0.2493666372680664,True,REGULAR,USD,2026-10-23,761.6900024414062,0.039779999256134034,2026-09-18,48.555,0.0958904109589041
SPY261023C00721000,2026-09-08 13:51:25+00:00,721.0,52.21,46.73,48.32,0.0,0.0,2.0,7.0,0.24375145904541018,True,REGULAR,USD,2026-10-23,761.6900024414062,0.039779999256134034,2026-09-18,47.525,0.0958904109589041
SPY261023C00722000,2026-09-10 19:02:57+00:00,722.0,43.23,45.83,47.58,0.0,0.0,,1.0,0.24390404541015626,True,REGULAR,USD,2026-10-23,761.6900024414062,0.039779999256134034,2026-09-18,46.705,0.0958904109589041
SPY261023C00723000,2026-09-10 19:58:35+00:00,723.0,42.84,44.92,46.63,0.0,0.0,,1.0,0.24106593902587892,True,REGULAR,USD,2026-10-23,761.6900024414062,0.039779999256134034,2026-09-18,45.775000000000006,0.0958904109589041
SPY261023C00725000,2026-09-18 18:02:16+00:00,725.0,41.26,43.02,44.75,7.039997,20.572754,14.0,80.0,0.2356033471679687,True,REGULAR,USD,2026-10-23,761.6900024414062,0.039779999256134034,2026-09-18,43.885000000000005,0.0958904109589041
SPY261023C00728000,2026-09-16 19:14:41+00:00,728.0,32.06,40.41,42.01,0.0,0.0,50.0,51.0,0.22830971893310548,True,REGULAR,USD,2026-10-23,761.6900024414062,0.039779999256134034,2026-09-18,41.209999999999994,0.0958904109589041
SPY261023C00729000,2026-09-04 16:06:14+00:00,729.0,47.5,38.41,41.09,0.0,0.0,2.0,2.0,0.22571575073242187,True,REGULAR,USD,2026-10-23,761.6900024414062,0.039779999256134034,2026-09-18,39.75,0.0958904109589041
SPY261023C00730000,2026-09-18 17:29:48+00:00,730.0,36.41,38.64,40.16,-0.25999832,-0.7090219,16.0,52.0,0.22296919616699218,True,REGULAR,USD,2026-10-23,761.6900024414062,0.039779999256134034,2026-09-18,39.4,0.0958904109589041
SPY261023C00732000,2026-09-10 20:11:03+00:00,732.0,35.37,36.89,38.3,0.0,0.0,,1.0,0.21738453521728518,True,REGULAR,USD,2026-10-23,761.6900024414062,0.039779999256134034,2026-09-18,37.595,0.0958904109589041
SPY261023C00735000,2026-09-18 17:58:41+00:00,735.0,32.34,34.48,35.58,-1.4900017,-4.4043794,18.0,141.0,0.20963314788818355,True,REGULAR,USD,2026-10-23,761.6900024414062,0.039779999256134034,2026-09-18,35.03,0.0958904109589041
SPY261023C00739000,2026-09-10 15:21:53+00:00,739.0,29.9,30.91,32.01,0.0,0.0,,1.0,0.19948615463256836,True,REGULAR,USD,2026-10-23,761.6900024414062,0.039779999256134034,2026-09-18,31.46,0.0958904109589041
SPY261023C00740000,2026-09-18 19:21:31+00:00,740.0,29.26,30.28,31.08,-0.6499996,-2.1731849,85.0,161.0,0.19638865142822265,True,REGULAR,USD,2026-10-23,761.6900024414062,0.039779999256134034,2026-09-18,30.68,0.0958904109589041
SPY261023C00741000,2026-09-18 14:23:33+00:00,741.0,27.12,27.95,30.7,5.450001,25.14998,4.0,3.0,0.1998218446350098,True,REGULAR,USD,2026-10-23,761.6900024414062,0.039779999256134034,2026-09-18,29.325,0.0958904109589041
SPY261023C00742000,2026-09-18 19:26:06+00:00,742.0,27.44,28.41,29.4,2.3500004,9.366282,228.0,122.0,0.1922077850341797,True,REGULAR,USD,2026-10-23,761.6900024414062,0.039779999256134034,2026-09-18,28.905,0.0958904109589041
SPY261023C00744000,2026-09-14 18:36:21+00:00,744.0,27.43,26.77,27.71,0.0,0.0,1.0,6.0,0.1876912286376953,True,REGULAR,USD,2026-10-23,761.6900024414062,0.039779999256134034,2026-09-18,27.240000000000002,0.0958904109589041
SPY261023C00745000,2026-09-18 20:00:05+00:00,745.0,25.4,26.17,26.83,4.949999,24.205372,17.0,99.0,0.18494467407226559,True,REGULAR,USD,2026-10-23,761.6900024414062,0.039779999256134034,2026-09-18,26.5,0.0958904109589041
SPY261023C00746000,2026-09-18 14:24:26+00:00,746.0,23.0,25.18,25.94,-1.7999992,-7.258062,26.0,25.0,0.18201501586914062,True,REGULAR,USD,2026-10-23,761.6900024414062,0.039779999256134034,2026-09-18,25.560000000000002,0.0958904109589041
SPY261023C00747000,2026-09-17 13:36:40+00:00,747.0,22.95,22.98,25.16,0.0,0.0,1.0,20.0,0.1802907899475098,True,REGULAR,USD,2026-10-23,761.6900024414062,0.039779999256134034,2026-09-18,24.07,0.0958904109589041
SPY261023C00748000,2026-09-18 14:33:06+00:00,748.0,21.39,22.13,24.34,-1.6500015,-7.1614647,48.0,6.0,0.1780477703857422,True,REGULAR,USD,2026-10-23,761.6900024414062,0.039779999256134034,2026-09-18,23.235,0.0958904109589041
SPY261023C00749000,2026-09-18 14:06:40+00:00,749.0,20.61,21.36,23.52,-1.7999992,-8.032125,1.0,3.0,0.17572845764160155,True,REGULAR,USD,2026-10-23,761.6900024414062,0.039779999256134034,2026-09-18,22.439999999999998,0.0958904109589041
SPY261023C00750000,2026-09-18 20:00:10+00:00,750.0,21.45,22.19,22.7,-0.54999924,-2.4999964,63.0,126.0,0.1733481103515625,True,REGULAR,USD,2026-10-23,761.6900024414062,0.039779999256134034,2026-09-18,22.445,0.0958904109589041
SPY261023C00751000,2026-09-18 19:59:30+00:00,751.0,20.38,21.34,21.94,-0.7200012,-3.412328,66.0,169.0,0.17154759124755858,True,REGULAR,USD,2026-10-23,761.6900024414062,0.039779999256134034,2026-09-18,21.64,0.0958904109589041
SPY261023C00752000,2026-09-18 19:21:46+00:00,752.0,19.68,20.55,21.13,-0.52000046,-2.5742595,153.0,289.0,0.16912146804809575,True,REGULAR,USD,2026-10-23,761.6900024414062,0.039779999256134034,2026-09-18,20.84,0.0958904109589041
SPY261023C00753000,2026-09-18 13:57:09+00:00,753.0,18.17,19.8,20.35,-0.94000053,-4.9188933,1.0,76.0,0.1669394830322266,True,REGULAR,USD,2026-10-23,761.6900024414062,0.039779999256134034,2026-09-18,20.075000000000003,0.0958904109589041
SPY261023C00754000,2026-09-18 19:25:46+00:00,754.0,18.11,19.08,19.6,-0.45999908,-2.4771087,183.0,136.0,0.1650168948364258,True,REGULAR,USD,2026-10-23,761.6900024414062,0.039779999256134034,2026-09-18,19.34,0.0958904109589041
SPY261023C00755000,2026-09-18 20:00:49+00:00,755.0,18.0,18.37,18.79,0.10000038,0.55866134,134.0,117.0,0.16234663345336914,True,REGULAR,USD,2026-10-23,761.6900024414062,0.039779999256134034,2026-09-18,18.58,0.0958904109589041
SPY261023C00756000,2026-09-18 17:31:29+00:00,756.0,15.78,17.61,18.1,-1.1999998,-7.0671372,7.0,33.0,0.16088180435180666,True,REGULAR,USD,2026-10-23,761.6900024414062,0.039779999256134034,2026-09-18,17.855,0.0958904109589041
SPY261023C00757000,2026-09-18 19:25:39+00:00,757.0,15.98,16.9,17.36,-0.48999977,-2.975105,181.0,190.0,0.1587913711547852,True,REGULAR,USD,2026-10-23,761.6900024414062,0.039779999256134034,2026-09-18,17.13,0.0958904109589041
SPY261023C00758000,2026-09-18 19:42:27+00:00,758.0,15.4,16.2,16.64,-0.35000038,-2.2222247,466.0,315.0,0.15680774841308598,True,REGULAR,USD,2026-10-23,761.6900024414062,0.039779999256134034,2026-09-18,16.42,0.0958904109589041
SPY261023C00759000,2026-09-18 19:23:29+00:00,759.0,14.67,15.5,15.94,-0.72000027,-4.6783643,179.0,356.0,0.154930936126709,True,REGULAR,USD,2026-10-23,761.6900024414062,0.039779999256134034,2026-09-18,15.719999999999999,0.0958904109589041
SPY261023C00760000,2026-09-18 20:11:17+00:00,760.0,15.1,14.93,15.22,0.6700001,4.643105,765.0,829.0,0.15274895111083986,True,REGULAR,USD,2026-10-23,761.6900024414062,0.039779999256134034,2026-09-18,15.075,0.0958904109589041
SPY261023C00761000,2026-09-18 20:11:45+00:00,761.0,14.51,14.18,14.53,0.35000038,2.471754,106.0,402.0,0.15076532836914067,True,REGULAR,USD,2026-10-23,761.6900024414062,0.039779999256134034,2026-09-18,14.355,0.0958904109589041
SPY261023C00762000,2026-09-18 20:09:33+00:00,762.0,13.47,13.52,13.9,0.42000008,3.2183914,358.0,184.0,0.14930049926757813,False,REGULAR,USD,2026-10-23,761.6900024414062,0.039779999256134034,2026-09-18,13.71,0.0958904109589041
SPY261023C00763000,2026-09-18 20:14:56+00:00,763.0,13.1,12.9,13.26,0.6000004,4.800003,338.0,382.0,0.1476220492553711,False,REGULAR,USD,2026-10-23,761.6900024414062,0.039779999256134034,2026-09-18,13.08,0.0958904109589041
SPY261023C00764000,2026-09-18 19:31:45+00:00,764.0,11.71,12.39,12.49,-0.59000015,-4.796749,76.0,309.0,0.1444329942321777,False,REGULAR,USD,2026-10-23,761.6900024414062,0.039779999256134034,2026-09-18,12.440000000000001,0.0958904109589041
SPY261023C00765000,2026-09-18 20:10:17+00:00,765.0,11.75,11.79,11.88,0.47999954,4.259091,577.0,1435.0,0.14281557876586914,False,REGULAR,USD,2026-10-23,761.6900024414062,0.039779999256134034,2026-09-18,11.835,0.0958904109589041
SPY261023C00766000,2026-09-18 19:32:08+00:00,766.0,10.2,11.2,11.29,-0.53999996,-5.0279326,94.0,495.0,0.1412897151184082,False,REGULAR,USD,2026-10-23,761.6900024414062,0.039779999256134034,2026-09-18,11.245,0.0958904109589041
SPY261023C00767000,2026-09-18 20:00:08+00:00,767.0,10.1,10.62,10.71,-0.10999966,-1.0773717,145.0,80.0,0.13971807556152344,False,REGULAR,USD,2026-10-23,761.6900024414062,0.039779999256134034,2026-09-18,10.665,0.0958904109589041
SPY261023C00768000,2026-09-18 19:24:34+00:00,768.0,9.24,10.05,10.13,-0.5300007,-5.4247766,60.0,1925.0,0.1380091082763672,False,REGULAR,USD,2026-10-23,761.6900024414062,0.039779999256134034,2026-09-18,10.09,0.0958904109589041
SPY261023C00769000,2026-09-18 20:08:49+00:00,769.0,9.41,9.49,9.59,0.13000011,1.4008633,183.0,201.0,0.13660531372070314,False,REGULAR,USD,2026-10-23,761.6900024414062,0.039779999256134034,2026-09-18,9.54,0.0958904109589041
SPY261023C00770000,2026-09-18 20:06:09+00:00,770.0,8.9,8.97,9.06,0.3399992,3.9719532,166.0,1957.0,0.13514048461914066,False,REGULAR,USD,2026-10-23,761.6900024414062,0.039779999256134034,2026-09-18,9.015,0.0958904109589041
SPY261023C00771000,2026-09-18 19:23:04+00:00,771.0,7.75,8.46,8.55,-0.5500002,-6.626508,23.0,175.0,0.13375194869995116,False,REGULAR,USD,2026-10-23,761.6900024414062,0.039779999256134034,2026-09-18,8.505,0.0958904109589041
SPY261023C00772000,2026-09-18 20:02:40+00:00,772.0,7.82,7.96,8.04,0.24000025,3.1662302,195.0,389.0,0.13221082641601564,False,REGULAR,USD,2026-10-23,761.6900024414062,0.039779999256134034,2026-09-18,8.0,0.0958904109589041
SPY261023C00773000,2026-09-18 19:19:25+00:00,773.0,6.8,7.49,7.57,-0.5999999,-8.108107,15.0,215.0,0.13092910095214844,False,REGULAR,USD,2026-10-23,761.6900024414062,0.039779999256134034,2026-09-18,7.53,0.0958904109589041
SPY261023C00774000,2026-09-18 19:49:50+00:00,774.0,6.58,7.03,7.11,-0.4300003,-6.1340985,89.0,206.0,0.12961685821533203,False,REGULAR,USD,2026-10-23,761.6900024414062,0.039779999256134034,2026-09-18,7.07,0.0958904109589041
SPY261023C00775000,2026-09-18 20:11:17+00:00,775.0,6.67,6.59,6.66,-0.009999752,-0.14969689,215.0,460.0,0.12824358093261717,False,REGULAR,USD,2026-10-23,761.6900024414062,0.039779999256134034,2026-09-18,6.625,0.0958904109589041
SPY261023C00776000,2026-09-18 20:14:53+00:00,776.0,6.21,6.16,6.24,0.19999981,3.3277838,31.0,192.0,0.12705340728759767,False,REGULAR,USD,2026-10-23,761.6900024414062,0.039779999256134034,2026-09-18,6.2,0.0958904109589041
SPY261023C00777000,2026-09-18 20:01:16+00:00,777.0,5.56,5.76,5.83,-0.21000004,-3.6395154,45.0,336.0,0.1258021990966797,False,REGULAR,USD,2026-10-23,761.6900024414062,0.039779999256134034,2026-09-18,5.795,0.0958904109589041
SPY261023C00778000,2026-09-18 19:58:12+00:00,778.0,4.99,5.37,5.45,-0.39000034,-7.249077,43.0,235.0,0.12473409454345702,False,REGULAR,USD,2026-10-23,761.6900024414062,0.039779999256134034,2026-09-18,5.41,0.0958904109589041
SPY261023C00779000,2026-09-18 20:14:53+00:00,779.0,5.05,5.0,5.08,0.14000034,2.851331,181.0,243.0,0.12360495544433595,False,REGULAR,USD,2026-10-23,761.6900024414062,0.039779999256134034,2026-09-18,5.04,0.0958904109589041
SPY261023C00780000,2026-09-18 20:11:36+00:00,780.0,4.7,4.66,4.73,0.1699996,3.7527504,107.0,523.0,0.1225368508911133,False,REGULAR,USD,2026-10-23,761.6900024414062,0.039779999256134034,2026-09-18,4.695,0.0958904109589041
SPY261023C00781000,2026-09-18 20:02:08+00:00,781.0,4.22,4.33,4.4,-0.26999998,-6.013363,36.0,111.0,0.12156029815673827,False,REGULAR,USD,2026-10-23,761.6900024414062,0.039779999256134034,2026-09-18,4.365,0.0958904109589041
SPY261023C00782000,2026-09-18 19:30:41+00:00,782.0,3.51,4.02,4.09,-0.51,-12.686567,163.0,309.0,0.12064477996826173,False,REGULAR,USD,2026-10-23,761.6900024414062,0.039779999256134034,2026-09-18,4.055,0.0958904109589041
SPY261023C00783000,2026-09-18 18:46:08+00:00,783.0,3.26,3.72,3.79,-0.46000004,-12.365592,17.0,345.0,0.1196682272338867,False,REGULAR,USD,2026-10-23,761.6900024414062,0.039779999256134034,2026-09-18,3.755,0.0958904109589041
SPY261023C00784000,2026-09-18 19:46:21+00:00,784.0,3.16,3.46,3.5,-0.3499999,-9.971508,179.0,331.0,0.11863063995361328,False,REGULAR,USD,2026-10-23,761.6900024414062,0.039779999256134034,2026-09-18,3.48,0.0958904109589041
SPY261023C00785000,2026-09-18 20:12:57+00:00,785.0,3.26,3.2,3.24,0.12999988,4.1533504,116.0,653.0,0.11783719085693359,False,REGULAR,USD,2026-10-23,761.6900024414062,0.039779999256134034,2026-09-18,3.22,0.0958904109589041
SPY261023C00786000,2026-09-18 19:35:19+00:00,786.0,2.71,2.96,3.0,-0.27999997,-9.364547,7.0,345.0,0.11716581085205077,False,REGULAR,USD,2026-10-23,761.6900024414062,0.039779999256134034,2026-09-18,2.98,0.0958904109589041
SPY261023C00787000,2026-09-18 18:43:52+00:00,787.0,2.27,2.73,2.77,-0.53,-18.92857,3.0,267.0,0.11643339630126953,False,REGULAR,USD,2026-10-23,761.6900024414062,0.039779999256134034,2026-09-18,2.75,0.0958904109589041
SPY261023C00788000,2026-09-18 20:01:14+00:00,788.0,2.4,2.52,2.55,-0.19999981,-7.692301,237.0,198.0,0.11567046447753906,False,REGULAR,USD,2026-10-23,761.6900024414062,0.039779999256134034,2026-09-18,2.535,0.0958904109589041
SPY261023C00789000,2026-09-18 18:41:16+00:00,789.0,1.9,2.32,2.36,-0.42999995,-18.454935,608.0,120.0,0.11518218811035157,False,REGULAR,USD,2026-10-23,761.6900024414062,0.039779999256134034,2026-09-18,2.34,0.0958904109589041
SPY261023C00790000,2026-09-18 19:57:36+00:00,790.0,1.97,2.14,2.17,-0.25,-11.261261,655.0,809.0,0.11454132537841799,False,REGULAR,USD,2026-10-23,761.6900024414062,0.039779999256134034,2026-09-18,2.1550000000000002,0.0958904109589041
SPY261023C00791000,2026-09-18 20:02:08+00:00,791.0,1.9,1.97,2.0,-0.13,-6.403941,272.0,386.0,0.11405304901123048,False,REGULAR,USD,2026-10-23,761.6900024414062,0.039779999256134034,2026-09-18,1.9849999999999999,0.0958904109589041
SPY261023C00792000,2026-09-18 19:06:24+00:00,792.0,1.61,1.81,1.84,-0.16999996,-9.55056,39.0,297.0,0.11356477264404297,False,REGULAR,USD,2026-10-23,761.6900024414062,0.039779999256134034,2026-09-18,1.8250000000000002,0.0958904109589041
SPY261023C00793000,2026-09-18 20:01:16+00:00,793.0,1.57,1.66,1.69,-0.14999998,-8.720929,128.0,260.0,0.1131070135498047,False,REGULAR,USD,2026-10-23,761.6900024414062,0.039779999256134034,2026-09-18,1.6749999999999998,0.0958904109589041
SPY261023C00794000,2026-09-18 19:52:38+00:00,794.0,1.4,1.53,1.56,-0.17000008,-10.82803,452.0,429.0,0.11283235809326173,False,REGULAR,USD,2026-10-23,761.6900024414062,0.039779999256134034,2026-09-18,1.545,0.0958904109589041
SPY261023C00795000,2026-09-18 20:10:19+00:00,795.0,1.37,1.4,1.43,-0.100000024,-6.8027225,454.0,1083.0,0.11240511627197264,False,REGULAR,USD,2026-10-23,761.6900024414062,0.039779999256134034,2026-09-18,1.415,0.0958904109589041
SPY261023C00796000,2026-09-18 19:34:33+00:00,796.0,1.08,1.29,1.32,-0.27999997,-20.588232,107.0,206.0,0.11225252990722655,False,REGULAR,USD,2026-10-23,761.6900024414062,0.039779999256134034,2026-09-18,1.3050000000000002,0.0958904109589041
SPY261023C00797000,2026-09-18 19:16:07+00:00,797.0,1.02,1.18,1.21,-0.24000001,-19.047619,177.0,505.0,0.11188632263183593,False,REGULAR,USD,2026-10-23,761.6900024414062,0.039779999256134034,2026-09-18,1.1949999999999998,0.0958904109589041
SPY261023C00798000,2026-09-18 20:01:16+00:00,798.0,1.02,1.09,1.11,-0.100000024,-8.928573,164.0,740.0,0.11164218444824218,False,REGULAR,USD,2026-10-23,761.6900024414062,0.039779999256134034,2026-09-18,1.1,0.0958904109589041
SPY261023C00799000,2026-09-18 19:36:40+00:00,799.0,0.83,1.0,1.02,-0.24000007,-22.429913,300.0,555.0,0.11145908081054687,False,REGULAR,USD,2026-10-23,761.6900024414062,0.039779999256134034,2026-09-18,1.01,0.0958904109589041
SPY261023C00800000,2026-09-18 20:11:28+00:00,800.0,0.93,0.91,0.94,0.0,0.0,425.0,2509.0,0.11139804626464843,False,REGULAR,USD,2026-10-23,761.6900024414062,0.039779999256134034,2026-09-18,0.925,0.0958904109589041
SPY261023C00801000,2026-09-18 17:43:49+00:00,801.0,0.76,0.84,0.86,-0.100000024,-11.627909,277.0,581.0,0.11115390808105467,False,REGULAR,USD,2026-10-23,761.6900024414062,0.039779999256134034,2026-09-18,0.85,0.0958904109589041
SPY261023C00802000,2026-09-18 19:05:33+00:00,802.0,0.66,0.77,0.79,-0.16999996,-20.481924,19.0,402.0,0.11109287353515623,False,REGULAR,USD,2026-10-23,761.6900024414062,0.039779999256134034,2026-09-18,0.78,0.0958904109589041
SPY261023C00803000,2026-09-18 20:01:16+00:00,803.0,0.67,0.71,0.73,-0.03999996,-5.6337976,240.0,99.0,0.11115390808105467,False,REGULAR,USD,2026-10-23,761.6900024414062,0.039779999256134034,2026-09-18,0.72,0.0958904109589041
SPY261023C00804000,2026-09-18 18:50:38+00:00,804.0,0.57,0.65,0.67,-0.07999998,-12.30769,146.0,403.0,0.11109287353515623,False,REGULAR,USD,2026-10-23,761.6900024414062,0.039779999256134034,2026-09-18,0.66,0.0958904109589041
SPY261023C00805000,2026-09-18 19:59:25+00:00,805.0,0.54,0.6,0.62,-0.07999998,-12.903223,542.0,477.0,0.11127597717285155,False,REGULAR,USD,2026-10-23,761.6900024414062,0.039779999256134034,2026-09-18,0.61,0.0958904109589041
SPY261023C00806000,2026-09-17 19:58:06+00:00,806.0,0.6,0.55,0.57,0.0,0.0,237.0,570.0,0.11127597717285155,False,REGULAR,USD,2026-10-23,761.6900024414062,0.039779999256134034,2026-09-18,0.56,0.0958904109589041
SPY261023C00807000,2026-09-18 19:05:33+00:00,807.0,0.44,0.51,0.53,-0.110000014,-20.000004,17.0,271.0,0.11158114990234375,False,REGULAR,USD,2026-10-23,761.6900024414062,0.039779999256134034,2026-09-18,0.52,0.0958904109589041
SPY261023C00808000,2026-09-18 20:01:16+00:00,808.0,0.46,0.47,0.49,-0.030000001,-6.122449,77.0,245.0,0.11176425354003905,False,REGULAR,USD,2026-10-23,761.6900024414062,0.039779999256134034,2026-09-18,0.48,0.0958904109589041
SPY261023C00809000,2026-09-18 18:27:45+00:00,809.0,0.35,0.44,0.45,-0.099999994,-22.222221,29.0,188.0,0.11182528808593749,False,REGULAR,USD,2026-10-23,761.6900024414062,0.039779999256134034,2026-09-18,0.445,0.0958904109589041
SPY261023C00810000,2026-09-18 19:55:07+00:00,810.0,0.36,0.41,0.42,-0.07999998,-18.181814,36.0,356.0,0.11219149536132811,False,REGULAR,USD,2026-10-23,761.6900024414062,0.039779999256134034,2026-09-18,0.415,0.0958904109589041
SPY261023C00811000,2026-09-18 19:06:03+00:00,811.0,0.32,0.38,0.39,-0.08000001,-20.000002,2.0,174.0,0.11243563354492186,False,REGULAR,USD,2026-10-23,761.6900024414062,0.039779999256134034,2026-09-18,0.385,0.0958904109589041
SPY261023C00812000,2026-09-18 14:53:42+00:00,812.0,0.3,0.35,0.37,-0.049999982,-14.285709,95.0,499.0,0.11316804809570313,False,REGULAR,USD,2026-10-23,761.6900024414062,0.039779999256134034,2026-09-18,0.36,0.0958904109589041
SPY261023C00813000,2026-09-18 19:53:05+00:00,813.0,0.28,0.32,0.34,-0.050000012,-15.151518,2.0,371.0,0.1132901171875,False,REGULAR,USD,2026-10-23,761.6900024414062,0.039779999256134034,2026-09-18,0.33,0.0958904109589041
SPY261023C00814000,2026-09-17 17:47:21+00:00,814.0,0.31,0.3,0.32,0.0,0.0,540.0,289.0,0.11390046264648437,False,REGULAR,USD,2026-10-23,761.6900024414062,0.039779999256134034,2026-09-18,0.31,0.0958904109589041
SPY261023C00815000,2026-09-18 20:10:19+00:00,815.0,0.28,0.28,0.3,-0.02000001,-6.6666694,16.0,367.0,0.11426666992187501,False,REGULAR,USD,2026-10-23,761.6900024414062,0.039779999256134034,2026-09-18,0.29000000000000004,0.0958904109589041
SPY261023C00816000,2026-09-18 15:55:51+00:00,816.0,0.21,0.26,0.28,-0.08,-27.586208,6.0,113.0,0.1147549462890625,False,REGULAR,USD,2026-10-23,761.6900024414062,0.039779999256134034,2026-09-18,0.27,0.0958904109589041
SPY261023C00817000,2026-09-17 20:14:41+00:00,817.0,0.27,0.25,0.26,0.0,0.0,10.0,59.0,0.11499908447265625,False,REGULAR,USD,2026-10-23,761.6900024414062,0.039779999256134034,2026-09-18,0.255,0.0958904109589041
SPY261023C00818000,2026-09-18 14:17:28+00:00,818.0,0.2,0.23,0.24,-0.03999999,-16.666662,41.0,52.0,0.11524322265625,False,REGULAR,USD,2026-10-23,761.6900024414062,0.039779999256134034,2026-09-18,0.235,0.0958904109589041
SPY261023C00819000,2026-09-18 18:27:45+00:00,819.0,0.17,0.22,0.23,-0.060000002,-26.086956,2.0,35.0,0.11609770629882812,False,REGULAR,USD,2026-10-23,761.6900024414062,0.039779999256134034,2026-09-18,0.225,0.0958904109589041
SPY261023C00820000,2026-09-18 19:55:07+00:00,820.0,0.19,0.2,0.22,-0.030000001,-13.636364,25.0,174.0,0.11695218994140624,False,REGULAR,USD,2026-10-23,761.6900024414062,0.039779999256134034,2026-09-18,0.21000000000000002,0.0958904109589041
SPY261023C00821000,2026-09-17 18:51:16+00:00,821.0,0.21,0.19,0.2,0.0,0.0,430.0,207.0,0.11683012084960936,False,REGULAR,USD,2026-10-23,761.6900024414062,0.039779999256134034,2026-09-18,0.195,0.0958904109589041
SPY261023C00822000,2026-09-17 14:19:18+00:00,822.0,0.2,0.18,0.19,0.0,0.0,344.0,170.0,0.11756253540039063,False,REGULAR,USD,2026-10-23,761.6900024414062,0.039779999256134034,2026-09-18,0.185,0.0958904109589041
SPY261023C00823000,2026-09-16 13:30:23+00:00,823.0,0.18,0.17,0.18,0.0,0.0,2.0,10.0,0.118172880859375,False,REGULAR,USD,2026-10-23,761.6900024414062,0.039779999256134034,2026-09-18,0.175,0.0958904109589041
SPY261023C00824000,2026-09-16 16:33:50+00:00,824.0,0.17,0.16,0.17,0.0,0.0,6.0,14.0,0.11878322631835936,False,REGULAR,USD,2026-10-23,761.6900024414062,0.039779999256134034,2026-09-18,0.165,0.0958904109589041
SPY261023C00825000,2026-09-18 14:03:31+00:00,825.0,0.14,0.15,0.16,-0.019999996,-12.499997,1.0,1236.0,0.11939357177734375,False,REGULAR,USD,2026-10-23,761.6900024414062,0.039779999256134034,2026-09-18,0.155,0.0958904109589041
SPY261023C00830000,2026-09-18 16:36:56+00:00,830.0,0.1,0.12,0.13,-0.04,-28.571428,2.0,1459.0,0.1235439208984375,False,REGULAR,USD,2026-10-23,761.6900024414062,0.039779999256134034,2026-09-18,0.125,0.0958904109589041
SPY261023C00835000,2026-09-18 13:54:57+00:00,835.0,0.1,0.09,0.11,-0.009999998,-9.090907,1.0,413.0,0.127938408203125,False,REGULAR,USD,2026-10-23,761.6900024414062,0.039779999256134034,2026-09-18,0.1,0.0958904109589041
SPY261023C00840000,2026-09-14 18:15:17+00:00,840.0,0.09,0.08,0.09,0.0,0.0,2.0,62.0,0.131844619140625,False,REGULAR,USD,2026-10-23,761.6900024414062,0.039779999256134034,2026-09-18,0.08499999999999999,0.0958904109589041
SPY261023C00845000,2026-09-16 14:07:06+00:00,845.0,0.07,0.06,0.07,0.0,0.0,18.0,31.0,0.13477427734375003,False,REGULAR,USD,2026-10-23,761.6900024414062,0.039779999256134034,2026-09-18,0.065,0.0958904109589041
SPY261023C00850000,2026-09-18 13:32:28+00:00,850.0,0.07,0.05,0.06,0.010000002,16.66667,25.0,182.0,0.13916876464843753,False,REGULAR,USD,2026-10-23,761.6900024414062,0.039779999256134034,2026-09-18,0.055,0.0958904109589041
SPY261023C00855000,2026-09-18 17:33:40+00:00,855.0,0.04,0.04,0.05,-0.010000002,-20.000002,60.0,13.0,0.14258669921875,False,REGULAR,USD,2026-10-23,761.6900024414062,0.039779999256134034,2026-09-18,0.045,0.0958904109589041
SPY261023C00860000,2026-09-18 13:55:41+00:00,860.0,0.04,0.03,0.04,0.0,0.0,39.0,98.0,0.145516357421875,False,REGULAR,USD,2026-10-23,761.6900024414062,0.039779999256134034,2026-09-18,0.035,0.0958904109589041
SPY261023C00865000,2026-09-17 20:00:49+00:00,865.0,0.04,0.02,0.04,0.0,0.0,48.0,73.0,0.1518639501953125,False,REGULAR,USD,2026-10-23,761.6900024414062,0.039779999256134034,2026-09-18,0.03,0.0958904109589041
SPY261023C00870000,2026-09-17 14:58:32+00:00,870.0,0.03,0.02,0.03,0.0,0.0,24.0,149.0,0.15332877929687502,False,REGULAR,USD,2026-10-23,761.6900024414062,0.039779999256134034,2026-09-18,0.025,0.0958904109589041
SPY261023C00875000,2026-09-11 19:48:16+00:00,875.0,0.04,0.01,0.03,0.0,0.0,120.0,199.0,0.159188095703125,False,REGULAR,USD,2026-10-23,761.6900024414062,0.039779999256134034,2026-09-18,0.02,0.0958904109589041
SPY261023C00880000,2026-09-11 20:14:57+00:00,880.0,0.03,0.01,0.02,0.0,0.0,24.0,116.0,0.159188095703125,False,REGULAR,USD,2026-10-23,761.6900024414062,0.039779999256134034,2026-09-18,0.015,0.0958904109589041
SPY261023C00890000,2026-09-16 13:30:04+00:00,890.0,0.02,0.01,0.02,0.0,0.0,1.0,25.0,0.16993017578125003,False,REGULAR,USD,2026-10-23,761.6900024414062,0.039779999256134034,2026-09-18,0.015,0.0958904109589041
SPY261030C00610000,2026-09-17 19:52:32+00:00,610.0,154.97,154.56,158.29,0.0,0.0,8.0,29.0,0.5350693466186524,True,REGULAR,USD,2026-10-30,761.6900024414062,0.039779999256134034,2026-09-18,156.425,0.11506849315068493
SPY261030C00615000,2026-09-16 13:57:48+00:00,615.0,147.32,149.5,153.34,0.0,0.0,1.0,4.0,0.5214281256103515,True,REGULAR,USD,2026-10-30,761.6900024414062,0.039779999256134034,2026-09-18,151.42000000000002,0.11506849315068493
SPY261030C00620000,2026-09-17 17:21:44+00:00,620.0,144.38,144.56,148.46,0.0,0.0,1.0,25.0,0.5093432855224609,True,REGULAR,USD,2026-10-30,761.6900024414062,0.039779999256134034,2026-09-18,146.51,0.11506849315068493
SPY261030C00625000,2026-07-15 13:53:22+00:00,625.0,138.49,141.99,145.22,0.0,0.0,2.0,0.0,0.5307053765869141,True,REGULAR,USD,2026-10-30,761.6900024414062,0.039779999256134034,2026-09-18,143.60500000000002,0.11506849315068493
SPY261030C00630000,2026-09-17 17:12:46+00:00,630.0,134.59,134.65,138.57,0.0,0.0,22.0,33.0,0.4821829125976563,True,REGULAR,USD,2026-10-30,761.6900024414062,0.039779999256134034,2026-09-18,136.61,0.11506849315068493
SPY261030C00635000,2026-09-17 17:14:07+00:00,635.0,129.69,129.9,133.63,0.0,0.0,24.0,156.0,0.46869427795410157,True,REGULAR,USD,2026-10-30,761.6900024414062,0.039779999256134034,2026-09-18,131.765,0.11506849315068493
SPY261030C00640000,2026-09-17 17:14:58+00:00,640.0,124.82,124.81,128.75,0.0,0.0,24.0,110.0,0.45642633422851564,True,REGULAR,USD,2026-10-30,761.6900024414062,0.039779999256134034,2026-09-18,126.78,0.11506849315068493
SPY261030C00641000,2026-09-16 14:05:29+00:00,641.0,121.67,124.0,127.73,0.0,0.0,4.0,3239.0,0.4530694342041016,True,REGULAR,USD,2026-10-30,761.6900024414062,0.039779999256134034,2026-09-18,125.86500000000001,0.11506849315068493
SPY261030C00642000,2026-09-15 13:53:01+00:00,642.0,120.47,122.9,126.75,0.0,0.0,2.0,53.0,0.45050598327636715,True,REGULAR,USD,2026-10-30,761.6900024414062,0.039779999256134034,2026-09-18,124.825,0.11506849315068493
SPY261030C00645000,2026-09-17 17:14:25+00:00,645.0,119.67,120.07,123.8,0.0,0.0,2.0,21.0,0.44266304412841795,True,REGULAR,USD,2026-10-30,761.6900024414062,0.039779999256134034,2026-09-18,121.935,0.11506849315068493
SPY261030C00646000,2026-09-16 15:27:28+00:00,646.0,117.68,118.91,122.86,0.0,0.0,8.0,7.0,0.44089304229736326,True,REGULAR,USD,2026-10-30,761.6900024414062,0.039779999256134034,2026-09-18,120.88499999999999,0.11506849315068493
SPY261030C00648000,2026-09-10 15:36:26+00:00,648.0,114.96,117.0,120.91,0.0,0.0,,1.0,0.4359492440795898,True,REGULAR,USD,2026-10-30,761.6900024414062,0.039779999256134034,2026-09-18,118.955,0.11506849315068493
SPY261030C00649000,2026-08-04 14:38:21+00:00,649.0,124.55,122.68,125.95,0.0,0.0,1.0,0.0,0.5098315618896485,True,REGULAR,USD,2026-10-30,761.6900024414062,0.039779999256134034,2026-09-18,124.315,0.11506849315068493
SPY261030C00650000,2026-09-16 17:57:00+00:00,650.0,112.87,115.04,118.93,0.0,0.0,17.0,86.0,0.4304256176757813,True,REGULAR,USD,2026-10-30,761.6900024414062,0.039779999256134034,2026-09-18,116.98500000000001,0.11506849315068493
SPY261030C00654000,2026-08-06 16:01:13+00:00,654.0,121.7,111.08,113.9,0.0,0.0,,4.0,0.39880972290039063,True,REGULAR,USD,2026-10-30,761.6900024414062,0.039779999256134034,2026-09-18,112.49000000000001,0.11506849315068493
SPY261030C00655000,2026-09-18 19:42:23+00:00,655.0,110.32,110.1,114.05,0.13999939,0.12706424,13.0,67.0,0.4178830184936523,True,REGULAR,USD,2026-10-30,761.6900024414062,0.039779999256134034,2026-09-18,112.07499999999999,0.11506849315068493
SPY261030C00656000,2026-09-17 14:25:27+00:00,656.0,108.53,109.12,113.05,0.0,0.0,23.0,176.0,0.4149228430175781,True,REGULAR,USD,2026-10-30,761.6900024414062,0.039779999256134034,2026-09-18,111.08500000000001,0.11506849315068493
SPY261030C00658000,2026-09-10 14:24:40+00:00,658.0,106.05,107.2,111.15,0.0,0.0,1.0,1.0,0.41083352844238286,True,REGULAR,USD,2026-10-30,761.6900024414062,0.039779999256134034,2026-09-18,109.17500000000001,0.11506849315068493
SPY261030C00660000,2026-09-10 14:41:13+00:00,660.0,103.55,105.21,109.19,0.0,0.0,1.0,74.0,0.4055845574951171,True,REGULAR,USD,2026-10-30,761.6900024414062,0.039779999256134034,2026-09-18,107.19999999999999,0.11506849315068493
SPY261030C00661000,2026-09-09 14:18:26+00:00,661.0,105.9,104.23,108.21,0.0,0.0,25.0,7.0,0.40299058929443365,True,REGULAR,USD,2026-10-30,761.6900024414062,0.039779999256134034,2026-09-18,106.22,0.11506849315068493
SPY261030C00662000,2026-05-13 15:28:25+00:00,662.0,99.34,104.82,106.83,0.0,0.0,6.0,7.0,0.3931945446777344,True,REGULAR,USD,2026-10-30,761.6900024414062,0.039779999256134034,2026-09-18,105.82499999999999,0.11506849315068493
SPY261030C00663000,2026-09-08 16:48:52+00:00,663.0,108.05,102.31,106.3,0.0,0.0,,1.0,0.3986266192626954,True,REGULAR,USD,2026-10-30,761.6900024414062,0.039779999256134034,2026-09-18,104.305,0.11506849315068493
SPY261030C00664000,2026-08-20 16:39:03+00:00,664.0,108.77,101.3,105.29,0.0,0.0,1.0,1.0,0.39548334014892583,True,REGULAR,USD,2026-10-30,761.6900024414062,0.039779999256134034,2026-09-18,103.295,0.11506849315068493
SPY261030C00665000,2026-09-18 16:19:02+00:00,665.0,98.67,100.36,104.32,0.83999634,0.8586286,1.0,16.0,0.39301144104003904,True,REGULAR,USD,2026-10-30,761.6900024414062,0.039779999256134034,2026-09-18,102.34,0.11506849315068493
SPY261030C00666000,2026-06-12 16:13:16+00:00,666.0,93.89,99.26,102.74,0.0,0.0,1.0,2.0,0.3797974618530273,True,REGULAR,USD,2026-10-30,761.6900024414062,0.039779999256134034,2026-09-18,101.0,0.11506849315068493
SPY261030C00668000,2026-09-16 14:15:07+00:00,668.0,95.08,97.43,101.4,0.0,0.0,2.0,4.0,0.38544315734863277,True,REGULAR,USD,2026-10-30,761.6900024414062,0.039779999256134034,2026-09-18,99.415,0.11506849315068493
SPY261030C00669000,2026-09-10 14:05:27+00:00,669.0,93.12,96.46,100.39,0.0,0.0,1.0,2.0,0.3822998782348632,True,REGULAR,USD,2026-10-30,761.6900024414062,0.039779999256134034,2026-09-18,98.425,0.11506849315068493
SPY261030C00670000,2026-09-18 19:40:23+00:00,670.0,95.68,95.6,99.47,-0.48999786,-0.5095122,1.0,30.0,0.38065194549560544,True,REGULAR,USD,2026-10-30,761.6900024414062,0.039779999256134034,2026-09-18,97.535,0.11506849315068493
SPY261030C00671000,2026-09-14 14:59:57+00:00,671.0,91.73,94.51,98.37,0.0,0.0,2.0,0.0,0.375982802734375,True,REGULAR,USD,2026-10-30,761.6900024414062,0.039779999256134034,2026-09-18,96.44,0.11506849315068493
SPY261030C00672000,2026-08-11 15:10:47+00:00,672.0,108.72,93.77,97.4,0.0,0.0,1.0,4.0,0.373480386352539,True,REGULAR,USD,2026-10-30,761.6900024414062,0.039779999256134034,2026-09-18,95.58500000000001,0.11506849315068493
SPY261030C00673000,2026-09-17 13:30:28+00:00,673.0,93.0,92.77,96.43,0.0,0.0,1.0,29.0,0.3710084872436523,True,REGULAR,USD,2026-10-30,761.6900024414062,0.039779999256134034,2026-09-18,94.6,0.11506849315068493
SPY261030C00674000,2026-09-15 17:39:58+00:00,674.0,87.35,91.92,95.46,0.0,0.0,15.0,16.0,0.3685060708618164,True,REGULAR,USD,2026-10-30,761.6900024414062,0.039779999256134034,2026-09-18,93.69,0.11506849315068493
SPY261030C00675000,2026-09-15 17:44:07+00:00,675.0,86.24,90.94,94.49,0.0,0.0,1.0,5.0,0.3660036544799804,True,REGULAR,USD,2026-10-30,761.6900024414062,0.039779999256134034,2026-09-18,92.715,0.11506849315068493
SPY261030C00677000,2026-09-11 13:38:50+00:00,677.0,92.26,89.0,92.55,0.0,0.0,1.0,2.0,0.36096830444335937,True,REGULAR,USD,2026-10-30,761.6900024414062,0.039779999256134034,2026-09-18,90.775,0.11506849315068493
SPY261030C00678000,2026-08-31 18:14:33+00:00,678.0,94.03,87.91,91.58,0.0,0.0,2.0,2.0,0.35846588806152346,True,REGULAR,USD,2026-10-30,761.6900024414062,0.039779999256134034,2026-09-18,89.745,0.11506849315068493
SPY261030C00679000,2026-08-31 14:17:44+00:00,679.0,92.51,86.94,90.61,0.0,0.0,1.0,3.0,0.3559329544067382,True,REGULAR,USD,2026-10-30,761.6900024414062,0.039779999256134034,2026-09-18,88.775,0.11506849315068493
SPY261030C00680000,2026-09-18 15:34:58+00:00,680.0,84.4,86.09,89.64,-1.6500015,-1.9174916,9.0,116.0,0.3534000207519531,True,REGULAR,USD,2026-10-30,761.6900024414062,0.039779999256134034,2026-09-18,87.86500000000001,0.11506849315068493
SPY261030C00681000,2026-09-17 15:44:21+00:00,681.0,84.74,85.03,88.67,0.0,0.0,2.0,18.0,0.3508365698242187,True,REGULAR,USD,2026-10-30,761.6900024414062,0.039779999256134034,2026-09-18,86.85,0.11506849315068493
SPY261030C00682000,2026-09-15 14:57:12+00:00,682.0,79.27,84.16,87.7,0.0,0.0,1.0,4.0,0.3483036361694336,True,REGULAR,USD,2026-10-30,761.6900024414062,0.039779999256134034,2026-09-18,85.93,0.11506849315068493
SPY261030C00683000,2026-09-18 15:17:05+00:00,683.0,81.66,83.1,86.74,-8.079994,-9.003782,1.0,1.0,0.34589277160644527,True,REGULAR,USD,2026-10-30,761.6900024414062,0.039779999256134034,2026-09-18,84.91999999999999,0.11506849315068493
SPY261030C00684000,2026-09-17 14:18:21+00:00,684.0,80.97,82.22,85.77,0.0,0.0,1.0,3.0,0.3433293206787109,True,REGULAR,USD,2026-10-30,761.6900024414062,0.039779999256134034,2026-09-18,83.995,0.11506849315068493
SPY261030C00685000,2026-09-17 13:30:05+00:00,685.0,81.93,81.17,84.81,0.0,0.0,1.0,13.0,0.3409184561157227,True,REGULAR,USD,2026-10-30,761.6900024414062,0.039779999256134034,2026-09-18,82.99000000000001,0.11506849315068493
SPY261030C00686000,2026-09-15 13:49:52+00:00,686.0,78.11,80.3,83.84,0.0,0.0,1.0,19.0,0.3383550051879882,True,REGULAR,USD,2026-10-30,761.6900024414062,0.039779999256134034,2026-09-18,82.07,0.11506849315068493
SPY261030C00687000,2026-09-15 14:59:03+00:00,687.0,74.77,79.33,82.88,0.0,0.0,2.0,11.0,0.33591362335205077,True,REGULAR,USD,2026-10-30,761.6900024414062,0.039779999256134034,2026-09-18,81.10499999999999,0.11506849315068493
SPY261030C00688000,2026-09-08 19:50:00+00:00,688.0,83.3,78.37,81.92,0.0,0.0,51.0,3096.0,0.3334722415161133,True,REGULAR,USD,2026-10-30,761.6900024414062,0.039779999256134034,2026-09-18,80.14500000000001,0.11506849315068493
SPY261030C00689000,2026-09-18 15:01:45+00:00,689.0,76.02,77.32,80.96,2.859993,3.9092302,2.0,3068.0,0.33103085968017576,True,REGULAR,USD,2026-10-30,761.6900024414062,0.039779999256134034,2026-09-18,79.13999999999999,0.11506849315068493
SPY261030C00690000,2026-09-16 19:20:45+00:00,690.0,66.46,76.36,79.99,0.0,0.0,49.0,730.0,0.32840637420654295,True,REGULAR,USD,2026-10-30,761.6900024414062,0.039779999256134034,2026-09-18,78.175,0.11506849315068493
SPY261030C00691000,2026-08-21 19:49:28+00:00,691.0,83.32,75.4,79.03,0.0,0.0,10.0,2.0,0.3259344750976562,True,REGULAR,USD,2026-10-30,761.6900024414062,0.039779999256134034,2026-09-18,77.215,0.11506849315068493
SPY261030C00692000,2026-09-17 14:05:14+00:00,692.0,72.61,74.52,78.08,0.0,0.0,2.0,141.0,0.3236151623535155,True,REGULAR,USD,2026-10-30,761.6900024414062,0.039779999256134034,2026-09-18,76.3,0.11506849315068493
SPY261030C00693000,2026-09-16 14:43:46+00:00,693.0,71.26,73.57,77.12,0.0,0.0,1.0,2005.0,0.3211127459716796,True,REGULAR,USD,2026-10-30,761.6900024414062,0.039779999256134034,2026-09-18,75.345,0.11506849315068493
SPY261030C00694000,2026-09-04 13:38:17+00:00,694.0,81.76,72.52,76.16,0.0,0.0,1.0,29.0,0.3186103295898437,True,REGULAR,USD,2026-10-30,761.6900024414062,0.039779999256134034,2026-09-18,74.34,0.11506849315068493
SPY261030C00695000,2026-09-18 19:36:48+00:00,695.0,71.47,71.9,75.2,0.5200043,0.73291653,4.0,1865.0,0.3161079132080078,True,REGULAR,USD,2026-10-30,761.6900024414062,0.039779999256134034,2026-09-18,73.55000000000001,0.11506849315068493
SPY261030C00696000,2026-09-17 15:34:46+00:00,696.0,69.97,70.58,74.25,0.0,0.0,2.0,24.0,0.31372756591796874,True,REGULAR,USD,2026-10-30,761.6900024414062,0.039779999256134034,2026-09-18,72.41499999999999,0.11506849315068493
SPY261030C00697000,2026-09-16 13:48:51+00:00,697.0,67.87,69.9,73.3,0.0,0.0,2.0,8.0,0.3113472186279296,True,REGULAR,USD,2026-10-30,761.6900024414062,0.039779999256134034,2026-09-18,71.6,0.11506849315068493
SPY261030C00698000,2026-09-17 18:25:01+00:00,698.0,68.81,68.7,72.34,0.0,0.0,3.0,1242.0,0.30881428497314456,True,REGULAR,USD,2026-10-30,761.6900024414062,0.039779999256134034,2026-09-18,70.52000000000001,0.11506849315068493
SPY261030C00699000,2026-09-03 19:11:33+00:00,699.0,80.03,68.03,71.39,0.0,0.0,15.0,47.0,0.3064034204101562,True,REGULAR,USD,2026-10-30,761.6900024414062,0.039779999256134034,2026-09-18,69.71000000000001,0.11506849315068493
SPY261030C00700000,2026-09-18 19:17:01+00:00,700.0,67.2,66.85,70.44,0.34999847,0.52355796,33.0,1542.0,0.3039925558471679,True,REGULAR,USD,2026-10-30,761.6900024414062,0.039779999256134034,2026-09-18,68.645,0.11506849315068493
SPY261030C00701000,2026-09-14 14:23:40+00:00,701.0,64.2,65.93,69.49,0.0,0.0,2.0,1.0,0.30155117401123044,True,REGULAR,USD,2026-10-30,761.6900024414062,0.039779999256134034,2026-09-18,67.71000000000001,0.11506849315068493
SPY261030C00702000,2026-09-03 19:11:33+00:00,702.0,77.19,64.87,68.54,0.0,0.0,10.0,2.0,0.2991097921752929,True,REGULAR,USD,2026-10-30,761.6900024414062,0.039779999256134034,2026-09-18,66.70500000000001,0.11506849315068493
SPY261030C00703000,2026-08-03 15:45:41+00:00,703.0,65.99,70.77,74.04,0.0,0.0,3.0,4.0,0.3801636691284179,True,REGULAR,USD,2026-10-30,761.6900024414062,0.039779999256134034,2026-09-18,72.405,0.11506849315068493
SPY261030C00704000,2026-09-04 13:40:56+00:00,704.0,73.25,63.09,66.65,0.0,0.0,1.0,31.0,0.2942880630493163,True,REGULAR,USD,2026-10-30,761.6900024414062,0.039779999256134034,2026-09-18,64.87,0.11506849315068493
SPY261030C00705000,2026-09-18 13:31:01+00:00,705.0,61.6,62.06,65.71,-0.10000229,-0.16207826,2.0,60.0,0.29193823303222644,True,REGULAR,USD,2026-10-30,761.6900024414062,0.039779999256134034,2026-09-18,63.885,0.11506849315068493
SPY261030C00706000,2026-09-17 18:13:17+00:00,706.0,60.98,61.21,64.77,0.0,0.0,1.0,91.0,0.28958840301513666,True,REGULAR,USD,2026-10-30,761.6900024414062,0.039779999256134034,2026-09-18,62.989999999999995,0.11506849315068493
SPY261030C00707000,2026-09-17 14:47:03+00:00,707.0,58.95,60.18,63.83,0.0,0.0,6.0,10.0,0.28720805572509756,True,REGULAR,USD,2026-10-30,761.6900024414062,0.039779999256134034,2026-09-18,62.004999999999995,0.11506849315068493
SPY261030C00708000,2026-09-18 16:25:36+00:00,708.0,56.68,59.96,61.96,-2.5299988,-4.272925,1.0,16.0,0.2721630401611328,True,REGULAR,USD,2026-10-30,761.6900024414062,0.039779999256134034,2026-09-18,60.96,0.11506849315068493
SPY261030C00709000,2026-09-18 19:19:12+00:00,709.0,58.56,59.04,61.01,7.6000023,14.913663,1.0,17.0,0.2696911410522461,True,REGULAR,USD,2026-10-30,761.6900024414062,0.039779999256134034,2026-09-18,60.025,0.11506849315068493
SPY261030C00710000,2026-09-17 19:55:07+00:00,710.0,57.98,58.12,60.04,0.0,0.0,91.0,762.0,0.2669445864868164,True,REGULAR,USD,2026-10-30,761.6900024414062,0.039779999256134034,2026-09-18,59.08,0.11506849315068493
SPY261030C00711000,2026-09-14 15:10:52+00:00,711.0,55.7,56.44,59.62,0.0,0.0,1.0,98.0,0.271567953338623,True,REGULAR,USD,2026-10-30,761.6900024414062,0.039779999256134034,2026-09-18,58.03,0.11506849315068493
SPY261030C00712000,2026-09-16 18:14:59+00:00,712.0,54.07,56.29,58.17,0.0,0.0,3.0,40.0,0.26236699554443366,True,REGULAR,USD,2026-10-30,761.6900024414062,0.039779999256134034,2026-09-18,57.230000000000004,0.11506849315068493
SPY261030C00713000,2026-09-15 14:42:59+00:00,713.0,51.23,55.38,57.23,0.0,0.0,77.0,78.0,0.25998664825439455,True,REGULAR,USD,2026-10-30,761.6900024414062,0.039779999256134034,2026-09-18,56.305,0.11506849315068493
SPY261030C00714000,2026-09-04 17:29:04+00:00,714.0,63.07,53.65,56.57,0.0,0.0,2.0,27.0,0.2612531150817871,True,REGULAR,USD,2026-10-30,761.6900024414062,0.039779999256134034,2026-09-18,55.11,0.11506849315068493
SPY261030C00715000,2026-09-18 15:54:17+00:00,715.0,51.11,53.47,55.65,-0.9300003,-1.7870874,3.0,994.0,0.259071130065918,True,REGULAR,USD,2026-10-30,761.6900024414062,0.039779999256134034,2026-09-18,54.56,0.11506849315068493
SPY261030C00716000,2026-09-14 17:09:51+00:00,716.0,53.09,51.8,54.76,0.0,0.0,3.0,14.0,0.25724009368896483,True,REGULAR,USD,2026-10-30,761.6900024414062,0.039779999256134034,2026-09-18,53.28,0.11506849315068493
SPY261030C00717000,2026-09-18 15:06:00+00:00,717.0,49.96,51.75,53.45,-7.200001,-12.596222,1.0,21.0,0.24997698272705077,True,REGULAR,USD,2026-10-30,761.6900024414062,0.039779999256134034,2026-09-18,52.6,0.11506849315068493
SPY261030C00718000,2026-09-18 14:55:46+00:00,718.0,49.64,50.85,52.54,0.9599991,1.9720606,7.0,20.0,0.24790180816650392,True,REGULAR,USD,2026-10-30,761.6900024414062,0.039779999256134034,2026-09-18,51.695,0.11506849315068493
SPY261030C00719000,2026-09-18 19:18:40+00:00,719.0,49.37,49.04,51.99,6.299999,14.62735,3.0,106.0,0.2503279313659668,True,REGULAR,USD,2026-10-30,761.6900024414062,0.039779999256134034,2026-09-18,50.515,0.11506849315068493
SPY261030C00720000,2026-09-18 15:52:05+00:00,720.0,47.53,49.05,50.68,-0.76000214,-1.5738292,367.0,953.0,0.24314111358642576,True,REGULAR,USD,2026-10-30,761.6900024414062,0.039779999256134034,2026-09-18,49.864999999999995,0.11506849315068493
SPY261030C00721000,2026-09-17 19:27:02+00:00,721.0,47.69,48.16,50.17,0.0,0.0,2.0,12.0,0.24594870269775393,True,REGULAR,USD,2026-10-30,761.6900024414062,0.039779999256134034,2026-09-18,49.165,0.11506849315068493
SPY261030C00722000,2026-09-16 18:15:18+00:00,722.0,45.28,47.27,48.83,0.0,0.0,1.0,50.0,0.23841093627929685,True,REGULAR,USD,2026-10-30,761.6900024414062,0.039779999256134034,2026-09-18,48.05,0.11506849315068493
SPY261030C00723000,2026-09-16 19:21:12+00:00,723.0,37.14,46.39,47.91,0.0,0.0,3.0,37.0,0.236061106262207,True,REGULAR,USD,2026-10-30,761.6900024414062,0.039779999256134034,2026-09-18,47.15,0.11506849315068493
SPY261030C00724000,2026-09-18 14:41:24+00:00,724.0,43.86,44.5,47.51,-0.61999893,-1.3938825,8.0,56.0,0.24002835174560544,True,REGULAR,USD,2026-10-30,761.6900024414062,0.039779999256134034,2026-09-18,46.004999999999995,0.11506849315068493
SPY261030C00725000,2026-09-18 13:43:51+00:00,725.0,43.77,44.57,46.12,-0.069999695,-0.15967083,6.0,521.0,0.23194127441406248,True,REGULAR,USD,2026-10-30,761.6900024414062,0.039779999256134034,2026-09-18,45.345,0.11506849315068493
SPY261030C00726000,2026-09-17 19:54:50+00:00,726.0,42.95,43.69,45.19,0.0,0.0,2.0,78.0,0.22940834075927735,True,REGULAR,USD,2026-10-30,761.6900024414062,0.039779999256134034,2026-09-18,44.44,0.11506849315068493
SPY261030C00727000,2026-09-17 17:51:47+00:00,727.0,42.25,42.83,44.29,0.0,0.0,17.0,49.0,0.22719583847045893,True,REGULAR,USD,2026-10-30,761.6900024414062,0.039779999256134034,2026-09-18,43.56,0.11506849315068493
SPY261030C00728000,2026-09-17 19:08:36+00:00,728.0,41.66,41.96,43.99,0.0,0.0,1.0,280.0,0.23203282623291016,True,REGULAR,USD,2026-10-30,761.6900024414062,0.039779999256134034,2026-09-18,42.975,0.11506849315068493
SPY261030C00729000,2026-09-16 18:13:04+00:00,729.0,39.35,41.1,43.08,0.0,0.0,1.0,94.0,0.22960670303344727,True,REGULAR,USD,2026-10-30,761.6900024414062,0.039779999256134034,2026-09-18,42.09,0.11506849315068493
SPY261030C00730000,2026-09-18 17:29:47+00:00,730.0,38.14,39.15,42.35,-1.4300003,-3.6138496,518.0,887.0,0.22922523712158205,True,REGULAR,USD,2026-10-30,761.6900024414062,0.039779999256134034,2026-09-18,40.75,0.11506849315068493
SPY261030C00731000,2026-09-17 19:34:32+00:00,731.0,38.99,38.24,41.51,0.0,0.0,1.0,90.0,0.22751626983642576,True,REGULAR,USD,2026-10-30,761.6900024414062,0.039779999256134034,2026-09-18,39.875,0.11506849315068493
SPY261030C00732000,2026-09-09 19:25:20+00:00,732.0,40.56,37.39,39.8,0.0,0.0,1.0,66.0,0.2158586715698242,True,REGULAR,USD,2026-10-30,761.6900024414062,0.039779999256134034,2026-09-18,38.595,0.11506849315068493
SPY261030C00733000,2026-09-18 15:58:39+00:00,733.0,35.25,36.52,38.91,3.6900005,11.692018,1.0,179.0,0.21360039337158204,True,REGULAR,USD,2026-10-30,761.6900024414062,0.039779999256134034,2026-09-18,37.715,0.11506849315068493
SPY261030C00734000,2026-09-15 19:21:14+00:00,734.0,33.22,35.65,38.72,0.0,0.0,1.0,43.0,0.21916979568481443,True,REGULAR,USD,2026-10-30,761.6900024414062,0.039779999256134034,2026-09-18,37.185,0.11506849315068493
SPY261030C00735000,2026-09-18 13:50:17+00:00,735.0,34.65,36.2,37.12,-1.0399971,-2.9139736,46.0,224.0,0.20883969879150388,True,REGULAR,USD,2026-10-30,761.6900024414062,0.039779999256134034,2026-09-18,36.66,0.11506849315068493
SPY261030C00736000,2026-09-17 13:48:48+00:00,736.0,33.83,33.93,37.05,0.0,0.0,1.0,64.0,0.21555349884033204,True,REGULAR,USD,2026-10-30,761.6900024414062,0.039779999256134034,2026-09-18,35.489999999999995,0.11506849315068493
SPY261030C00737000,2026-09-18 19:58:09+00:00,737.0,34.0,33.08,36.46,1.6699982,5.165475,1.0,106.0,0.21636220657348632,True,REGULAR,USD,2026-10-30,761.6900024414062,0.039779999256134034,2026-09-18,34.769999999999996,0.11506849315068493
SPY261030C00738000,2026-09-17 14:34:44+00:00,738.0,32.52,32.23,34.58,0.0,0.0,1.0,142.0,0.2030414169311523,True,REGULAR,USD,2026-10-30,761.6900024414062,0.039779999256134034,2026-09-18,33.405,0.11506849315068493
SPY261030C00739000,2026-09-18 19:37:53+00:00,739.0,31.89,31.39,33.65,0.19999886,0.6311103,2.0,208.0,0.20011175872802733,True,REGULAR,USD,2026-10-30,761.6900024414062,0.039779999256134034,2026-09-18,32.519999999999996,0.11506849315068493
SPY261030C00740000,2026-09-18 19:51:16+00:00,740.0,31.39,32.06,32.79,0.54999924,1.7833956,72.0,1784.0,0.19791451507568358,True,REGULAR,USD,2026-10-30,761.6900024414062,0.039779999256134034,2026-09-18,32.425,0.11506849315068493
SPY261030C00741000,2026-09-18 16:58:08+00:00,741.0,29.05,31.14,32.84,-1.6500015,-5.3745975,17.0,161.0,0.20539124694824218,True,REGULAR,USD,2026-10-30,761.6900024414062,0.039779999256134034,2026-09-18,31.990000000000002,0.11506849315068493
SPY261030C00742000,2026-09-17 16:50:49+00:00,742.0,29.62,30.25,32.03,0.0,0.0,58.0,336.0,0.20357546920776365,True,REGULAR,USD,2026-10-30,761.6900024414062,0.039779999256134034,2026-09-18,31.14,0.11506849315068493
SPY261030C00743000,2026-09-17 14:47:07+00:00,743.0,27.6,28.08,31.22,0.0,0.0,1.0,1066.0,0.20169865692138672,True,REGULAR,USD,2026-10-30,761.6900024414062,0.039779999256134034,2026-09-18,29.65,0.11506849315068493
SPY261030C00744000,2026-09-17 19:48:22+00:00,744.0,28.35,28.66,29.47,0.0,0.0,12.0,278.0,0.18993424819946292,True,REGULAR,USD,2026-10-30,761.6900024414062,0.039779999256134034,2026-09-18,29.064999999999998,0.11506849315068493
SPY261030C00745000,2026-09-18 19:57:47+00:00,745.0,27.53,28.06,28.63,-0.13999939,-0.50596094,29.0,1065.0,0.1877064872741699,True,REGULAR,USD,2026-10-30,761.6900024414062,0.039779999256134034,2026-09-18,28.345,0.11506849315068493
SPY261030C00746000,2026-09-17 19:48:22+00:00,746.0,26.76,27.08,27.84,0.0,0.0,1.0,300.0,0.1859517440795898,True,REGULAR,USD,2026-10-30,761.6900024414062,0.039779999256134034,2026-09-18,27.46,0.11506849315068493
SPY261030C00747000,2026-09-18 14:23:29+00:00,747.0,24.36,26.42,27.01,-1.4200001,-5.508146,140.0,178.0,0.18372398315429686,True,REGULAR,USD,2026-10-30,761.6900024414062,0.039779999256134034,2026-09-18,26.715000000000003,0.11506849315068493
SPY261030C00748000,2026-09-18 19:52:00+00:00,748.0,24.75,25.59,26.23,-0.65999985,-2.597402,4.0,86.0,0.1819539813232422,True,REGULAR,USD,2026-10-30,761.6900024414062,0.039779999256134034,2026-09-18,25.91,0.11506849315068493
SPY261030C00749000,2026-09-18 14:24:06+00:00,749.0,22.87,24.76,25.43,5.3900013,30.835249,218.0,376.0,0.17990932403564452,True,REGULAR,USD,2026-10-30,761.6900024414062,0.039779999256134034,2026-09-18,25.095,0.11506849315068493
SPY261030C00750000,2026-09-18 20:13:49+00:00,750.0,24.4,24.16,24.63,0.5699997,2.3919415,202.0,2602.0,0.17781889083862307,True,REGULAR,USD,2026-10-30,761.6900024414062,0.039779999256134034,2026-09-18,24.395,0.11506849315068493
SPY261030C00751000,2026-09-18 15:44:29+00:00,751.0,21.25,23.32,23.86,-1.7399998,-7.5685067,36.0,246.0,0.1759573371887207,True,REGULAR,USD,2026-10-30,761.6900024414062,0.039779999256134034,2026-09-18,23.59,0.11506849315068493
SPY261030C00752000,2026-09-18 16:43:39+00:00,752.0,20.4,22.57,23.1,-1.7600002,-7.9422398,266.0,344.0,0.17414155944824222,True,REGULAR,USD,2026-10-30,761.6900024414062,0.039779999256134034,2026-09-18,22.835,0.11506849315068493
SPY261030C00753000,2026-09-18 16:04:27+00:00,753.0,19.5,21.82,22.34,-1.8999996,-8.878504,2.0,39.0,0.17224948852539065,True,REGULAR,USD,2026-10-30,761.6900024414062,0.039779999256134034,2026-09-18,22.08,0.11506849315068493
SPY261030C00754000,2026-09-18 16:09:29+00:00,754.0,18.98,20.53,21.59,-1.9500008,-9.316773,24.0,194.0,0.1703879348754883,True,REGULAR,USD,2026-10-30,761.6900024414062,0.039779999256134034,2026-09-18,21.060000000000002,0.11506849315068493
SPY261030C00755000,2026-09-18 20:11:19+00:00,755.0,20.65,20.41,20.78,0.789999,3.9778397,234.0,756.0,0.16785500122070315,True,REGULAR,USD,2026-10-30,761.6900024414062,0.039779999256134034,2026-09-18,20.595,0.11506849315068493
SPY261030C00756000,2026-09-17 18:54:36+00:00,756.0,19.03,19.64,20.12,0.0,0.0,51.0,39.0,0.16672586212158208,True,REGULAR,USD,2026-10-30,761.6900024414062,0.039779999256134034,2026-09-18,19.880000000000003,0.11506849315068493
SPY261030C00757000,2026-09-18 18:46:29+00:00,757.0,18.0,18.94,19.43,-0.8299999,-4.4078593,68.0,319.0,0.16523051574707032,True,REGULAR,USD,2026-10-30,761.6900024414062,0.039779999256134034,2026-09-18,19.185000000000002,0.11506849315068493
SPY261030C00758000,2026-09-18 20:01:59+00:00,758.0,18.07,18.24,18.73,-0.22000122,-1.2028497,17.0,154.0,0.1635520657348633,True,REGULAR,USD,2026-10-30,761.6900024414062,0.039779999256134034,2026-09-18,18.485,0.11506849315068493
SPY261030C00759000,2026-09-18 19:18:38+00:00,759.0,16.78,17.36,18.04,-0.86999893,-4.9291725,286.0,228.0,0.16188887435913085,True,REGULAR,USD,2026-10-30,761.6900024414062,0.039779999256134034,2026-09-18,17.7,0.11506849315068493
SPY261030C00760000,2026-09-18 20:13:34+00:00,760.0,17.2,16.94,17.2,0.6700001,4.053237,1399.0,3460.0,0.1586845606994629,True,REGULAR,USD,2026-10-30,761.6900024414062,0.039779999256134034,2026-09-18,17.07,0.11506849315068493
SPY261030C00761000,2026-09-18 19:59:45+00:00,761.0,15.74,16.24,16.7,-0.5699997,-3.4947867,396.0,383.0,0.15869981933593752,True,REGULAR,USD,2026-10-30,761.6900024414062,0.039779999256134034,2026-09-18,16.47,0.11506849315068493
SPY261030C00762000,2026-09-18 20:11:34+00:00,762.0,15.81,15.64,15.85,0.64000034,4.218855,80.0,284.0,0.15520559158325198,False,REGULAR,USD,2026-10-30,761.6900024414062,0.039779999256134034,2026-09-18,15.745000000000001,0.11506849315068493
SPY261030C00763000,2026-09-18 20:05:38+00:00,763.0,14.94,14.93,15.41,0.39999962,2.751029,26.0,165.0,0.15561757476806642,False,REGULAR,USD,2026-10-30,761.6900024414062,0.039779999256134034,2026-09-18,15.17,0.11506849315068493
SPY261030C00764000,2026-09-18 20:12:08+00:00,764.0,14.6,14.48,14.57,0.5300007,3.7668848,63.0,277.0,0.15204705383300782,False,REGULAR,USD,2026-10-30,761.6900024414062,0.039779999256134034,2026-09-18,14.525,0.11506849315068493
SPY261030C00765000,2026-09-18 20:00:49+00:00,765.0,13.45,13.85,13.94,0.019999504,0.14891663,332.0,1535.0,0.15039912109375003,False,REGULAR,USD,2026-10-30,761.6900024414062,0.039779999256134034,2026-09-18,13.895,0.11506849315068493
SPY261030C00766000,2026-09-18 19:56:01+00:00,766.0,12.65,13.25,13.34,-0.32000065,-2.467237,47.0,619.0,0.1489495506286621,False,REGULAR,USD,2026-10-30,761.6900024414062,0.039779999256134034,2026-09-18,13.295,0.11506849315068493
SPY261030C00767000,2026-09-18 20:00:52+00:00,767.0,12.3,12.66,12.75,-0.10999966,-0.8863792,65.0,1027.0,0.14748472152709963,False,REGULAR,USD,2026-10-30,761.6900024414062,0.039779999256134034,2026-09-18,12.705,0.11506849315068493
SPY261030C00768000,2026-09-18 20:00:46+00:00,768.0,11.65,12.08,12.18,-0.030000687,-0.2568552,14.0,662.0,0.14612670288085935,False,REGULAR,USD,2026-10-30,761.6900024414062,0.039779999256134034,2026-09-18,12.129999999999999,0.11506849315068493
SPY261030C00769000,2026-09-18 19:57:55+00:00,769.0,11.09,11.53,11.61,0.0,0.0,10.0,308.0,0.14463135650634767,False,REGULAR,USD,2026-10-30,761.6900024414062,0.039779999256134034,2026-09-18,11.57,0.11506849315068493
SPY261030C00770000,2026-09-18 20:02:40+00:00,770.0,10.82,10.98,11.07,0.3199997,3.0476162,716.0,4005.0,0.14331911376953127,False,REGULAR,USD,2026-10-30,761.6900024414062,0.039779999256134034,2026-09-18,11.025,0.11506849315068493
SPY261030C00771000,2026-09-18 20:01:38+00:00,771.0,10.17,10.44,10.53,0.03999996,0.39486635,23.0,424.0,0.14191531921386719,False,REGULAR,USD,2026-10-30,761.6900024414062,0.039779999256134034,2026-09-18,10.485,0.11506849315068493
SPY261030C00772000,2026-09-18 19:49:04+00:00,772.0,9.33,9.94,10.01,-0.52999973,-5.375251,35.0,359.0,0.14057255920410155,False,REGULAR,USD,2026-10-30,761.6900024414062,0.039779999256134034,2026-09-18,9.975,0.11506849315068493
SPY261030C00773000,2026-09-18 20:01:38+00:00,773.0,9.16,9.43,9.5,0.0,0.0,107.0,394.0,0.13919928192138675,False,REGULAR,USD,2026-10-30,761.6900024414062,0.039779999256134034,2026-09-18,9.465,0.11506849315068493
SPY261030C00774000,2026-09-18 20:10:16+00:00,774.0,8.9,8.94,9.02,0.19999981,2.2988484,24.0,575.0,0.1380091082763672,False,REGULAR,USD,2026-10-30,761.6900024414062,0.039779999256134034,2026-09-18,8.98,0.11506849315068493
SPY261030C00775000,2026-09-18 19:56:01+00:00,775.0,8.01,8.47,8.54,-0.43999958,-5.2070956,312.0,5439.0,0.1366968655395508,False,REGULAR,USD,2026-10-30,761.6900024414062,0.039779999256134034,2026-09-18,8.504999999999999,0.11506849315068493
SPY261030C00776000,2026-09-18 19:23:01+00:00,776.0,7.4,8.01,8.09,-0.4699998,-5.972043,61.0,1316.0,0.13555246780395513,False,REGULAR,USD,2026-10-30,761.6900024414062,0.039779999256134034,2026-09-18,8.05,0.11506849315068493
SPY261030C00777000,2026-09-18 20:12:28+00:00,777.0,7.67,7.58,7.65,0.4000001,5.502064,71.0,784.0,0.1343775527954102,False,REGULAR,USD,2026-10-30,761.6900024414062,0.039779999256134034,2026-09-18,7.615,0.11506849315068493
SPY261030C00778000,2026-09-18 18:10:29+00:00,778.0,6.14,7.15,7.22,-0.8200002,-11.781611,102.0,828.0,0.1331873791503906,False,REGULAR,USD,2026-10-30,761.6900024414062,0.039779999256134034,2026-09-18,7.1850000000000005,0.11506849315068493
SPY261030C00779000,2026-09-18 20:11:44+00:00,779.0,6.87,6.75,6.82,0.4000001,6.1823816,19.0,412.0,0.13218030914306644,False,REGULAR,USD,2026-10-30,761.6900024414062,0.039779999256134034,2026-09-18,6.785,0.11506849315068493
SPY261030C00780000,2026-09-18 20:14:53+00:00,780.0,6.4,6.35,6.43,0.2800002,4.5751667,467.0,7545.0,0.13112746322631835,False,REGULAR,USD,2026-10-30,761.6900024414062,0.039779999256134034,2026-09-18,6.39,0.11506849315068493
SPY261030C00781000,2026-09-18 19:50:30+00:00,781.0,5.48,5.98,6.05,-0.48999977,-8.207702,127.0,751.0,0.1300441000366211,False,REGULAR,USD,2026-10-30,761.6900024414062,0.039779999256134034,2026-09-18,6.015000000000001,0.11506849315068493
SPY261030C00782000,2026-09-18 20:14:41+00:00,782.0,5.69,5.62,5.69,0.11000013,1.9713286,442.0,862.0,0.12905228866577145,False,REGULAR,USD,2026-10-30,761.6900024414062,0.039779999256134034,2026-09-18,5.655,0.11506849315068493
SPY261030C00783000,2026-09-18 19:29:49+00:00,783.0,4.74,5.28,5.35,-0.35000038,-6.876235,34.0,21269.0,0.12813677047729488,False,REGULAR,USD,2026-10-30,761.6900024414062,0.039779999256134034,2026-09-18,5.3149999999999995,0.11506849315068493
SPY261030C00784000,2026-09-18 19:49:51+00:00,784.0,4.62,4.96,5.02,-0.36000013,-7.2289186,235.0,243.0,0.12720599365234375,False,REGULAR,USD,2026-10-30,761.6900024414062,0.039779999256134034,2026-09-18,4.99,0.11506849315068493
SPY261030C00785000,2026-09-18 20:09:19+00:00,785.0,4.59,4.65,4.72,0.10000038,2.22718,638.0,11001.0,0.12647357910156248,False,REGULAR,USD,2026-10-30,761.6900024414062,0.039779999256134034,2026-09-18,4.6850000000000005,0.11506849315068493
SPY261030C00786000,2026-09-18 19:29:25+00:00,786.0,3.9,4.35,4.42,-0.30999994,-7.363419,81.0,274.0,0.1255885781860352,False,REGULAR,USD,2026-10-30,761.6900024414062,0.039779999256134034,2026-09-18,4.385,0.11506849315068493
SPY261030C00787000,2026-09-18 18:46:07+00:00,787.0,3.6,4.09,4.13,-0.42000008,-10.447763,164.0,193.0,0.12468831863403321,False,REGULAR,USD,2026-10-30,761.6900024414062,0.039779999256134034,2026-09-18,4.109999999999999,0.11506849315068493
SPY261030C00788000,2026-09-18 20:09:44+00:00,788.0,3.76,3.82,3.86,-0.109999895,-2.8423746,52.0,316.0,0.1238796109008789,False,REGULAR,USD,2026-10-30,761.6900024414062,0.039779999256134034,2026-09-18,3.84,0.11506849315068493
SPY261030C00789000,2026-09-18 20:00:02+00:00,789.0,3.28,3.57,3.61,-0.23000002,-6.552707,886.0,437.0,0.12320823089599611,False,REGULAR,USD,2026-10-30,761.6900024414062,0.039779999256134034,2026-09-18,3.59,0.11506849315068493
SPY261030C00790000,2026-09-18 20:14:59+00:00,790.0,3.37,3.34,3.37,0.099999905,3.0581012,592.0,6797.0,0.12250633361816407,False,REGULAR,USD,2026-10-30,761.6900024414062,0.039779999256134034,2026-09-18,3.355,0.11506849315068493
SPY261030C00791000,2026-09-18 19:57:51+00:00,791.0,2.91,3.12,3.15,-0.2099998,-6.7307634,82.0,338.0,0.1219265054321289,False,REGULAR,USD,2026-10-30,761.6900024414062,0.039779999256134034,2026-09-18,3.135,0.11506849315068493
SPY261030C00792000,2026-09-18 19:40:55+00:00,792.0,2.57,2.91,2.94,-0.35000014,-11.986306,97.0,311.0,0.12134667724609374,False,REGULAR,USD,2026-10-30,761.6900024414062,0.039779999256134034,2026-09-18,2.925,0.11506849315068493
SPY261030C00793000,2026-09-18 20:09:44+00:00,793.0,2.66,2.71,2.74,-0.089999914,-3.2727242,161.0,465.0,0.12079736633300782,False,REGULAR,USD,2026-10-30,761.6900024414062,0.039779999256134034,2026-09-18,2.725,0.11506849315068493
SPY261030C00794000,2026-09-18 19:57:32+00:00,794.0,2.34,2.52,2.55,-0.17000008,-6.7729115,252.0,303.0,0.12021753814697264,False,REGULAR,USD,2026-10-30,761.6900024414062,0.039779999256134034,2026-09-18,2.535,0.11506849315068493
SPY261030C00795000,2026-09-18 20:14:40+00:00,795.0,2.37,2.35,2.38,0.049999952,2.1551704,579.0,1216.0,0.1198208135986328,False,REGULAR,USD,2026-10-30,761.6900024414062,0.039779999256134034,2026-09-18,2.365,0.11506849315068493
SPY261030C00796000,2026-09-18 19:57:28+00:00,796.0,2.01,2.18,2.22,-0.26,-11.453745,91.0,214.0,0.11945460632324219,False,REGULAR,USD,2026-10-30,761.6900024414062,0.039779999256134034,2026-09-18,2.2,0.11506849315068493
SPY261030C00797000,2026-09-18 20:10:22+00:00,797.0,2.03,2.03,2.06,0.01999998,0.9950239,33.0,1452.0,0.11890529541015624,False,REGULAR,USD,2026-10-30,761.6900024414062,0.039779999256134034,2026-09-18,2.045,0.11506849315068493
SPY261030C00798000,2026-09-18 20:01:56+00:00,798.0,1.81,1.89,1.92,-0.07000005,-3.723407,12.0,284.0,0.11860012268066406,False,REGULAR,USD,2026-10-30,761.6900024414062,0.039779999256134034,2026-09-18,1.9049999999999998,0.11506849315068493
SPY261030C00799000,2026-09-18 20:05:56+00:00,799.0,1.74,1.75,1.78,-0.06999993,-3.8673997,51.0,602.0,0.118172880859375,False,REGULAR,USD,2026-10-30,761.6900024414062,0.039779999256134034,2026-09-18,1.7650000000000001,0.11506849315068493
SPY261030C00800000,2026-09-18 20:14:12+00:00,800.0,1.65,1.63,1.65,0.03999996,2.4844697,3634.0,15049.0,0.11774563903808594,False,REGULAR,USD,2026-10-30,761.6900024414062,0.039779999256134034,2026-09-18,1.64,0.11506849315068493
SPY261030C00801000,2026-09-18 19:41:14+00:00,801.0,1.31,1.51,1.54,-0.2700001,-17.088614,93.0,877.0,0.11762356994628906,False,REGULAR,USD,2026-10-30,761.6900024414062,0.039779999256134034,2026-09-18,1.525,0.11506849315068493
SPY261030C00802000,2026-09-18 19:48:30+00:00,802.0,1.26,1.4,1.43,-0.21000004,-14.285717,12.0,680.0,0.11731839721679688,False,REGULAR,USD,2026-10-30,761.6900024414062,0.039779999256134034,2026-09-18,1.415,0.11506849315068493
SPY261030C00803000,2026-09-18 19:28:58+00:00,803.0,1.13,1.3,1.33,-0.14999998,-11.718749,305.0,2032.0,0.11713529357910156,False,REGULAR,USD,2026-10-30,761.6900024414062,0.039779999256134034,2026-09-18,1.315,0.11506849315068493
SPY261030C00804000,2026-09-18 20:01:56+00:00,804.0,1.15,1.21,1.23,-0.13,-10.15625,278.0,810.0,0.11683012084960936,False,REGULAR,USD,2026-10-30,761.6900024414062,0.039779999256134034,2026-09-18,1.22,0.11506849315068493
SPY261030C00805000,2026-09-18 20:07:25+00:00,805.0,1.09,1.12,1.14,-0.07999992,-6.8376007,112.0,1424.0,0.11658598266601564,False,REGULAR,USD,2026-10-30,761.6900024414062,0.039779999256134034,2026-09-18,1.13,0.11506849315068493
SPY261030C00806000,2026-09-18 20:09:23+00:00,806.0,1.03,1.04,1.06,-0.04000008,-3.738325,161.0,890.0,0.11646391357421876,False,REGULAR,USD,2026-10-30,761.6900024414062,0.039779999256134034,2026-09-18,1.05,0.11506849315068493
SPY261030C00807000,2026-09-18 20:10:20+00:00,807.0,0.97,0.97,0.99,-0.049999952,-4.901956,465.0,744.0,0.1165249481201172,False,REGULAR,USD,2026-10-30,761.6900024414062,0.039779999256134034,2026-09-18,0.98,0.11506849315068493
SPY261030C00808000,2026-09-18 19:55:47+00:00,808.0,0.82,0.9,0.92,-0.09000003,-9.890114,137.0,1019.0,0.11640287902832032,False,REGULAR,USD,2026-10-30,761.6900024414062,0.039779999256134034,2026-09-18,0.91,0.11506849315068493
SPY261030C00809000,2026-09-18 18:48:53+00:00,809.0,0.72,0.83,0.85,-0.13999999,-16.279068,12.0,581.0,0.116219775390625,False,REGULAR,USD,2026-10-30,761.6900024414062,0.039779999256134034,2026-09-18,0.84,0.11506849315068493
SPY261030C00810000,2026-09-18 19:56:07+00:00,810.0,0.7,0.78,0.79,-0.09000003,-11.392409,198.0,2938.0,0.11615874084472656,False,REGULAR,USD,2026-10-30,761.6900024414062,0.039779999256134034,2026-09-18,0.785,0.11506849315068493
SPY261030C00811000,2026-09-18 20:00:49+00:00,811.0,0.66,0.72,0.74,-0.049999952,-7.042247,193.0,658.0,0.11634184448242188,False,REGULAR,USD,2026-10-30,761.6900024414062,0.039779999256134034,2026-09-18,0.73,0.11506849315068493
SPY261030C00812000,2026-09-18 19:56:07+00:00,812.0,0.61,0.67,0.69,-0.089999974,-12.857139,3.0,159.0,0.11646391357421876,False,REGULAR,USD,2026-10-30,761.6900024414062,0.039779999256134034,2026-09-18,0.6799999999999999,0.11506849315068493
SPY261030C00813000,2026-09-18 19:27:27+00:00,813.0,0.54,0.63,0.64,-0.13,-19.402985,15.0,176.0,0.11640287902832032,False,REGULAR,USD,2026-10-30,761.6900024414062,0.039779999256134034,2026-09-18,0.635,0.11506849315068493
SPY261030C00814000,2026-09-18 17:54:34+00:00,814.0,0.46,0.58,0.6,-0.12999997,-22.033894,12.0,1397.0,0.11664701721191406,False,REGULAR,USD,2026-10-30,761.6900024414062,0.039779999256134034,2026-09-18,0.59,0.11506849315068493
SPY261030C00815000,2026-09-18 20:07:25+00:00,815.0,0.54,0.54,0.56,-0.01999998,-3.5714252,87.0,2389.0,0.11676908630371094,False,REGULAR,USD,2026-10-30,761.6900024414062,0.039779999256134034,2026-09-18,0.55,0.11506849315068493
SPY261030C00816000,2026-09-18 20:06:42+00:00,816.0,0.49,0.51,0.53,-0.01999998,-3.921565,4.0,986.0,0.117196328125,False,REGULAR,USD,2026-10-30,761.6900024414062,0.039779999256134034,2026-09-18,0.52,0.11506849315068493
SPY261030C00817000,2026-09-18 16:17:35+00:00,817.0,0.39,0.48,0.49,-0.13,-25.0,4.0,1270.0,0.11713529357910156,False,REGULAR,USD,2026-10-30,761.6900024414062,0.039779999256134034,2026-09-18,0.485,0.11506849315068493
SPY261030C00818000,2026-09-18 13:38:17+00:00,818.0,0.43,0.45,0.46,0.099999994,30.303026,2.0,631.0,0.11744046630859376,False,REGULAR,USD,2026-10-30,761.6900024414062,0.039779999256134034,2026-09-18,0.455,0.11506849315068493
SPY261030C00819000,2026-09-18 18:44:02+00:00,819.0,0.34,0.42,0.43,-0.09,-20.930233,2.0,166.0,0.11762356994628906,False,REGULAR,USD,2026-10-30,761.6900024414062,0.039779999256134034,2026-09-18,0.425,0.11506849315068493
SPY261030C00820000,2026-09-18 20:01:56+00:00,820.0,0.38,0.39,0.41,-0.050000012,-11.627909,78.0,1376.0,0.11823391540527343,False,REGULAR,USD,2026-10-30,761.6900024414062,0.039779999256134034,2026-09-18,0.4,0.11506849315068493
SPY261030C00821000,2026-09-18 16:54:41+00:00,821.0,0.3,0.37,0.38,-0.07999998,-21.052628,33.0,1999.0,0.11829494995117187,False,REGULAR,USD,2026-10-30,761.6900024414062,0.039779999256134034,2026-09-18,0.375,0.11506849315068493
SPY261030C00822000,2026-09-17 15:01:57+00:00,822.0,0.34,0.35,0.36,0.00999999,3.0303,1.0,811.0,0.11878322631835936,False,REGULAR,USD,2026-10-30,761.6900024414062,0.039779999256134034,2026-09-18,0.355,0.11506849315068493
SPY261030C00823000,2026-09-18 16:22:56+00:00,823.0,0.26,0.33,0.34,-0.050000012,-16.129036,6.0,53.0,0.11914943359374999,False,REGULAR,USD,2026-10-30,761.6900024414062,0.039779999256134034,2026-09-18,0.335,0.11506849315068493
SPY261030C00824000,2026-09-18 16:25:11+00:00,824.0,0.25,0.31,0.32,-0.06999999,-21.874998,7.0,455.0,0.11951564086914063,False,REGULAR,USD,2026-10-30,761.6900024414062,0.039779999256134034,2026-09-18,0.315,0.11506849315068493
SPY261030C00825000,2026-09-18 19:15:59+00:00,825.0,0.25,0.29,0.31,-0.050000012,-16.66667,8.0,878.0,0.12037012451171875,False,REGULAR,USD,2026-10-30,761.6900024414062,0.039779999256134034,2026-09-18,0.3,0.11506849315068493
SPY261030C00826000,2026-09-18 17:44:21+00:00,826.0,0.22,0.27,0.29,-0.060000002,-21.428572,2.0,37.0,0.1206142626953125,False,REGULAR,USD,2026-10-30,761.6900024414062,0.039779999256134034,2026-09-18,0.28,0.11506849315068493
SPY261030C00827000,2026-09-18 16:25:44+00:00,827.0,0.2,0.26,0.27,-0.030000001,-13.043478,2.0,1121.0,0.12073633178710938,False,REGULAR,USD,2026-10-30,761.6900024414062,0.039779999256134034,2026-09-18,0.265,0.11506849315068493
SPY261030C00828000,2026-09-17 13:44:03+00:00,828.0,0.23,0.25,0.26,0.0,0.0,1.0,33.0,0.12146874633789062,False,REGULAR,USD,2026-10-30,761.6900024414062,0.039779999256134034,2026-09-18,0.255,0.11506849315068493
SPY261030C00829000,2026-09-16 19:18:45+00:00,829.0,0.14,0.23,0.25,0.0,0.0,3.0,67.0,0.12232322998046877,False,REGULAR,USD,2026-10-30,761.6900024414062,0.039779999256134034,2026-09-18,0.24,0.11506849315068493
SPY261030C00830000,2026-09-18 19:47:24+00:00,830.0,0.2,0.22,0.23,-0.030000001,-13.043478,11.0,10019.0,0.12220116088867189,False,REGULAR,USD,2026-10-30,761.6900024414062,0.039779999256134034,2026-09-18,0.225,0.11506849315068493
SPY261030C00831000,2026-09-18 19:15:07+00:00,831.0,0.19,0.21,0.22,-0.030000001,-13.636364,5.0,33.0,0.12281150634765625,False,REGULAR,USD,2026-10-30,761.6900024414062,0.039779999256134034,2026-09-18,0.215,0.11506849315068493
SPY261030C00832000,2026-09-11 18:47:55+00:00,832.0,0.3,0.2,0.21,0.0,0.0,8.0,396.0,0.12329978271484376,False,REGULAR,USD,2026-10-30,761.6900024414062,0.039779999256134034,2026-09-18,0.20500000000000002,0.11506849315068493
SPY261030C00833000,2026-09-18 19:34:15+00:00,833.0,0.17,0.19,0.2,0.010000005,6.2500033,1.0,302.0,0.12391012817382813,False,REGULAR,USD,2026-10-30,761.6900024414062,0.039779999256134034,2026-09-18,0.195,0.11506849315068493
SPY261030C00834000,2026-09-18 16:11:44+00:00,834.0,0.15,0.18,0.19,0.02000001,15.384624,3.0,125.0,0.12439840454101564,False,REGULAR,USD,2026-10-30,761.6900024414062,0.039779999256134034,2026-09-18,0.185,0.11506849315068493
SPY261030C00835000,2026-09-18 16:11:44+00:00,835.0,0.15,0.17,0.19,-0.030000001,-16.666666,8.0,393.0,0.12574116455078127,False,REGULAR,USD,2026-10-30,761.6900024414062,0.039779999256134034,2026-09-18,0.18,0.11506849315068493
SPY261030C00840000,2026-09-18 19:34:15+00:00,840.0,0.13,0.14,0.15,-0.02000001,-13.333339,124.0,734.0,0.12842668457031248,False,REGULAR,USD,2026-10-30,761.6900024414062,0.039779999256134034,2026-09-18,0.14500000000000002,0.11506849315068493
SPY261030C00845000,2026-09-18 19:42:20+00:00,845.0,0.12,0.11,0.13,-0.009999998,-7.692306,3.0,567.0,0.132821171875,False,REGULAR,USD,2026-10-30,761.6900024414062,0.039779999256134034,2026-09-18,0.12,0.11506849315068493
SPY261030C00850000,2026-09-18 19:57:39+00:00,850.0,0.1,0.09,0.11,-0.009999998,-9.090907,50.0,2203.0,0.1362391064453125,False,REGULAR,USD,2026-10-30,761.6900024414062,0.039779999256134034,2026-09-18,0.1,0.11506849315068493
SPY261030C00855000,2026-09-18 19:26:39+00:00,855.0,0.07,0.08,0.09,-0.030000001,-30.0,11.0,954.0,0.13916876464843753,False,REGULAR,USD,2026-10-30,761.6900024414062,0.039779999256134034,2026-09-18,0.08499999999999999,0.11506849315068493
SPY261030C00860000,2026-09-18 19:41:24+00:00,860.0,0.07,0.06,0.08,0.0,0.0,3.0,1597.0,0.143563251953125,False,REGULAR,USD,2026-10-30,761.6900024414062,0.039779999256134034,2026-09-18,0.07,0.11506849315068493
SPY261030C00865000,2026-09-18 14:19:01+00:00,865.0,0.05,0.05,0.07,-0.02,-28.571428,20.0,887.0,0.1469811865234375,False,REGULAR,USD,2026-10-30,761.6900024414062,0.039779999256134034,2026-09-18,0.060000000000000005,0.11506849315068493
SPY261030C00870000,2026-09-18 19:26:39+00:00,870.0,0.04,0.04,0.06,-0.010000002,-20.000002,18.0,589.0,0.15039912109375003,False,REGULAR,USD,2026-10-30,761.6900024414062,0.039779999256134034,2026-09-18,0.05,0.11506849315068493
SPY261030C00875000,2026-09-18 13:59:40+00:00,875.0,0.04,0.04,0.05,0.0,0.0,20.0,379.0,0.15332877929687502,False,REGULAR,USD,2026-10-30,761.6900024414062,0.039779999256134034,2026-09-18,0.045,0.11506849315068493
SPY261030C00880000,2026-09-17 20:02:27+00:00,880.0,0.04,0.03,0.04,0.0,0.0,50.0,552.0,0.15528188476562502,False,REGULAR,USD,2026-10-30,761.6900024414062,0.039779999256134034,2026-09-18,0.035,0.11506849315068493
SPY261030C00885000,2026-09-15 15:28:37+00:00,885.0,0.04,0.02,0.03,0.0,0.0,1.0,293.0,0.1562584375,False,REGULAR,USD,2026-10-30,761.6900024414062,0.039779999256134034,2026-09-18,0.025,0.11506849315068493
SPY261030C00890000,2026-09-17 18:12:41+00:00,890.0,0.03,0.02,0.03,0.0,0.0,1.0,319.0,0.161141201171875,False,REGULAR,USD,2026-10-30,761.6900024414062,0.039779999256134034,2026-09-18,0.025,0.11506849315068493
SPY261030C00895000,2026-09-16 15:06:40+00:00,895.0,0.03,0.01,0.03,0.0,0.0,2.0,159.0,0.16700051757812504,False,REGULAR,USD,2026-10-30,761.6900024414062,0.039779999256134034,2026-09-18,0.02,0.11506849315068493
SPY261030C00900000,2026-09-16 18:34:53+00:00,900.0,0.01,0.01,0.02,0.0,0.0,137.0,1594.0,0.16602396484375004,False,REGULAR,USD,2026-10-30,761.6900024414062,0.039779999256134034,2026-09-18,0.015,0.11506849315068493
SPY261120C00610000,2026-09-18 17:27:26+00:00,610.0,155.23,156.81,160.56,-1.8099976,-1.1525711,1.0,35.0,0.47687290710449215,True,REGULAR,USD,2026-11-20,761.6900024414062,0.039779999256134034,2026-09-18,158.685,0.1726027397260274
SPY261120C00615000,2026-09-18 17:27:26+00:00,615.0,150.33,151.92,155.69,0.0,0.0,2.0,23.0,0.4662528961181641,True,REGULAR,USD,2026-11-20,761.6900024414062,0.039779999256134034,2026-09-18,153.805,0.1726027397260274
SPY261120C00620000,2026-09-17 19:04:10+00:00,620.0,146.92,147.03,150.78,0.0,0.0,23.0,39.0,0.45490047058105465,True,REGULAR,USD,2026-11-20,761.6900024414062,0.039779999256134034,2026-09-18,148.905,0.1726027397260274
SPY261120C00625000,2026-09-17 18:37:43+00:00,625.0,141.93,142.15,145.92,0.0,0.0,1.0,5.0,0.4443720114135742,True,REGULAR,USD,2026-11-20,761.6900024414062,0.039779999256134034,2026-09-18,144.035,0.1726027397260274
SPY261120C00630000,2026-09-16 18:53:10+00:00,630.0,131.71,137.27,141.05,0.0,0.0,2.0,783.0,0.4335994140625,True,REGULAR,USD,2026-11-20,761.6900024414062,0.039779999256134034,2026-09-18,139.16000000000003,0.1726027397260274
SPY261120C00635000,2026-09-09 14:08:42+00:00,635.0,134.7,132.4,136.18,0.0,0.0,1.0,139.0,0.4227810408020019,True,REGULAR,USD,2026-11-20,761.6900024414062,0.039779999256134034,2026-09-18,134.29000000000002,0.1726027397260274
SPY261120C00640000,2026-09-17 13:43:33+00:00,640.0,126.11,127.54,131.32,0.0,0.0,1.0,427.0,0.4120542193603516,True,REGULAR,USD,2026-11-20,761.6900024414062,0.039779999256134034,2026-09-18,129.43,0.1726027397260274
SPY261120C00645000,2026-09-14 17:12:33+00:00,645.0,122.76,122.68,126.46,0.0,0.0,1.0,69.0,0.4012816220092773,True,REGULAR,USD,2026-11-20,761.6900024414062,0.039779999256134034,2026-09-18,124.57,0.1726027397260274
SPY261120C00650000,2026-09-18 19:50:02+00:00,650.0,118.33,118.05,121.62,1.5800018,1.3533206,56.0,2067.0,0.3906921282958984,True,REGULAR,USD,2026-11-20,761.6900024414062,0.039779999256134034,2026-09-18,119.83500000000001,0.1726027397260274
SPY261120C00655000,2026-09-18 16:13:06+00:00,655.0,111.2,113.13,116.78,-1.550003,-1.3747256,86.0,153.0,0.38004160003662113,True,REGULAR,USD,2026-11-20,761.6900024414062,0.039779999256134034,2026-09-18,114.955,0.1726027397260274
SPY261120C00660000,2026-09-18 14:45:46+00:00,660.0,106.25,108.39,111.96,-1.75,-1.6203704,49.0,305.0,0.3695436581420898,True,REGULAR,USD,2026-11-20,761.6900024414062,0.039779999256134034,2026-09-18,110.175,0.1726027397260274
SPY261120C00665000,2026-09-16 19:19:17+00:00,665.0,93.98,103.58,107.15,0.0,0.0,3.0,100.0,0.35907623352050777,True,REGULAR,USD,2026-11-20,761.6900024414062,0.039779999256134034,2026-09-18,105.36500000000001,0.1726027397260274
SPY261120C00670000,2026-09-17 19:59:05+00:00,670.0,100.86,98.79,102.36,0.0,0.0,12.0,529.0,0.34873087799072267,True,REGULAR,USD,2026-11-20,761.6900024414062,0.039779999256134034,2026-09-18,100.575,0.1726027397260274
SPY261120C00675000,2026-09-17 13:59:45+00:00,675.0,92.56,94.01,97.59,0.0,0.0,1.0,78.0,0.33849233291625974,True,REGULAR,USD,2026-11-20,761.6900024414062,0.039779999256134034,2026-09-18,95.80000000000001,0.1726027397260274
SPY261120C00680000,2026-09-18 16:14:14+00:00,680.0,87.66,89.25,92.83,-2.149994,-2.393936,9.0,695.0,0.3282232705688476,True,REGULAR,USD,2026-11-20,761.6900024414062,0.039779999256134034,2026-09-18,91.03999999999999,0.1726027397260274
SPY261120C00685000,2026-09-17 18:27:21+00:00,685.0,84.55,84.51,88.1,0.0,0.0,2.0,302.0,0.3181220532226562,True,REGULAR,USD,2026-11-20,761.6900024414062,0.039779999256134034,2026-09-18,86.305,0.1726027397260274
SPY261120C00690000,2026-09-18 20:01:02+00:00,690.0,80.72,79.72,83.39,1.4400024,1.8163502,40.0,1472.0,0.3080360945129394,True,REGULAR,USD,2026-11-20,761.6900024414062,0.039779999256134034,2026-09-18,81.555,0.1726027397260274
SPY261120C00695000,2026-09-17 14:49:48+00:00,695.0,74.04,75.95,77.88,0.0,0.0,3.0,126.0,0.2889170230102538,True,REGULAR,USD,2026-11-20,761.6900024414062,0.039779999256134034,2026-09-18,76.91499999999999,0.1726027397260274
SPY261120C00700000,2026-09-18 16:33:29+00:00,700.0,68.88,71.26,73.22,-2.090004,-2.944912,24.0,5790.0,0.2791514956665039,True,REGULAR,USD,2026-11-20,761.6900024414062,0.039779999256134034,2026-09-18,72.24000000000001,0.1726027397260274
SPY261120C00705000,2026-09-17 15:44:03+00:00,705.0,65.35,66.04,69.21,0.0,0.0,1.0,420.0,0.2758861474609374,True,REGULAR,USD,2026-11-20,761.6900024414062,0.039779999256134034,2026-09-18,67.625,0.1726027397260274
SPY261120C00710000,2026-09-18 18:08:57+00:00,710.0,60.34,62.22,63.92,-1.0600014,-1.7263865,2.0,426.0,0.258994836883545,True,REGULAR,USD,2026-11-20,761.6900024414062,0.039779999256134034,2026-09-18,63.07,0.1726027397260274
SPY261120C00715000,2026-09-17 19:24:34+00:00,715.0,57.17,56.7,59.36,0.0,0.0,9.0,138.0,0.24932086135864256,True,REGULAR,USD,2026-11-20,761.6900024414062,0.039779999256134034,2026-09-18,58.03,0.1726027397260274
SPY261120C00720000,2026-09-18 19:42:10+00:00,720.0,52.65,52.24,54.8,-0.69999695,-1.3120843,24.0,1899.0,0.2392501612854004,True,REGULAR,USD,2026-11-20,761.6900024414062,0.039779999256134034,2026-09-18,53.519999999999996,0.1726027397260274
SPY261120C00725000,2026-09-18 19:03:43+00:00,725.0,48.35,49.13,50.39,-0.25,-0.5144033,27.0,1614.0,0.23014075531005856,True,REGULAR,USD,2026-11-20,761.6900024414062,0.039779999256134034,2026-09-18,49.760000000000005,0.1726027397260274
SPY261120C00730000,2026-09-17 20:10:41+00:00,730.0,44.83,43.57,46.04,0.0,0.0,7.0,1774.0,0.2210466079711914,True,REGULAR,USD,2026-11-20,761.6900024414062,0.039779999256134034,2026-09-18,44.805,0.1726027397260274
SPY261120C00735000,2026-09-18 19:42:30+00:00,735.0,39.9,39.36,41.72,-0.34000015,-0.84493077,25.0,2051.0,0.21161677062988277,True,REGULAR,USD,2026-11-20,761.6900024414062,0.039779999256134034,2026-09-18,40.54,0.1726027397260274
SPY261120C00740000,2026-09-18 20:10:02+00:00,740.0,36.86,36.72,37.5,0.58000183,1.598682,49.0,2971.0,0.20237003692626948,True,REGULAR,USD,2026-11-20,761.6900024414062,0.039779999256134034,2026-09-18,37.11,0.1726027397260274
SPY261120C00745000,2026-09-18 20:10:20+00:00,745.0,33.0,31.79,33.48,0.84000015,2.6119409,9.0,2990.0,0.1940235627746582,True,REGULAR,USD,2026-11-20,761.6900024414062,0.039779999256134034,2026-09-18,32.635,0.1726027397260274
SPY261120C00750000,2026-09-18 20:03:56+00:00,750.0,28.79,29.04,29.56,0.30000114,1.0530051,251.0,6488.0,0.1855702781677246,True,REGULAR,USD,2026-11-20,761.6900024414062,0.039779999256134034,2026-09-18,29.299999999999997,0.1726027397260274
SPY261120C00755000,2026-09-18 20:02:06+00:00,755.0,25.26,25.42,25.8,0.65999985,2.6829262,203.0,1747.0,0.17737639038085937,True,REGULAR,USD,2026-11-20,761.6900024414062,0.039779999256134034,2026-09-18,25.61,0.1726027397260274
SPY261120C00760000,2026-09-18 20:10:19+00:00,760.0,22.0,21.94,22.28,0.70000076,3.2863886,1117.0,5693.0,0.16988439987182619,True,REGULAR,USD,2026-11-20,761.6900024414062,0.039779999256134034,2026-09-18,22.11,0.1726027397260274
SPY261120C00765000,2026-09-18 20:11:45+00:00,765.0,19.0,18.83,18.94,0.8500004,4.683198,345.0,5756.0,0.1624229266357422,False,REGULAR,USD,2026-11-20,761.6900024414062,0.039779999256134034,2026-09-18,18.884999999999998,0.1726027397260274
SPY261120C00770000,2026-09-18 20:14:06+00:00,770.0,15.87,15.82,15.91,0.5100002,3.3203142,1705.0,5800.0,0.1558769715881348,False,REGULAR,USD,2026-11-20,761.6900024414062,0.039779999256134034,2026-09-18,15.865,0.1726027397260274
SPY261120C00775000,2026-09-18 20:05:50+00:00,775.0,13.0,13.1,13.18,0.34000015,2.6856253,1150.0,9481.0,0.14998713790893559,False,REGULAR,USD,2026-11-20,761.6900024414062,0.039779999256134034,2026-09-18,13.14,0.1726027397260274
SPY261120C00780000,2026-09-18 20:12:37+00:00,780.0,10.77,10.68,10.75,0.46000004,4.461688,1539.0,10187.0,0.14463135650634767,False,REGULAR,USD,2026-11-20,761.6900024414062,0.039779999256134034,2026-09-18,10.715,0.1726027397260274
SPY261120C00785000,2026-09-18 20:05:48+00:00,785.0,8.48,8.55,8.64,0.09999943,1.1933106,321.0,6551.0,0.13993169647216797,False,REGULAR,USD,2026-11-20,761.6900024414062,0.039779999256134034,2026-09-18,8.595,0.1726027397260274
SPY261120C00790000,2026-09-18 20:10:19+00:00,790.0,6.75,6.76,6.83,0.19999981,3.0534322,2986.0,8149.0,0.13572031280517582,False,REGULAR,USD,2026-11-20,761.6900024414062,0.039779999256134034,2026-09-18,6.795,0.1726027397260274
SPY261120C00795000,2026-09-18 20:03:45+00:00,795.0,5.17,5.26,5.33,0.13999987,2.7832975,529.0,5054.0,0.13221082641601564,False,REGULAR,USD,2026-11-20,761.6900024414062,0.039779999256134034,2026-09-18,5.295,0.1726027397260274
SPY261120C00800000,2026-09-18 20:14:36+00:00,800.0,4.09,4.06,4.1,0.18000007,4.6035824,1193.0,14012.0,0.12918961639404297,False,REGULAR,USD,2026-11-20,761.6900024414062,0.039779999256134034,2026-09-18,4.08,0.1726027397260274
SPY261120C00805000,2026-09-18 19:58:52+00:00,805.0,2.87,3.09,3.13,-0.07000017,-2.380958,724.0,4317.0,0.12687030364990232,False,REGULAR,USD,2026-11-20,761.6900024414062,0.039779999256134034,2026-09-18,3.11,0.1726027397260274
SPY261120C00810000,2026-09-18 20:13:22+00:00,810.0,2.34,2.33,2.36,0.089999914,3.9999962,648.0,16868.0,0.12491719818115235,False,REGULAR,USD,2026-11-20,761.6900024414062,0.039779999256134034,2026-09-18,2.3449999999999998,0.1726027397260274
SPY261120C00815000,2026-09-18 20:11:48+00:00,815.0,1.77,1.74,1.77,0.0,0.0,300.0,3599.0,0.12348288635253907,False,REGULAR,USD,2026-11-20,761.6900024414062,0.039779999256134034,2026-09-18,1.755,0.1726027397260274
SPY261120C00820000,2026-09-18 20:07:57+00:00,820.0,1.28,1.3,1.31,-0.029999971,-2.2900743,307.0,3955.0,0.12223167816162112,False,REGULAR,USD,2026-11-20,761.6900024414062,0.039779999256134034,2026-09-18,1.3050000000000002,0.1726027397260274
SPY261120C00825000,2026-09-18 20:12:22+00:00,825.0,0.99,0.97,0.99,0.0,0.0,459.0,5098.0,0.12201805725097657,False,REGULAR,USD,2026-11-20,761.6900024414062,0.039779999256134034,2026-09-18,0.98,0.1726027397260274
SPY261120C00830000,2026-09-18 20:13:22+00:00,830.0,0.74,0.73,0.75,0.01999998,2.777775,473.0,4594.0,0.12207909179687501,False,REGULAR,USD,2026-11-20,761.6900024414062,0.039779999256134034,2026-09-18,0.74,0.1726027397260274
SPY261120C00835000,2026-09-18 20:00:51+00:00,835.0,0.54,0.56,0.58,-0.00999999,-1.8181801,42.0,2152.0,0.12281150634765625,False,REGULAR,USD,2026-11-20,761.6900024414062,0.039779999256134034,2026-09-18,0.5700000000000001,0.1726027397260274
SPY261120C00840000,2026-09-18 19:52:41+00:00,840.0,0.39,0.43,0.45,-0.02000001,-4.8780513,300.0,1123.0,0.12372702453613281,False,REGULAR,USD,2026-11-20,761.6900024414062,0.039779999256134034,2026-09-18,0.44,0.1726027397260274
SPY261120C00845000,2026-09-18 19:54:21+00:00,845.0,0.31,0.34,0.36,-0.030000001,-8.823529,206.0,1107.0,0.12525288818359376,False,REGULAR,USD,2026-11-20,761.6900024414062,0.039779999256134034,2026-09-18,0.35,0.1726027397260274
SPY261120C00850000,2026-09-18 19:52:20+00:00,850.0,0.24,0.28,0.29,-0.030000016,-11.111116,27.0,3565.0,0.12696185546875,False,REGULAR,USD,2026-11-20,761.6900024414062,0.039779999256134034,2026-09-18,0.28500000000000003,0.1726027397260274
SPY261120C00855000,2026-09-18 19:43:50+00:00,855.0,0.21,0.22,0.23,0.0,0.0,57.0,992.0,0.1283046154785156,False,REGULAR,USD,2026-11-20,761.6900024414062,0.039779999256134034,2026-09-18,0.225,0.1726027397260274
SPY261120C00860000,2026-09-18 19:05:58+00:00,860.0,0.17,0.18,0.19,-0.010000005,-5.555558,66.0,725.0,0.13037979003906247,False,REGULAR,USD,2026-11-20,761.6900024414062,0.039779999256134034,2026-09-18,0.185,0.1726027397260274
SPY261120C00865000,2026-09-18 19:31:56+00:00,865.0,0.15,0.15,0.16,0.02000001,15.384624,9.0,713.0,0.13257703369140628,False,REGULAR,USD,2026-11-20,761.6900024414062,0.039779999256134034,2026-09-18,0.155,0.1726027397260274
SPY261120C00870000,2026-09-18 18:05:16+00:00,870.0,0.12,0.13,0.14,0.009999998,9.090907,2.0,278.0,0.1355066918945313,False,REGULAR,USD,2026-11-20,761.6900024414062,0.039779999256134034,2026-09-18,0.135,0.1726027397260274
SPY261120C00875000,2026-09-18 20:07:37+00:00,875.0,0.11,0.11,0.12,0.009999998,9.999997,173.0,23307.0,0.13794807373046875,False,REGULAR,USD,2026-11-20,761.6900024414062,0.039779999256134034,2026-09-18,0.11499999999999999,0.1726027397260274
SPY261120C00880000,2026-09-18 18:09:01+00:00,880.0,0.08,0.09,0.1,-0.020000003,-20.000002,10.0,1116.0,0.13990117919921874,False,REGULAR,USD,2026-11-20,761.6900024414062,0.039779999256134034,2026-09-18,0.095,0.1726027397260274
SPY261120C00885000,2026-09-18 17:54:57+00:00,885.0,0.07,0.08,0.09,0.0,0.0,14.0,758.0,0.1430749755859375,False,REGULAR,USD,2026-11-20,761.6900024414062,0.039779999256134034,2026-09-18,0.08499999999999999,0.1726027397260274
SPY261120C00890000,2026-09-14 13:30:01+00:00,890.0,0.09,0.07,0.08,0.0,0.0,1.0,779.0,0.14576049560546872,False,REGULAR,USD,2026-11-20,761.6900024414062,0.039779999256134034,2026-09-18,0.07500000000000001,0.1726027397260274
SPY261120C00895000,2026-09-18 13:44:14+00:00,895.0,0.06,0.06,0.07,-0.010000002,-14.285716,54.0,994.0,0.14820187744140628,False,REGULAR,USD,2026-11-20,761.6900024414062,0.039779999256134034,2026-09-18,0.065,0.1726027397260274
SPY261120C00900000,2026-09-18 17:33:25+00:00,900.0,0.05,0.05,0.06,0.0,0.0,170.0,1950.0,0.15039912109375003,False,REGULAR,USD,2026-11-20,761.6900024414062,0.039779999256134034,2026-09-18,0.055,0.1726027397260274
SPY261120C00905000,2026-09-14 14:45:13+00:00,905.0,0.04,0.04,0.05,0.0,0.0,3.0,1205.0,0.1518639501953125,False,REGULAR,USD,2026-11-20,761.6900024414062,0.039779999256134034,2026-09-18,0.045,0.1726027397260274
SPY261120C00910000,2026-09-17 17:52:56+00:00,910.0,0.04,0.03,0.05,0.0,0.0,24.0,290.0,0.1562584375,False,REGULAR,USD,2026-11-20,761.6900024414062,0.039779999256134034,2026-09-18,0.04,0.1726027397260274
SPY261130C00610000,2026-08-17 17:46:03+00:00,610.0,171.85,157.38,161.49,0.0,0.0,,2.0,0.45712823150634774,True,REGULAR,USD,2026-11-30,761.6900024414062,0.039779999256134034,2026-09-18,159.435,0.2
SPY261130C00615000,2026-09-01 13:37:49+00:00,615.0,153.85,152.74,156.62,0.0,0.0,,2.0,0.44693546234130854,True,REGULAR,USD,2026-11-30,761.6900024414062,0.039779999256134034,2026-09-18,154.68,0.2
SPY261130C00620000,2026-09-01 13:32:53+00:00,620.0,148.74,147.87,151.75,0.0,0.0,1.0,12.0,0.43671217590332034,True,REGULAR,USD,2026-11-30,761.6900024414062,0.039779999256134034,2026-09-18,149.81,0.2
SPY261130C00622000,2026-09-03 15:09:32+00:00,622.0,154.99,145.73,149.81,0.0,0.0,,1.0,0.4327144131469727,True,REGULAR,USD,2026-11-30,761.6900024414062,0.039779999256134034,2026-09-18,147.76999999999998,0.2
SPY261130C00625000,2026-09-14 15:45:15+00:00,625.0,143.07,142.97,146.89,0.0,0.0,1.0,1.0,0.4265804412841797,True,REGULAR,USD,2026-11-30,761.6900024414062,0.039779999256134034,2026-09-18,144.93,0.2
SPY261130C00630000,2026-09-14 13:30:01+00:00,630.0,136.24,138.15,142.04,0.0,0.0,2.0,5.0,0.41654025848388665,True,REGULAR,USD,2026-11-30,761.6900024414062,0.039779999256134034,2026-09-18,140.095,0.2
SPY261130C00635000,2026-09-16 18:59:55+00:00,635.0,125.42,133.26,137.19,0.0,0.0,1.0,3.0,0.4064695584106446,True,REGULAR,USD,2026-11-30,761.6900024414062,0.039779999256134034,2026-09-18,135.225,0.2
SPY261130C00640000,2026-09-04 18:36:54+00:00,640.0,136.2,128.55,132.21,0.0,0.0,1.0,164.0,0.3946288565063477,True,REGULAR,USD,2026-11-30,761.6900024414062,0.039779999256134034,2026-09-18,130.38,0.2
SPY261130C00645000,2026-07-31 19:16:15+00:00,645.0,114.62,129.7,133.22,0.0,0.0,1.0,16.0,0.4543359010314941,True,REGULAR,USD,2026-11-30,761.6900024414062,0.039779999256134034,2026-09-18,131.45999999999998,0.2
SPY261130C00650000,2026-09-17 15:58:35+00:00,650.0,118.6,118.89,122.56,0.0,0.0,1.0,14.0,0.37485366363525385,True,REGULAR,USD,2026-11-30,761.6900024414062,0.039779999256134034,2026-09-18,120.725,0.2
SPY261130C00655000,2026-09-17 13:40:24+00:00,655.0,112.6,114.08,117.75,0.0,0.0,2.0,799.0,0.3650271017456055,True,REGULAR,USD,2026-11-30,761.6900024414062,0.039779999256134034,2026-09-18,115.91499999999999,0.2
SPY261130C00660000,2026-09-15 18:45:11+00:00,660.0,104.89,109.28,112.95,0.0,0.0,335.0,978.0,0.3552310571289062,True,REGULAR,USD,2026-11-30,761.6900024414062,0.039779999256134034,2026-09-18,111.11500000000001,0.2
SPY261130C00665000,2026-09-15 19:02:10+00:00,665.0,100.26,104.59,108.17,0.0,0.0,321.0,1606.0,0.3455723402404785,True,REGULAR,USD,2026-11-30,761.6900024414062,0.039779999256134034,2026-09-18,106.38,0.2
SPY261130C00670000,2026-09-15 18:45:11+00:00,670.0,95.5,99.73,103.4,0.0,0.0,86.0,1377.0,0.33588310607910155,True,REGULAR,USD,2026-11-30,761.6900024414062,0.039779999256134034,2026-09-18,101.565,0.2
SPY261130C00672000,2026-07-07 18:46:31+00:00,672.0,95.99,100.95,104.14,0.0,0.0,2.0,1.0,0.36084623535156246,True,REGULAR,USD,2026-11-30,761.6900024414062,0.039779999256134034,2026-09-18,102.545,0.2
SPY261130C00673000,2026-09-15 19:13:49+00:00,673.0,92.7,96.97,100.55,0.0,0.0,60.0,316.0,0.3301458587646484,True,REGULAR,USD,2026-11-30,761.6900024414062,0.039779999256134034,2026-09-18,98.75999999999999,0.2
SPY261130C00674000,2026-09-17 19:53:52+00:00,674.0,96.4,95.93,99.6,0.0,0.0,7.0,108.0,0.3282232705688476,True,REGULAR,USD,2026-11-30,761.6900024414062,0.039779999256134034,2026-09-18,97.765,0.2
SPY261130C00675000,2026-09-18 16:19:02+00:00,675.0,93.16,95.07,98.65,-0.75,-0.798637,1.0,207.0,0.3263006823730469,True,REGULAR,USD,2026-11-30,761.6900024414062,0.039779999256134034,2026-09-18,96.86,0.2
SPY261130C00676000,2026-08-20 14:52:28+00:00,676.0,102.32,94.12,97.71,0.0,0.0,16.0,30.0,0.3244696459960937,True,REGULAR,USD,2026-11-30,761.6900024414062,0.039779999256134034,2026-09-18,95.91499999999999,0.2
SPY261130C00677000,2026-06-09 16:38:16+00:00,677.0,76.73,93.89,97.25,0.0,0.0,,1.0,0.327857063293457,True,REGULAR,USD,2026-11-30,761.6900024414062,0.039779999256134034,2026-09-18,95.57,0.2
SPY261130C00678000,2026-09-03 14:07:51+00:00,678.0,99.25,92.14,95.82,0.0,0.0,1.0,127.0,0.32068550415039054,True,REGULAR,USD,2026-11-30,761.6900024414062,0.039779999256134034,2026-09-18,93.97999999999999,0.2
SPY261130C00679000,2026-09-16 20:08:06+00:00,679.0,83.94,91.28,94.87,0.0,0.0,4.0,110.0,0.31873239868164055,True,REGULAR,USD,2026-11-30,761.6900024414062,0.039779999256134034,2026-09-18,93.075,0.2
SPY261130C00680000,2026-09-17 13:33:28+00:00,680.0,89.93,90.34,93.93,0.0,0.0,1.0,94.0,0.31687084503173824,True,REGULAR,USD,2026-11-30,761.6900024414062,0.039779999256134034,2026-09-18,92.135,0.2
SPY261130C00681000,2026-09-16 18:10:00+00:00,681.0,88.14,89.4,92.99,0.0,0.0,2.0,32.0,0.31500929138183587,True,REGULAR,USD,2026-11-30,761.6900024414062,0.039779999256134034,2026-09-18,91.195,0.2
SPY261130C00682000,2026-08-20 18:05:45+00:00,682.0,94.15,88.37,92.04,0.0,0.0,8.0,58.0,0.3130409272766113,True,REGULAR,USD,2026-11-30,761.6900024414062,0.039779999256134034,2026-09-18,90.20500000000001,0.2
SPY261130C00683000,2026-08-25 14:50:36+00:00,683.0,92.5,87.43,91.1,0.0,0.0,4.0,40.0,0.31116411499023433,True,REGULAR,USD,2026-11-30,761.6900024414062,0.039779999256134034,2026-09-18,89.265,0.2
SPY261130C00684000,2026-08-20 17:05:24+00:00,684.0,94.14,86.49,90.16,0.0,0.0,56.0,109.0,0.30927204406738285,True,REGULAR,USD,2026-11-30,761.6900024414062,0.039779999256134034,2026-09-18,88.32499999999999,0.2
SPY261130C00685000,2026-09-18 17:32:55+00:00,685.0,84.15,85.55,89.23,7.540001,9.842059,1.0,28.0,0.30748678359985343,True,REGULAR,USD,2026-11-30,761.6900024414062,0.039779999256134034,2026-09-18,87.39,0.2
SPY261130C00686000,2026-08-20 14:35:22+00:00,686.0,92.47,84.61,88.29,0.0,0.0,4.0,54.0,0.30557945404052733,True,REGULAR,USD,2026-11-30,761.6900024414062,0.039779999256134034,2026-09-18,86.45,0.2
SPY261130C00687000,2026-08-19 19:52:12+00:00,687.0,93.54,83.68,87.35,0.0,0.0,19.0,39.0,0.30368738311767574,True,REGULAR,USD,2026-11-30,761.6900024414062,0.039779999256134034,2026-09-18,85.515,0.2
SPY261130C00688000,2026-09-17 19:09:25+00:00,688.0,82.79,82.74,85.9,0.0,0.0,1.0,33.0,0.2964853067016602,True,REGULAR,USD,2026-11-30,761.6900024414062,0.039779999256134034,2026-09-18,84.32,0.2
SPY261130C00689000,2026-08-20 16:52:45+00:00,689.0,89.79,81.81,84.95,0.0,0.0,14.0,296.0,0.2944711666870117,True,REGULAR,USD,2026-11-30,761.6900024414062,0.039779999256134034,2026-09-18,83.38,0.2
SPY261130C00690000,2026-09-16 18:09:48+00:00,690.0,79.88,81.81,83.57,0.0,0.0,2.0,83.0,0.28801676345825183,True,REGULAR,USD,2026-11-30,761.6900024414062,0.039779999256134034,2026-09-18,82.69,0.2
SPY261130C00691000,2026-09-10 15:12:03+00:00,691.0,77.97,80.69,82.86,0.0,0.0,10.0,51.0,0.28850503982543935,True,REGULAR,USD,2026-11-30,761.6900024414062,0.039779999256134034,2026-09-18,81.775,0.2
SPY261130C00692000,2026-08-19 14:21:39+00:00,692.0,90.51,79.96,81.69,0.0,0.0,4.0,5.0,0.28423262161254875,True,REGULAR,USD,2026-11-30,761.6900024414062,0.039779999256134034,2026-09-18,80.82499999999999,0.2
SPY261130C00693000,2026-08-20 18:16:14+00:00,693.0,83.68,78.85,81.21,0.0,0.0,124.0,196.0,0.2870249520874023,True,REGULAR,USD,2026-11-30,761.6900024414062,0.039779999256134034,2026-09-18,80.03,0.2
SPY261130C00694000,2026-08-26 19:59:30+00:00,694.0,83.53,77.15,80.09,0.0,0.0,4.0,14.0,0.28325606887817373,True,REGULAR,USD,2026-11-30,761.6900024414062,0.039779999256134034,2026-09-18,78.62,0.2
SPY261130C00695000,2026-09-14 14:21:42+00:00,695.0,74.98,76.22,79.16,0.0,0.0,1.0,16.0,0.2814250325012207,True,REGULAR,USD,2026-11-30,761.6900024414062,0.039779999256134034,2026-09-18,77.69,0.2
SPY261130C00696000,2026-08-24 14:42:25+00:00,696.0,80.14,75.3,78.23,0.0,0.0,3.0,102.0,0.27957873748779294,True,REGULAR,USD,2026-11-30,761.6900024414062,0.039779999256134034,2026-09-18,76.765,0.2
SPY261130C00697000,2026-08-07 19:35:15+00:00,697.0,90.26,74.38,77.31,0.0,0.0,10.0,20.0,0.27782399429321286,True,REGULAR,USD,2026-11-30,761.6900024414062,0.039779999256134034,2026-09-18,75.845,0.2
SPY261130C00698000,2026-08-20 15:34:18+00:00,698.0,81.58,73.45,76.47,0.0,0.0,13.0,13.0,0.27684744155883784,True,REGULAR,USD,2026-11-30,761.6900024414062,0.039779999256134034,2026-09-18,74.96000000000001,0.2
SPY261130C00699000,2026-08-17 13:33:55+00:00,699.0,90.15,72.53,75.48,0.0,0.0,125.0,126.0,0.27437554244995116,True,REGULAR,USD,2026-11-30,761.6900024414062,0.039779999256134034,2026-09-18,74.005,0.2
SPY261130C00700000,2026-09-18 16:55:11+00:00,700.0,70.49,71.61,74.57,-0.5600052,-0.7881846,3.0,326.0,0.27268183380126954,True,REGULAR,USD,2026-11-30,761.6900024414062,0.039779999256134034,2026-09-18,73.09,0.2
SPY261130C00701000,2026-08-20 13:48:51+00:00,701.0,79.72,70.69,73.88,0.0,0.0,3.0,18.0,0.2731090756225586,True,REGULAR,USD,2026-11-30,761.6900024414062,0.039779999256134034,2026-09-18,72.285,0.2
SPY261130C00702000,2026-08-07 16:30:45+00:00,702.0,84.69,70.67,73.46,0.0,0.0,24.0,24.0,0.2760845097351074,True,REGULAR,USD,2026-11-30,761.6900024414062,0.039779999256134034,2026-09-18,72.065,0.2
SPY261130C00703000,2026-08-20 17:34:49+00:00,703.0,75.95,69.77,71.45,0.0,0.0,13.0,23.0,0.26377079010009763,True,REGULAR,USD,2026-11-30,761.6900024414062,0.039779999256134034,2026-09-18,70.61,0.2
SPY261130C00704000,2026-08-18 14:10:30+00:00,704.0,78.88,68.87,71.58,0.0,0.0,1.0,11.0,0.2719646778869628,True,REGULAR,USD,2026-11-30,761.6900024414062,0.039779999256134034,2026-09-18,70.225,0.2
SPY261130C00705000,2026-09-16 19:19:15+00:00,705.0,59.04,67.04,70.04,0.0,0.0,1.0,278.0,0.2642285491943359,True,REGULAR,USD,2026-11-30,761.6900024414062,0.039779999256134034,2026-09-18,68.54,0.2
SPY261130C00706000,2026-08-07 19:24:55+00:00,706.0,82.53,67.24,68.69,0.0,0.0,34.0,40.0,0.2582776809692383,True,REGULAR,USD,2026-11-30,761.6900024414062,0.039779999256134034,2026-09-18,67.965,0.2
SPY261130C00707000,2026-08-19 14:50:21+00:00,707.0,78.02,65.22,68.45,0.0,0.0,43.0,42.0,0.26282475463867194,True,REGULAR,USD,2026-11-30,761.6900024414062,0.039779999256134034,2026-09-18,66.83500000000001,0.2
SPY261130C00708000,2026-08-31 18:38:25+00:00,708.0,69.75,64.31,67.34,0.0,0.0,4.0,12.0,0.25914742324829104,True,REGULAR,USD,2026-11-30,761.6900024414062,0.039779999256134034,2026-09-18,65.825,0.2
SPY261130C00709000,2026-09-14 15:57:20+00:00,709.0,64.51,63.41,66.64,0.0,0.0,1.0,21.0,0.25928475097656256,True,REGULAR,USD,2026-11-30,761.6900024414062,0.039779999256134034,2026-09-18,65.025,0.2
SPY261130C00710000,2026-09-10 14:20:35+00:00,710.0,60.14,63.52,65.06,0.0,0.0,4.0,158.0,0.2512587081909179,True,REGULAR,USD,2026-11-30,761.6900024414062,0.039779999256134034,2026-09-18,64.29,0.2
SPY261130C00711000,2026-09-10 19:57:59+00:00,711.0,60.16,62.61,64.15,0.0,0.0,5.0,14.0,0.24944293045043942,True,REGULAR,USD,2026-11-30,761.6900024414062,0.039779999256134034,2026-09-18,63.38,0.2
SPY261130C00712000,2026-08-17 13:58:55+00:00,712.0,77.86,60.71,64.41,0.0,0.0,4.0,30.0,0.2582776809692383,True,REGULAR,USD,2026-11-30,761.6900024414062,0.039779999256134034,2026-09-18,62.56,0.2
SPY261130C00713000,2026-09-17 13:31:58+00:00,713.0,60.04,59.82,62.86,0.0,0.0,1.0,26.0,0.25060258682250974,True,REGULAR,USD,2026-11-30,761.6900024414062,0.039779999256134034,2026-09-18,61.34,0.2
SPY261130C00714000,2026-08-06 13:40:04+00:00,714.0,73.26,60.13,61.44,0.0,0.0,10.0,10.0,0.24410240768432617,True,REGULAR,USD,2026-11-30,761.6900024414062,0.039779999256134034,2026-09-18,60.785,0.2
SPY261130C00715000,2026-09-18 19:19:12+00:00,715.0,58.42,59.11,60.53,2.3199997,4.135472,6.0,154.0,0.2422408540344238,True,REGULAR,USD,2026-11-30,761.6900024414062,0.039779999256134034,2026-09-18,59.82,0.2
SPY261130C00716000,2026-09-04 19:04:39+00:00,716.0,65.58,57.15,60.39,0.0,0.0,1.0,155.0,0.2472304281616211,True,REGULAR,USD,2026-11-30,761.6900024414062,0.039779999256134034,2026-09-18,58.769999999999996,0.2
SPY261130C00717000,2026-08-31 13:43:35+00:00,717.0,62.36,56.27,59.32,0.0,0.0,2.0,84.0,0.24387352813720703,True,REGULAR,USD,2026-11-30,761.6900024414062,0.039779999256134034,2026-09-18,57.795,0.2
SPY261130C00718000,2026-09-18 19:55:04+00:00,718.0,56.33,56.5,58.63,8.390003,17.501049,1.0,59.0,0.24387352813720703,True,REGULAR,USD,2026-11-30,761.6900024414062,0.039779999256134034,2026-09-18,57.565,0.2
SPY261130C00719000,2026-09-14 14:17:27+00:00,719.0,54.34,55.64,57.63,0.0,0.0,4.0,16.0,0.2411117149353027,True,REGULAR,USD,2026-11-30,761.6900024414062,0.039779999256134034,2026-09-18,56.635000000000005,0.2
SPY261130C00720000,2026-09-18 17:40:02+00:00,720.0,52.9,53.63,57.15,-0.7799988,-1.4530529,1.0,403.0,0.24286645812988278,True,REGULAR,USD,2026-11-30,761.6900024414062,0.039779999256134034,2026-09-18,55.39,0.2
SPY261130C00721000,2026-09-17 13:35:54+00:00,721.0,52.95,52.75,55.88,0.0,0.0,1.0,22.0,0.237739556274414,True,REGULAR,USD,2026-11-30,761.6900024414062,0.039779999256134034,2026-09-18,54.315,0.2
SPY261130C00722000,2026-09-18 15:30:57+00:00,722.0,51.28,51.88,54.26,-0.83000183,-1.592788,1.0,25.0,0.22960670303344727,True,REGULAR,USD,2026-11-30,761.6900024414062,0.039779999256134034,2026-09-18,53.07,0.2
SPY261130C00723000,2026-09-03 16:12:59+00:00,723.0,62.78,51.01,54.24,0.0,0.0,1.0,1.0,0.23525239852905272,True,REGULAR,USD,2026-11-30,761.6900024414062,0.039779999256134034,2026-09-18,52.625,0.2
SPY261130C00724000,2026-09-10 19:57:59+00:00,724.0,49.23,50.14,53.28,0.0,0.0,4.0,175.0,0.23276524078369143,True,REGULAR,USD,2026-11-30,761.6900024414062,0.039779999256134034,2026-09-18,51.71,0.2
SPY261130C00725000,2026-09-18 19:18:40+00:00,725.0,49.76,49.28,52.35,1.3199997,2.7250202,4.0,243.0,0.23053747985839845,True,REGULAR,USD,2026-11-30,761.6900024414062,0.039779999256134034,2026-09-18,50.815,0.2
SPY261130C00726000,2026-09-04 17:19:30+00:00,726.0,57.55,48.42,51.53,0.0,0.0,1.0,213.0,0.22922523712158205,True,REGULAR,USD,2026-11-30,761.6900024414062,0.039779999256134034,2026-09-18,49.975,0.2
SPY261130C00727000,2026-08-31 13:43:33+00:00,727.0,53.86,47.56,50.86,0.0,0.0,6.0,9.0,0.2291336853027344,True,REGULAR,USD,2026-11-30,761.6900024414062,0.039779999256134034,2026-09-18,49.21,0.2
SPY261130C00728000,2026-09-16 17:01:14+00:00,728.0,45.64,46.71,49.84,0.0,0.0,1.0,227.0,0.2260819580078125,True,REGULAR,USD,2026-11-30,761.6900024414062,0.039779999256134034,2026-09-18,48.275000000000006,0.2
SPY261130C00729000,2026-09-18 19:57:20+00:00,729.0,46.75,45.85,48.99,-3.880001,-7.663443,2.0,29.0,0.22444928390502927,True,REGULAR,USD,2026-11-30,761.6900024414062,0.039779999256134034,2026-09-18,47.42,0.2
SPY261130C00730000,2026-09-18 14:10:13+00:00,730.0,44.51,45.01,48.15,-0.08000183,-0.17941654,2.0,662.0,0.22286238571166989,True,REGULAR,USD,2026-11-30,761.6900024414062,0.039779999256134034,2026-09-18,46.58,0.2
SPY261130C00731000,2026-09-16 18:47:01+00:00,731.0,42.39,44.16,47.32,0.0,0.0,57.0,75.0,0.22133652206420895,True,REGULAR,USD,2026-11-30,761.6900024414062,0.039779999256134034,2026-09-18,45.739999999999995,0.2
SPY261130C00732000,2026-09-16 18:36:46+00:00,732.0,40.34,43.32,46.5,0.0,0.0,30.0,351.0,0.21987169296264647,True,REGULAR,USD,2026-11-30,761.6900024414062,0.039779999256134034,2026-09-18,44.91,0.2
SPY261130C00733000,2026-08-31 18:56:20+00:00,733.0,48.35,42.49,45.79,0.0,0.0,3.0,205.0,0.21927660614013672,True,REGULAR,USD,2026-11-30,761.6900024414062,0.039779999256134034,2026-09-18,44.14,0.2
SPY261130C00734000,2026-09-11 15:23:37+00:00,734.0,46.19,41.66,45.04,0.0,0.0,1.0,47.0,0.21833057067871092,True,REGULAR,USD,2026-11-30,761.6900024414062,0.039779999256134034,2026-09-18,43.349999999999994,0.2
SPY261130C00735000,2026-09-18 19:56:16+00:00,735.0,41.66,40.83,43.13,1.5400009,3.838487,42.0,880.0,0.20800047378540037,True,REGULAR,USD,2026-11-30,761.6900024414062,0.039779999256134034,2026-09-18,41.980000000000004,0.2
SPY261130C00736000,2026-08-25 14:56:07+00:00,736.0,47.0,40.01,43.18,0.0,0.0,20.0,276.0,0.21344780700683597,True,REGULAR,USD,2026-11-30,761.6900024414062,0.039779999256134034,2026-09-18,41.595,0.2
SPY261130C00737000,2026-09-15 18:16:52+00:00,737.0,36.65,39.19,42.38,0.0,0.0,2.0,353.0,0.21201349517822266,True,REGULAR,USD,2026-11-30,761.6900024414062,0.039779999256134034,2026-09-18,40.785,0.2
SPY261130C00738000,2026-09-18 15:45:38+00:00,738.0,37.61,38.37,40.64,5.5,17.12862,6.0,85.0,0.20308719284057614,True,REGULAR,USD,2026-11-30,761.6900024414062,0.039779999256134034,2026-09-18,39.504999999999995,0.2
SPY261130C00739000,2026-08-25 14:55:45+00:00,739.0,44.65,37.56,40.73,0.0,0.0,164.0,97.0,0.20865659515380852,True,REGULAR,USD,2026-11-30,761.6900024414062,0.039779999256134034,2026-09-18,39.144999999999996,0.2
SPY261130C00740000,2026-09-18 20:12:28+00:00,740.0,38.67,36.96,39.97,2.0299988,5.5403895,6.0,622.0,0.2074511628723144,True,REGULAR,USD,2026-11-30,761.6900024414062,0.039779999256134034,2026-09-18,38.465,0.2
SPY261130C00741000,2026-09-18 20:12:52+00:00,741.0,37.14,36.31,39.11,0.18999863,0.5142047,1.0,164.0,0.20543702285766602,True,REGULAR,USD,2026-11-30,761.6900024414062,0.039779999256134034,2026-09-18,37.71,0.2
SPY261130C00742000,2026-09-11 19:51:57+00:00,742.0,38.77,35.57,38.4,0.0,0.0,3.0,105.0,0.20456728057861323,True,REGULAR,USD,2026-11-30,761.6900024414062,0.039779999256134034,2026-09-18,36.985,0.2
SPY261130C00743000,2026-09-17 16:14:59+00:00,743.0,35.07,34.91,37.61,0.0,0.0,4.0,255.0,0.2030414169311523,True,REGULAR,USD,2026-11-30,761.6900024414062,0.039779999256134034,2026-09-18,36.26,0.2
SPY261130C00744000,2026-09-17 14:51:16+00:00,744.0,33.48,33.99,36.83,0.0,0.0,5.0,511.0,0.20154607055664062,True,REGULAR,USD,2026-11-30,761.6900024414062,0.039779999256134034,2026-09-18,35.41,0.2
SPY261130C00745000,2026-09-18 20:12:28+00:00,745.0,34.73,33.4,34.99,1.2099991,3.6097825,16.0,606.0,0.1918873536682129,True,REGULAR,USD,2026-11-30,761.6900024414062,0.039779999256134034,2026-09-18,34.195,0.2
SPY261130C00746000,2026-09-17 16:12:48+00:00,746.0,32.67,32.7,35.31,0.0,0.0,2.0,509.0,0.19879951599121093,True,REGULAR,USD,2026-11-30,761.6900024414062,0.039779999256134034,2026-09-18,34.005,0.2
SPY261130C00747000,2026-09-17 20:13:40+00:00,747.0,32.04,31.26,33.44,0.0,0.0,4.0,710.0,0.18889666091918944,True,REGULAR,USD,2026-11-30,761.6900024414062,0.039779999256134034,2026-09-18,32.35,0.2
SPY261130C00748000,2026-09-14 15:15:08+00:00,748.0,30.08,30.49,33.57,0.0,0.0,9.0,96.0,0.19422192504882813,True,REGULAR,USD,2026-11-30,761.6900024414062,0.039779999256134034,2026-09-18,32.03,0.2
SPY261130C00749000,2026-09-17 18:15:02+00:00,749.0,30.82,30.19,32.91,0.0,0.0,2.0,152.0,0.19348951049804688,True,REGULAR,USD,2026-11-30,761.6900024414062,0.039779999256134034,2026-09-18,31.549999999999997,0.2
SPY261130C00750000,2026-09-18 18:53:18+00:00,750.0,29.9,30.58,31.1,0.09000015,0.30191264,416.0,773.0,0.18402915588378904,True,REGULAR,USD,2026-11-30,761.6900024414062,0.039779999256134034,2026-09-18,30.84,0.2
SPY261130C00751000,2026-09-17 19:54:40+00:00,751.0,29.59,28.7,31.35,0.0,0.0,3.0,214.0,0.190086834564209,True,REGULAR,USD,2026-11-30,761.6900024414062,0.039779999256134034,2026-09-18,30.025,0.2
SPY261130C00752000,2026-09-16 19:15:39+00:00,752.0,22.64,28.47,30.16,0.0,0.0,411.0,188.0,0.18526510543823238,True,REGULAR,USD,2026-11-30,761.6900024414062,0.039779999256134034,2026-09-18,29.314999999999998,0.2
SPY261130C00753000,2026-09-18 18:59:21+00:00,753.0,27.55,27.69,29.43,-0.060001373,-0.21731754,4.0,278.0,0.18386131088256835,True,REGULAR,USD,2026-11-30,761.6900024414062,0.039779999256134034,2026-09-18,28.560000000000002,0.2
SPY261130C00754000,2026-09-18 16:14:46+00:00,754.0,25.54,27.6,28.7,-1.8899994,-6.890264,14.0,133.0,0.18241174041748048,True,REGULAR,USD,2026-11-30,761.6900024414062,0.039779999256134034,2026-09-18,28.15,0.2
SPY261130C00755000,2026-09-18 19:27:57+00:00,755.0,26.47,26.94,27.39,-0.030000687,-0.11321014,2.0,341.0,0.1766134585571289,True,REGULAR,USD,2026-11-30,761.6900024414062,0.039779999256134034,2026-09-18,27.165,0.2
SPY261130C00756000,2026-09-18 16:12:44+00:00,756.0,24.19,26.17,27.26,-0.539999,-2.1835787,14.0,362.0,0.17954311676025392,True,REGULAR,USD,2026-11-30,761.6900024414062,0.039779999256134034,2026-09-18,26.715000000000003,0.2
SPY261130C00757000,2026-09-18 15:36:15+00:00,757.0,23.87,25.02,26.08,-0.9899998,-3.9822998,4.0,190.0,0.1746450944519043,True,REGULAR,USD,2026-11-30,761.6900024414062,0.039779999256134034,2026-09-18,25.549999999999997,0.2
SPY261130C00758000,2026-09-18 13:31:57+00:00,758.0,24.44,24.62,25.41,-0.01999855,-0.08176023,1.0,2189.0,0.17347017944335938,True,REGULAR,USD,2026-11-30,761.6900024414062,0.039779999256134034,2026-09-18,25.015,0.2
SPY261130C00759000,2026-09-18 20:05:06+00:00,759.0,24.05,24.09,24.67,0.059999466,0.25010198,24.0,126.0,0.17174595352172856,True,REGULAR,USD,2026-11-30,761.6900024414062,0.039779999256134034,2026-09-18,24.380000000000003,0.2
SPY261130C00760000,2026-09-18 20:08:44+00:00,760.0,23.6,23.44,24.0,0.39999962,1.7241362,438.0,2491.0,0.1704947453308106,True,REGULAR,USD,2026-11-30,761.6900024414062,0.039779999256134034,2026-09-18,23.72,0.2
SPY261130C00761000,2026-09-18 19:54:12+00:00,761.0,22.5,22.74,23.43,0.6000004,2.7397277,225.0,292.0,0.16993017578125003,True,REGULAR,USD,2026-11-30,761.6900024414062,0.039779999256134034,2026-09-18,23.085,0.2
SPY261130C00762000,2026-09-18 20:01:59+00:00,762.0,21.99,22.08,23.09,0.11000061,0.50274503,18.0,599.0,0.17099828033447267,False,REGULAR,USD,2026-11-30,761.6900024414062,0.039779999256134034,2026-09-18,22.585,0.2
SPY261130C00763000,2026-09-18 20:05:47+00:00,763.0,21.5,21.23,22.46,0.12000084,0.56127614,11.0,869.0,0.1698920291900635,False,REGULAR,USD,2026-11-30,761.6900024414062,0.039779999256134034,2026-09-18,21.845,0.2
SPY261130C00764000,2026-09-18 20:08:03+00:00,764.0,21.09,20.48,21.62,0.45000076,2.1802363,28.0,416.0,0.16718362121582034,False,REGULAR,USD,2026-11-30,761.6900024414062,0.039779999256134034,2026-09-18,21.05,0.2
SPY261130C00765000,2026-09-18 20:12:41+00:00,765.0,20.49,20.15,20.81,0.5300007,2.6553142,290.0,737.0,0.16465068756103518,False,REGULAR,USD,2026-11-30,761.6900024414062,0.039779999256134034,2026-09-18,20.479999999999997,0.2
SPY261130C00766000,2026-09-18 19:01:59+00:00,766.0,18.88,19.75,19.85,-0.25,-1.3068479,2.0,189.0,0.1609580975341797,False,REGULAR,USD,2026-11-30,761.6900024414062,0.039779999256134034,2026-09-18,19.8,0.2
SPY261130C00767000,2026-09-18 19:11:47+00:00,767.0,18.3,19.13,19.23,-0.34000015,-1.8240352,26.0,308.0,0.15970688934326172,False,REGULAR,USD,2026-11-30,761.6900024414062,0.039779999256134034,2026-09-18,19.18,0.2
SPY261130C00768000,2026-09-18 19:40:46+00:00,768.0,17.66,18.52,18.63,-0.1800003,-1.0089703,19.0,538.0,0.15856249160766606,False,REGULAR,USD,2026-11-30,761.6900024414062,0.039779999256134034,2026-09-18,18.575,0.2
SPY261130C00769000,2026-09-18 18:47:10+00:00,769.0,17.11,17.93,18.03,0.710001,4.3292747,10.0,392.0,0.15734180068969728,False,REGULAR,USD,2026-11-30,761.6900024414062,0.039779999256134034,2026-09-18,17.98,0.2
SPY261130C00770000,2026-09-18 20:13:42+00:00,770.0,17.47,17.33,17.45,0.7199993,4.2985034,104.0,1436.0,0.1562279202270508,False,REGULAR,USD,2026-11-30,761.6900024414062,0.039779999256134034,2026-09-18,17.39,0.2
SPY261130C00771000,2026-09-18 18:54:08+00:00,771.0,16.23,16.76,16.86,0.25999928,1.6280481,5.0,552.0,0.15497671203613284,False,REGULAR,USD,2026-11-30,761.6900024414062,0.039779999256134034,2026-09-18,16.810000000000002,0.2
SPY261130C00772000,2026-09-18 19:36:30+00:00,772.0,15.29,16.19,16.29,-0.31000042,-1.9871821,2.0,726.0,0.1538017970275879,False,REGULAR,USD,2026-11-30,761.6900024414062,0.039779999256134034,2026-09-18,16.240000000000002,0.2
SPY261130C00773000,2026-09-18 19:36:30+00:00,773.0,14.75,15.64,15.74,-0.4499998,-2.960525,1.0,863.0,0.15271843383789066,False,REGULAR,USD,2026-11-30,761.6900024414062,0.039779999256134034,2026-09-18,15.690000000000001,0.2
SPY261130C00774000,2026-09-18 14:13:22+00:00,774.0,13.68,15.09,15.2,-0.77999973,-5.394189,1.0,341.0,0.15165032928466798,False,REGULAR,USD,2026-11-30,761.6900024414062,0.039779999256134034,2026-09-18,15.145,0.2
SPY261130C00775000,2026-09-18 20:14:21+00:00,775.0,14.6,14.55,14.66,0.15000057,1.0380663,143.0,706.0,0.1505211901855469,False,REGULAR,USD,2026-11-30,761.6900024414062,0.039779999256134034,2026-09-18,14.605,0.2
SPY261130C00776000,2026-09-18 15:33:20+00:00,776.0,12.73,14.04,14.14,-1.1400003,-8.21918,2.0,148.0,0.14946834426879885,False,REGULAR,USD,2026-11-30,761.6900024414062,0.039779999256134034,2026-09-18,14.09,0.2
SPY261130C00777000,2026-09-17 19:53:31+00:00,777.0,13.36,13.53,13.62,0.0,0.0,5.0,352.0,0.14836972244262697,False,REGULAR,USD,2026-11-30,761.6900024414062,0.039779999256134034,2026-09-18,13.575,0.2
SPY261130C00778000,2026-09-18 17:18:26+00:00,778.0,11.71,13.02,13.12,0.46000004,4.088889,3.0,530.0,0.14733213516235355,False,REGULAR,USD,2026-11-30,761.6900024414062,0.039779999256134034,2026-09-18,13.07,0.2
SPY261130C00779000,2026-09-17 16:05:06+00:00,779.0,12.13,12.53,12.63,0.0,0.0,81.0,922.0,0.14630980651855469,False,REGULAR,USD,2026-11-30,761.6900024414062,0.039779999256134034,2026-09-18,12.58,0.2
SPY261130C00780000,2026-09-18 19:57:30+00:00,780.0,11.61,12.06,12.15,-0.27000046,-2.272731,881.0,4176.0,0.1453027365112305,False,REGULAR,USD,2026-11-30,761.6900024414062,0.039779999256134034,2026-09-18,12.105,0.2
SPY261130C00781000,2026-09-17 13:37:12+00:00,781.0,10.73,11.59,11.68,0.0,0.0,1.0,668.0,0.14429566650390624,False,REGULAR,USD,2026-11-30,761.6900024414062,0.039779999256134034,2026-09-18,11.635,0.2
SPY261130C00782000,2026-09-17 16:58:49+00:00,782.0,10.63,11.13,11.23,0.0,0.0,4.0,360.0,0.1433801483154297,False,REGULAR,USD,2026-11-30,761.6900024414062,0.039779999256134034,2026-09-18,11.18,0.2
SPY261130C00783000,2026-09-17 18:18:24+00:00,783.0,10.38,10.69,10.79,0.0,0.0,1.0,246.0,0.14246463012695312,False,REGULAR,USD,2026-11-30,761.6900024414062,0.039779999256134034,2026-09-18,10.739999999999998,0.2
SPY261130C00784000,2026-09-16 19:10:49+00:00,784.0,7.11,10.26,10.35,0.0,0.0,2.0,60.0,0.14148807739257813,False,REGULAR,USD,2026-11-30,761.6900024414062,0.039779999256134034,2026-09-18,10.305,0.2
SPY261130C00785000,2026-09-18 20:11:58+00:00,785.0,10.01,9.85,9.93,0.39000034,4.0540576,18.0,831.0,0.14058781784057617,False,REGULAR,USD,2026-11-30,761.6900024414062,0.039779999256134034,2026-09-18,9.89,0.2
SPY261130C00786000,2026-09-18 14:08:12+00:00,786.0,8.34,9.44,9.52,1.3400002,19.142859,10.0,104.0,0.1396875582885742,False,REGULAR,USD,2026-11-30,761.6900024414062,0.039779999256134034,2026-09-18,9.48,0.2
SPY261130C00787000,2026-09-15 15:35:06+00:00,787.0,7.91,9.04,9.13,0.0,0.0,1.0,27.0,0.13889410919189454,False,REGULAR,USD,2026-11-30,761.6900024414062,0.039779999256134034,2026-09-18,9.085,0.2
SPY261130C00788000,2026-09-18 19:51:57+00:00,788.0,8.17,8.66,8.74,1.7000003,26.275122,2.0,95.0,0.1380091082763672,False,REGULAR,USD,2026-11-30,761.6900024414062,0.039779999256134034,2026-09-18,8.7,0.2
SPY261130C00789000,2026-09-18 20:03:45+00:00,789.0,8.17,8.28,8.37,0.1800003,2.25282,3.0,962.0,0.13721565917968753,False,REGULAR,USD,2026-11-30,761.6900024414062,0.039779999256134034,2026-09-18,8.325,0.2
SPY261130C00790000,2026-09-18 19:51:57+00:00,790.0,7.41,7.93,8.01,-0.41000032,-5.2429705,14.0,1410.0,0.13643746871948242,False,REGULAR,USD,2026-11-30,761.6900024414062,0.039779999256134034,2026-09-18,7.97,0.2
SPY261130C00791000,2026-09-17 19:59:53+00:00,791.0,7.3,7.58,7.66,0.0,0.0,2.0,16.0,0.13565927825927737,False,REGULAR,USD,2026-11-30,761.6900024414062,0.039779999256134034,2026-09-18,7.62,0.2
SPY261130C00792000,2026-09-17 13:55:33+00:00,792.0,6.87,7.24,7.32,0.21000004,3.153154,1.0,23.0,0.1348963464355469,False,REGULAR,USD,2026-11-30,761.6900024414062,0.039779999256134034,2026-09-18,7.28,0.2
SPY261130C00793000,2026-09-17 16:44:36+00:00,793.0,6.74,6.92,7.0,0.0,0.0,2.0,463.0,0.13422496643066406,False,REGULAR,USD,2026-11-30,761.6900024414062,0.039779999256134034,2026-09-18,6.96,0.2
SPY261130C00794000,2026-09-18 16:23:48+00:00,794.0,5.53,6.61,6.69,0.72000027,14.968822,5.0,105.0,0.13356884506225586,False,REGULAR,USD,2026-11-30,761.6900024414062,0.039779999256134034,2026-09-18,6.65,0.2
SPY261130C00795000,2026-09-18 19:56:16+00:00,795.0,5.98,6.31,6.38,-0.15999985,-2.6058607,53.0,579.0,0.132821171875,False,REGULAR,USD,2026-11-30,761.6900024414062,0.039779999256134034,2026-09-18,6.345,0.2
SPY261130C00796000,2026-09-18 15:41:09+00:00,796.0,5.19,6.02,6.09,-0.52,-9.10683,4.0,154.0,0.13219556777954106,False,REGULAR,USD,2026-11-30,761.6900024414062,0.039779999256134034,2026-09-18,6.055,0.2
SPY261130C00797000,2026-09-18 16:54:55+00:00,797.0,5.01,5.74,5.81,-0.52,-9.4032545,102.0,215.0,0.13158522232055664,False,REGULAR,USD,2026-11-30,761.6900024414062,0.039779999256134034,2026-09-18,5.775,0.2
SPY261130C00798000,2026-09-18 20:02:28+00:00,798.0,5.4,5.48,5.53,0.69000006,14.649683,4.0,2.0,0.1308833250427246,False,REGULAR,USD,2026-11-30,761.6900024414062,0.039779999256134034,2026-09-18,5.505000000000001,0.2
SPY261130C00799000,2026-09-18 18:45:03+00:00,799.0,4.67,5.22,5.27,-0.4499998,-8.789059,7.0,17.0,0.1302882382202148,False,REGULAR,USD,2026-11-30,761.6900024414062,0.039779999256134034,2026-09-18,5.244999999999999,0.2
SPY261130C00800000,2026-09-18 20:11:58+00:00,800.0,5.05,4.97,5.02,0.05000019,1.0000038,26.0,2276.0,0.12973892730712888,False,REGULAR,USD,2026-11-30,761.6900024414062,0.039779999256134034,2026-09-18,4.994999999999999,0.2
SPY261130C00801000,2026-09-18 15:54:44+00:00,801.0,4.03,4.74,4.78,-0.5999999,-12.9589615,5.0,145.0,0.12918961639404297,False,REGULAR,USD,2026-11-30,761.6900024414062,0.039779999256134034,2026-09-18,4.76,0.2
SPY261130C00802000,2026-09-17 20:00:01+00:00,802.0,3.92,4.51,4.55,-0.42000008,-9.677421,3.0,22.0,0.12867082275390623,False,REGULAR,USD,2026-11-30,761.6900024414062,0.039779999256134034,2026-09-18,4.529999999999999,0.2
SPY261130C00803000,2026-09-18 19:16:19+00:00,803.0,3.95,4.29,4.33,0.0,0.0,2.0,30.0,0.12818254638671872,False,REGULAR,USD,2026-11-30,761.6900024414062,0.039779999256134034,2026-09-18,4.3100000000000005,0.2
SPY261130C00804000,2026-09-18 18:54:31+00:00,804.0,3.86,4.08,4.11,-0.16000009,-3.9801013,2.0,40.0,0.12760271820068358,False,REGULAR,USD,2026-11-30,761.6900024414062,0.039779999256134034,2026-09-18,4.095000000000001,0.2
SPY261130C00805000,2026-09-18 20:10:44+00:00,805.0,3.92,3.87,3.91,0.18000007,4.812836,13.0,251.0,0.1271602177429199,False,REGULAR,USD,2026-11-30,761.6900024414062,0.039779999256134034,2026-09-18,3.89,0.2
SPY261130C00806000,2026-09-18 20:01:57+00:00,806.0,3.58,3.68,3.72,0.03999996,1.1299424,16.0,20635.0,0.12674823455810547,False,REGULAR,USD,2026-11-30,761.6900024414062,0.039779999256134034,2026-09-18,3.7,0.2
SPY261130C00807000,2026-09-18 19:57:26+00:00,807.0,3.29,3.5,3.53,-0.11000013,-3.235298,3.0,530.0,0.12627521682739257,False,REGULAR,USD,2026-11-30,761.6900024414062,0.039779999256134034,2026-09-18,3.5149999999999997,0.2
SPY261130C00808000,2026-09-18 17:02:08+00:00,808.0,2.82,3.32,3.36,-0.4100001,-12.6935005,1.0,881.0,0.1259547854614258,False,REGULAR,USD,2026-11-30,761.6900024414062,0.039779999256134034,2026-09-18,3.34,0.2
SPY261130C00809000,2026-09-18 14:01:17+00:00,809.0,2.84,3.15,3.19,-0.20000005,-6.5789485,1.0,123.0,0.12555806091308597,False,REGULAR,USD,2026-11-30,761.6900024414062,0.039779999256134034,2026-09-18,3.17,0.2
SPY261130C00810000,2026-09-18 18:54:31+00:00,810.0,2.81,2.99,3.02,-0.08000016,-2.7681715,5.0,601.0,0.12506978454589845,False,REGULAR,USD,2026-11-30,761.6900024414062,0.039779999256134034,2026-09-18,3.005,0.2
SPY261130C00811000,2026-09-17 18:30:52+00:00,811.0,2.79,2.83,2.87,0.0,0.0,23.0,185.0,0.12476461181640625,False,REGULAR,USD,2026-11-30,761.6900024414062,0.039779999256134034,2026-09-18,2.85,0.2
SPY261130C00812000,2026-09-16 18:56:07+00:00,812.0,1.9,2.69,2.72,0.0,0.0,285.0,444.0,0.12439840454101564,False,REGULAR,USD,2026-11-30,761.6900024414062,0.039779999256134034,2026-09-18,2.705,0.2
SPY261130C00813000,2026-09-17 13:43:13+00:00,813.0,2.34,2.55,2.58,0.0,0.0,2.0,12.0,0.12407797317504884,False,REGULAR,USD,2026-11-30,761.6900024414062,0.039779999256134034,2026-09-18,2.565,0.2
SPY261130C00814000,2026-09-18 18:45:03+00:00,814.0,2.12,2.41,2.45,-0.19000006,-8.225111,3.0,15.0,0.12381857635498048,False,REGULAR,USD,2026-11-30,761.6900024414062,0.039779999256134034,2026-09-18,2.43,0.2
SPY261130C00815000,2026-09-18 16:55:22+00:00,815.0,1.95,2.29,2.32,-0.3399999,-14.847158,299.0,311.0,0.12348288635253907,False,REGULAR,USD,2026-11-30,761.6900024414062,0.039779999256134034,2026-09-18,2.3049999999999997,0.2
SPY261130C00816000,2026-09-18 14:36:06+00:00,816.0,1.86,2.17,2.2,0.31000006,20.000004,2.0,25.0,0.12323874816894533,False,REGULAR,USD,2026-11-30,761.6900024414062,0.039779999256134034,2026-09-18,2.185,0.2
SPY261130C00817000,2026-09-18 19:57:26+00:00,817.0,1.92,2.05,2.08,-0.03000009,-1.5384661,3.0,134.0,0.1229030581665039,False,REGULAR,USD,2026-11-30,761.6900024414062,0.039779999256134034,2026-09-18,2.065,0.2
SPY261130C00818000,2026-09-16 19:52:20+00:00,818.0,1.34,1.94,1.97,0.0,0.0,15.0,17.0,0.12262840270996095,False,REGULAR,USD,2026-11-30,761.6900024414062,0.039779999256134034,2026-09-18,1.955,0.2
SPY261130C00819000,2026-09-17 14:19:51+00:00,819.0,1.74,1.84,1.87,0.0,0.0,2.0,353.0,0.12247581634521486,False,REGULAR,USD,2026-11-30,761.6900024414062,0.039779999256134034,2026-09-18,1.855,0.2
SPY261130C00820000,2026-09-18 20:04:11+00:00,820.0,1.71,1.74,1.77,0.03000009,1.7857198,17.0,1822.0,0.12223167816162112,False,REGULAR,USD,2026-11-30,761.6900024414062,0.039779999256134034,2026-09-18,1.755,0.2
SPY261130C00825000,2026-09-18 19:41:01+00:00,825.0,1.19,1.32,1.35,-0.089999914,-7.0312433,10.0,236.0,0.12140771179199218,False,REGULAR,USD,2026-11-30,761.6900024414062,0.039779999256134034,2026-09-18,1.335,0.2
SPY261130C00830000,2026-09-18 20:10:27+00:00,830.0,1.01,1.0,1.03,-0.01999998,-1.9417458,131.0,1837.0,0.12098046997070314,False,REGULAR,USD,2026-11-30,761.6900024414062,0.039779999256134034,2026-09-18,1.0150000000000001,0.2
SPY261130C00835000,2026-09-18 19:07:02+00:00,835.0,0.7,0.77,0.79,-0.06999999,-9.090908,19.0,1156.0,0.1209194354248047,False,REGULAR,USD,2026-11-30,761.6900024414062,0.039779999256134034,2026-09-18,0.78,0.2
SPY261130C00840000,2026-09-18 15:16:32+00:00,840.0,0.51,0.6,0.62,-0.06999999,-12.068964,2.0,358.0,0.12152978088378906,False,REGULAR,USD,2026-11-30,761.6900024414062,0.039779999256134034,2026-09-18,0.61,0.2
SPY261130C00845000,2026-09-16 19:05:24+00:00,845.0,0.47,0.47,0.49,0.16999999,56.666656,1.0,426.0,0.1223842645263672,False,REGULAR,USD,2026-11-30,761.6900024414062,0.039779999256134034,2026-09-18,0.48,0.2
SPY261130C00850000,2026-09-18 18:55:00+00:00,850.0,0.35,0.37,0.39,-0.030000001,-7.894737,71.0,5179.0,0.12342185180664064,False,REGULAR,USD,2026-11-30,761.6900024414062,0.039779999256134034,2026-09-18,0.38,0.2
SPY261130C00855000,2026-09-18 16:50:47+00:00,855.0,0.26,0.3,0.32,-0.02000001,-7.1428604,1.0,144.0,0.12500875,False,REGULAR,USD,2026-11-30,761.6900024414062,0.039779999256134034,2026-09-18,0.31,0.2
SPY261130C00860000,2026-09-18 14:43:05+00:00,860.0,0.21,0.25,0.26,0.03999999,23.529406,6.0,659.0,0.12647357910156248,False,REGULAR,USD,2026-11-30,761.6900024414062,0.039779999256134034,2026-09-18,0.255,0.2
SPY261130C00865000,2026-09-18 14:15:47+00:00,865.0,0.19,0.2,0.22,0.00999999,5.55555,8.0,809.0,0.12854875366210936,False,REGULAR,USD,2026-11-30,761.6900024414062,0.039779999256134034,2026-09-18,0.21000000000000002,0.2
SPY261130C00870000,2026-09-18 15:18:54+00:00,870.0,0.15,0.17,0.19,0.0,0.0,2.0,1179.0,0.13086806640624998,False,REGULAR,USD,2026-11-30,761.6900024414062,0.039779999256134034,2026-09-18,0.18,0.2
SPY261130C00875000,2026-09-18 13:59:58+00:00,875.0,0.14,0.14,0.16,0.030000001,27.272728,1.0,75.0,0.132821171875,False,REGULAR,USD,2026-11-30,761.6900024414062,0.039779999256134034,2026-09-18,0.15000000000000002,0.2
SPY261130C00880000,2026-09-18 15:14:53+00:00,880.0,0.11,0.12,0.14,0.0,0.0,10.0,1127.0,0.13526255371093754,False,REGULAR,USD,2026-11-30,761.6900024414062,0.039779999256134034,2026-09-18,0.13,0.2
SPY261130C00885000,2026-09-17 20:06:51+00:00,885.0,0.11,0.11,0.12,0.0,0.0,6.0,240.0,0.13721565917968753,False,REGULAR,USD,2026-11-30,761.6900024414062,0.039779999256134034,2026-09-18,0.11499999999999999,0.2
SPY261130C00890000,2026-09-15 15:30:49+00:00,890.0,0.07,0.09,0.1,0.0,0.0,1.0,259.0,0.13868048828125001,False,REGULAR,USD,2026-11-30,761.6900024414062,0.039779999256134034,2026-09-18,0.095,0.2
SPY261130C00895000,2026-09-16 17:28:10+00:00,895.0,0.08,0.08,0.09,0.0,0.0,1.0,3261.0,0.141610146484375,False,REGULAR,USD,2026-11-30,761.6900024414062,0.039779999256134034,2026-09-18,0.08499999999999999,0.2
SPY261130C00900000,2026-09-18 18:49:43+00:00,900.0,0.07,0.07,0.08,0.010000002,16.66667,15.0,3990.0,0.14405152832031248,False,REGULAR,USD,2026-11-30,761.6900024414062,0.039779999256134034,2026-09-18,0.07500000000000001,0.2
SPY261130C00905000,2026-09-15 16:53:06+00:00,905.0,0.05,0.06,0.07,0.0,0.0,1.0,141.0,0.14600463378906248,False,REGULAR,USD,2026-11-30,761.6900024414062,0.039779999256134034,2026-09-18,0.065,0.2
SPY261130C00910000,2026-09-18 17:37:00+00:00,910.0,0.05,0.05,0.06,0.0,0.0,24.0,60.0,0.14795773925781253,False,REGULAR,USD,2026-11-30,761.6900024414062,0.039779999256134034,2026-09-18,0.055,0.2
SPY261218C00610000,2026-09-17 15:36:40+00:00,610.0,157.96,159.44,162.93,0.0,0.0,1.0,1357.0,0.4281368222045898,True,REGULAR,USD,2026-12-18,761.6900024414062,0.039779999256134034,2026-09-18,161.185,0.2493150684931507
SPY261218C00615000,2026-09-18 14:28:00+00:00,615.0,153.12,154.6,158.09,0.55999756,0.3670671,1.0,1468.0,0.4189816403198242,True,REGULAR,USD,2026-12-18,761.6900024414062,0.039779999256134034,2026-09-18,156.345,0.2493150684931507
SPY261218C00620000,2026-09-18 18:21:00+00:00,620.0,149.0,149.77,153.3,10.5099945,7.5889916,1.0,2734.0,0.41042154525756835,True,REGULAR,USD,2026-12-18,761.6900024414062,0.039779999256134034,2026-09-18,151.53500000000003,0.2493150684931507
SPY261218C00625000,2026-09-18 13:30:04+00:00,625.0,145.15,145.18,148.49,-0.070007324,-0.04820777,10.0,1617.0,0.40154101882934573,True,REGULAR,USD,2026-12-18,761.6900024414062,0.039779999256134034,2026-09-18,146.835,0.2493150684931507
SPY261218C00630000,2026-09-18 19:32:56+00:00,630.0,140.19,140.37,143.71,-0.7799988,-0.55330837,10.0,905.0,0.3929504064941406,True,REGULAR,USD,2026-12-18,761.6900024414062,0.039779999256134034,2026-09-18,142.04000000000002,0.2493150684931507
SPY261218C00635000,2026-09-14 19:35:00+00:00,635.0,135.32,135.56,138.91,0.0,0.0,1.0,1766.0,0.3840698800659179,True,REGULAR,USD,2026-12-18,761.6900024414062,0.039779999256134034,2026-09-18,137.235,0.2493150684931507
SPY261218C00640000,2026-09-18 15:23:24+00:00,640.0,129.45,130.77,134.15,-0.15000916,-0.1157478,1.0,2240.0,0.37555556091308595,True,REGULAR,USD,2026-12-18,761.6900024414062,0.039779999256134034,2026-09-18,132.46,0.2493150684931507
SPY261218C00645000,2026-09-18 19:32:55+00:00,645.0,127.75,125.98,129.39,1.4899979,1.1801028,19.0,1160.0,0.36694968994140625,True,REGULAR,USD,2026-12-18,761.6900024414062,0.039779999256134034,2026-09-18,127.685,0.2493150684931507
SPY261218C00650000,2026-09-18 18:45:16+00:00,650.0,120.7,121.21,124.87,-0.8600006,-0.70747006,130.0,3529.0,0.3608004594421386,True,REGULAR,USD,2026-12-18,761.6900024414062,0.039779999256134034,2026-09-18,123.03999999999999,0.2493150684931507
SPY261218C00655000,2026-09-18 16:17:47+00:00,655.0,114.61,116.45,120.11,-1.3899994,-1.1982753,3.0,1090.0,0.3519657089233398,True,REGULAR,USD,2026-12-18,761.6900024414062,0.039779999256134034,2026-09-18,118.28,0.2493150684931507
SPY261218C00660000,2026-09-18 20:06:51+00:00,660.0,112.77,111.71,115.37,1.0199966,0.9127487,2.0,1396.0,0.343207251586914,True,REGULAR,USD,2026-12-18,761.6900024414062,0.039779999256134034,2026-09-18,113.53999999999999,0.2493150684931507
SPY261218C00665000,2026-09-18 19:32:55+00:00,665.0,107.83,106.99,110.65,0.59000397,0.55017155,3.0,1675.0,0.33457086334228514,True,REGULAR,USD,2026-12-18,761.6900024414062,0.039779999256134034,2026-09-18,108.82,0.2493150684931507
SPY261218C00670000,2026-09-18 15:03:14+00:00,670.0,101.09,102.28,105.95,-1.4800034,-1.4429203,7.0,2354.0,0.32598025100708,True,REGULAR,USD,2026-12-18,761.6900024414062,0.039779999256134034,2026-09-18,104.11500000000001,0.2493150684931507
SPY261218C00675000,2026-09-18 19:05:25+00:00,675.0,97.89,97.61,101.27,-0.05999756,-0.061253253,3.0,4298.0,0.3174506732177734,True,REGULAR,USD,2026-12-18,761.6900024414062,0.039779999256134034,2026-09-18,99.44,0.2493150684931507
SPY261218C00680000,2026-09-18 19:18:05+00:00,680.0,93.57,92.95,96.62,-0.37999725,-0.40446755,2.0,4727.0,0.30904316452026365,True,REGULAR,USD,2026-12-18,761.6900024414062,0.039779999256134034,2026-09-18,94.785,0.2493150684931507
SPY261218C00685000,2026-09-18 19:52:00+00:00,685.0,88.96,88.32,91.99,0.5,0.5652272,5.0,2845.0,0.30063565582275387,True,REGULAR,USD,2026-12-18,761.6900024414062,0.039779999256134034,2026-09-18,90.155,0.2493150684931507
SPY261218C00690000,2026-09-16 20:14:25+00:00,690.0,76.47,83.71,87.39,0.0,0.0,9.0,3487.0,0.29231969894409165,True,REGULAR,USD,2026-12-18,761.6900024414062,0.039779999256134034,2026-09-18,85.55,0.2493150684931507
SPY261218C00695000,2026-09-18 19:05:26+00:00,695.0,79.52,79.15,82.82,-0.6700058,-0.83552283,6.0,2169.0,0.284064776611328,True,REGULAR,USD,2026-12-18,761.6900024414062,0.039779999256134034,2026-09-18,80.985,0.2493150684931507
SPY261218C00700000,2026-09-18 19:55:47+00:00,700.0,75.53,74.62,78.29,0.41999817,0.5591774,44.0,10118.0,0.27590140609741204,True,REGULAR,USD,2026-12-18,761.6900024414062,0.039779999256134034,2026-09-18,76.45500000000001,0.2493150684931507
SPY261218C00705000,2026-09-18 16:00:35+00:00,705.0,68.5,70.13,73.81,-2.209999,-3.1254406,9.0,3577.0,0.2679058805847168,True,REGULAR,USD,2026-12-18,761.6900024414062,0.039779999256134034,2026-09-18,71.97,0.2493150684931507
SPY261218C00710000,2026-09-18 19:05:51+00:00,710.0,66.27,65.69,69.37,-0.16000366,-0.24086055,3.0,7393.0,0.2599408723449707,True,REGULAR,USD,2026-12-18,761.6900024414062,0.039779999256134034,2026-09-18,67.53,0.2493150684931507
SPY261218C00715000,2026-09-17 19:20:14+00:00,715.0,62.0,61.3,64.99,0.0,0.0,6.0,2491.0,0.25214370910644535,True,REGULAR,USD,2026-12-18,761.6900024414062,0.039779999256134034,2026-09-18,63.144999999999996,0.2493150684931507
SPY261218C00720000,2026-09-18 18:22:30+00:00,720.0,56.72,56.96,60.65,-1.079998,-1.8685087,13.0,4494.0,0.2443007699584961,True,REGULAR,USD,2026-12-18,761.6900024414062,0.039779999256134034,2026-09-18,58.805,0.2493150684931507
SPY261218C00725000,2026-09-18 16:59:33+00:00,725.0,51.85,52.69,56.39,-1.7300034,-3.228823,5.0,5043.0,0.23667145172119142,True,REGULAR,USD,2026-12-18,761.6900024414062,0.039779999256134034,2026-09-18,54.54,0.2493150684931507
SPY261218C00730000,2026-09-18 15:03:14+00:00,730.0,47.81,48.5,52.21,-1.2899971,-2.6272855,5.0,8449.0,0.22922523712158205,True,REGULAR,USD,2026-12-18,761.6900024414062,0.039779999256134034,2026-09-18,50.355000000000004,0.2493150684931507
SPY261218C00735000,2026-09-18 19:47:30+00:00,735.0,45.31,44.4,48.11,-0.4699974,-1.0266435,1.0,4573.0,0.22187057434082028,True,REGULAR,USD,2026-12-18,761.6900024414062,0.039779999256134034,2026-09-18,46.254999999999995,0.2493150684931507
SPY261218C00740000,2026-09-18 15:13:24+00:00,740.0,39.9,40.4,43.64,-1.5999985,-3.855418,17.0,6890.0,0.21143366699218746,True,REGULAR,USD,2026-12-18,761.6900024414062,0.039779999256134034,2026-09-18,42.019999999999996,0.2493150684931507
SPY261218C00745000,2026-09-18 20:11:45+00:00,745.0,38.5,36.5,39.78,2.2299995,6.1483307,22.0,8260.0,0.20471223762512203,True,REGULAR,USD,2026-12-18,761.6900024414062,0.039779999256134034,2026-09-18,38.14,0.2493150684931507
SPY261218C00750000,2026-09-18 20:11:47+00:00,750.0,34.79,32.73,35.0,0.87000275,2.5648668,213.0,29733.0,0.19113968048095703,True,REGULAR,USD,2026-12-18,761.6900024414062,0.039779999256134034,2026-09-18,33.864999999999995,0.2493150684931507
SPY261218C00755000,2026-09-18 19:56:38+00:00,755.0,30.15,30.37,31.42,-0.39999962,-1.3093277,129.0,10556.0,0.185005708618164,True,REGULAR,USD,2026-12-18,761.6900024414062,0.039779999256134034,2026-09-18,30.895000000000003,0.2493150684931507
SPY261218C00760000,2026-09-18 20:11:13+00:00,760.0,27.52,26.95,27.95,0.9200001,3.4586468,385.0,15191.0,0.17878018493652342,True,REGULAR,USD,2026-12-18,761.6900024414062,0.039779999256134034,2026-09-18,27.45,0.2493150684931507
SPY261218C00765000,2026-09-18 20:13:38+00:00,765.0,24.27,24.18,24.29,0.5300007,2.2325218,741.0,11136.0,0.17040319351196292,False,REGULAR,USD,2026-12-18,761.6900024414062,0.039779999256134034,2026-09-18,24.235,0.2493150684931507
SPY261218C00770000,2026-09-18 20:08:31+00:00,770.0,20.97,21.09,21.2,0.21999931,1.0602376,804.0,13221.0,0.16476512733459472,False,REGULAR,USD,2026-12-18,761.6900024414062,0.039779999256134034,2026-09-18,21.145,0.2493150684931507
SPY261218C00775000,2026-09-18 19:59:00+00:00,775.0,17.57,18.22,18.33,-0.050001144,-0.2837749,607.0,11776.0,0.15947800979614257,False,REGULAR,USD,2026-12-18,761.6900024414062,0.039779999256134034,2026-09-18,18.275,0.2493150684931507
SPY261218C00780000,2026-09-18 20:09:56+00:00,780.0,15.45,15.58,15.7,0.34000015,2.2501664,282.0,29144.0,0.15461050476074223,False,REGULAR,USD,2026-12-18,761.6900024414062,0.039779999256134034,2026-09-18,15.64,0.2493150684931507
SPY261218C00785000,2026-09-18 19:44:14+00:00,785.0,12.63,13.21,13.31,-0.32999992,-2.5462956,233.0,15701.0,0.1500786897277832,False,REGULAR,USD,2026-12-18,761.6900024414062,0.039779999256134034,2026-09-18,13.260000000000002,0.2493150684931507
SPY261218C00790000,2026-09-18 20:00:46+00:00,790.0,10.75,11.08,11.17,0.029999733,0.27984825,146.0,14149.0,0.14594359924316402,False,REGULAR,USD,2026-12-18,761.6900024414062,0.039779999256134034,2026-09-18,11.125,0.2493150684931507
SPY261218C00795000,2026-09-18 20:11:06+00:00,795.0,9.25,9.21,9.29,0.22000027,2.4363265,90.0,9957.0,0.1422815264892578,False,REGULAR,USD,2026-12-18,761.6900024414062,0.039779999256134034,2026-09-18,9.25,0.2493150684931507
SPY261218C00800000,2026-09-18 20:14:57+00:00,800.0,7.66,7.58,7.66,0.35999966,4.931502,860.0,66603.0,0.13907721282958985,False,REGULAR,USD,2026-12-18,761.6900024414062,0.039779999256134034,2026-09-18,7.62,0.2493150684931507
SPY261218C00805000,2026-09-18 20:14:09+00:00,805.0,6.24,6.22,6.25,0.13999987,2.2950797,237.0,12575.0,0.13614755462646483,False,REGULAR,USD,2026-12-18,761.6900024414062,0.039779999256134034,2026-09-18,6.234999999999999,0.2493150684931507
SPY261218C00810000,2026-09-18 20:12:00+00:00,810.0,5.09,5.04,5.08,0.10000038,2.0040157,582.0,23093.0,0.13382824188232423,False,REGULAR,USD,2026-12-18,761.6900024414062,0.039779999256134034,2026-09-18,5.0600000000000005,0.2493150684931507
SPY261218C00815000,2026-09-18 19:59:12+00:00,815.0,3.82,4.06,4.1,-0.07000017,-1.7994902,354.0,15229.0,0.131844619140625,False,REGULAR,USD,2026-12-18,761.6900024414062,0.039779999256134034,2026-09-18,4.08,0.2493150684931507
SPY261218C00820000,2026-09-18 20:10:20+00:00,820.0,3.25,3.25,3.28,0.0,0.0,325.0,14315.0,0.1300441000366211,False,REGULAR,USD,2026-12-18,761.6900024414062,0.039779999256134034,2026-09-18,3.2649999999999997,0.2493150684931507
SPY261218C00825000,2026-09-18 20:02:02+00:00,825.0,2.53,2.58,2.61,-0.03999996,-1.5564188,207.0,14532.0,0.12857927093505855,False,REGULAR,USD,2026-12-18,761.6900024414062,0.039779999256134034,2026-09-18,2.5949999999999998,0.2493150684931507
SPY261218C00830000,2026-09-18 20:14:48+00:00,830.0,2.06,2.05,2.07,0.00999999,0.4878044,48.0,56922.0,0.12741961456298828,False,REGULAR,USD,2026-12-18,761.6900024414062,0.039779999256134034,2026-09-18,2.0599999999999996,0.2493150684931507
SPY261218C00835000,2026-09-18 20:10:21+00:00,835.0,1.61,1.62,1.64,0.0,0.0,633.0,11030.0,0.12656513092041016,False,REGULAR,USD,2026-12-18,761.6900024414062,0.039779999256134034,2026-09-18,1.63,0.2493150684931507
SPY261218C00840000,2026-09-18 19:42:42+00:00,840.0,1.16,1.28,1.3,-0.08000004,-6.451616,661.0,7256.0,0.12604633728027342,False,REGULAR,USD,2026-12-18,761.6900024414062,0.039779999256134034,2026-09-18,1.29,0.2493150684931507
SPY261218C00845000,2026-09-18 19:42:38+00:00,845.0,0.93,1.01,1.03,-0.060000002,-6.060606,68.0,4937.0,0.12568013000488282,False,REGULAR,USD,2026-12-18,761.6900024414062,0.039779999256134034,2026-09-18,1.02,0.2493150684931507
SPY261218C00850000,2026-09-18 20:00:03+00:00,850.0,0.76,0.81,0.83,-0.050000012,-6.1728406,465.0,12076.0,0.12592426818847657,False,REGULAR,USD,2026-12-18,761.6900024414062,0.039779999256134034,2026-09-18,0.8200000000000001,0.2493150684931507
SPY261218C00855000,2026-09-18 19:48:34+00:00,855.0,0.61,0.65,0.67,-0.03999996,-6.1538405,8.0,4002.0,0.12629047546386718,False,REGULAR,USD,2026-12-18,761.6900024414062,0.039779999256134034,2026-09-18,0.66,0.2493150684931507
SPY261218C00860000,2026-09-18 18:10:31+00:00,860.0,0.44,0.53,0.54,-0.07999998,-15.384612,53.0,5055.0,0.12671771728515624,False,REGULAR,USD,2026-12-18,761.6900024414062,0.039779999256134034,2026-09-18,0.535,0.2493150684931507
SPY261218C00865000,2026-09-18 16:59:21+00:00,865.0,0.37,0.43,0.45,-0.060000002,-13.953488,9.0,4116.0,0.12787737365722657,False,REGULAR,USD,2026-12-18,761.6900024414062,0.039779999256134034,2026-09-18,0.44,0.2493150684931507
SPY261218C00870000,2026-09-18 19:57:17+00:00,870.0,0.35,0.36,0.37,-0.01000002,-2.7777834,16.0,2614.0,0.1287928918457031,False,REGULAR,USD,2026-12-18,761.6900024414062,0.039779999256134034,2026-09-18,0.365,0.2493150684931507
SPY261218C00875000,2026-09-18 18:10:09+00:00,875.0,0.26,0.3,0.31,-0.050000012,-16.129036,9.0,3464.0,0.13001358276367186,False,REGULAR,USD,2026-12-18,761.6900024414062,0.039779999256134034,2026-09-18,0.305,0.2493150684931507
SPY261218C00880000,2026-09-18 17:06:36+00:00,880.0,0.22,0.26,0.27,0.049999997,29.411762,24.0,5505.0,0.13196668823242189,False,REGULAR,USD,2026-12-18,761.6900024414062,0.039779999256134034,2026-09-18,0.265,0.2493150684931507
SPY261218C00885000,2026-09-18 15:40:48+00:00,885.0,0.2,0.22,0.23,0.0,0.0,2.0,3956.0,0.13343151733398437,False,REGULAR,USD,2026-12-18,761.6900024414062,0.039779999256134034,2026-09-18,0.225,0.2493150684931507
SPY261218C00890000,2026-09-17 13:31:23+00:00,890.0,0.19,0.19,0.2,0.0,0.0,5.0,2331.0,0.13526255371093754,False,REGULAR,USD,2026-12-18,761.6900024414062,0.039779999256134034,2026-09-18,0.195,0.2493150684931507
SPY261218C00895000,2026-09-17 13:35:26+00:00,895.0,0.16,0.17,0.18,0.0,0.0,1.0,1406.0,0.1374597973632813,False,REGULAR,USD,2026-12-18,761.6900024414062,0.039779999256134034,2026-09-18,0.175,0.2493150684931507
SPY261218C00900000,2026-09-18 14:50:30+00:00,900.0,0.13,0.15,0.16,-0.02000001,-13.333339,1.0,8390.0,0.139657041015625,False,REGULAR,USD,2026-12-18,761.6900024414062,0.039779999256134034,2026-09-18,0.155,0.2493150684931507
SPY261218C00905000,2026-09-08 15:24:22+00:00,905.0,0.22,0.13,0.14,0.0,0.0,2.0,2621.0,0.14136600830078128,False,REGULAR,USD,2026-12-18,761.6900024414062,0.039779999256134034,2026-09-18,0.135,0.2493150684931507
SPY261218C00910000,2026-09-16 15:02:18+00:00,910.0,0.1,0.12,0.13,0.0,0.0,11.0,3936.0,0.14405152832031248,False,REGULAR,USD,2026-12-18,761.6900024414062,0.039779999256134034,2026-09-18,0.125,0.2493150684931507
SPY261231C00610000,2026-09-08 13:30:33+00:00,610.0,167.02,159.78,163.72,0.0,0.0,1.0,388.0,0.4097349066162109,True,REGULAR,USD,2026-12-31,761.6900024414062,0.039779999256134034,2026-09-18,161.75,0.28493150684931506
SPY261231C00615000,2026-09-09 15:47:21+00:00,615.0,155.33,155.18,158.83,0.0,0.0,1.0,205.0,0.4004271383666992,True,REGULAR,USD,2026-12-31,761.6900024414062,0.039779999256134034,2026-09-18,157.005,0.28493150684931506
SPY261231C00620000,2026-09-01 18:19:14+00:00,620.0,149.49,150.36,154.02,0.0,0.0,6.0,269.0,0.3920043710327148,True,REGULAR,USD,2026-12-31,761.6900024414062,0.039779999256134034,2026-09-18,152.19,0.28493150684931506
SPY261231C00624000,2026-06-12 16:13:09+00:00,624.0,137.76,144.94,148.4,0.0,0.0,1.0,785.0,0.3653017572021484,True,REGULAR,USD,2026-12-31,761.6900024414062,0.039779999256134034,2026-09-18,146.67000000000002,0.28493150684931506
SPY261231C00625000,2026-09-01 18:37:16+00:00,625.0,145.4,145.56,149.21,0.0,0.0,2.0,78.0,0.38352056915283206,True,REGULAR,USD,2026-12-31,761.6900024414062,0.039779999256134034,2026-09-18,147.385,0.28493150684931506
SPY261231C00628000,2026-09-11 14:38:37+00:00,628.0,145.51,142.68,146.34,0.0,0.0,2.0,179.0,0.3785767709350586,True,REGULAR,USD,2026-12-31,761.6900024414062,0.039779999256134034,2026-09-18,144.51,0.28493150684931506
SPY261231C00629000,2026-08-06 17:26:41+00:00,629.0,152.97,141.73,145.38,0.0,0.0,1.0,1122.0,0.3768983209228516,True,REGULAR,USD,2026-12-31,761.6900024414062,0.039779999256134034,2026-09-18,143.555,0.28493150684931506
SPY261231C00630000,2026-08-18 15:42:31+00:00,630.0,149.79,140.77,144.42,0.0,0.0,10.0,350.0,0.37520461227416996,True,REGULAR,USD,2026-12-31,761.6900024414062,0.039779999256134034,2026-09-18,142.595,0.28493150684931506
SPY261231C00632000,2026-07-08 15:46:10+00:00,632.0,128.67,141.32,144.51,0.0,0.0,4.0,6.0,0.3926147164916992,True,REGULAR,USD,2026-12-31,761.6900024414062,0.039779999256134034,2026-09-18,142.915,0.28493150684931506
SPY261231C00633000,2026-09-15 15:24:49+00:00,633.0,133.6,137.9,141.55,0.0,0.0,1.0,32.0,0.37023029678344727,True,REGULAR,USD,2026-12-31,761.6900024414062,0.039779999256134034,2026-09-18,139.72500000000002,0.28493150684931506
SPY261231C00634000,2026-09-04 20:00:16+00:00,634.0,144.95,136.94,140.6,0.0,0.0,3.0,5.0,0.3686281399536133,True,REGULAR,USD,2026-12-31,761.6900024414062,0.039779999256134034,2026-09-18,138.76999999999998,0.28493150684931506
SPY261231C00635000,2026-09-14 14:22:17+00:00,635.0,133.98,136.07,139.64,0.0,0.0,2.0,50.0,0.36693443130493164,True,REGULAR,USD,2026-12-31,761.6900024414062,0.039779999256134034,2026-09-18,137.855,0.28493150684931506
SPY261231C00636000,2026-07-23 16:26:35+00:00,636.0,121.71,137.56,140.76,0.0,0.0,2.0,33.0,0.38635867553710934,True,REGULAR,USD,2026-12-31,761.6900024414062,0.039779999256134034,2026-09-18,139.16,0.28493150684931506
SPY261231C00637000,2026-05-04 15:19:55+00:00,637.0,111.3,123.0,126.52,0.0,0.0,2.0,14.0,0.20948056152343747,True,REGULAR,USD,2026-12-31,761.6900024414062,0.039779999256134034,2026-09-18,124.75999999999999,0.28493150684931506
SPY261231C00638000,2026-07-30 19:59:12+00:00,638.0,120.33,138.96,142.49,0.0,0.0,1.0,4.0,0.4176846562194824,True,REGULAR,USD,2026-12-31,761.6900024414062,0.039779999256134034,2026-09-18,140.72500000000002,0.28493150684931506
SPY261231C00639000,2026-09-08 19:23:12+00:00,639.0,136.94,132.25,135.82,0.0,0.0,6.0,22.0,0.3603121830749511,True,REGULAR,USD,2026-12-31,761.6900024414062,0.039779999256134034,2026-09-18,134.035,0.28493150684931506
SPY261231C00640000,2026-09-03 15:52:20+00:00,640.0,142.47,131.21,134.87,0.0,0.0,1.0,346.0,0.35869476760864255,True,REGULAR,USD,2026-12-31,761.6900024414062,0.039779999256134034,2026-09-18,133.04000000000002,0.28493150684931506
SPY261231C00641000,2026-08-11 14:33:38+00:00,641.0,145.58,130.26,133.92,0.0,0.0,1.0,18.0,0.3570926107788086,True,REGULAR,USD,2026-12-31,761.6900024414062,0.039779999256134034,2026-09-18,132.08999999999997,0.28493150684931506
SPY261231C00642000,2026-08-28 13:51:13+00:00,642.0,139.9,129.31,132.97,0.0,0.0,19.0,57.0,0.3554599366760253,True,REGULAR,USD,2026-12-31,761.6900024414062,0.039779999256134034,2026-09-18,131.14,0.28493150684931506
SPY261231C00643000,2026-08-19 13:45:48+00:00,643.0,139.39,128.36,132.02,0.0,0.0,5.0,13.0,0.35384252120971676,True,REGULAR,USD,2026-12-31,761.6900024414062,0.039779999256134034,2026-09-18,130.19,0.28493150684931506
SPY261231C00644000,2026-04-17 14:25:42+00:00,644.0,98.1,116.99,120.51,0.0,0.0,1.0,0.0,0.2196122961425781,True,REGULAR,USD,2026-12-31,761.6900024414062,0.039779999256134034,2026-09-18,118.75,0.28493150684931506
SPY261231C00645000,2026-09-03 15:32:32+00:00,645.0,137.71,126.46,130.12,0.0,0.0,2.0,59.0,0.3505924316406249,True,REGULAR,USD,2026-12-31,761.6900024414062,0.039779999256134034,2026-09-18,128.29,0.28493150684931506
SPY261231C00646000,2026-06-11 14:25:41+00:00,646.0,109.11,124.97,128.43,0.0,0.0,1.0,14.0,0.341528801574707,True,REGULAR,USD,2026-12-31,761.6900024414062,0.039779999256134034,2026-09-18,126.7,0.28493150684931506
SPY261231C00647000,2026-08-03 20:14:07+00:00,647.0,126.25,130.44,133.96,0.0,0.0,1.0,17.0,0.4012663633728027,True,REGULAR,USD,2026-12-31,761.6900024414062,0.039779999256134034,2026-09-18,132.2,0.28493150684931506
SPY261231C00648000,2026-08-28 13:44:45+00:00,648.0,135.04,123.61,127.27,0.0,0.0,10.0,33.0,0.3456791506958008,True,REGULAR,USD,2026-12-31,761.6900024414062,0.039779999256134034,2026-09-18,125.44,0.28493150684931506
SPY261231C00649000,2026-08-10 17:04:51+00:00,649.0,137.2,122.66,126.32,0.0,0.0,2.0,57.0,0.3440312179565429,True,REGULAR,USD,2026-12-31,761.6900024414062,0.039779999256134034,2026-09-18,124.49,0.28493150684931506
SPY261231C00650000,2026-09-15 19:53:42+00:00,650.0,117.18,121.71,125.37,0.0,0.0,10.0,673.0,0.3423832852172851,True,REGULAR,USD,2026-12-31,761.6900024414062,0.039779999256134034,2026-09-18,123.53999999999999,0.28493150684931506
SPY261231C00651000,2026-07-07 13:44:49+00:00,651.0,118.6,123.59,126.79,0.0,0.0,100.0,74.0,0.3632570999145508,True,REGULAR,USD,2026-12-31,761.6900024414062,0.039779999256134034,2026-09-18,125.19,0.28493150684931506
SPY261231C00652000,2026-08-31 18:39:24+00:00,652.0,124.58,119.82,123.48,0.0,0.0,1.0,8.0,0.3391789715576171,True,REGULAR,USD,2026-12-31,761.6900024414062,0.039779999256134034,2026-09-18,121.65,0.28493150684931506
SPY261231C00653000,2026-07-08 15:45:19+00:00,653.0,111.17,121.72,124.93,0.0,0.0,1.0,5.0,0.3601290794372558,True,REGULAR,USD,2026-12-31,761.6900024414062,0.039779999256134034,2026-09-18,123.325,0.28493150684931506
SPY261231C00655000,2026-09-16 19:08:29+00:00,655.0,109.02,116.98,120.65,0.0,0.0,50.0,193.0,0.3343877597045898,True,REGULAR,USD,2026-12-31,761.6900024414062,0.039779999256134034,2026-09-18,118.815,0.28493150684931506
SPY261231C00656000,2026-05-11 13:48:56+00:00,656.0,111.5,117.66,119.68,0.0,0.0,1.0,11.0,0.3325262060546875,True,REGULAR,USD,2026-12-31,761.6900024414062,0.039779999256134034,2026-09-18,118.67,0.28493150684931506
SPY261231C00657000,2026-04-17 14:34:31+00:00,657.0,88.53,105.97,109.49,0.0,0.0,1.0,9.0,0.2294541166687012,True,REGULAR,USD,2026-12-31,761.6900024414062,0.039779999256134034,2026-09-18,107.72999999999999,0.28493150684931506
SPY261231C00658000,2026-07-29 16:10:32+00:00,658.0,95.62,120.09,123.61,0.0,0.0,2.0,10.0,0.381567463684082,True,REGULAR,USD,2026-12-31,761.6900024414062,0.039779999256134034,2026-09-18,121.85,0.28493150684931506
SPY261231C00659000,2026-08-18 14:29:16+00:00,659.0,123.49,113.21,116.88,0.0,0.0,1.0,9.0,0.3279791323852539,True,REGULAR,USD,2026-12-31,761.6900024414062,0.039779999256134034,2026-09-18,115.04499999999999,0.28493150684931506
SPY261231C00660000,2026-09-16 15:44:06+00:00,660.0,110.88,112.27,115.94,0.0,0.0,2.0,118.0,0.32637697555541995,True,REGULAR,USD,2026-12-31,761.6900024414062,0.039779999256134034,2026-09-18,114.10499999999999,0.28493150684931506
SPY261231C00661000,2026-06-10 15:43:30+00:00,661.0,98.58,111.6,115.03,0.0,0.0,2.0,13.0,0.3250494741821288,True,REGULAR,USD,2026-12-31,761.6900024414062,0.039779999256134034,2026-09-18,113.315,0.28493150684931506
SPY261231C00662000,2026-06-12 16:39:42+00:00,662.0,104.43,110.72,114.14,0.0,0.0,2.0,9.0,0.32392033508300777,True,REGULAR,USD,2026-12-31,761.6900024414062,0.039779999256134034,2026-09-18,112.43,0.28493150684931506
SPY261231C00663000,2026-09-09 20:06:09+00:00,663.0,110.48,109.45,113.12,0.0,0.0,5.0,16.0,0.3215705050659179,True,REGULAR,USD,2026-12-31,761.6900024414062,0.039779999256134034,2026-09-18,111.285,0.28493150684931506
SPY261231C00664000,2026-08-20 14:44:09+00:00,664.0,116.63,108.6,112.18,0.0,0.0,1.0,12.0,0.31995308959960933,True,REGULAR,USD,2026-12-31,761.6900024414062,0.039779999256134034,2026-09-18,110.39,0.28493150684931506
SPY261231C00665000,2026-09-16 18:59:53+00:00,665.0,100.27,107.66,111.25,0.0,0.0,4.0,275.0,0.31842722595214834,True,REGULAR,USD,2026-12-31,761.6900024414062,0.039779999256134034,2026-09-18,109.455,0.28493150684931506
SPY261231C00666000,2026-09-15 14:20:23+00:00,666.0,103.66,106.64,110.31,0.0,0.0,1.0,9.0,0.3168098104858398,True,REGULAR,USD,2026-12-31,761.6900024414062,0.039779999256134034,2026-09-18,108.475,0.28493150684931506
SPY261231C00667000,2026-08-25 14:49:04+00:00,667.0,110.87,105.71,109.38,0.0,0.0,1.0,19.0,0.3152839468383788,True,REGULAR,USD,2026-12-31,761.6900024414062,0.039779999256134034,2026-09-18,107.54499999999999,0.28493150684931506
SPY261231C00668000,2026-06-10 18:41:03+00:00,668.0,91.32,105.44,108.86,0.0,0.0,2.0,23.0,0.3174048973083496,True,REGULAR,USD,2026-12-31,761.6900024414062,0.039779999256134034,2026-09-18,107.15,0.28493150684931506
SPY261231C00669000,2026-07-21 16:04:00+00:00,669.0,100.0,107.04,110.26,0.0,0.0,2.0,213.0,0.3361577615356446,True,REGULAR,USD,2026-12-31,761.6900024414062,0.039779999256134034,2026-09-18,108.65,0.28493150684931506
SPY261231C00670000,2026-09-18 19:21:49+00:00,670.0,104.07,102.91,106.58,1.5699997,1.531707,2.0,628.0,0.31055376953124997,True,REGULAR,USD,2026-12-31,761.6900024414062,0.039779999256134034,2026-09-18,104.745,0.28493150684931506
SPY261231C00671000,2026-09-16 19:15:41+00:00,671.0,93.14,101.98,105.65,0.0,0.0,24.0,240.0,0.3089973886108398,True,REGULAR,USD,2026-12-31,761.6900024414062,0.039779999256134034,2026-09-18,103.815,0.28493150684931506
SPY261231C00672000,2026-06-09 16:37:06+00:00,672.0,86.78,101.95,105.42,0.0,0.0,1.0,8.0,0.31355972091674805,True,REGULAR,USD,2026-12-31,761.6900024414062,0.039779999256134034,2026-09-18,103.685,0.28493150684931506
SPY261231C00673000,2026-07-17 18:18:58+00:00,673.0,94.73,103.4,106.63,0.0,0.0,2.0,9.0,0.3302526692199707,True,REGULAR,USD,2026-12-31,761.6900024414062,0.039779999256134034,2026-09-18,105.015,0.28493150684931506
SPY261231C00674000,2026-07-07 14:10:24+00:00,674.0,97.65,102.5,105.73,0.0,0.0,1.0,12.0,0.3288183573913574,True,REGULAR,USD,2026-12-31,761.6900024414062,0.039779999256134034,2026-09-18,104.11500000000001,0.28493150684931506
SPY261231C00675000,2026-09-16 19:22:25+00:00,675.0,88.98,98.27,101.94,0.0,0.0,5.0,758.0,0.3027871235656738,True,REGULAR,USD,2026-12-31,761.6900024414062,0.039779999256134034,2026-09-18,100.10499999999999,0.28493150684931506
SPY261231C00676000,2026-08-03 17:30:51+00:00,676.0,99.4,103.34,106.87,0.0,0.0,1.0,62.0,0.34998208618164056,True,REGULAR,USD,2026-12-31,761.6900024414062,0.039779999256134034,2026-09-18,105.105,0.28493150684931506
SPY261231C00677000,2026-08-17 18:59:51+00:00,677.0,111.54,96.41,100.09,0.0,0.0,1.0,24.0,0.29968962036132807,True,REGULAR,USD,2026-12-31,761.6900024414062,0.039779999256134034,2026-09-18,98.25,0.28493150684931506
SPY261231C00678000,2026-09-09 19:49:01+00:00,678.0,97.08,95.49,99.16,0.0,0.0,2.0,166.0,0.29808746353149407,True,REGULAR,USD,2026-12-31,761.6900024414062,0.039779999256134034,2026-09-18,97.32499999999999,0.28493150684931506
SPY261231C00679000,2026-09-16 18:34:37+00:00,679.0,91.83,94.57,98.24,0.0,0.0,1.0,12.0,0.29656159988403313,True,REGULAR,USD,2026-12-31,761.6900024414062,0.039779999256134034,2026-09-18,96.405,0.28493150684931506
SPY261231C00680000,2026-09-17 14:41:35+00:00,680.0,93.68,93.64,97.32,0.0,0.0,7.0,995.0,0.29503573623657225,True,REGULAR,USD,2026-12-31,761.6900024414062,0.039779999256134034,2026-09-18,95.47999999999999,0.28493150684931506
SPY261231C00681000,2026-09-17 19:53:52+00:00,681.0,93.56,92.72,96.4,0.0,0.0,1.0,135.0,0.29349461395263665,True,REGULAR,USD,2026-12-31,761.6900024414062,0.039779999256134034,2026-09-18,94.56,0.28493150684931506
SPY261231C00682000,2026-09-03 15:13:32+00:00,682.0,101.53,91.8,95.48,0.0,0.0,88.0,56.0,0.29195349166870105,True,REGULAR,USD,2026-12-31,761.6900024414062,0.039779999256134034,2026-09-18,93.64,0.28493150684931506
SPY261231C00683000,2026-09-17 19:53:52+00:00,683.0,91.71,90.88,94.56,0.0,0.0,1.0,23.0,0.29041236938476556,True,REGULAR,USD,2026-12-31,761.6900024414062,0.039779999256134034,2026-09-18,92.72,0.28493150684931506
SPY261231C00684000,2026-08-10 16:31:59+00:00,684.0,104.6,89.97,93.64,0.0,0.0,1.0,20.0,0.28885598846435534,True,REGULAR,USD,2026-12-31,761.6900024414062,0.039779999256134034,2026-09-18,91.805,0.28493150684931506
SPY261231C00685000,2026-09-18 15:30:57+00:00,685.0,88.1,89.05,92.73,0.47999573,0.54781526,1.0,437.0,0.2873759007263183,True,REGULAR,USD,2026-12-31,761.6900024414062,0.039779999256134034,2026-09-18,90.89,0.28493150684931506
SPY261231C00686000,2026-06-26 17:30:58+00:00,686.0,78.89,91.67,94.96,0.0,0.0,4.0,113.0,0.3112861840820312,True,REGULAR,USD,2026-12-31,761.6900024414062,0.039779999256134034,2026-09-18,93.315,0.28493150684931506
SPY261231C00687000,2026-09-11 15:41:46+00:00,687.0,92.72,87.22,90.9,0.0,0.0,1.0,109.0,0.2843089147949218,True,REGULAR,USD,2026-12-31,761.6900024414062,0.039779999256134034,2026-09-18,89.06,0.28493150684931506
SPY261231C00688000,2026-06-26 17:24:49+00:00,688.0,77.64,89.89,93.18,0.0,0.0,2.0,75.0,0.30837178451538083,True,REGULAR,USD,2026-12-31,761.6900024414062,0.039779999256134034,2026-09-18,91.535,0.28493150684931506
SPY261231C00689000,2026-08-26 15:49:30+00:00,689.0,92.23,85.4,89.08,0.0,0.0,1.0,119.0,0.2812877047729492,True,REGULAR,USD,2026-12-31,761.6900024414062,0.039779999256134034,2026-09-18,87.24000000000001,0.28493150684931506
SPY261231C00690000,2026-09-18 18:29:12+00:00,690.0,84.15,84.49,88.17,-0.55999756,-0.6610761,3.0,339.0,0.2797618411254882,True,REGULAR,USD,2026-12-31,761.6900024414062,0.039779999256134034,2026-09-18,86.33,0.28493150684931506
SPY261231C00691000,2026-08-07 19:59:35+00:00,691.0,99.81,83.59,87.27,0.0,0.0,2.0,303.0,0.278327529296875,True,REGULAR,USD,2026-12-31,761.6900024414062,0.039779999256134034,2026-09-18,85.43,0.28493150684931506
SPY261231C00692000,2026-09-18 16:53:49+00:00,692.0,81.42,82.68,86.36,-8.959999,-9.913696,5.0,142.0,0.2767864070129394,True,REGULAR,USD,2026-12-31,761.6900024414062,0.039779999256134034,2026-09-18,84.52000000000001,0.28493150684931506
SPY261231C00693000,2026-09-09 13:40:23+00:00,693.0,84.56,81.78,85.46,0.0,0.0,1.0,57.0,0.27532157791137696,True,REGULAR,USD,2026-12-31,761.6900024414062,0.039779999256134034,2026-09-18,83.62,0.28493150684931506
SPY261231C00694000,2026-08-07 19:10:03+00:00,694.0,96.7,80.87,84.56,0.0,0.0,2.0,30.0,0.2738414901733398,True,REGULAR,USD,2026-12-31,761.6900024414062,0.039779999256134034,2026-09-18,82.715,0.28493150684931506
SPY261231C00695000,2026-09-16 19:42:48+00:00,695.0,71.73,79.97,83.65,0.0,0.0,95.0,257.0,0.2722851092529296,True,REGULAR,USD,2026-12-31,761.6900024414062,0.039779999256134034,2026-09-18,81.81,0.28493150684931506
SPY261231C00696000,2026-09-16 19:53:09+00:00,696.0,72.19,79.07,82.75,0.0,0.0,2.0,861.0,0.27078976287841794,True,REGULAR,USD,2026-12-31,761.6900024414062,0.039779999256134034,2026-09-18,80.91,0.28493150684931506
SPY261231C00697000,2026-08-19 13:34:28+00:00,697.0,90.28,78.17,81.86,0.0,0.0,1.0,168.0,0.26937070968627924,True,REGULAR,USD,2026-12-31,761.6900024414062,0.039779999256134034,2026-09-18,80.015,0.28493150684931506
SPY261231C00698000,2026-08-31 16:09:37+00:00,698.0,82.31,77.28,80.96,0.0,0.0,1.0,172.0,0.267860104675293,True,REGULAR,USD,2026-12-31,761.6900024414062,0.039779999256134034,2026-09-18,79.12,0.28493150684931506
SPY261231C00699000,2026-09-16 19:54:24+00:00,699.0,69.71,76.38,80.07,0.0,0.0,1.0,257.0,0.26641053421020505,True,REGULAR,USD,2026-12-31,761.6900024414062,0.039779999256134034,2026-09-18,78.225,0.28493150684931506
SPY261231C00700000,2026-09-18 16:03:42+00:00,700.0,73.3,75.49,79.18,-2.3399963,-3.0935965,8.0,1627.0,0.26496096374511713,True,REGULAR,USD,2026-12-31,761.6900024414062,0.039779999256134034,2026-09-18,77.33500000000001,0.28493150684931506
SPY261231C00701000,2026-09-11 15:34:50+00:00,701.0,77.64,74.6,78.29,0.0,0.0,1.0,209.0,0.2634961346435547,True,REGULAR,USD,2026-12-31,761.6900024414062,0.039779999256134034,2026-09-18,76.445,0.28493150684931506
SPY261231C00702000,2026-09-14 19:50:54+00:00,702.0,74.66,73.7,77.4,0.0,0.0,1.0,551.0,0.26201604690551755,True,REGULAR,USD,2026-12-31,761.6900024414062,0.039779999256134034,2026-09-18,75.55000000000001,0.28493150684931506
SPY261231C00703000,2026-09-14 19:50:54+00:00,703.0,73.8,72.82,76.51,0.0,0.0,1.0,278.0,0.2605359591674804,True,REGULAR,USD,2026-12-31,761.6900024414062,0.039779999256134034,2026-09-18,74.66499999999999,0.28493150684931506
SPY261231C00704000,2026-08-05 19:40:27+00:00,704.0,87.43,78.1,81.52,0.0,0.0,2.0,325.0,0.30263453720092776,True,REGULAR,USD,2026-12-31,761.6900024414062,0.039779999256134034,2026-09-18,79.81,0.28493150684931506
SPY261231C00705000,2026-09-18 15:08:53+00:00,705.0,70.44,71.05,74.74,-4.369995,-5.841459,1.0,527.0,0.25760630096435544,True,REGULAR,USD,2026-12-31,761.6900024414062,0.039779999256134034,2026-09-18,72.895,0.28493150684931506
SPY261231C00706000,2026-09-17 14:06:50+00:00,706.0,69.0,70.17,73.86,0.0,0.0,3.0,23.0,0.25617198913574224,True,REGULAR,USD,2026-12-31,761.6900024414062,0.039779999256134034,2026-09-18,72.015,0.28493150684931506
SPY261231C00707000,2026-09-16 19:08:11+00:00,707.0,63.15,69.29,72.98,0.0,0.0,28.0,132.0,0.2547224186706543,True,REGULAR,USD,2026-12-31,761.6900024414062,0.039779999256134034,2026-09-18,71.135,0.28493150684931506
SPY261231C00708000,2026-06-30 16:31:57+00:00,708.0,69.49,72.53,75.76,0.0,0.0,3.0,183.0,0.28003649658203117,True,REGULAR,USD,2026-12-31,761.6900024414062,0.039779999256134034,2026-09-18,74.14500000000001,0.28493150684931506
SPY261231C00709000,2026-08-28 18:46:37+00:00,709.0,76.88,67.53,71.22,0.0,0.0,1.0,15.0,0.25177750183105463,True,REGULAR,USD,2026-12-31,761.6900024414062,0.039779999256134034,2026-09-18,69.375,0.28493150684931506
SPY261231C00710000,2026-09-17 14:41:35+00:00,710.0,66.93,66.66,70.35,0.0,0.0,7.0,269.0,0.2503737072753906,True,REGULAR,USD,2026-12-31,761.6900024414062,0.039779999256134034,2026-09-18,68.505,0.28493150684931506
SPY261231C00711000,2026-09-15 14:57:36+00:00,711.0,62.43,65.79,69.48,0.0,0.0,2.0,179.0,0.24893939544677735,True,REGULAR,USD,2026-12-31,761.6900024414062,0.039779999256134034,2026-09-18,67.635,0.28493150684931506
SPY261231C00712000,2026-09-17 13:34:01+00:00,712.0,64.97,64.92,68.61,0.0,0.0,2.0,11.0,0.24750508361816403,True,REGULAR,USD,2026-12-31,761.6900024414062,0.039779999256134034,2026-09-18,66.765,0.28493150684931506
SPY261231C00713000,2026-09-17 14:02:43+00:00,713.0,63.0,64.05,67.74,0.0,0.0,2.0,33.0,0.24605551315307617,True,REGULAR,USD,2026-12-31,761.6900024414062,0.039779999256134034,2026-09-18,65.895,0.28493150684931506
SPY261231C00714000,2026-09-17 13:34:38+00:00,714.0,63.05,63.18,66.88,0.0,0.0,2.0,55.0,0.24466697723388675,True,REGULAR,USD,2026-12-31,761.6900024414062,0.039779999256134034,2026-09-18,65.03,0.28493150684931506
SPY261231C00715000,2026-09-17 19:14:25+00:00,715.0,62.95,62.32,66.01,0.0,0.0,6.0,1131.0,0.2431868894958496,True,REGULAR,USD,2026-12-31,761.6900024414062,0.039779999256134034,2026-09-18,64.165,0.28493150684931506
SPY261231C00716000,2026-09-17 14:02:06+00:00,716.0,60.4,61.45,65.15,0.0,0.0,4.0,44.0,0.24177546562194827,True,REGULAR,USD,2026-12-31,761.6900024414062,0.039779999256134034,2026-09-18,63.300000000000004,0.28493150684931506
SPY261231C00717000,2026-09-17 14:01:51+00:00,717.0,59.36,60.58,64.29,0.0,0.0,2.0,41.0,0.24034878311157226,True,REGULAR,USD,2026-12-31,761.6900024414062,0.039779999256134034,2026-09-18,62.435,0.28493150684931506
SPY261231C00718000,2026-09-17 14:01:42+00:00,718.0,58.69,59.74,63.44,0.0,0.0,12.0,239.0,0.2389755058288574,True,REGULAR,USD,2026-12-31,761.6900024414062,0.039779999256134034,2026-09-18,61.59,0.28493150684931506
SPY261231C00719000,2026-09-17 19:54:40+00:00,719.0,59.86,58.88,62.58,0.0,0.0,15.0,78.0,0.23751067672729487,True,REGULAR,USD,2026-12-31,761.6900024414062,0.039779999256134034,2026-09-18,60.730000000000004,0.28493150684931506
SPY261231C00720000,2026-09-18 19:19:25+00:00,720.0,58.5,59.36,60.32,-0.29999924,-0.51020277,1727.0,4045.0,0.22617350982666018,True,REGULAR,USD,2026-12-31,761.6900024414062,0.039779999256134034,2026-09-18,59.84,0.28493150684931506
SPY261231C00721000,2026-09-17 14:43:37+00:00,721.0,57.42,57.19,60.89,0.0,0.0,4.0,79.0,0.2347641221618652,True,REGULAR,USD,2026-12-31,761.6900024414062,0.039779999256134034,2026-09-18,59.04,0.28493150684931506
SPY261231C00722000,2026-09-15 16:34:19+00:00,722.0,54.1,56.34,60.04,0.0,0.0,2.0,199.0,0.23334506896972657,True,REGULAR,USD,2026-12-31,761.6900024414062,0.039779999256134034,2026-09-18,58.19,0.28493150684931506
SPY261231C00723000,2026-09-17 19:59:32+00:00,723.0,56.26,55.5,59.2,0.0,0.0,3.0,47.0,0.2319565330505371,True,REGULAR,USD,2026-12-31,761.6900024414062,0.039779999256134034,2026-09-18,57.35,0.28493150684931506
SPY261231C00724000,2026-09-17 14:41:16+00:00,724.0,55.6,54.66,58.36,0.0,0.0,4.0,242.0,0.23056799713134768,True,REGULAR,USD,2026-12-31,761.6900024414062,0.039779999256134034,2026-09-18,56.51,0.28493150684931506
SPY261231C00725000,2026-09-18 19:50:57+00:00,725.0,54.49,53.82,57.53,-0.13999939,-0.25626832,2.0,383.0,0.22923286643981935,True,REGULAR,USD,2026-12-31,761.6900024414062,0.039779999256134034,2026-09-18,55.675,0.28493150684931506
SPY261231C00730000,2026-09-18 16:03:11+00:00,730.0,48.43,49.69,51.92,-1.5099983,-3.0236251,2.0,866.0,0.21244073699951171,True,REGULAR,USD,2026-12-31,761.6900024414062,0.039779999256134034,2026-09-18,50.805,0.28493150684931506
SPY261231C00735000,2026-09-18 16:03:42+00:00,735.0,44.01,45.64,49.36,-2.1599998,-4.6783624,10.0,1934.0,0.21579000770568849,True,REGULAR,USD,2026-12-31,761.6900024414062,0.039779999256134034,2026-09-18,47.5,0.28493150684931506
SPY261231C00740000,2026-09-18 15:30:58+00:00,740.0,41.45,41.75,43.91,-1.5499992,-3.6046493,1.0,1508.0,0.1995319305419922,True,REGULAR,USD,2026-12-31,761.6900024414062,0.039779999256134034,2026-09-18,42.83,0.28493150684931506
SPY261231C00745000,2026-09-17 19:29:39+00:00,745.0,38.7,37.85,41.17,0.0,0.0,20.0,1469.0,0.2003558969116211,True,REGULAR,USD,2026-12-31,761.6900024414062,0.039779999256134034,2026-09-18,39.510000000000005,0.28493150684931506
SPY261231C00750000,2026-09-18 18:55:42+00:00,750.0,34.95,34.94,36.26,-0.27999878,-0.7947737,59.0,3219.0,0.18672993453979492,True,REGULAR,USD,2026-12-31,761.6900024414062,0.039779999256134034,2026-09-18,35.599999999999994,0.28493150684931506
SPY261231C00755000,2026-09-18 20:01:34+00:00,755.0,31.96,31.81,32.64,0.099998474,0.3138684,69.0,1156.0,0.1806493679046631,True,REGULAR,USD,2026-12-31,761.6900024414062,0.039779999256134034,2026-09-18,32.225,0.28493150684931506
SPY261231C00760000,2026-09-18 19:48:44+00:00,760.0,28.14,28.47,29.36,-0.1800003,-0.6355943,261.0,4420.0,0.17594207855224608,True,REGULAR,USD,2026-12-31,761.6900024414062,0.039779999256134034,2026-09-18,28.915,0.28493150684931506
SPY261231C00765000,2026-09-18 20:06:21+00:00,765.0,25.5,25.22,26.0,0.5,2.0,83.0,1724.0,0.16993017578125003,False,REGULAR,USD,2026-12-31,761.6900024414062,0.039779999256134034,2026-09-18,25.61,0.28493150684931506
SPY261231C00770000,2026-09-18 20:07:34+00:00,770.0,22.55,22.58,22.71,0.62999916,2.8740838,21.0,1620.0,0.16346051391601565,False,REGULAR,USD,2026-12-31,761.6900024414062,0.039779999256134034,2026-09-18,22.645,0.28493150684931506
SPY261231C00775000,2026-09-18 19:56:34+00:00,775.0,19.12,19.71,19.83,0.11000061,0.578646,284.0,3037.0,0.15855486228942875,False,REGULAR,USD,2026-12-31,761.6900024414062,0.039779999256134034,2026-09-18,19.77,0.28493150684931506
SPY261231C00780000,2026-09-18 20:10:43+00:00,780.0,17.2,17.06,17.18,0.6800003,4.1162243,60.0,2416.0,0.15404593521118165,False,REGULAR,USD,2026-12-31,761.6900024414062,0.039779999256134034,2026-09-18,17.119999999999997,0.28493150684931506
SPY261231C00785000,2026-09-18 19:43:44+00:00,785.0,14.01,14.64,14.75,-0.42000008,-2.9106033,4.0,1598.0,0.14981929290771484,False,REGULAR,USD,2026-12-31,761.6900024414062,0.039779999256134034,2026-09-18,14.695,0.28493150684931506
SPY261231C00790000,2026-09-18 19:47:50+00:00,790.0,12.05,12.45,12.56,0.05000019,0.41666827,146.0,2654.0,0.14598937515258786,False,REGULAR,USD,2026-12-31,761.6900024414062,0.039779999256134034,2026-09-18,12.504999999999999,0.28493150684931506
SPY261231C00795000,2026-09-18 20:04:48+00:00,795.0,10.36,10.5,10.6,0.2699995,2.675912,21.0,1315.0,0.14246463012695312,False,REGULAR,USD,2026-12-31,761.6900024414062,0.039779999256134034,2026-09-18,10.55,0.28493150684931506
SPY261231C00800000,2026-09-18 20:10:17+00:00,800.0,8.75,8.79,8.88,0.23999977,2.8202088,288.0,5945.0,0.13935186828613283,False,REGULAR,USD,2026-12-31,761.6900024414062,0.039779999256134034,2026-09-18,8.835,0.28493150684931506
SPY261231C00805000,2026-09-18 19:30:59+00:00,805.0,6.8,7.3,7.39,-0.3699999,-5.160389,112.0,1349.0,0.13666634826660157,False,REGULAR,USD,2026-12-31,761.6900024414062,0.039779999256134034,2026-09-18,7.345,0.28493150684931506
SPY261231C00810000,2026-09-18 20:14:32+00:00,810.0,6.06,6.05,6.09,0.17000008,2.8862493,153.0,2732.0,0.13414867324829105,False,REGULAR,USD,2026-12-31,761.6900024414062,0.039779999256134034,2026-09-18,6.07,0.28493150684931506
SPY261231C00815000,2026-09-18 19:45:41+00:00,815.0,4.68,4.96,5.0,-0.21000004,-4.2944794,5.0,3894.0,0.13210401596069338,False,REGULAR,USD,2026-12-31,761.6900024414062,0.039779999256134034,2026-09-18,4.98,0.28493150684931506
SPY261231C00820000,2026-09-18 20:02:01+00:00,820.0,3.97,4.04,4.09,-0.029999971,-0.7499993,434.0,1529.0,0.13044082458496092,False,REGULAR,USD,2026-12-31,761.6900024414062,0.039779999256134034,2026-09-18,4.0649999999999995,0.28493150684931506
SPY261231C00825000,2026-09-18 20:02:54+00:00,825.0,3.2,3.28,3.32,-0.059999943,-1.840489,62.0,2771.0,0.1289149609375,False,REGULAR,USD,2026-12-31,761.6900024414062,0.039779999256134034,2026-09-18,3.3,0.28493150684931506
SPY261231C00830000,2026-09-18 15:26:02+00:00,830.0,2.37,2.65,2.68,-0.22000003,-8.49421,1.0,2932.0,0.1276179768371582,False,REGULAR,USD,2026-12-31,761.6900024414062,0.039779999256134034,2026-09-18,2.665,0.28493150684931506
SPY261231C00835000,2026-09-18 18:47:08+00:00,835.0,1.96,2.13,2.16,-0.19000006,-8.837212,1.0,3120.0,0.12662616546630856,False,REGULAR,USD,2026-12-31,761.6900024414062,0.039779999256134034,2026-09-18,2.145,0.28493150684931506
SPY261231C00840000,2026-09-18 18:47:08+00:00,840.0,1.58,1.71,1.74,-0.089999914,-5.3892164,29.0,2232.0,0.12589375091552735,False,REGULAR,USD,2026-12-31,761.6900024414062,0.039779999256134034,2026-09-18,1.725,0.28493150684931506
SPY261231C00845000,2026-09-18 19:57:46+00:00,845.0,1.3,1.37,1.4,-0.07000005,-5.109493,50.0,1474.0,0.12537495727539064,False,REGULAR,USD,2026-12-31,761.6900024414062,0.039779999256134034,2026-09-18,1.385,0.28493150684931506
SPY261231C00850000,2026-09-18 19:40:47+00:00,850.0,1.02,1.11,1.13,-0.08000004,-7.2727304,125.0,12619.0,0.12513081909179688,False,REGULAR,USD,2026-12-31,761.6900024414062,0.039779999256134034,2026-09-18,1.12,0.28493150684931506
SPY261231C00855000,2026-09-18 18:54:53+00:00,855.0,0.83,0.89,0.92,0.00999999,1.219511,57.0,1712.0,0.12525288818359376,False,REGULAR,USD,2026-12-31,761.6900024414062,0.039779999256134034,2026-09-18,0.905,0.28493150684931506
SPY261231C00860000,2026-09-18 19:48:44+00:00,860.0,0.7,0.73,0.75,-0.02000004,-2.7777834,56.0,3259.0,0.12543599182128906,False,REGULAR,USD,2026-12-31,761.6900024414062,0.039779999256134034,2026-09-18,0.74,0.28493150684931506
SPY261231C00865000,2026-09-18 20:11:17+00:00,865.0,0.6,0.6,0.62,0.02000004,3.448283,26.0,1445.0,0.12604633728027342,False,REGULAR,USD,2026-12-31,761.6900024414062,0.039779999256134034,2026-09-18,0.61,0.28493150684931506
SPY261231C00870000,2026-09-17 19:59:00+00:00,870.0,0.5,0.49,0.51,0.0,0.0,4.0,1703.0,0.12659564819335936,False,REGULAR,USD,2026-12-31,761.6900024414062,0.039779999256134034,2026-09-18,0.5,0.28493150684931506
SPY261231C00875000,2026-09-17 16:19:51+00:00,875.0,0.41,0.41,0.43,0.0,0.0,1.0,649.0,0.12769427001953126,False,REGULAR,USD,2026-12-31,761.6900024414062,0.039779999256134034,2026-09-18,0.42,0.28493150684931506
SPY261231C00880000,2026-09-18 19:07:47+00:00,880.0,0.33,0.35,0.36,0.10000001,43.478264,7.0,497.0,0.12854875366210936,False,REGULAR,USD,2026-12-31,761.6900024414062,0.039779999256134034,2026-09-18,0.355,0.28493150684931506
SPY261231C00885000,2026-09-18 16:47:10+00:00,885.0,0.27,0.3,0.31,0.040000007,17.391306,4.0,1259.0,0.13001358276367186,False,REGULAR,USD,2026-12-31,761.6900024414062,0.039779999256134034,2026-09-18,0.305,0.28493150684931506
SPY261231C00890000,2026-09-17 19:00:47+00:00,890.0,0.25,0.26,0.27,0.0,0.0,2.0,652.0,0.13160048095703125,False,REGULAR,USD,2026-12-31,761.6900024414062,0.039779999256134034,2026-09-18,0.265,0.28493150684931506
SPY261231C00895000,2026-09-18 19:57:42+00:00,895.0,0.23,0.22,0.24,0.010000005,4.545457,1.0,1007.0,0.13355358642578125,False,REGULAR,USD,2026-12-31,761.6900024414062,0.039779999256134034,2026-09-18,0.22999999999999998,0.28493150684931506
SPY261231C00900000,2026-09-18 20:03:13+00:00,900.0,0.21,0.2,0.21,0.0,0.0,87.0,8153.0,0.13501841552734378,False,REGULAR,USD,2026-12-31,761.6900024414062,0.039779999256134034,2026-09-18,0.20500000000000002,0.28493150684931506
SPY261231C00905000,2026-09-15 14:58:09+00:00,905.0,0.13,0.17,0.19,0.0,0.0,2.0,490.0,0.13721565917968753,False,REGULAR,USD,2026-12-31,761.6900024414062,0.039779999256134034,2026-09-18,0.18,0.28493150684931506
SPY261231C00910000,2026-09-18 15:32:05+00:00,910.0,0.15,0.15,0.17,-0.00999999,-6.2499943,7.0,678.0,0.13916876464843753,False,REGULAR,USD,2026-12-31,761.6900024414062,0.039779999256134034,2026-09-18,0.16,0.28493150684931506
SPY270115C00610000,2026-09-17 17:27:16+00:00,610.0,161.04,161.43,165.08,0.0,0.0,1.0,980.0,0.39751273880004884,True,REGULAR,USD,2027-01-15,761.6900024414062,0.039779999256134034,2026-09-18,163.255,0.32602739726027397
SPY270115C00615000,2026-09-16 14:53:44+00:00,615.0,154.07,156.68,160.3,0.0,0.0,9.0,1893.0,0.38966979965209964,True,REGULAR,USD,2027-01-15,761.6900024414062,0.039779999256134034,2026-09-18,158.49,0.32602739726027397
SPY270115C00620000,2026-09-17 15:21:33+00:00,620.0,150.6,151.89,155.54,0.0,0.0,2.0,868.0,0.38197944686889646,True,REGULAR,USD,2027-01-15,761.6900024414062,0.039779999256134034,2026-09-18,153.71499999999997,0.32602739726027397
SPY270115C00625000,2026-09-17 17:21:44+00:00,625.0,147.44,147.13,150.78,0.75,0.51128227,1.0,3840.0,0.37422805953979493,True,REGULAR,USD,2027-01-15,761.6900024414062,0.039779999256134034,2026-09-18,148.95499999999998,0.32602739726027397
SPY270115C00630000,2026-09-18 16:13:26+00:00,630.0,140.15,142.39,146.05,-2.2100067,-1.552407,21.0,1560.0,0.3667055517578125,True,REGULAR,USD,2027-01-15,761.6900024414062,0.039779999256134034,2026-09-18,144.22,0.32602739726027397
SPY270115C00635000,2026-09-18 19:48:28+00:00,635.0,137.59,137.7,141.31,0.6499939,0.47465596,1.0,815.0,0.3590151989746094,True,REGULAR,USD,2027-01-15,761.6900024414062,0.039779999256134034,2026-09-18,139.505,0.32602739726027397
SPY270115C00640000,2026-09-17 14:33:35+00:00,640.0,132.17,132.98,136.6,0.0,0.0,2.0,797.0,0.3515232084655761,True,REGULAR,USD,2027-01-15,761.6900024414062,0.039779999256134034,2026-09-18,134.79,0.32602739726027397
SPY270115C00645000,2026-09-17 17:11:59+00:00,645.0,128.23,128.26,131.9,0.0,0.0,5.0,1164.0,0.3440464765930175,True,REGULAR,USD,2027-01-15,761.6900024414062,0.039779999256134034,2026-09-18,130.07999999999998,0.32602739726027397
SPY270115C00650000,2026-09-18 17:42:12+00:00,650.0,122.3,123.58,127.22,-1.6100006,-1.2993306,41.0,4887.0,0.3366460379028321,True,REGULAR,USD,2027-01-15,761.6900024414062,0.039779999256134034,2026-09-18,125.4,0.32602739726027397
SPY270115C00655000,2026-09-18 16:49:59+00:00,655.0,117.0,118.91,122.55,-2.1299973,-1.7879604,2.0,1464.0,0.32923034057617184,True,REGULAR,USD,2027-01-15,761.6900024414062,0.039779999256134034,2026-09-18,120.72999999999999,0.32602739726027397
SPY270115C00660000,2026-09-18 19:22:45+00:00,660.0,114.41,114.23,117.9,-0.17999268,-0.15707539,12.0,7579.0,0.3218909364318847,True,REGULAR,USD,2027-01-15,761.6900024414062,0.039779999256134034,2026-09-18,116.065,0.32602739726027397
SPY270115C00665000,2026-09-18 14:21:40+00:00,665.0,108.0,109.6,113.27,5.7300034,5.60282,1.0,4437.0,0.3145820495605468,True,REGULAR,USD,2027-01-15,761.6900024414062,0.039779999256134034,2026-09-18,111.435,0.32602739726027397
SPY270115C00670000,2026-09-18 19:22:45+00:00,670.0,105.33,105.0,108.67,7.1900024,7.326271,48.0,2676.0,0.30741049041748036,True,REGULAR,USD,2027-01-15,761.6900024414062,0.039779999256134034,2026-09-18,106.83500000000001,0.32602739726027397
SPY270115C00675000,2026-09-18 14:45:37+00:00,675.0,98.77,100.41,104.09,6.7999954,7.39371,4.0,2007.0,0.30023893127441403,True,REGULAR,USD,2027-01-15,761.6900024414062,0.039779999256134034,2026-09-18,102.25,0.32602739726027397
SPY270115C00680000,2026-09-18 19:14:51+00:00,680.0,96.23,95.86,99.52,-0.36999512,-0.38301772,20.0,5986.0,0.2929910789489745,True,REGULAR,USD,2027-01-15,761.6900024414062,0.039779999256134034,2026-09-18,97.69,0.32602739726027397
SPY270115C00685000,2026-09-18 14:59:13+00:00,685.0,90.53,91.33,95.01,-1.2600021,-1.3727008,26.0,4035.0,0.2860483993530273,True,REGULAR,USD,2027-01-15,761.6900024414062,0.039779999256134034,2026-09-18,93.17,0.32602739726027397
SPY270115C00690000,2026-09-18 18:41:48+00:00,690.0,86.57,86.87,90.52,0.80000305,0.9327307,8.0,3084.0,0.2790599438476562,True,REGULAR,USD,2027-01-15,761.6900024414062,0.039779999256134034,2026-09-18,88.695,0.32602739726027397
SPY270115C00695000,2026-09-18 18:49:07+00:00,695.0,83.01,83.42,86.07,-0.069999695,-0.08425577,5.0,3230.0,0.2721630401611328,True,REGULAR,USD,2027-01-15,761.6900024414062,0.039779999256134034,2026-09-18,84.745,0.32602739726027397
SPY270115C00700000,2026-09-18 19:12:19+00:00,700.0,78.59,77.96,81.66,1.3699951,1.7741454,175.0,9681.0,0.26534242965698246,True,REGULAR,USD,2027-01-15,761.6900024414062,0.039779999256134034,2026-09-18,79.81,0.32602739726027397
SPY270115C00705000,2026-09-18 19:16:03+00:00,705.0,74.14,73.6,77.29,1.5,2.064978,6.0,2885.0,0.2585675950622559,True,REGULAR,USD,2027-01-15,761.6900024414062,0.039779999256134034,2026-09-18,75.445,0.32602739726027397
SPY270115C00710000,2026-09-18 20:04:11+00:00,710.0,70.23,69.27,72.97,0.69000244,0.99223816,82.0,2773.0,0.2518690536499023,True,REGULAR,USD,2027-01-15,761.6900024414062,0.039779999256134034,2026-09-18,71.12,0.32602739726027397
SPY270115C00715000,2026-09-18 20:01:32+00:00,715.0,66.32,64.99,68.69,0.87000275,1.3292632,493.0,2360.0,0.24517051223754882,True,REGULAR,USD,2027-01-15,761.6900024414062,0.039779999256134034,2026-09-18,66.84,0.32602739726027397
SPY270115C00720000,2026-09-18 20:05:49+00:00,720.0,62.0,60.78,64.48,0.61999893,1.0100993,11.0,5366.0,0.23863981582641602,True,REGULAR,USD,2027-01-15,761.6900024414062,0.039779999256134034,2026-09-18,62.63,0.32602739726027397
SPY270115C00725000,2026-09-18 19:50:27+00:00,725.0,57.44,56.63,60.34,1.0900002,1.9343393,30.0,4166.0,0.23221592987060546,True,REGULAR,USD,2027-01-15,761.6900024414062,0.039779999256134034,2026-09-18,58.485,0.32602739726027397
SPY270115C00730000,2026-09-18 15:26:47+00:00,730.0,52.32,52.55,56.27,-1.1899986,-2.223881,5.0,4390.0,0.22588359573364258,True,REGULAR,USD,2027-01-15,761.6900024414062,0.039779999256134034,2026-09-18,54.41,0.32602739726027397
SPY270115C00735000,2026-09-18 20:08:53+00:00,735.0,50.57,48.56,51.88,1.1699982,2.3684173,10.0,1681.0,0.21720906089782713,True,REGULAR,USD,2027-01-15,761.6900024414062,0.039779999256134034,2026-09-18,50.22,0.32602739726027397
SPY270115C00740000,2026-09-18 20:12:01+00:00,740.0,46.97,44.8,48.01,1.6500015,3.64078,19.0,5819.0,0.21132685653686517,True,REGULAR,USD,2027-01-15,761.6900024414062,0.039779999256134034,2026-09-18,46.405,0.32602739726027397
SPY270115C00745000,2026-09-18 16:38:17+00:00,745.0,40.12,40.85,44.2,-1.8800011,-4.476193,16.0,4617.0,0.20533021240234373,True,REGULAR,USD,2027-01-15,761.6900024414062,0.039779999256134034,2026-09-18,42.525000000000006,0.32602739726027397
SPY270115C00750000,2026-09-18 20:02:01+00:00,750.0,38.67,38.01,40.07,0.30999756,0.8081271,133.0,7830.0,0.19695322097778317,True,REGULAR,USD,2027-01-15,761.6900024414062,0.039779999256134034,2026-09-18,39.04,0.32602739726027397
SPY270115C00755000,2026-09-18 19:59:58+00:00,755.0,34.51,34.96,35.83,-0.20000076,-0.576205,70.0,4664.0,0.18743183181762696,True,REGULAR,USD,2027-01-15,761.6900024414062,0.039779999256134034,2026-09-18,35.394999999999996,0.32602739726027397
SPY270115C00760000,2026-09-18 20:00:28+00:00,760.0,31.4,31.54,32.39,0.1800003,0.5765545,453.0,4140.0,0.18198449859619142,True,REGULAR,USD,2027-01-15,761.6900024414062,0.039779999256134034,2026-09-18,31.965,0.32602739726027397
SPY270115C00765000,2026-09-18 20:12:02+00:00,765.0,29.0,28.29,29.09,0.79999924,2.8368766,362.0,6283.0,0.17665923446655274,False,REGULAR,USD,2027-01-15,761.6900024414062,0.039779999256134034,2026-09-18,28.689999999999998,0.32602739726027397
SPY270115C00770000,2026-09-18 20:10:26+00:00,770.0,25.6,25.57,25.69,0.65999985,2.6463506,246.0,10989.0,0.1700217276000977,False,REGULAR,USD,2027-01-15,761.6900024414062,0.039779999256134034,2026-09-18,25.630000000000003,0.32602739726027397
SPY270115C00775000,2026-09-18 20:11:45+00:00,775.0,22.8,22.64,22.76,0.61999893,2.7953062,257.0,7837.0,0.16529155029296877,False,REGULAR,USD,2027-01-15,761.6900024414062,0.039779999256134034,2026-09-18,22.700000000000003,0.32602739726027397
SPY270115C00780000,2026-09-18 20:12:14+00:00,780.0,20.03,19.88,20.01,0.62000084,3.1942341,438.0,9279.0,0.1607444766235352,False,REGULAR,USD,2027-01-15,761.6900024414062,0.039779999256134034,2026-09-18,19.945,0.32602739726027397
SPY270115C00785000,2026-09-18 19:54:41+00:00,785.0,16.7,17.36,17.47,-0.03999901,-0.2389427,105.0,5611.0,0.15651783432006838,False,REGULAR,USD,2027-01-15,761.6900024414062,0.039779999256134034,2026-09-18,17.415,0.32602739726027397
SPY270115C00790000,2026-09-18 19:29:01+00:00,790.0,14.32,15.03,15.14,-0.20000076,-1.3774157,205.0,6338.0,0.15258110610961917,False,REGULAR,USD,2027-01-15,761.6900024414062,0.039779999256134034,2026-09-18,15.085,0.32602739726027397
SPY270115C00795000,2026-09-18 18:26:56+00:00,795.0,12.0,12.92,13.03,-0.71000004,-5.5861526,102.0,9829.0,0.14898006790161133,False,REGULAR,USD,2027-01-15,761.6900024414062,0.039779999256134034,2026-09-18,12.975,0.32602739726027397
SPY270115C00800000,2026-09-18 20:13:09+00:00,800.0,11.09,11.04,11.14,0.3800001,3.548087,842.0,25217.0,0.14571471969604488,False,REGULAR,USD,2027-01-15,761.6900024414062,0.039779999256134034,2026-09-18,11.09,0.32602739726027397
SPY270115C00805000,2026-09-18 19:42:51+00:00,805.0,8.9,9.39,9.46,-0.39000034,-4.198066,149.0,7004.0,0.1427698028564453,False,REGULAR,USD,2027-01-15,761.6900024414062,0.039779999256134034,2026-09-18,9.425,0.32602739726027397
SPY270115C00810000,2026-09-18 20:10:02+00:00,810.0,7.87,7.9,7.99,0.069999695,0.89743197,1229.0,4925.0,0.14017583465576172,False,REGULAR,USD,2027-01-15,761.6900024414062,0.039779999256134034,2026-09-18,7.945,0.32602739726027397
SPY270115C00815000,2026-09-18 20:06:44+00:00,815.0,6.59,6.65,6.69,0.10000038,1.540838,21.0,8812.0,0.1377191941833496,False,REGULAR,USD,2027-01-15,761.6900024414062,0.039779999256134034,2026-09-18,6.67,0.32602739726027397
SPY270115C00820000,2026-09-18 20:05:50+00:00,820.0,5.5,5.55,5.59,0.17000008,3.1894948,165.0,6673.0,0.13572031280517582,False,REGULAR,USD,2027-01-15,761.6900024414062,0.039779999256134034,2026-09-18,5.57,0.32602739726027397
SPY270115C00825000,2026-09-18 20:11:29+00:00,825.0,4.66,4.62,4.65,0.15999985,3.5555522,117.0,10981.0,0.13401134552001953,False,REGULAR,USD,2027-01-15,761.6900024414062,0.039779999256134034,2026-09-18,4.635,0.32602739726027397
SPY270115C00830000,2026-09-18 20:11:45+00:00,830.0,3.87,3.82,3.85,0.12999988,3.4759326,15.0,5074.0,0.1325007405090332,False,REGULAR,USD,2027-01-15,761.6900024414062,0.039779999256134034,2026-09-18,3.835,0.32602739726027397
SPY270115C00835000,2026-09-18 19:12:58+00:00,835.0,2.95,3.14,3.18,-0.059999943,-1.9933536,49.0,5762.0,0.13126479095458982,False,REGULAR,USD,2027-01-15,761.6900024414062,0.039779999256134034,2026-09-18,3.16,0.32602739726027397
SPY270115C00840000,2026-09-18 20:10:11+00:00,840.0,2.57,2.58,2.62,0.06999993,2.7999973,37.0,6811.0,0.1302577209472656,False,REGULAR,USD,2027-01-15,761.6900024414062,0.039779999256134034,2026-09-18,2.6,0.32602739726027397
SPY270115C00845000,2026-09-18 19:48:33+00:00,845.0,2.0,2.11,2.15,-0.059999943,-2.9126186,6.0,4954.0,0.12937272003173828,False,REGULAR,USD,2027-01-15,761.6900024414062,0.039779999256134034,2026-09-18,2.13,0.32602739726027397
SPY270115C00850000,2026-09-18 20:09:23+00:00,850.0,1.71,1.73,1.76,-0.01999998,-1.1560682,66.0,15083.0,0.12867082275390623,False,REGULAR,USD,2027-01-15,761.6900024414062,0.039779999256134034,2026-09-18,1.745,0.32602739726027397
SPY270115C00855000,2026-09-18 19:25:21+00:00,855.0,1.31,1.41,1.44,-0.07000005,-5.072468,7.0,8536.0,0.1281215118408203,False,REGULAR,USD,2027-01-15,761.6900024414062,0.039779999256134034,2026-09-18,1.4249999999999998,0.32602739726027397
SPY270115C00860000,2026-09-18 19:41:53+00:00,860.0,1.08,1.16,1.19,-0.029999971,-2.7027001,26.0,4440.0,0.12799944274902342,False,REGULAR,USD,2027-01-15,761.6900024414062,0.039779999256134034,2026-09-18,1.1749999999999998,0.32602739726027397
SPY270115C00865000,2026-09-18 18:37:34+00:00,865.0,0.84,0.95,0.98,-0.100000024,-10.6383,24.0,6257.0,0.127938408203125,False,REGULAR,USD,2027-01-15,761.6900024414062,0.039779999256134034,2026-09-18,0.965,0.32602739726027397
SPY270115C00870000,2026-09-18 20:00:45+00:00,870.0,0.77,0.79,0.81,-0.00999999,-1.2820501,13.0,9379.0,0.12799944274902342,False,REGULAR,USD,2027-01-15,761.6900024414062,0.039779999256134034,2026-09-18,0.8,0.32602739726027397
SPY270115C00875000,2026-09-18 19:14:29+00:00,875.0,0.61,0.65,0.67,0.0,0.0,56.0,7705.0,0.12818254638671872,False,REGULAR,USD,2027-01-15,761.6900024414062,0.039779999256134034,2026-09-18,0.66,0.32602739726027397
SPY270115C00880000,2026-09-17 19:42:29+00:00,880.0,0.54,0.55,0.57,0.0,0.0,17.0,18326.0,0.12903703002929687,False,REGULAR,USD,2027-01-15,761.6900024414062,0.039779999256134034,2026-09-18,0.56,0.32602739726027397
SPY270115C00885000,2026-09-18 16:23:22+00:00,885.0,0.41,0.46,0.48,-0.03999999,-8.888887,10.0,6352.0,0.12964737548828126,False,REGULAR,USD,2027-01-15,761.6900024414062,0.039779999256134034,2026-09-18,0.47,0.32602739726027397
SPY270115C00890000,2026-09-18 19:33:47+00:00,890.0,0.37,0.39,0.41,-0.030000001,-7.5,49.0,7927.0,0.13050185913085935,False,REGULAR,USD,2027-01-15,761.6900024414062,0.039779999256134034,2026-09-18,0.4,0.32602739726027397
SPY270115C00895000,2026-09-18 19:03:53+00:00,895.0,0.31,0.34,0.35,0.0,0.0,26.0,1826.0,0.13147841186523437,False,REGULAR,USD,2027-01-15,761.6900024414062,0.039779999256134034,2026-09-18,0.345,0.32602739726027397
SPY270115C00900000,2026-09-18 20:02:59+00:00,900.0,0.29,0.29,0.3,0.0,0.0,591.0,27221.0,0.1324549645996094,False,REGULAR,USD,2027-01-15,761.6900024414062,0.039779999256134034,2026-09-18,0.295,0.32602739726027397
SPY270115C00905000,2026-09-17 15:27:54+00:00,905.0,0.24,0.25,0.27,0.0,0.0,118.0,4355.0,0.13416393188476564,False,REGULAR,USD,2027-01-15,761.6900024414062,0.039779999256134034,2026-09-18,0.26,0.32602739726027397
SPY270115C00910000,2026-09-17 15:14:28+00:00,910.0,0.21,0.22,0.24,0.0,0.0,1.0,4862.0,0.13575083007812502,False,REGULAR,USD,2027-01-15,761.6900024414062,0.039779999256134034,2026-09-18,0.22999999999999998,0.32602739726027397
SPY270129C00610000,2026-09-09 16:08:35+00:00,610.0,162.98,162.95,166.6,0.0,0.0,,18.0,0.39076842147827145,True,REGULAR,USD,2027-01-29,761.6900024414062,0.039779999256134034,2026-09-18,164.77499999999998,0.3643835616438356
SPY270129C00615000,2026-09-14 15:46:56+00:00,615.0,157.95,158.2,161.86,0.0,0.0,3.0,4.0,0.3834290173339844,True,REGULAR,USD,2027-01-29,761.6900024414062,0.039779999256134034,2026-09-18,160.03,0.3643835616438356
SPY270129C00630000,2026-08-12 18:30:53+00:00,630.0,158.27,144.03,147.69,0.0,0.0,1.0,1.0,0.36151761535644533,True,REGULAR,USD,2027-01-29,761.6900024414062,0.039779999256134034,2026-09-18,145.86,0.3643835616438356
SPY270129C00640000,2026-09-11 16:13:59+00:00,640.0,138.18,134.65,138.31,0.0,0.0,1.0,16.0,0.3471439797973632,True,REGULAR,USD,2027-01-29,761.6900024414062,0.039779999256134034,2026-09-18,136.48000000000002,0.3643835616438356
SPY270129C00645000,2026-08-17 15:37:26+00:00,645.0,146.06,129.98,133.64,0.0,0.0,,3.0,0.34001819656372073,True,REGULAR,USD,2027-01-29,761.6900024414062,0.039779999256134034,2026-09-18,131.81,0.3643835616438356
SPY270129C00650000,2026-09-18 14:50:08+00:00,650.0,124.01,125.33,129.0,2.3600006,1.9399923,3.0,14.0,0.33304499969482426,True,REGULAR,USD,2027-01-29,761.6900024414062,0.039779999256134034,2026-09-18,127.16499999999999,0.3643835616438356
SPY270129C00655000,2026-09-16 16:13:14+00:00,655.0,119.96,120.69,124.36,0.0,0.0,15.0,16.0,0.3259649923706054,True,REGULAR,USD,2027-01-29,761.6900024414062,0.039779999256134034,2026-09-18,122.525,0.3643835616438356
SPY270129C00660000,2026-09-17 17:26:19+00:00,660.0,116.23,116.08,119.75,0.0,0.0,1.0,9.0,0.31900705413818353,True,REGULAR,USD,2027-01-29,761.6900024414062,0.039779999256134034,2026-09-18,117.91499999999999,0.3643835616438356
SPY270129C00665000,2026-09-17 17:26:40+00:00,665.0,111.4,111.49,115.16,0.0,0.0,2.0,3.0,0.3120948918151855,True,REGULAR,USD,2027-01-29,761.6900024414062,0.039779999256134034,2026-09-18,113.32499999999999,0.3643835616438356
SPY270129C00670000,2026-08-31 18:11:55+00:00,670.0,112.77,106.92,110.59,0.0,0.0,,0.0,0.3052132467651367,True,REGULAR,USD,2027-01-29,761.6900024414062,0.039779999256134034,2026-09-18,108.755,0.3643835616438356
SPY270129C00671000,2026-09-16 20:03:13+00:00,671.0,99.43,106.01,109.68,0.0,0.0,9.0,9.0,0.3038552281188965,True,REGULAR,USD,2027-01-29,761.6900024414062,0.039779999256134034,2026-09-18,107.845,0.3643835616438356
SPY270129C00673000,2026-09-14 18:41:49+00:00,673.0,105.0,105.2,107.19,0.0,0.0,1.0,1.0,0.29616487533569336,True,REGULAR,USD,2027-01-29,761.6900024414062,0.039779999256134034,2026-09-18,106.195,0.3643835616438356
SPY270129C00674000,2026-09-10 14:24:41+00:00,674.0,102.5,103.28,106.59,0.0,0.0,,1.0,0.2970880228424072,True,REGULAR,USD,2027-01-29,761.6900024414062,0.039779999256134034,2026-09-18,104.935,0.3643835616438356
SPY270129C00675000,2026-09-14 18:41:49+00:00,675.0,103.17,103.41,105.36,0.0,0.0,1.0,15.0,0.29337254486083975,True,REGULAR,USD,2027-01-29,761.6900024414062,0.039779999256134034,2026-09-18,104.38499999999999,0.3643835616438356
SPY270129C00676000,2026-08-21 17:27:16+00:00,676.0,106.87,101.51,104.98,0.0,0.0,1.0,1.0,0.29585970260620115,True,REGULAR,USD,2027-01-29,761.6900024414062,0.039779999256134034,2026-09-18,103.245,0.3643835616438356
SPY270129C00679000,2026-08-12 19:16:46+00:00,679.0,113.92,99.82,101.71,0.0,0.0,,2.0,0.28778788391113275,True,REGULAR,USD,2027-01-29,761.6900024414062,0.039779999256134034,2026-09-18,100.76499999999999,0.3643835616438356
SPY270129C00680000,2026-09-16 19:22:32+00:00,680.0,88.4,97.9,101.53,0.0,0.0,3.0,13.0,0.29161780166625967,True,REGULAR,USD,2027-01-29,761.6900024414062,0.039779999256134034,2026-09-18,99.715,0.3643835616438356
SPY270129C00683000,2026-09-01 18:36:17+00:00,683.0,96.22,95.2,98.85,0.0,0.0,2.0,46.0,0.28768107345581045,True,REGULAR,USD,2027-01-29,761.6900024414062,0.039779999256134034,2026-09-18,97.025,0.3643835616438356
SPY270129C00684000,2026-09-16 18:34:37+00:00,684.0,91.83,94.3,97.17,0.0,0.0,1.0,2.0,0.2808299456787109,True,REGULAR,USD,2027-01-29,761.6900024414062,0.039779999256134034,2026-09-18,95.735,0.3643835616438356
SPY270129C00685000,2026-09-18 15:30:57+00:00,685.0,92.66,93.41,97.06,6.830002,7.9575925,1.0,2.0,0.2850108120727538,True,REGULAR,USD,2027-01-29,761.6900024414062,0.039779999256134034,2026-09-18,95.235,0.3643835616438356
SPY270129C00686000,2026-09-01 18:42:50+00:00,686.0,93.03,92.52,95.36,0.0,0.0,,1.0,0.27803761520385745,True,REGULAR,USD,2027-01-29,761.6900024414062,0.039779999256134034,2026-09-18,93.94,0.3643835616438356
SPY270129C00687000,2026-09-01 18:35:19+00:00,687.0,92.65,91.62,94.46,0.0,0.0,,1.0,0.2766795965576171,True,REGULAR,USD,2027-01-29,761.6900024414062,0.039779999256134034,2026-09-18,93.03999999999999,0.3643835616438356
SPY270129C00688000,2026-08-28 15:26:26+00:00,688.0,103.53,90.73,93.56,0.0,0.0,1.0,0.0,0.27530631927490234,True,REGULAR,USD,2027-01-29,761.6900024414062,0.039779999256134034,2026-09-18,92.14500000000001,0.3643835616438356
SPY270129C00689000,2026-08-20 14:25:14+00:00,689.0,98.61,89.84,92.67,0.0,0.0,,23.0,0.27399407653808594,True,REGULAR,USD,2027-01-29,761.6900024414062,0.039779999256134034,2026-09-18,91.255,0.3643835616438356
SPY270129C00690000,2026-09-10 18:53:26+00:00,690.0,87.12,88.97,91.77,0.0,0.0,65.0,74.0,0.27260554061889647,True,REGULAR,USD,2027-01-29,761.6900024414062,0.039779999256134034,2026-09-18,90.37,0.3643835616438356
SPY270129C00694000,2026-08-20 13:58:20+00:00,694.0,93.96,85.4,89.07,0.0,0.0,,195.0,0.2730556703948974,True,REGULAR,USD,2027-01-29,761.6900024414062,0.039779999256134034,2026-09-18,87.235,0.3643835616438356
SPY270129C00695000,2026-09-16 19:04:37+00:00,695.0,78.4,84.53,87.31,0.0,0.0,3.0,174.0,0.26583070602416997,True,REGULAR,USD,2027-01-29,761.6900024414062,0.039779999256134034,2026-09-18,85.92,0.3643835616438356
SPY270129C00696000,2026-08-12 19:15:22+00:00,696.0,99.05,83.65,86.41,0.0,0.0,,2.0,0.2643963941955566,True,REGULAR,USD,2027-01-29,761.6900024414062,0.039779999256134034,2026-09-18,85.03,0.3643835616438356
SPY270129C00697000,2026-09-15 14:58:13+00:00,697.0,79.09,82.78,85.52,0.0,0.0,2.0,6.0,0.2630231169128418,True,REGULAR,USD,2027-01-29,761.6900024414062,0.039779999256134034,2026-09-18,84.15,0.3643835616438356
SPY270129C00698000,2026-09-16 16:11:25+00:00,698.0,80.98,81.9,84.64,0.0,0.0,2.0,22.0,0.2617108741760254,True,REGULAR,USD,2027-01-29,761.6900024414062,0.039779999256134034,2026-09-18,83.27000000000001,0.3643835616438356
SPY270129C00700000,2026-09-18 19:44:49+00:00,700.0,81.48,80.16,83.84,6.170006,8.192811,3.0,22.0,0.26538820556640624,True,REGULAR,USD,2027-01-29,761.6900024414062,0.039779999256134034,2026-09-18,82.0,0.3643835616438356
SPY270129C00702000,2026-09-15 19:14:13+00:00,702.0,75.15,78.41,82.08,0.0,0.0,2.0,32.0,0.2626416510009766,True,REGULAR,USD,2027-01-29,761.6900024414062,0.039779999256134034,2026-09-18,80.245,0.3643835616438356
SPY270129C00703000,2026-08-13 15:57:48+00:00,703.0,96.11,77.56,80.24,0.0,0.0,,1.0,0.2550275914001466,True,REGULAR,USD,2027-01-29,761.6900024414062,0.039779999256134034,2026-09-18,78.9,0.3643835616438356
SPY270129C00704000,2026-09-17 14:09:51+00:00,704.0,75.28,76.7,80.35,0.0,0.0,3.0,45.0,0.26007057075500495,True,REGULAR,USD,2027-01-29,761.6900024414062,0.039779999256134034,2026-09-18,78.525,0.3643835616438356
SPY270129C00705000,2026-09-17 15:00:02+00:00,705.0,75.02,75.81,79.51,0.0,0.0,2.0,42.0,0.25893380233764657,True,REGULAR,USD,2027-01-29,761.6900024414062,0.039779999256134034,2026-09-18,77.66,0.3643835616438356
SPY270129C00706000,2026-08-21 18:59:10+00:00,706.0,82.29,74.95,78.63,0.0,0.0,1.0,1.0,0.25752237846374515,True,REGULAR,USD,2027-01-29,761.6900024414062,0.039779999256134034,2026-09-18,76.78999999999999,0.3643835616438356
SPY270129C00707000,2026-09-17 14:50:38+00:00,707.0,73.43,74.09,77.77,0.0,0.0,2.0,9.0,0.25623302368164064,True,REGULAR,USD,2027-01-29,761.6900024414062,0.039779999256134034,2026-09-18,75.93,0.3643835616438356
SPY270129C00708000,2026-09-18 15:30:57+00:00,708.0,72.7,73.24,76.44,0.069999695,0.09637849,3.0,11.0,0.2519453468322754,True,REGULAR,USD,2027-01-29,761.6900024414062,0.039779999256134034,2026-09-18,74.84,0.3643835616438356
SPY270129C00709000,2026-09-18 15:08:53+00:00,709.0,71.94,72.38,76.06,-6.1800003,-7.910906,1.0,11.0,0.2536848313903809,True,REGULAR,USD,2027-01-29,761.6900024414062,0.039779999256134034,2026-09-18,74.22,0.3643835616438356
SPY270129C00710000,2026-09-17 19:06:55+00:00,710.0,72.5,71.53,75.23,0.0,0.0,3.0,21.0,0.2525556922912598,True,REGULAR,USD,2027-01-29,761.6900024414062,0.039779999256134034,2026-09-18,73.38,0.3643835616438356
SPY270129C00713000,2026-09-18 14:20:37+00:00,713.0,68.08,68.98,72.69,1.6900024,2.5455678,2.0,2.0,0.24879443840026857,True,REGULAR,USD,2027-01-29,761.6900024414062,0.039779999256134034,2026-09-18,70.83500000000001,0.3643835616438356
SPY270129C00715000,2026-08-21 13:54:53+00:00,715.0,75.49,67.3,69.87,0.0,0.0,1.0,3.0,0.2392501612854004,True,REGULAR,USD,2027-01-29,761.6900024414062,0.039779999256134034,2026-09-18,68.58500000000001,0.3643835616438356
SPY270129C00716000,2026-09-16 19:02:14+00:00,716.0,61.2,66.46,69.02,0.0,0.0,48.0,49.0,0.23796080650329585,True,REGULAR,USD,2027-01-29,761.6900024414062,0.039779999256134034,2026-09-18,67.74,0.3643835616438356
SPY270129C00717000,2026-09-10 14:35:07+00:00,717.0,65.06,65.62,68.18,0.0,0.0,,1.0,0.2367172276306152,True,REGULAR,USD,2027-01-29,761.6900024414062,0.039779999256134034,2026-09-18,66.9,0.3643835616438356
SPY270129C00718000,2026-08-10 14:54:03+00:00,718.0,82.59,64.78,68.49,0.0,0.0,,10.0,0.24250025085449217,True,REGULAR,USD,2027-01-29,761.6900024414062,0.039779999256134034,2026-09-18,66.63499999999999,0.3643835616438356
SPY270129C00719000,2026-09-16 15:37:18+00:00,719.0,63.34,63.95,67.64,0.0,0.0,2.0,0.0,0.24115749084472654,True,REGULAR,USD,2027-01-29,761.6900024414062,0.039779999256134034,2026-09-18,65.795,0.3643835616438356
SPY270129C00720000,2026-09-17 19:51:10+00:00,720.0,63.66,63.12,66.81,0.0,0.0,5.0,764.0,0.23990628265380853,True,REGULAR,USD,2027-01-29,761.6900024414062,0.039779999256134034,2026-09-18,64.965,0.3643835616438356
SPY270129C00722000,2026-09-09 13:49:02+00:00,722.0,64.5,61.47,65.16,0.0,0.0,1.0,2.0,0.23744964218139647,True,REGULAR,USD,2027-01-29,761.6900024414062,0.039779999256134034,2026-09-18,63.315,0.3643835616438356
SPY270129C00723000,2026-08-05 14:31:17+00:00,723.0,79.66,66.92,70.12,0.0,0.0,,2.0,0.2706219178771973,True,REGULAR,USD,2027-01-29,761.6900024414062,0.039779999256134034,2026-09-18,68.52000000000001,0.3643835616438356
SPY270129C00725000,2026-09-15 14:40:39+00:00,725.0,56.32,59.01,62.71,0.0,0.0,1.0,21.0,0.2338180867004394,True,REGULAR,USD,2027-01-29,761.6900024414062,0.039779999256134034,2026-09-18,60.86,0.3643835616438356
SPY270129C00726000,2026-08-25 18:10:22+00:00,726.0,65.34,58.2,61.9,0.0,0.0,2.0,17.0,0.2326202837371826,True,REGULAR,USD,2027-01-29,761.6900024414062,0.039779999256134034,2026-09-18,60.05,0.3643835616438356
SPY270129C00727000,2026-08-05 14:30:17+00:00,727.0,76.66,63.63,66.83,0.0,0.0,12.0,16.0,0.2651288087463379,True,REGULAR,USD,2027-01-29,761.6900024414062,0.039779999256134034,2026-09-18,65.23,0.3643835616438356
SPY270129C00728000,2026-09-15 15:25:06+00:00,728.0,54.43,56.58,60.29,0.0,0.0,1.0,1.0,0.23024756576538086,True,REGULAR,USD,2027-01-29,761.6900024414062,0.039779999256134034,2026-09-18,58.435,0.3643835616438356
SPY270129C00729000,2026-09-11 17:51:28+00:00,729.0,60.08,55.78,59.49,0.0,0.0,2.0,5.0,0.22906502143859866,True,REGULAR,USD,2027-01-29,761.6900024414062,0.039779999256134034,2026-09-18,57.635000000000005,0.3643835616438356
SPY270129C00730000,2026-09-16 19:57:26+00:00,730.0,50.12,54.98,58.69,0.0,0.0,2.0,43.0,0.2278672184753418,True,REGULAR,USD,2027-01-29,761.6900024414062,0.039779999256134034,2026-09-18,56.834999999999994,0.3643835616438356
SPY270129C00732000,2026-08-26 13:43:34+00:00,732.0,61.05,53.39,57.1,0.0,0.0,1.0,3.0,0.2255021298217773,True,REGULAR,USD,2027-01-29,761.6900024414062,0.039779999256134034,2026-09-18,55.245000000000005,0.3643835616438356
SPY270129C00733000,2026-08-21 13:47:32+00:00,733.0,60.39,52.6,56.31,0.0,0.0,1.0,2.0,0.22431958549499506,True,REGULAR,USD,2027-01-29,761.6900024414062,0.039779999256134034,2026-09-18,54.455,0.3643835616438356
SPY270129C00734000,2026-08-03 14:36:36+00:00,734.0,54.65,57.98,61.08,0.0,0.0,1.0,0.0,0.2551344018554688,True,REGULAR,USD,2027-01-29,761.6900024414062,0.039779999256134034,2026-09-18,59.53,0.3643835616438356
SPY270129C00735000,2026-08-28 14:33:31+00:00,735.0,62.0,51.02,54.73,0.0,0.0,1.0,15.0,0.2219163502502441,True,REGULAR,USD,2027-01-29,761.6900024414062,0.039779999256134034,2026-09-18,52.875,0.3643835616438356
SPY270129C00736000,2026-08-25 14:30:36+00:00,736.0,56.52,50.24,53.95,0.0,0.0,4.0,2.0,0.22075669387817382,True,REGULAR,USD,2027-01-29,761.6900024414062,0.039779999256134034,2026-09-18,52.095,0.3643835616438356
SPY270129C00737000,2026-08-25 14:33:17+00:00,737.0,56.48,49.46,52.81,0.0,0.0,3.0,12.0,0.21750660430908203,True,REGULAR,USD,2027-01-29,761.6900024414062,0.039779999256134034,2026-09-18,51.135000000000005,0.3643835616438356
SPY270129C00738000,2026-09-16 19:51:01+00:00,738.0,43.9,48.69,52.04,0.0,0.0,2.0,16.0,0.21637746520996093,True,REGULAR,USD,2027-01-29,761.6900024414062,0.039779999256134034,2026-09-18,50.364999999999995,0.3643835616438356
SPY270129C00739000,2026-08-25 14:30:04+00:00,739.0,54.88,47.92,51.26,0.0,0.0,5.0,9.0,0.21517203292846682,True,REGULAR,USD,2027-01-29,761.6900024414062,0.039779999256134034,2026-09-18,49.59,0.3643835616438356
SPY270129C00740000,2026-09-16 19:58:29+00:00,740.0,42.59,47.15,50.5,0.0,0.0,138.0,402.0,0.2140581524658203,True,REGULAR,USD,2027-01-29,761.6900024414062,0.039779999256134034,2026-09-18,48.825,0.3643835616438356
SPY270129C00741000,2026-08-25 18:10:22+00:00,741.0,53.33,46.39,49.76,0.0,0.0,4.0,8.0,0.21304345314025877,True,REGULAR,USD,2027-01-29,761.6900024414062,0.039779999256134034,2026-09-18,48.075,0.3643835616438356
SPY270129C00742000,2026-09-11 19:49:21+00:00,742.0,49.17,45.63,49.0,0.0,0.0,1.0,2.0,0.21190668472290036,True,REGULAR,USD,2027-01-29,761.6900024414062,0.039779999256134034,2026-09-18,47.315,0.3643835616438356
SPY270129C00743000,2026-09-11 18:20:01+00:00,743.0,49.0,44.87,48.24,0.0,0.0,8.0,8.0,0.21073939903259278,True,REGULAR,USD,2027-01-29,761.6900024414062,0.039779999256134034,2026-09-18,46.555,0.3643835616438356
SPY270129C00745000,2026-09-17 19:51:45+00:00,745.0,44.5,43.37,46.75,0.0,0.0,2.0,52.0,0.20853452606201167,True,REGULAR,USD,2027-01-29,761.6900024414062,0.039779999256134034,2026-09-18,45.06,0.3643835616438356
SPY270129C00746000,2026-08-04 16:10:35+00:00,746.0,56.5,48.64,51.9,0.0,0.0,1.0,11.0,0.24034878311157226,True,REGULAR,USD,2027-01-29,761.6900024414062,0.039779999256134034,2026-09-18,50.269999999999996,0.3643835616438356
SPY270129C00747000,2026-07-31 17:52:24+00:00,747.0,39.9,47.97,50.88,0.0,0.0,2.0,16.0,0.23759459922790524,True,REGULAR,USD,2027-01-29,761.6900024414062,0.039779999256134034,2026-09-18,49.425,0.3643835616438356
SPY270129C00748000,2026-07-28 13:39:42+00:00,748.0,36.18,47.26,50.07,0.0,0.0,,20.0,0.23600007171630855,True,REGULAR,USD,2027-01-29,761.6900024414062,0.039779999256134034,2026-09-18,48.665,0.3643835616438356
SPY270129C00749000,2026-07-28 13:42:53+00:00,749.0,35.27,46.51,49.37,0.0,0.0,,40.0,0.23500826034545896,True,REGULAR,USD,2027-01-29,761.6900024414062,0.039779999256134034,2026-09-18,47.94,0.3643835616438356
SPY270129C00750000,2026-09-18 14:55:21+00:00,750.0,40.77,40.62,41.89,0.27000046,0.6666678,6.0,511.0,0.19639628074645996,True,REGULAR,USD,2027-01-29,761.6900024414062,0.039779999256134034,2026-09-18,41.254999999999995,0.3643835616438356
SPY270129C00752000,2026-09-18 14:50:00+00:00,752.0,37.88,39.56,40.55,4.5699997,13.719603,2.0,5.0,0.19478649459838865,True,REGULAR,USD,2027-01-29,761.6900024414062,0.039779999256134034,2026-09-18,40.055,0.3643835616438356
SPY270129C00753000,2026-09-17 13:34:55+00:00,753.0,38.0,38.31,40.39,0.0,0.0,1.0,22.0,0.19675485870361326,True,REGULAR,USD,2027-01-29,761.6900024414062,0.039779999256134034,2026-09-18,39.35,0.3643835616438356
SPY270129C00754000,2026-09-16 19:06:34+00:00,754.0,33.16,37.61,39.68,0.0,0.0,8.0,7.0,0.19567149551391605,True,REGULAR,USD,2027-01-29,761.6900024414062,0.039779999256134034,2026-09-18,38.644999999999996,0.3643835616438356
SPY270129C00755000,2026-09-18 18:46:46+00:00,755.0,36.98,37.44,38.29,-0.36999893,-0.99062634,8.0,247.0,0.1908192491149902,True,REGULAR,USD,2027-01-29,761.6900024414062,0.039779999256134034,2026-09-18,37.864999999999995,0.3643835616438356
SPY270129C00756000,2026-09-16 19:46:41+00:00,756.0,31.05,36.76,37.76,0.0,0.0,7.0,13.0,0.19068192138671874,True,REGULAR,USD,2027-01-29,761.6900024414062,0.039779999256134034,2026-09-18,37.26,0.3643835616438356
SPY270129C00757000,2026-09-17 19:56:10+00:00,757.0,35.91,36.08,37.03,-0.069999695,-0.19455168,12.0,85.0,0.1894307131958008,True,REGULAR,USD,2027-01-29,761.6900024414062,0.039779999256134034,2026-09-18,36.555,0.3643835616438356
SPY270129C00758000,2026-09-18 16:39:04+00:00,758.0,33.56,35.36,36.35,4.120001,13.994568,1.0,70.0,0.18842364318847654,True,REGULAR,USD,2027-01-29,761.6900024414062,0.039779999256134034,2026-09-18,35.855000000000004,0.3643835616438356
SPY270129C00759000,2026-09-18 19:39:32+00:00,759.0,34.22,34.72,35.66,-2.3099976,-6.323563,30.0,126.0,0.18734027999877928,True,REGULAR,USD,2027-01-29,761.6900024414062,0.039779999256134034,2026-09-18,35.19,0.3643835616438356
SPY270129C00760000,2026-09-18 20:07:52+00:00,760.0,34.35,34.05,35.09,0.98999786,2.9676194,269.0,189.0,0.18689015022277833,True,REGULAR,USD,2027-01-29,761.6900024414062,0.039779999256134034,2026-09-18,34.57,0.3643835616438356
SPY270129C00761000,2026-09-17 13:32:19+00:00,761.0,33.87,33.38,34.31,0.86999893,2.6363604,1.0,19.0,0.18526510543823238,True,REGULAR,USD,2027-01-29,761.6900024414062,0.039779999256134034,2026-09-18,33.845,0.3643835616438356
SPY270129C00762000,2026-09-18 19:47:01+00:00,762.0,32.51,32.73,33.65,5.6499977,21.034986,1.0,21.0,0.1842732940673828,False,REGULAR,USD,2027-01-29,761.6900024414062,0.039779999256134034,2026-09-18,33.19,0.3643835616438356
SPY270129C00763000,2026-09-17 19:20:35+00:00,763.0,31.86,32.07,33.03,0.0,0.0,4.0,132.0,0.1834798449707031,False,REGULAR,USD,2027-01-29,761.6900024414062,0.039779999256134034,2026-09-18,32.55,0.3643835616438356
SPY270129C00764000,2026-09-15 16:04:32+00:00,764.0,28.84,31.42,32.36,0.0,0.0,10.0,342.0,0.18238885246276856,False,REGULAR,USD,2027-01-29,761.6900024414062,0.039779999256134034,2026-09-18,31.89,0.3643835616438356
SPY270129C00765000,2026-09-18 20:12:37+00:00,765.0,31.36,30.79,31.68,0.84000015,2.752294,30.0,185.0,0.18122156677246093,False,REGULAR,USD,2027-01-29,761.6900024414062,0.039779999256134034,2026-09-18,31.235,0.3643835616438356
SPY270129C00766000,2026-09-17 13:47:01+00:00,766.0,28.92,30.15,31.04,0.0,0.0,1.0,28.0,0.18023738471984865,False,REGULAR,USD,2027-01-29,761.6900024414062,0.039779999256134034,2026-09-18,30.595,0.3643835616438356
SPY270129C00767000,2026-09-18 20:12:37+00:00,767.0,30.11,29.46,30.41,7.0600014,30.629074,7.0,24.0,0.17928371994018555,False,REGULAR,USD,2027-01-29,761.6900024414062,0.039779999256134034,2026-09-18,29.935000000000002,0.3643835616438356
SPY270129C00768000,2026-09-18 18:23:21+00:00,768.0,28.04,28.9,29.77,-0.13999939,-0.4968041,3.0,186.0,0.17825376197814943,False,REGULAR,USD,2027-01-29,761.6900024414062,0.039779999256134034,2026-09-18,29.335,0.3643835616438356
SPY270129C00769000,2026-09-18 18:38:44+00:00,769.0,27.26,28.72,28.85,1.8899994,7.4497414,4.0,147.0,0.17566742309570313,False,REGULAR,USD,2027-01-29,761.6900024414062,0.039779999256134034,2026-09-18,28.785,0.3643835616438356
SPY270129C00770000,2026-09-18 18:37:11+00:00,770.0,26.72,28.1,28.25,-0.40000153,-1.4749318,1.0,466.0,0.17479768081665042,False,REGULAR,USD,2027-01-29,761.6900024414062,0.039779999256134034,2026-09-18,28.175,0.3643835616438356
SPY270129C00771000,2026-09-18 15:31:13+00:00,771.0,25.84,27.48,27.64,-0.030000687,-0.11596709,1.0,210.0,0.17384401603698732,False,REGULAR,USD,2027-01-29,761.6900024414062,0.039779999256134034,2026-09-18,27.560000000000002,0.3643835616438356
SPY270129C00772000,2026-09-18 19:44:02+00:00,772.0,26.1,26.89,27.03,0.11000061,0.42324206,2.0,308.0,0.17286746330261232,False,REGULAR,USD,2027-01-29,761.6900024414062,0.039779999256134034,2026-09-18,26.96,0.3643835616438356
SPY270129C00773000,2026-09-16 15:06:52+00:00,773.0,25.0,26.3,26.44,0.0,0.0,1.0,14.0,0.1719672037506104,False,REGULAR,USD,2027-01-29,761.6900024414062,0.039779999256134034,2026-09-18,26.37,0.3643835616438356
SPY270129C00774000,2026-09-09 19:55:25+00:00,774.0,26.61,25.71,25.85,0.0,0.0,1.0,8.0,0.17104405624389651,False,REGULAR,USD,2027-01-29,761.6900024414062,0.039779999256134034,2026-09-18,25.78,0.3643835616438356
SPY270129C00775000,2026-09-18 19:16:35+00:00,775.0,24.3,25.13,25.27,-0.3600006,-1.4598565,13.0,130.0,0.17014379669189456,False,REGULAR,USD,2027-01-29,761.6900024414062,0.039779999256134034,2026-09-18,25.2,0.3643835616438356
SPY270129C00776000,2026-09-18 18:54:23+00:00,776.0,24.02,24.54,24.69,0.020000458,0.08333524,1.0,394.0,0.16921301986694337,False,REGULAR,USD,2027-01-29,761.6900024414062,0.039779999256134034,2026-09-18,24.615000000000002,0.3643835616438356
SPY270129C00777000,2026-09-16 15:09:45+00:00,777.0,23.05,23.99,24.13,0.0,0.0,1.0,261.0,0.16835853622436525,False,REGULAR,USD,2027-01-29,761.6900024414062,0.039779999256134034,2026-09-18,24.06,0.3643835616438356
SPY270129C00778000,2026-09-18 14:00:14+00:00,778.0,22.06,23.43,23.57,-1.1900005,-5.118282,1.0,13.0,0.1674735353088379,False,REGULAR,USD,2027-01-29,761.6900024414062,0.039779999256134034,2026-09-18,23.5,0.3643835616438356
SPY270129C00779000,2026-09-18 18:54:23+00:00,779.0,22.36,22.88,23.01,1.5600014,7.5000067,6.0,301.0,0.1665580171203614,False,REGULAR,USD,2027-01-29,761.6900024414062,0.039779999256134034,2026-09-18,22.945,0.3643835616438356
SPY270129C00780000,2026-09-18 18:51:16+00:00,780.0,21.58,22.33,22.47,0.789999,3.7998989,3.0,546.0,0.16573405075073244,False,REGULAR,USD,2027-01-29,761.6900024414062,0.039779999256134034,2026-09-18,22.4,0.3643835616438356
SPY270129C00785000,2026-09-18 18:18:31+00:00,785.0,18.4,19.72,19.85,-0.32999992,-1.761879,13.0,491.0,0.1615226670837402,False,REGULAR,USD,2027-01-29,761.6900024414062,0.039779999256134034,2026-09-18,19.785,0.3643835616438356
SPY270129C00790000,2026-09-17 19:51:10+00:00,790.0,16.77,17.3,17.43,-0.17000008,-1.0035423,1.0,990.0,0.1576164561462402,False,REGULAR,USD,2027-01-29,761.6900024414062,0.039779999256134034,2026-09-18,17.365000000000002,0.3643835616438356
SPY270129C00795000,2026-09-15 19:37:53+00:00,795.0,12.98,15.08,15.21,0.0,0.0,130.0,1009.0,0.1539849006652832,False,REGULAR,USD,2027-01-29,761.6900024414062,0.039779999256134034,2026-09-18,15.145,0.3643835616438356
SPY270129C00800000,2026-09-18 19:57:20+00:00,800.0,12.65,13.06,13.19,-0.030000687,-0.23659848,32.0,1089.0,0.15062800064086918,False,REGULAR,USD,2027-01-29,761.6900024414062,0.039779999256134034,2026-09-18,13.125,0.3643835616438356
SPY270129C00805000,2026-09-18 15:25:05+00:00,805.0,10.39,11.25,11.37,-0.48999977,-4.5036745,2.0,1010.0,0.14754575607299808,False,REGULAR,USD,2027-01-29,761.6900024414062,0.039779999256134034,2026-09-18,11.309999999999999,0.3643835616438356
SPY270129C00810000,2026-09-18 13:33:14+00:00,810.0,9.44,9.64,9.75,0.069999695,0.74706185,4.0,1158.0,0.14478394287109375,False,REGULAR,USD,2027-01-29,761.6900024414062,0.039779999256134034,2026-09-18,9.695,0.3643835616438356
SPY270129C00815000,2026-09-18 17:00:33+00:00,815.0,7.39,8.22,8.32,-0.55999994,-7.0440245,552.0,1217.0,0.14232730239868163,False,REGULAR,USD,2027-01-29,761.6900024414062,0.039779999256134034,2026-09-18,8.27,0.3643835616438356
SPY270129C00820000,2026-09-18 19:51:36+00:00,820.0,6.62,6.99,7.04,-0.13000011,-1.9259276,57.0,618.0,0.13993169647216797,False,REGULAR,USD,2027-01-29,761.6900024414062,0.039779999256134034,2026-09-18,7.015000000000001,0.3643835616438356
SPY270129C00825000,2026-09-18 18:45:25+00:00,825.0,5.44,5.91,5.96,-0.4000001,-6.849316,1.0,748.0,0.13807014282226562,False,REGULAR,USD,2027-01-29,761.6900024414062,0.039779999256134034,2026-09-18,5.9350000000000005,0.3643835616438356
SPY270129C00830000,2026-09-18 18:37:11+00:00,830.0,4.51,4.97,5.02,-0.30999994,-6.431534,5.0,1011.0,0.13637643417358397,False,REGULAR,USD,2027-01-29,761.6900024414062,0.039779999256134034,2026-09-18,4.994999999999999,0.3643835616438356
SPY270129C00835000,2026-09-17 18:35:31+00:00,835.0,3.97,4.16,4.21,0.0,0.0,11.0,260.0,0.1348658291625977,False,REGULAR,USD,2027-01-29,761.6900024414062,0.039779999256134034,2026-09-18,4.1850000000000005,0.3643835616438356
SPY270129C00840000,2026-09-18 20:05:52+00:00,840.0,3.44,3.48,3.52,0.08000016,2.3809574,4.0,467.0,0.13358410369873047,False,REGULAR,USD,2027-01-29,761.6900024414062,0.039779999256134034,2026-09-18,3.5,0.3643835616438356
SPY270129C00845000,2026-09-18 19:52:15+00:00,845.0,2.72,2.9,2.94,-0.01999998,-0.7299263,1.0,98.0,0.13254651641845705,False,REGULAR,USD,2027-01-29,761.6900024414062,0.039779999256134034,2026-09-18,2.92,0.3643835616438356
SPY270129C00850000,2026-09-18 17:59:49+00:00,850.0,2.13,2.4,2.44,-0.2099998,-8.974351,11.0,533.0,0.1315394464111328,False,REGULAR,USD,2027-01-29,761.6900024414062,0.039779999256134034,2026-09-18,2.42,0.3643835616438356
SPY270129C00855000,2026-09-18 16:44:13+00:00,855.0,1.72,1.99,2.03,-0.19999993,-10.416663,7.0,312.0,0.13080703186035153,False,REGULAR,USD,2027-01-29,761.6900024414062,0.039779999256134034,2026-09-18,2.01,0.3643835616438356
SPY270129C00860000,2026-09-18 20:05:52+00:00,860.0,1.64,1.65,1.69,0.029999971,1.8633523,11.0,128.0,0.13031875549316402,False,REGULAR,USD,2027-01-29,761.6900024414062,0.039779999256134034,2026-09-18,1.67,0.3643835616438356
SPY270129C00865000,2026-09-18 18:36:32+00:00,865.0,1.22,1.37,1.4,-0.100000024,-7.575759,16.0,323.0,0.12979996185302733,False,REGULAR,USD,2027-01-29,761.6900024414062,0.039779999256134034,2026-09-18,1.385,0.3643835616438356
SPY270129C00870000,2026-09-18 17:09:54+00:00,870.0,1.0,1.14,1.17,-0.08000004,-7.4074106,29.0,99.0,0.12967789276123048,False,REGULAR,USD,2027-01-29,761.6900024414062,0.039779999256134034,2026-09-18,1.1549999999999998,0.3643835616438356
SPY270129C00875000,2026-09-17 14:05:29+00:00,875.0,0.85,0.95,0.98,0.0,0.0,25.0,321.0,0.12967789276123048,False,REGULAR,USD,2027-01-29,761.6900024414062,0.039779999256134034,2026-09-18,0.965,0.3643835616438356
SPY270129C00880000,2026-09-17 13:36:47+00:00,880.0,0.73,0.8,0.82,0.0,0.0,1.0,391.0,0.12973892730712888,False,REGULAR,USD,2027-01-29,761.6900024414062,0.039779999256134034,2026-09-18,0.81,0.3643835616438356
SPY270129C00885000,2026-09-15 13:33:25+00:00,885.0,0.6,0.67,0.69,0.0,0.0,1.0,574.0,0.1299525482177734,False,REGULAR,USD,2027-01-29,761.6900024414062,0.039779999256134034,2026-09-18,0.6799999999999999,0.3643835616438356
SPY270129C00890000,2026-09-18 15:21:18+00:00,890.0,0.52,0.57,0.59,0.06999999,15.555553,2.0,72.0,0.13062392822265623,False,REGULAR,USD,2027-01-29,761.6900024414062,0.039779999256134034,2026-09-18,0.58,0.3643835616438356
SPY270129C00895000,2026-09-10 14:54:59+00:00,895.0,0.56,0.48,0.5,0.0,0.0,2.0,23.0,0.1310511700439453,False,REGULAR,USD,2027-01-29,761.6900024414062,0.039779999256134034,2026-09-18,0.49,0.3643835616438356
SPY270129C00900000,2026-09-18 20:00:52+00:00,900.0,0.4,0.42,0.43,-0.01999998,-4.7619004,20.0,338.0,0.131844619140625,False,REGULAR,USD,2027-01-29,761.6900024414062,0.039779999256134034,2026-09-18,0.425,0.3643835616438356
SPY270129C00905000,2026-09-17 13:58:23+00:00,905.0,0.32,0.36,0.38,0.0,0.0,1.0,157.0,0.13306531005859373,False,REGULAR,USD,2027-01-29,761.6900024414062,0.039779999256134034,2026-09-18,0.37,0.3643835616438356
SPY270129C00910000,2026-09-16 15:06:20+00:00,910.0,0.28,0.31,0.33,0.0,0.0,1.0,102.0,0.13404186279296876,False,REGULAR,USD,2027-01-29,761.6900024414062,0.039779999256134034,2026-09-18,0.32,0.3643835616438356
SPY270226C00630000,2026-09-18 14:50:24+00:00,630.0,145.88,147.49,151.16,-13.119995,-8.251569,18.0,3.0,0.3555362298583984,True,REGULAR,USD,2027-02-26,761.6900024414062,0.039779999256134034,2026-09-18,149.325,0.4410958904109589
SPY270226C00650000,2026-09-18 14:50:29+00:00,650.0,127.65,129.05,132.72,-0.25,-0.1954652,10.0,411.0,0.3293676683044433,True,REGULAR,USD,2027-02-26,761.6900024414062,0.039779999256134034,2026-09-18,130.885,0.4410958904109589
SPY270226C00660000,2026-09-18 14:50:29+00:00,660.0,118.61,119.94,123.62,-2.959999,-2.4348104,16.0,22.0,0.3165961895751953,True,REGULAR,USD,2027-02-26,761.6900024414062,0.039779999256134034,2026-09-18,121.78,0.4410958904109589
SPY270226C00685000,2026-09-18 14:50:23+00:00,685.0,96.41,97.65,101.29,7.4000015,8.313674,2.0,1.0,0.2853922779846191,True,REGULAR,USD,2027-02-26,761.6900024414062,0.039779999256134034,2026-09-18,99.47,0.4410958904109589
SPY270226C00690000,2026-09-18 20:01:15+00:00,690.0,94.5,93.28,96.92,1.6900024,1.8209271,40.0,69.0,0.2793345993041991,True,REGULAR,USD,2027-02-26,761.6900024414062,0.039779999256134034,2026-09-18,95.1,0.4410958904109589
SPY270226C00696000,2026-09-08 18:47:45+00:00,696.0,93.6,88.09,90.79,0.0,0.0,,1.0,0.266608896484375,True,REGULAR,USD,2027-02-26,761.6900024414062,0.039779999256134034,2026-09-18,89.44,0.4410958904109589
SPY270226C00700000,2026-09-18 19:01:37+00:00,700.0,85.01,84.59,88.29,0.099998474,0.11776996,7.0,32.0,0.26735656967163085,True,REGULAR,USD,2027-02-26,761.6900024414062,0.039779999256134034,2026-09-18,86.44,0.4410958904109589
SPY270226C00710000,2026-09-16 14:52:59+00:00,710.0,74.02,76.13,79.82,0.0,0.0,3.0,74.0,0.2555311264038086,True,REGULAR,USD,2027-02-26,761.6900024414062,0.039779999256134034,2026-09-18,77.975,0.4410958904109589
SPY270226C00720000,2026-09-18 18:44:50+00:00,720.0,67.9,67.87,71.58,-1.8199997,-2.6104412,5.0,16.0,0.24411766632080079,True,REGULAR,USD,2027-02-26,761.6900024414062,0.039779999256134034,2026-09-18,69.725,0.4410958904109589
SPY270226C00725000,2026-09-01 14:41:31+00:00,725.0,67.91,63.83,67.55,0.0,0.0,,1.0,0.23853300537109373,True,REGULAR,USD,2027-02-26,761.6900024414062,0.039779999256134034,2026-09-18,65.69,0.4410958904109589
SPY270226C00728000,2026-09-01 19:02:07+00:00,728.0,62.25,61.44,65.16,0.0,0.0,,1.0,0.23519899330139157,True,REGULAR,USD,2027-02-26,761.6900024414062,0.039779999256134034,2026-09-18,63.3,0.4410958904109589
SPY270226C00730000,2026-09-17 17:44:15+00:00,730.0,60.26,59.86,63.57,0.0,0.0,8.0,91.0,0.23293308578491212,True,REGULAR,USD,2027-02-26,761.6900024414062,0.039779999256134034,2026-09-18,61.715,0.4410958904109589
SPY270226C00735000,2026-09-14 18:05:03+00:00,735.0,57.38,55.96,59.69,0.0,0.0,3.0,5.0,0.2275696750640869,True,REGULAR,USD,2027-02-26,761.6900024414062,0.039779999256134034,2026-09-18,57.825,0.4410958904109589
SPY270226C00740000,2026-09-17 19:57:04+00:00,740.0,53.21,52.19,55.87,0.0,0.0,10.0,45.0,0.22220626434326168,True,REGULAR,USD,2027-02-26,761.6900024414062,0.039779999256134034,2026-09-18,54.03,0.4410958904109589
SPY270226C00745000,2026-09-10 19:28:47+00:00,745.0,47.65,48.39,52.13,0.0,0.0,,2.0,0.21690388816833497,True,REGULAR,USD,2027-02-26,761.6900024414062,0.039779999256134034,2026-09-18,50.260000000000005,0.4410958904109589
SPY270226C00746000,2026-09-02 14:52:40+00:00,746.0,51.18,47.66,51.39,0.0,0.0,,1.0,0.21584341293334958,True,REGULAR,USD,2027-02-26,761.6900024414062,0.039779999256134034,2026-09-18,49.525,0.4410958904109589
SPY270226C00750000,2026-09-18 18:47:27+00:00,750.0,45.66,44.85,46.99,1.329998,3.000221,185.0,17.0,0.20420107330322262,True,REGULAR,USD,2027-02-26,761.6900024414062,0.039779999256134034,2026-09-18,45.92,0.4410958904109589
SPY270226C00755000,2026-09-16 19:51:48+00:00,755.0,37.0,41.88,44.14,0.0,0.0,11.0,12.0,0.20266758033752438,True,REGULAR,USD,2027-02-26,761.6900024414062,0.039779999256134034,2026-09-18,43.010000000000005,0.4410958904109589
SPY270226C00757000,2026-09-16 19:45:37+00:00,757.0,35.05,40.51,42.76,0.0,0.0,1.0,7.0,0.2007221041870117,True,REGULAR,USD,2027-02-26,761.6900024414062,0.039779999256134034,2026-09-18,41.635,0.4410958904109589
SPY270226C00759000,2026-09-18 13:51:02+00:00,759.0,38.78,39.75,40.77,0.5,1.3061651,1.0,4.0,0.19567912483215333,True,REGULAR,USD,2027-02-26,761.6900024414062,0.039779999256134034,2026-09-18,40.260000000000005,0.4410958904109589
SPY270226C00760000,2026-09-18 20:02:17+00:00,760.0,39.17,39.1,40.1,0.4699974,1.2144636,15.0,21.0,0.19475597732543942,True,REGULAR,USD,2027-02-26,761.6900024414062,0.039779999256134034,2026-09-18,39.6,0.4410958904109589
SPY270226C00763000,2026-09-18 14:02:28+00:00,763.0,35.47,36.49,38.7,-1.1499977,-3.1403544,1.0,6.0,0.19487804641723633,False,REGULAR,USD,2027-02-26,761.6900024414062,0.039779999256134034,2026-09-18,37.595,0.4410958904109589
SPY270226C00764000,2026-09-09 14:35:09+00:00,764.0,38.25,35.84,37.79,0.0,0.0,2.0,4.0,0.19268080276489258,False,REGULAR,USD,2027-02-26,761.6900024414062,0.039779999256134034,2026-09-18,36.815,0.4410958904109589
SPY270226C00765000,2026-09-18 18:47:27+00:00,765.0,35.42,35.81,36.79,-0.1800003,-0.5056189,47.0,384.0,0.1900181707000733,False,REGULAR,USD,2027-02-26,761.6900024414062,0.039779999256134034,2026-09-18,36.3,0.4410958904109589
SPY270226C00766000,2026-09-18 19:07:06+00:00,766.0,34.66,35.15,36.13,0.54999924,1.6124281,1.0,19.0,0.18902635932922365,False,REGULAR,USD,2027-02-26,761.6900024414062,0.039779999256134034,2026-09-18,35.64,0.4410958904109589
SPY270226C00767000,2026-09-17 20:01:14+00:00,767.0,34.0,33.91,36.09,0.0,0.0,1.0,15.0,0.19107864593505858,False,REGULAR,USD,2027-02-26,761.6900024414062,0.039779999256134034,2026-09-18,35.0,0.4410958904109589
SPY270226C00768000,2026-09-18 18:26:04+00:00,768.0,32.88,33.88,34.85,-0.40999985,-1.2316006,2.0,5.0,0.1871724349975586,False,REGULAR,USD,2027-02-26,761.6900024414062,0.039779999256134034,2026-09-18,34.365,0.4410958904109589
SPY270226C00769000,2026-09-18 19:24:50+00:00,769.0,32.72,33.26,34.22,0.65999985,2.0586395,16.0,44.0,0.18626454612731932,False,REGULAR,USD,2027-02-26,761.6900024414062,0.039779999256134034,2026-09-18,33.739999999999995,0.4410958904109589
SPY270226C00770000,2026-09-18 19:56:46+00:00,770.0,32.4,32.65,33.59,0.40000153,1.2500048,12.0,333.0,0.18534139862060545,False,REGULAR,USD,2027-02-26,761.6900024414062,0.039779999256134034,2026-09-18,33.120000000000005,0.4410958904109589
SPY270226C00771000,2026-09-08 16:40:36+00:00,771.0,35.91,31.43,33.57,0.0,0.0,5.0,6.0,0.18741657318115235,False,REGULAR,USD,2027-02-26,761.6900024414062,0.039779999256134034,2026-09-18,32.5,0.4410958904109589
SPY270226C00772000,2026-09-16 16:26:20+00:00,772.0,30.21,31.85,32.01,0.0,0.0,10.0,17.0,0.1818319122314453,False,REGULAR,USD,2027-02-26,761.6900024414062,0.039779999256134034,2026-09-18,31.93,0.4410958904109589
SPY270226C00773000,2026-09-14 16:48:32+00:00,773.0,31.6,31.22,31.4,0.0,0.0,5.0,10.0,0.18093165267944333,False,REGULAR,USD,2027-02-26,761.6900024414062,0.039779999256134034,2026-09-18,31.31,0.4410958904109589
SPY270226C00774000,2026-09-18 19:29:36+00:00,774.0,29.59,30.64,30.8,-1.3999996,-4.5175853,4.0,10.0,0.18006953971862794,False,REGULAR,USD,2027-02-26,761.6900024414062,0.039779999256134034,2026-09-18,30.72,0.4410958904109589
SPY270226C00775000,2026-09-18 18:02:36+00:00,775.0,28.49,30.02,30.2,-0.7900009,-2.6980906,1.0,288.0,0.17917690948486326,False,REGULAR,USD,2027-02-26,761.6900024414062,0.039779999256134034,2026-09-18,30.11,0.4410958904109589
SPY270226C00776000,2026-09-18 17:50:06+00:00,776.0,27.77,29.43,29.61,-1.8599987,-6.2774177,2.0,10.0,0.17831479652404789,False,REGULAR,USD,2027-02-26,761.6900024414062,0.039779999256134034,2026-09-18,29.52,0.4410958904109589
SPY270226C00777000,2026-09-17 14:54:03+00:00,777.0,27.13,28.87,29.02,0.0,0.0,2.0,21.0,0.17742979560852049,False,REGULAR,USD,2027-02-26,761.6900024414062,0.039779999256134034,2026-09-18,28.945,0.4410958904109589
SPY270226C00778000,2026-09-17 15:05:22+00:00,778.0,26.49,28.29,28.44,0.0,0.0,2.0,29.0,0.17656768264770512,False,REGULAR,USD,2027-02-26,761.6900024414062,0.039779999256134034,2026-09-18,28.365000000000002,0.4410958904109589
SPY270226C00779000,2026-09-18 17:50:06+00:00,779.0,26.08,27.72,27.87,-1.7399998,-6.2544923,2.0,18.0,0.17574371627807617,False,REGULAR,USD,2027-02-26,761.6900024414062,0.039779999256134034,2026-09-18,27.795,0.4410958904109589
SPY270226C00780000,2026-09-17 15:06:04+00:00,780.0,25.36,27.15,27.3,0.0,0.0,6.0,521.0,0.17488160331726074,False,REGULAR,USD,2027-02-26,761.6900024414062,0.039779999256134034,2026-09-18,27.225,0.4410958904109589
SPY270226C00781000,2026-09-17 14:39:44+00:00,781.0,25.52,26.59,26.74,0.0,0.0,1.0,26.0,0.17405000762939454,False,REGULAR,USD,2027-02-26,761.6900024414062,0.039779999256134034,2026-09-18,26.665,0.4410958904109589
SPY270226C00782000,2026-09-14 17:33:39+00:00,782.0,26.24,26.04,26.19,0.0,0.0,9.0,26.0,0.17324892921447752,False,REGULAR,USD,2027-02-26,761.6900024414062,0.039779999256134034,2026-09-18,26.115000000000002,0.4410958904109589
SPY270226C00783000,2026-09-14 16:32:49+00:00,783.0,25.43,25.49,25.64,0.0,0.0,1.0,19.0,0.17241733352661137,False,REGULAR,USD,2027-02-26,761.6900024414062,0.039779999256134034,2026-09-18,25.564999999999998,0.4410958904109589
SPY270226C00784000,2026-09-14 16:48:22+00:00,784.0,25.2,24.95,25.1,0.0,0.0,6.0,21.0,0.17161625511169434,False,REGULAR,USD,2027-02-26,761.6900024414062,0.039779999256134034,2026-09-18,25.025,0.4410958904109589
SPY270226C00785000,2026-09-17 16:28:36+00:00,785.0,23.72,24.42,24.57,0.0,0.0,6.0,206.0,0.17083043533325198,False,REGULAR,USD,2027-02-26,761.6900024414062,0.039779999256134034,2026-09-18,24.495,0.4410958904109589
SPY270226C00786000,2026-09-14 17:37:50+00:00,786.0,24.14,23.89,24.04,0.0,0.0,4.0,272.0,0.170029356918335,False,REGULAR,USD,2027-02-26,761.6900024414062,0.039779999256134034,2026-09-18,23.965,0.4410958904109589
SPY270226C00787000,2026-09-14 17:45:36+00:00,787.0,23.59,23.37,23.52,0.0,0.0,3.0,92.0,0.1692511664581299,False,REGULAR,USD,2027-02-26,761.6900024414062,0.039779999256134034,2026-09-18,23.445,0.4410958904109589
SPY270226C00788000,2026-09-14 17:51:00+00:00,788.0,23.07,22.86,23.01,0.0,0.0,3.0,21.0,0.16849586395263677,False,REGULAR,USD,2027-02-26,761.6900024414062,0.039779999256134034,2026-09-18,22.935000000000002,0.4410958904109589
SPY270226C00789000,2026-09-14 17:55:40+00:00,789.0,22.64,22.35,22.5,0.0,0.0,8.0,25.0,0.16771767349243166,False,REGULAR,USD,2027-02-26,761.6900024414062,0.039779999256134034,2026-09-18,22.425,0.4410958904109589
SPY270226C00790000,2026-09-18 16:13:04+00:00,790.0,20.16,21.85,22.0,-0.10000038,-0.4935853,14.0,382.0,0.16696237098693853,False,REGULAR,USD,2027-02-26,761.6900024414062,0.039779999256134034,2026-09-18,21.925,0.4410958904109589
SPY270226C00791000,2026-09-14 17:11:38+00:00,791.0,21.51,21.36,21.5,0.0,0.0,3.0,378.0,0.16617655120849611,False,REGULAR,USD,2027-02-26,761.6900024414062,0.039779999256134034,2026-09-18,21.43,0.4410958904109589
SPY270226C00792000,2026-09-18 19:53:25+00:00,792.0,20.25,20.87,21.02,0.17000008,0.84661394,34.0,39.0,0.16547465393066407,False,REGULAR,USD,2027-02-26,761.6900024414062,0.039779999256134034,2026-09-18,20.945,0.4410958904109589
SPY270226C00793000,2026-09-14 17:26:15+00:00,793.0,20.44,20.39,20.54,0.0,0.0,4.0,18.0,0.1647346100616455,False,REGULAR,USD,2027-02-26,761.6900024414062,0.039779999256134034,2026-09-18,20.465,0.4410958904109589
SPY270226C00794000,2026-09-14 17:39:39+00:00,794.0,20.22,19.92,20.06,0.0,0.0,2.0,17.0,0.16397930755615236,False,REGULAR,USD,2027-02-26,761.6900024414062,0.039779999256134034,2026-09-18,19.990000000000002,0.4410958904109589
SPY270226C00795000,2026-09-16 19:00:46+00:00,795.0,16.1,19.45,19.6,0.0,0.0,4.0,54.0,0.16329266891479494,False,REGULAR,USD,2027-02-26,761.6900024414062,0.039779999256134034,2026-09-18,19.525,0.4410958904109589
SPY270226C00796000,2026-09-14 17:59:59+00:00,796.0,19.11,18.99,19.14,0.0,0.0,3.0,14.0,0.16257551300048828,False,REGULAR,USD,2027-02-26,761.6900024414062,0.039779999256134034,2026-09-18,19.064999999999998,0.4410958904109589
SPY270226C00797000,2026-09-14 17:45:43+00:00,797.0,18.75,18.54,18.69,0.0,0.0,3.0,81.0,0.16188887435913085,False,REGULAR,USD,2027-02-26,761.6900024414062,0.039779999256134034,2026-09-18,18.615000000000002,0.4410958904109589
SPY270226C00798000,2026-09-14 17:38:01+00:00,798.0,18.4,18.1,18.24,0.0,0.0,3.0,326.0,0.1611717184448242,False,REGULAR,USD,2027-02-26,761.6900024414062,0.039779999256134034,2026-09-18,18.17,0.4410958904109589
SPY270226C00799000,2026-09-17 13:34:46+00:00,799.0,16.79,17.66,17.8,0.0,0.0,2.0,106.0,0.16047745048522952,False,REGULAR,USD,2027-02-26,761.6900024414062,0.039779999256134034,2026-09-18,17.73,0.4410958904109589
SPY270226C00800000,2026-09-18 18:38:47+00:00,800.0,16.16,17.23,17.37,-0.38000107,-2.297467,2.0,390.0,0.15981369979858395,False,REGULAR,USD,2027-02-26,761.6900024414062,0.039779999256134034,2026-09-18,17.3,0.4410958904109589
SPY270226C00801000,2026-09-17 13:34:36+00:00,801.0,15.84,16.81,16.95,0.0,0.0,2.0,65.0,0.1591652077484131,False,REGULAR,USD,2027-02-26,761.6900024414062,0.039779999256134034,2026-09-18,16.88,0.4410958904109589
SPY270226C00802000,2026-09-14 18:00:26+00:00,802.0,16.55,16.39,16.53,0.0,0.0,3.0,149.0,0.1584938277435303,False,REGULAR,USD,2027-02-26,761.6900024414062,0.039779999256134034,2026-09-18,16.46,0.4410958904109589
SPY270226C00803000,2026-09-17 19:51:43+00:00,803.0,15.64,15.99,16.14,0.0,0.0,2.0,10.0,0.15795214614868164,False,REGULAR,USD,2027-02-26,761.6900024414062,0.039779999256134034,2026-09-18,16.065,0.4410958904109589
SPY270226C00804000,2026-09-11 15:32:25+00:00,804.0,17.61,15.59,15.72,0.0,0.0,1.0,5.0,0.15721973159790043,False,REGULAR,USD,2027-02-26,761.6900024414062,0.039779999256134034,2026-09-18,15.655000000000001,0.4410958904109589
SPY270226C00805000,2026-09-18 20:11:06+00:00,805.0,15.25,15.19,15.33,3.04,24.897625,13.0,146.0,0.15662464477539065,False,REGULAR,USD,2027-02-26,761.6900024414062,0.039779999256134034,2026-09-18,15.26,0.4410958904109589
SPY270226C00806000,2026-09-11 15:24:20+00:00,806.0,16.56,14.81,14.94,0.0,0.0,1.0,13.0,0.15599904067993164,False,REGULAR,USD,2027-02-26,761.6900024414062,0.039779999256134034,2026-09-18,14.875,0.4410958904109589
SPY270226C00807000,2026-09-11 15:30:15+00:00,807.0,16.28,14.43,14.56,0.0,0.0,,3.0,0.1553963245391846,False,REGULAR,USD,2027-02-26,761.6900024414062,0.039779999256134034,2026-09-18,14.495000000000001,0.4410958904109589
SPY270226C00808000,2026-09-17 19:51:43+00:00,808.0,13.79,14.05,14.19,0.0,0.0,2.0,5.0,0.15482412567138676,False,REGULAR,USD,2027-02-26,761.6900024414062,0.039779999256134034,2026-09-18,14.120000000000001,0.4410958904109589
SPY270226C00809000,2026-09-17 13:33:39+00:00,809.0,13.0,13.68,13.82,0.0,0.0,1.0,5.0,0.15421378021240234,False,REGULAR,USD,2027-02-26,761.6900024414062,0.039779999256134034,2026-09-18,13.75,0.4410958904109589
SPY270226C00810000,2026-09-18 19:01:37+00:00,810.0,12.72,13.34,13.46,-0.2699995,-2.0785182,50.0,146.0,0.1536339520263672,False,REGULAR,USD,2027-02-26,761.6900024414062,0.039779999256134034,2026-09-18,13.4,0.4410958904109589
SPY270226C00815000,2026-09-18 16:51:55+00:00,815.0,10.61,11.64,11.77,-0.53999996,-4.843049,4.0,94.0,0.15091791473388677,False,REGULAR,USD,2027-02-26,761.6900024414062,0.039779999256134034,2026-09-18,11.705,0.4410958904109589
SPY270226C00820000,2026-09-17 16:17:39+00:00,820.0,9.73,10.13,10.26,0.0,0.0,87.0,420.0,0.14849179153442382,False,REGULAR,USD,2027-02-26,761.6900024414062,0.039779999256134034,2026-09-18,10.195,0.4410958904109589
SPY270226C00830000,2026-09-18 19:57:17+00:00,830.0,7.33,7.62,7.68,0.029999733,0.41095525,15.0,286.0,0.14409730422973632,False,REGULAR,USD,2027-02-26,761.6900024414062,0.039779999256134034,2026-09-18,7.65,0.4410958904109589
SPY270226C00840000,2026-09-18 20:01:17+00:00,840.0,5.54,5.65,5.7,0.07000017,1.2797107,5.0,565.0,0.1408014387512207,False,REGULAR,USD,2027-02-26,761.6900024414062,0.039779999256134034,2026-09-18,5.675000000000001,0.4410958904109589
SPY270226C00850000,2026-09-18 20:01:17+00:00,850.0,4.06,4.12,4.17,0.0,0.0,4.0,377.0,0.13803962554931642,False,REGULAR,USD,2027-02-26,761.6900024414062,0.039779999256134034,2026-09-18,4.145,0.4410958904109589
SPY270226C00860000,2026-09-18 18:48:24+00:00,860.0,2.79,2.98,3.03,0.56999993,25.675673,2.0,568.0,0.13599496826171875,False,REGULAR,USD,2027-02-26,761.6900024414062,0.039779999256134034,2026-09-18,3.005,0.4410958904109589
SPY270226C00870000,2026-09-18 16:40:59+00:00,870.0,1.86,2.14,2.18,-0.16999996,-8.374382,6.0,36.0,0.1343775527954102,False,REGULAR,USD,2027-02-26,761.6900024414062,0.039779999256134034,2026-09-18,2.16,0.4410958904109589
SPY270226C00880000,2026-09-14 19:07:04+00:00,880.0,1.31,1.53,1.57,0.0,0.0,1.0,797.0,0.13337048278808594,False,REGULAR,USD,2027-02-26,761.6900024414062,0.039779999256134034,2026-09-18,1.55,0.4410958904109589
SPY270226C00890000,2026-09-18 17:44:32+00:00,890.0,0.95,1.1,1.13,-0.089999974,-8.653844,52.0,183.0,0.13276013732910158,False,REGULAR,USD,2027-02-26,761.6900024414062,0.039779999256134034,2026-09-18,1.115,0.4410958904109589
SPY270226C00900000,2026-09-18 20:07:53+00:00,900.0,0.8,0.8,0.83,0.06999999,9.58904,5.0,42.0,0.13294324096679688,False,REGULAR,USD,2027-02-26,761.6900024414062,0.039779999256134034,2026-09-18,0.815,0.4410958904109589
SPY270226C00910000,2026-09-17 14:04:37+00:00,910.0,0.52,0.59,0.61,0.0,0.0,1.0,68.0,0.1333094482421875,False,REGULAR,USD,2027-02-26,761.6900024414062,0.039779999256134034,2026-09-18,0.6,0.4410958904109589
SPY270319C00610000,2026-09-18 16:41:50+00:00,610.0,166.38,168.39,172.05,7.7900085,4.9120426,14.0,410.0,0.37637952728271484,True,REGULAR,USD,2027-03-19,761.6900024414062,0.039779999256134034,2026-09-18,170.22,0.4986301369863014
SPY270319C00615000,2026-09-11 14:02:17+00:00,615.0,166.77,163.73,167.13,0.0,0.0,1.0,71.0,0.3680025358581543,True,REGULAR,USD,2027-03-19,761.6900024414062,0.039779999256134034,2026-09-18,165.43,0.4986301369863014
SPY270319C00620000,2026-09-18 14:45:58+00:00,620.0,157.09,159.09,162.48,2.1399994,1.3810903,2.0,144.0,0.36159390853881834,True,REGULAR,USD,2027-03-19,761.6900024414062,0.039779999256134034,2026-09-18,160.785,0.4986301369863014
SPY270319C00625000,2026-09-18 15:06:18+00:00,625.0,153.4,154.47,157.95,-4.330002,-2.7451987,1.0,622.0,0.35597873031616206,True,REGULAR,USD,2027-03-19,761.6900024414062,0.039779999256134034,2026-09-18,156.20999999999998,0.4986301369863014
SPY270319C00630000,2026-09-18 14:50:30+00:00,630.0,148.35,149.85,153.29,3.630005,2.5082953,4.0,411.0,0.3493641114044189,True,REGULAR,USD,2027-03-19,761.6900024414062,0.039779999256134034,2026-09-18,151.57,0.4986301369863014
SPY270319C00635000,2026-09-18 16:45:21+00:00,635.0,144.12,145.26,148.72,6.0899963,4.4120817,25.0,429.0,0.3433140620422363,True,REGULAR,USD,2027-03-19,761.6900024414062,0.039779999256134034,2026-09-18,146.99,0.4986301369863014
SPY270319C00640000,2026-09-18 14:46:02+00:00,640.0,138.82,140.68,144.19,0.040008545,0.028828755,4.0,519.0,0.3374547456359864,True,REGULAR,USD,2027-03-19,761.6900024414062,0.039779999256134034,2026-09-18,142.435,0.4986301369863014
SPY270319C00645000,2026-09-15 20:01:49+00:00,645.0,131.58,136.12,139.64,0.0,0.0,1.0,339.0,0.33138180831909175,True,REGULAR,USD,2027-03-19,761.6900024414062,0.039779999256134034,2026-09-18,137.88,0.4986301369863014
SPY270319C00650000,2026-09-18 18:58:58+00:00,650.0,132.08,131.58,135.1,0.08999634,0.068184204,5.0,5754.0,0.32529361236572263,True,REGULAR,USD,2027-03-19,761.6900024414062,0.039779999256134034,2026-09-18,133.34,0.4986301369863014
SPY270319C00655000,2026-09-18 14:50:08+00:00,655.0,125.79,127.07,130.61,-0.37999725,-0.30117878,3.0,2485.0,0.3194266666412353,True,REGULAR,USD,2027-03-19,761.6900024414062,0.039779999256134034,2026-09-18,128.84,0.4986301369863014
SPY270319C00660000,2026-09-18 14:45:58+00:00,660.0,120.86,122.57,126.13,0.6100006,0.507277,2.0,890.0,0.3135215743255615,True,REGULAR,USD,2027-03-19,761.6900024414062,0.039779999256134034,2026-09-18,124.35,0.4986301369863014
SPY270319C00665000,2026-09-16 19:22:17+00:00,665.0,108.58,118.1,121.67,0.0,0.0,2.0,317.0,0.30763936996459956,True,REGULAR,USD,2027-03-19,761.6900024414062,0.039779999256134034,2026-09-18,119.88499999999999,0.4986301369863014
SPY270319C00670000,2026-09-18 14:50:29+00:00,670.0,112.3,113.65,117.25,-1.3299942,-1.1704605,3.0,264.0,0.30187923469543465,True,REGULAR,USD,2027-03-19,761.6900024414062,0.039779999256134034,2026-09-18,115.45,0.4986301369863014
SPY270319C00675000,2026-09-18 15:18:38+00:00,675.0,108.08,109.25,112.87,-1.5299988,-1.395857,3.0,924.0,0.29624116851806637,True,REGULAR,USD,2027-03-19,761.6900024414062,0.039779999256134034,2026-09-18,111.06,0.4986301369863014
SPY270319C00680000,2026-09-18 19:34:15+00:00,680.0,105.0,104.84,108.51,-0.019996643,-0.019040795,4.0,2119.0,0.2905802143859863,True,REGULAR,USD,2027-03-19,761.6900024414062,0.039779999256134034,2026-09-18,106.67500000000001,0.4986301369863014
SPY270319C00685000,2026-09-18 19:05:42+00:00,685.0,100.99,100.5,104.16,-0.12000275,-0.118685335,2.0,1195.0,0.28484296707153317,True,REGULAR,USD,2027-03-19,761.6900024414062,0.039779999256134034,2026-09-18,102.33,0.4986301369863014
SPY270319C00690000,2026-09-18 19:05:32+00:00,690.0,96.68,96.14,99.84,-0.12000275,-0.12396978,1.0,4911.0,0.27912860771179193,True,REGULAR,USD,2027-03-19,761.6900024414062,0.039779999256134034,2026-09-18,97.99000000000001,0.4986301369863014
SPY270319C00695000,2026-09-18 19:05:39+00:00,695.0,92.42,91.86,95.56,-0.12000275,-0.12967663,6.0,2598.0,0.2734829122161865,True,REGULAR,USD,2027-03-19,761.6900024414062,0.039779999256134034,2026-09-18,93.71000000000001,0.4986301369863014
SPY270319C00700000,2026-09-18 18:30:39+00:00,700.0,86.13,87.61,91.32,-1.8700027,-2.125003,9.0,1855.0,0.2678906219482422,True,REGULAR,USD,2027-03-19,761.6900024414062,0.039779999256134034,2026-09-18,89.465,0.4986301369863014
SPY270319C00705000,2026-09-18 19:35:10+00:00,705.0,83.57,83.41,87.12,-0.62999725,-0.7482153,14.0,1367.0,0.2623441075897217,True,REGULAR,USD,2027-03-19,761.6900024414062,0.039779999256134034,2026-09-18,85.265,0.4986301369863014
SPY270319C00710000,2026-09-18 15:49:30+00:00,710.0,78.21,79.25,82.74,-1.5599976,-1.9556195,1.0,1018.0,0.2556684541320801,True,REGULAR,USD,2027-03-19,761.6900024414062,0.039779999256134034,2026-09-18,80.995,0.4986301369863014
SPY270319C00715000,2026-09-18 18:43:56+00:00,715.0,74.44,75.14,78.65,5.5200043,8.009293,1.0,1322.0,0.2503203020477295,True,REGULAR,USD,2027-03-19,761.6900024414062,0.039779999256134034,2026-09-18,76.89500000000001,0.4986301369863014
SPY270319C00720000,2026-09-18 15:40:20+00:00,720.0,70.31,71.09,74.62,-1.5400009,-2.1433556,2.0,1145.0,0.24506370178222658,True,REGULAR,USD,2027-03-19,761.6900024414062,0.039779999256134034,2026-09-18,72.855,0.4986301369863014
SPY270319C00725000,2026-09-18 19:05:25+00:00,725.0,67.69,67.1,70.64,-0.0799942,-0.11803778,5.0,860.0,0.23983761878967283,True,REGULAR,USD,2027-03-19,761.6900024414062,0.039779999256134034,2026-09-18,68.87,0.4986301369863014
SPY270319C00730000,2026-09-18 19:24:55+00:00,730.0,63.6,63.18,66.72,-0.12000275,-0.18832822,1.0,1267.0,0.23465731170654297,True,REGULAR,USD,2027-03-19,761.6900024414062,0.039779999256134034,2026-09-18,64.95,0.4986301369863014
SPY270319C00735000,2026-09-18 15:49:30+00:00,735.0,58.57,59.32,62.87,6.380001,12.224566,1.0,3737.0,0.22956092712402343,True,REGULAR,USD,2027-03-19,761.6900024414062,0.039779999256134034,2026-09-18,61.095,0.4986301369863014
SPY270319C00740000,2026-09-17 15:37:27+00:00,740.0,55.8,55.53,59.1,0.0,0.0,1.0,727.0,0.22457135299682612,True,REGULAR,USD,2027-03-19,761.6900024414062,0.039779999256134034,2026-09-18,57.315,0.4986301369863014
SPY270319C00745000,2026-09-18 19:03:00+00:00,745.0,52.48,51.82,55.23,1.3899994,2.7206879,3.0,2450.0,0.21881121772766113,True,REGULAR,USD,2027-03-19,761.6900024414062,0.039779999256134034,2026-09-18,53.525,0.4986301369863014
SPY270319C00750000,2026-09-18 20:00:52+00:00,750.0,49.5,48.19,51.63,0.47000122,0.95859927,34.0,3165.0,0.2140276351928711,True,REGULAR,USD,2027-03-19,761.6900024414062,0.039779999256134034,2026-09-18,49.91,0.4986301369863014
SPY270319C00755000,2026-09-18 19:56:05+00:00,755.0,45.74,45.88,47.06,-0.0099983215,-0.021854255,8.0,2705.0,0.2043384010314941,True,REGULAR,USD,2027-03-19,761.6900024414062,0.039779999256134034,2026-09-18,46.47,0.4986301369863014
SPY270319C00760000,2026-09-18 19:16:13+00:00,760.0,41.94,42.48,43.64,-0.6100006,-1.433609,20.0,7530.0,0.1997150341796875,True,REGULAR,USD,2027-03-19,761.6900024414062,0.039779999256134034,2026-09-18,43.06,0.4986301369863014
SPY270319C00765000,2026-09-18 19:36:45+00:00,765.0,38.68,39.18,40.0,-0.20000076,-0.51440525,23.0,3344.0,0.19368024345397952,False,REGULAR,USD,2027-03-19,761.6900024414062,0.039779999256134034,2026-09-18,39.59,0.4986301369863014
SPY270319C00770000,2026-09-18 18:32:42+00:00,770.0,35.04,35.99,37.1,-0.80999756,-2.2594075,23.0,4405.0,0.19066666275024413,False,REGULAR,USD,2027-03-19,761.6900024414062,0.039779999256134034,2026-09-18,36.545,0.4986301369863014
SPY270319C00775000,2026-09-18 19:05:25+00:00,775.0,32.51,33.45,33.6,-0.12000275,-0.36776814,581.0,6439.0,0.18441062179565426,False,REGULAR,USD,2027-03-19,761.6900024414062,0.039779999256134034,2026-09-18,33.525000000000006,0.4986301369863014
SPY270319C00780000,2026-09-18 20:08:46+00:00,780.0,30.4,30.5,30.66,0.5,1.6722409,226.0,8451.0,0.1802755313110352,False,REGULAR,USD,2027-03-19,761.6900024414062,0.039779999256134034,2026-09-18,30.58,0.4986301369863014
SPY270319C00785000,2026-09-18 19:50:56+00:00,785.0,26.92,27.72,27.86,-0.10000038,-0.37009764,152.0,4512.0,0.17629302719116213,False,REGULAR,USD,2027-03-19,761.6900024414062,0.039779999256134034,2026-09-18,27.79,0.4986301369863014
SPY270319C00790000,2026-09-18 19:58:02+00:00,790.0,24.55,25.06,25.22,0.03999901,0.16319464,43.0,8937.0,0.17253177330017092,False,REGULAR,USD,2027-03-19,761.6900024414062,0.039779999256134034,2026-09-18,25.14,0.4986301369863014
SPY270319C00795000,2026-09-18 19:57:00+00:00,795.0,22.0,22.59,22.73,-0.069999695,-0.31717125,128.0,6698.0,0.16892310577392583,False,REGULAR,USD,2027-03-19,761.6900024414062,0.039779999256134034,2026-09-18,22.66,0.4986301369863014
SPY270319C00800000,2026-09-18 20:12:56+00:00,800.0,20.32,20.26,20.39,0.69000053,3.5150309,419.0,18551.0,0.16545939529418946,False,REGULAR,USD,2027-03-19,761.6900024414062,0.039779999256134034,2026-09-18,20.325000000000003,0.4986301369863014
SPY270319C00805000,2026-09-18 20:05:54+00:00,805.0,18.0,18.1,18.23,0.4699993,2.681114,150.0,7026.0,0.16227034027099607,False,REGULAR,USD,2027-03-19,761.6900024414062,0.039779999256134034,2026-09-18,18.165,0.4986301369863014
SPY270319C00810000,2026-09-18 19:48:11+00:00,810.0,15.62,16.09,16.22,0.010000229,0.06406297,293.0,6511.0,0.1592186129760742,False,REGULAR,USD,2027-03-19,761.6900024414062,0.039779999256134034,2026-09-18,16.155,0.4986301369863014
SPY270319C00815000,2026-09-18 19:56:00+00:00,815.0,13.82,14.26,14.38,0.21999931,1.6176419,60.0,3680.0,0.1564110238647461,False,REGULAR,USD,2027-03-19,761.6900024414062,0.039779999256134034,2026-09-18,14.32,0.4986301369863014
SPY270319C00820000,2026-09-18 19:55:09+00:00,820.0,12.19,12.6,12.71,0.03999996,0.3292178,734.0,25398.0,0.15385520225524904,False,REGULAR,USD,2027-03-19,761.6900024414062,0.039779999256134034,2026-09-18,12.655000000000001,0.4986301369863014
SPY270319C00825000,2026-09-18 19:36:38+00:00,825.0,10.5,11.08,11.19,-0.1800003,-1.6853961,63.0,3820.0,0.1514824842834473,False,REGULAR,USD,2027-03-19,761.6900024414062,0.039779999256134034,2026-09-18,11.135,0.4986301369863014
SPY270319C00830000,2026-09-18 20:11:49+00:00,830.0,9.82,9.75,9.81,0.3699999,3.9153428,200.0,5051.0,0.149247094039917,False,REGULAR,USD,2027-03-19,761.6900024414062,0.039779999256134034,2026-09-18,9.780000000000001,0.4986301369863014
SPY270319C00835000,2026-09-18 19:05:19+00:00,835.0,8.11,8.53,8.59,-0.07000065,-0.8557536,9.0,4656.0,0.14731687652587894,False,REGULAR,USD,2027-03-19,761.6900024414062,0.039779999256134034,2026-09-18,8.559999999999999,0.4986301369863014
SPY270319C00840000,2026-09-18 19:05:18+00:00,840.0,7.06,7.44,7.49,-0.07999992,-1.1204472,122.0,7592.0,0.1455010987854004,False,REGULAR,USD,2027-03-19,761.6900024414062,0.039779999256134034,2026-09-18,7.465,0.4986301369863014
SPY270319C00845000,2026-09-18 19:05:19+00:00,845.0,6.14,6.48,6.53,-0.12000036,-1.9169387,4.0,2835.0,0.14397523513793942,False,REGULAR,USD,2027-03-19,761.6900024414062,0.039779999256134034,2026-09-18,6.505000000000001,0.4986301369863014
SPY270319C00850000,2026-09-18 19:59:07+00:00,850.0,5.4,5.62,5.67,-0.059999943,-1.0989001,83.0,5421.0,0.14254092330932616,False,REGULAR,USD,2027-03-19,761.6900024414062,0.039779999256134034,2026-09-18,5.645,0.4986301369863014
SPY270319C00855000,2026-09-18 18:27:39+00:00,855.0,4.45,4.86,4.91,-0.26999998,-5.720339,6.0,1674.0,0.1412134219360352,False,REGULAR,USD,2027-03-19,761.6900024414062,0.039779999256134034,2026-09-18,4.885,0.4986301369863014
SPY270319C00860000,2026-09-18 20:00:05+00:00,860.0,4.05,4.2,4.24,-0.03999996,-0.97799414,831.0,11461.0,0.14002324829101562,False,REGULAR,USD,2027-03-19,761.6900024414062,0.039779999256134034,2026-09-18,4.220000000000001,0.4986301369863014
SPY270319C00865000,2026-09-18 19:59:22+00:00,865.0,3.49,3.62,3.66,-0.06999993,-1.9662902,87.0,4515.0,0.13900091964721684,False,REGULAR,USD,2027-03-19,761.6900024414062,0.039779999256134034,2026-09-18,3.64,0.4986301369863014
SPY270319C00870000,2026-09-18 19:24:18+00:00,870.0,2.9,3.11,3.15,-0.06999993,-2.3569,3.0,4152.0,0.13803962554931642,False,REGULAR,USD,2027-03-19,761.6900024414062,0.039779999256134034,2026-09-18,3.13,0.4986301369863014
SPY270319C00875000,2026-09-18 16:59:09+00:00,875.0,2.37,2.68,2.71,-0.19000006,-7.4218774,5.0,6660.0,0.13724617645263676,False,REGULAR,USD,2027-03-19,761.6900024414062,0.039779999256134034,2026-09-18,2.6950000000000003,0.4986301369863014
SPY270319C00880000,2026-09-18 19:51:45+00:00,880.0,2.16,2.3,2.33,-0.06999993,-3.1390104,315.0,5144.0,0.13657479644775394,False,REGULAR,USD,2027-03-19,761.6900024414062,0.039779999256134034,2026-09-18,2.315,0.4986301369863014
SPY270319C00885000,2026-09-17 19:44:44+00:00,885.0,1.91,1.97,2.0,0.0,0.0,1.0,2715.0,0.13596445098876953,False,REGULAR,USD,2027-03-19,761.6900024414062,0.039779999256134034,2026-09-18,1.9849999999999999,0.4986301369863014
SPY270319C00890000,2026-09-18 14:42:32+00:00,890.0,1.5,1.69,1.72,0.0,0.0,5.0,2336.0,0.13553720916748052,False,REGULAR,USD,2027-03-19,761.6900024414062,0.039779999256134034,2026-09-18,1.705,0.4986301369863014
SPY270319C00895000,2026-09-17 18:52:39+00:00,895.0,1.36,1.45,1.48,0.0,0.0,39.0,1582.0,0.13520151916503909,False,REGULAR,USD,2027-03-19,761.6900024414062,0.039779999256134034,2026-09-18,1.4649999999999999,0.4986301369863014
SPY270319C00900000,2026-09-18 18:34:39+00:00,900.0,1.12,1.25,1.28,-0.08000004,-6.6666694,31.0,8884.0,0.13507945007324224,False,REGULAR,USD,2027-03-19,761.6900024414062,0.039779999256134034,2026-09-18,1.2650000000000001,0.4986301369863014
SPY270319C00905000,2026-09-17 13:57:14+00:00,905.0,0.96,1.08,1.1,0.0,0.0,1.0,2306.0,0.13483531188964848,False,REGULAR,USD,2027-03-19,761.6900024414062,0.039779999256134034,2026-09-18,1.09,0.4986301369863014
SPY270319C00910000,2026-09-18 15:09:43+00:00,910.0,0.85,0.93,0.95,-0.029999971,-3.4090877,177.0,2570.0,0.13480479461669925,False,REGULAR,USD,2027-03-19,761.6900024414062,0.039779999256134034,2026-09-18,0.94,0.4986301369863014
SPY270331C00610000,2026-08-24 13:39:02+00:00,610.0,170.62,168.75,172.42,0.0,0.0,2.0,8.0,0.3672090867614746,True,REGULAR,USD,2027-03-31,761.6900024414062,0.039779999256134034,2026-09-18,170.58499999999998,0.5315068493150685
SPY270331C00611000,2026-06-25 18:19:03+00:00,611.0,154.05,170.29,173.39,0.0,0.0,1.0,2.0,0.3794007373046875,True,REGULAR,USD,2027-03-31,761.6900024414062,0.039779999256134034,2026-09-18,171.83999999999997,0.5315068493150685
SPY270331C00612000,2026-08-14 18:30:09+00:00,612.0,183.37,166.89,170.56,0.0,0.0,1.0,3.0,0.36472192901611333,True,REGULAR,USD,2027-03-31,761.6900024414062,0.039779999256134034,2026-09-18,168.725,0.5315068493150685
SPY270331C00615000,2026-08-04 13:42:29+00:00,615.0,168.73,169.98,173.33,0.0,0.0,4.0,18.0,0.398992826538086,True,REGULAR,USD,2027-03-31,761.6900024414062,0.039779999256134034,2026-09-18,171.655,0.5315068493150685
SPY270331C00616000,2026-08-04 13:42:13+00:00,616.0,168.02,169.06,172.4,0.0,0.0,4.0,3.0,0.3976042906188965,True,REGULAR,USD,2027-03-31,761.6900024414062,0.039779999256134034,2026-09-18,170.73000000000002,0.5315068493150685
SPY270331C00617000,2026-05-06 13:31:59+00:00,617.0,144.97,149.95,153.83,0.0,0.0,2.0,3.0,0.26389285919189454,True,REGULAR,USD,2027-03-31,761.6900024414062,0.039779999256134034,2026-09-18,151.89,0.5315068493150685
SPY270331C00619000,2026-09-03 13:32:40+00:00,619.0,166.9,160.42,164.08,0.0,0.0,1.0,1.0,0.3561465753173828,True,REGULAR,USD,2027-03-31,761.6900024414062,0.039779999256134034,2026-09-18,162.25,0.5315068493150685
SPY270331C00620000,2026-08-21 18:13:45+00:00,620.0,165.01,159.5,163.16,0.0,0.0,1.0,13.0,0.3549411430358886,True,REGULAR,USD,2027-03-31,761.6900024414062,0.039779999256134034,2026-09-18,161.32999999999998,0.5315068493150685
SPY270331C00621000,2026-08-10 13:54:40+00:00,621.0,174.0,158.57,162.24,0.0,0.0,1.0,8.0,0.3537509693908691,True,REGULAR,USD,2027-03-31,761.6900024414062,0.039779999256134034,2026-09-18,160.405,0.5315068493150685
SPY270331C00622000,2026-05-12 14:46:51+00:00,622.0,146.08,157.76,159.99,0.0,0.0,1.0,1.0,0.3433293206787109,True,REGULAR,USD,2027-03-31,761.6900024414062,0.039779999256134034,2026-09-18,158.875,0.5315068493150685
SPY270331C00624000,2026-04-09 18:03:18+00:00,624.0,100.94,145.5,149.0,0.0,0.0,2.0,2.0,0.2723919197082519,True,REGULAR,USD,2027-03-31,761.6900024414062,0.039779999256134034,2026-09-18,147.25,0.5315068493150685
SPY270331C00625000,2026-08-10 19:30:26+00:00,625.0,169.52,154.89,158.55,0.0,0.0,4.0,314.0,0.34886820571899413,True,REGULAR,USD,2027-03-31,761.6900024414062,0.039779999256134034,2026-09-18,156.72,0.5315068493150685
SPY270331C00626000,2026-06-08 14:11:35+00:00,626.0,147.14,153.33,156.77,0.0,0.0,1.0,0.0,0.34180345703125,True,REGULAR,USD,2027-03-31,761.6900024414062,0.039779999256134034,2026-09-18,155.05,0.5315068493150685
SPY270331C00627000,2026-05-04 15:20:02+00:00,627.0,128.74,141.52,145.4,0.0,0.0,,1.0,0.2628705305480958,True,REGULAR,USD,2027-03-31,761.6900024414062,0.039779999256134034,2026-09-18,143.46,0.5315068493150685
SPY270331C00628000,2026-06-29 16:01:53+00:00,628.0,140.99,154.88,157.98,0.0,0.0,1.0,1.0,0.35979338943481437,True,REGULAR,USD,2027-03-31,761.6900024414062,0.039779999256134034,2026-09-18,156.43,0.5315068493150685
SPY270331C00629000,2026-08-07 16:53:08+00:00,629.0,165.2,151.21,154.87,0.0,0.0,1.0,12.0,0.34401595932006834,True,REGULAR,USD,2027-03-31,761.6900024414062,0.039779999256134034,2026-09-18,153.04000000000002,0.5315068493150685
SPY270331C00630000,2026-09-16 19:50:12+00:00,630.0,141.81,150.29,153.96,0.0,0.0,1.0,78.0,0.34287156158447263,True,REGULAR,USD,2027-03-31,761.6900024414062,0.039779999256134034,2026-09-18,152.125,0.5315068493150685
SPY270331C00631000,2026-07-29 15:59:02+00:00,631.0,131.01,155.27,158.61,0.0,0.0,2.0,1.0,0.37772228729248036,True,REGULAR,USD,2027-03-31,761.6900024414062,0.039779999256134034,2026-09-18,156.94,0.5315068493150685
SPY270331C00632000,2026-08-07 16:20:18+00:00,632.0,163.64,148.46,152.13,0.0,0.0,1.0,2.0,0.34049121429443363,True,REGULAR,USD,2027-03-31,761.6900024414062,0.039779999256134034,2026-09-18,150.29500000000002,0.5315068493150685
SPY270331C00633000,2026-08-07 16:20:59+00:00,633.0,162.68,147.54,151.21,0.0,0.0,2.0,5.0,0.3392552647399902,True,REGULAR,USD,2027-03-31,761.6900024414062,0.039779999256134034,2026-09-18,149.375,0.5315068493150685
SPY270331C00634000,2026-08-27 16:16:26+00:00,634.0,156.44,146.63,150.29,0.0,0.0,3.0,2.0,0.3380269445037841,True,REGULAR,USD,2027-03-31,761.6900024414062,0.039779999256134034,2026-09-18,148.45999999999998,0.5315068493150685
SPY270331C00635000,2026-09-02 15:15:29+00:00,635.0,150.68,145.71,149.38,0.0,0.0,1.0,11.0,0.33685965881347657,True,REGULAR,USD,2027-03-31,761.6900024414062,0.039779999256134034,2026-09-18,147.54500000000002,0.5315068493150685
SPY270331C00638000,2026-08-31 17:06:10+00:00,638.0,148.15,142.98,146.65,0.0,0.0,3.0,6.0,0.3333349137878418,True,REGULAR,USD,2027-03-31,761.6900024414062,0.039779999256134034,2026-09-18,144.815,0.5315068493150685
SPY270331C00639000,2026-07-06 13:30:14+00:00,639.0,138.95,145.02,148.11,0.0,0.0,8.0,20.0,0.34729656616210935,True,REGULAR,USD,2027-03-31,761.6900024414062,0.039779999256134034,2026-09-18,146.565,0.5315068493150685
SPY270331C00640000,2026-09-02 17:03:01+00:00,640.0,145.12,141.16,144.83,0.0,0.0,1.0,35.0,0.3309850837707519,True,REGULAR,USD,2027-03-31,761.6900024414062,0.039779999256134034,2026-09-18,142.995,0.5315068493150685
SPY270331C00641000,2026-08-04 13:54:37+00:00,641.0,146.72,146.08,149.5,0.0,0.0,1.0,2.0,0.36472192901611333,True,REGULAR,USD,2027-03-31,761.6900024414062,0.039779999256134034,2026-09-18,147.79000000000002,0.5315068493150685
SPY270331C00642000,2026-08-31 13:33:33+00:00,642.0,145.76,139.34,143.01,0.0,0.0,1.0,3.0,0.3286047364807128,True,REGULAR,USD,2027-03-31,761.6900024414062,0.039779999256134034,2026-09-18,141.175,0.5315068493150685
SPY270331C00643000,2026-09-02 17:04:08+00:00,643.0,142.46,138.43,142.1,0.0,0.0,3.0,3.0,0.32741456283569337,True,REGULAR,USD,2027-03-31,761.6900024414062,0.039779999256134034,2026-09-18,140.265,0.5315068493150685
SPY270331C00644000,2026-08-03 13:50:40+00:00,644.0,134.17,143.45,146.78,0.0,0.0,1.0,15.0,0.3608614939880371,True,REGULAR,USD,2027-03-31,761.6900024414062,0.039779999256134034,2026-09-18,145.115,0.5315068493150685
SPY270331C00645000,2026-09-14 13:57:26+00:00,645.0,135.0,136.62,140.29,0.0,0.0,2.0,10.0,0.32507999145507804,True,REGULAR,USD,2027-03-31,761.6900024414062,0.039779999256134034,2026-09-18,138.45499999999998,0.5315068493150685
SPY270331C00647000,2026-05-14 15:40:46+00:00,647.0,137.68,136.33,138.47,0.0,0.0,11.0,6.0,0.322676756210327,True,REGULAR,USD,2027-03-31,761.6900024414062,0.039779999256134034,2026-09-18,137.4,0.5315068493150685
SPY270331C00648000,2026-09-03 16:09:09+00:00,648.0,144.62,133.9,137.58,0.0,0.0,3.0,5.0,0.3216010223388671,True,REGULAR,USD,2027-03-31,761.6900024414062,0.039779999256134034,2026-09-18,135.74,0.5315068493150685
SPY270331C00649000,2026-06-18 17:23:32+00:00,649.0,132.64,119.8,123.22,0.0,0.0,6.0,12.0,0.22867592620849608,True,REGULAR,USD,2027-03-31,761.6900024414062,0.039779999256134034,2026-09-18,121.50999999999999,0.5315068493150685
SPY270331C00650000,2026-09-17 15:24:44+00:00,650.0,131.01,132.1,135.77,0.0,0.0,1.0,249.0,0.3192359336853026,True,REGULAR,USD,2027-03-31,761.6900024414062,0.039779999256134034,2026-09-18,133.935,0.5315068493150685
SPY270331C00651000,2026-06-09 15:38:22+00:00,651.0,117.03,131.73,135.15,0.0,0.0,1.0,1.0,0.3198005032348632,True,REGULAR,USD,2027-03-31,761.6900024414062,0.039779999256134034,2026-09-18,133.44,0.5315068493150685
SPY270331C00652000,2026-05-06 19:06:06+00:00,652.0,120.57,120.91,124.77,0.0,0.0,2.0,3.0,0.2572858695983887,True,REGULAR,USD,2027-03-31,761.6900024414062,0.039779999256134034,2026-09-18,122.84,0.5315068493150685
SPY270331C00653000,2026-09-04 16:03:31+00:00,653.0,136.86,129.41,133.07,0.0,0.0,3.0,2.0,0.3157569645690917,True,REGULAR,USD,2027-03-31,761.6900024414062,0.039779999256134034,2026-09-18,131.24,0.5315068493150685
SPY270331C00654000,2026-06-12 16:48:01+00:00,654.0,122.04,129.1,132.59,0.0,0.0,3.0,6.0,0.3171455004882812,True,REGULAR,USD,2027-03-31,761.6900024414062,0.039779999256134034,2026-09-18,130.845,0.5315068493150685
SPY270331C00655000,2026-09-08 18:56:03+00:00,655.0,132.4,127.62,131.28,0.0,0.0,2.0,32.0,0.3134681690979004,True,REGULAR,USD,2027-03-31,761.6900024414062,0.039779999256134034,2026-09-18,129.45,0.5315068493150685
SPY270331C00656000,2026-08-07 17:33:04+00:00,656.0,141.0,126.72,130.39,0.0,0.0,2.0,16.0,0.31235428863525383,True,REGULAR,USD,2027-03-31,761.6900024414062,0.039779999256134034,2026-09-18,128.555,0.5315068493150685
SPY270331C00657000,2026-05-04 18:21:33+00:00,657.0,104.52,116.88,120.74,0.0,0.0,2.0,6.0,0.25583629913330086,True,REGULAR,USD,2027-03-31,761.6900024414062,0.039779999256134034,2026-09-18,118.81,0.5315068493150685
SPY270331C00658000,2026-09-09 15:39:53+00:00,658.0,125.59,124.93,128.6,0.0,0.0,1.0,4.0,0.31005786384582523,True,REGULAR,USD,2027-03-31,761.6900024414062,0.039779999256134034,2026-09-18,126.765,0.5315068493150685
SPY270331C00659000,2026-06-22 13:36:21+00:00,659.0,126.11,111.5,114.93,0.0,0.0,9.0,11.0,0.22638713073730468,True,REGULAR,USD,2027-03-31,761.6900024414062,0.039779999256134034,2026-09-18,113.215,0.5315068493150685
SPY270331C00660000,2026-09-09 15:52:15+00:00,660.0,124.25,123.14,126.81,0.0,0.0,1.0,65.0,0.30774618041992186,True,REGULAR,USD,2027-03-31,761.6900024414062,0.039779999256134034,2026-09-18,124.975,0.5315068493150685
SPY270331C00661000,2026-04-21 14:52:38+00:00,661.0,95.28,113.68,117.54,0.0,0.0,2.0,3.0,0.2546003495788575,True,REGULAR,USD,2027-03-31,761.6900024414062,0.039779999256134034,2026-09-18,115.61000000000001,0.5315068493150685
SPY270331C00662000,2026-04-14 14:41:01+00:00,662.0,80.08,114.52,118.4,0.0,0.0,,1.0,0.26489992919921873,True,REGULAR,USD,2027-03-31,761.6900024414062,0.039779999256134034,2026-09-18,116.46000000000001,0.5315068493150685
SPY270331C00663000,2026-09-09 15:53:52+00:00,663.0,121.6,120.47,124.14,0.0,0.0,3.0,8.0,0.3043282458496094,True,REGULAR,USD,2027-03-31,761.6900024414062,0.039779999256134034,2026-09-18,122.305,0.5315068493150685
SPY270331C00664000,2026-06-23 18:11:26+00:00,664.0,109.58,107.4,110.83,0.0,0.0,6.0,7.0,0.2250138534545898,True,REGULAR,USD,2027-03-31,761.6900024414062,0.039779999256134034,2026-09-18,109.11500000000001,0.5315068493150685
SPY270331C00665000,2026-09-10 15:39:22+00:00,665.0,116.47,118.69,122.35,0.0,0.0,1.0,25.0,0.301963157196045,True,REGULAR,USD,2027-03-31,761.6900024414062,0.039779999256134034,2026-09-18,120.52,0.5315068493150685
SPY270331C00667000,2026-05-07 16:07:45+00:00,667.0,108.82,108.91,112.77,0.0,0.0,1.0,27.0,0.2525709509277344,True,REGULAR,USD,2027-03-31,761.6900024414062,0.039779999256134034,2026-09-18,110.84,0.5315068493150685
SPY270331C00668000,2026-09-10 16:03:33+00:00,668.0,113.97,116.04,119.69,0.0,0.0,3.0,53.0,0.2985452226257324,True,REGULAR,USD,2027-03-31,761.6900024414062,0.039779999256134034,2026-09-18,117.86500000000001,0.5315068493150685
SPY270331C00669000,2026-09-17 14:01:28+00:00,669.0,113.6,115.15,118.82,0.0,0.0,2.0,178.0,0.2974923767089843,True,REGULAR,USD,2027-03-31,761.6900024414062,0.039779999256134034,2026-09-18,116.985,0.5315068493150685
SPY270331C00670000,2026-09-17 14:03:45+00:00,670.0,112.76,114.29,117.94,0.0,0.0,2.0,43.0,0.2963784962463379,True,REGULAR,USD,2027-03-31,761.6900024414062,0.039779999256134034,2026-09-18,116.11500000000001,0.5315068493150685
SPY270331C00671000,2026-09-02 13:30:36+00:00,671.0,114.95,113.37,117.06,0.0,0.0,1.0,184.0,0.29525698646545406,True,REGULAR,USD,2027-03-31,761.6900024414062,0.039779999256134034,2026-09-18,115.215,0.5315068493150685
SPY270331C00672000,2026-09-16 18:37:42+00:00,672.0,107.78,112.53,116.18,0.0,0.0,145.0,185.0,0.2941354766845703,True,REGULAR,USD,2027-03-31,761.6900024414062,0.039779999256134034,2026-09-18,114.355,0.5315068493150685
SPY270331C00673000,2026-09-10 16:03:33+00:00,673.0,109.64,111.61,115.3,0.0,0.0,3.0,114.0,0.29300633758544914,True,REGULAR,USD,2027-03-31,761.6900024414062,0.039779999256134034,2026-09-18,113.455,0.5315068493150685
SPY270331C00674000,2026-05-15 15:53:33+00:00,674.0,108.15,114.05,116.14,0.0,0.0,1.0,4.0,0.3016122085571289,True,REGULAR,USD,2027-03-31,761.6900024414062,0.039779999256134034,2026-09-18,115.095,0.5315068493150685
SPY270331C00675000,2026-09-17 14:01:03+00:00,675.0,108.52,109.86,111.9,0.0,0.0,2.0,73.0,0.28137925659179686,True,REGULAR,USD,2027-03-31,761.6900024414062,0.039779999256134034,2026-09-18,110.88,0.5315068493150685
SPY270331C00676000,2026-09-17 14:00:54+00:00,676.0,107.76,108.99,112.66,0.0,0.0,2.0,12.0,0.28958840301513666,True,REGULAR,USD,2027-03-31,761.6900024414062,0.039779999256134034,2026-09-18,110.82499999999999,0.5315068493150685
SPY270331C00677000,2026-09-11 14:57:51+00:00,677.0,111.34,108.11,111.8,0.0,0.0,1.0,4.0,0.2885508157348632,True,REGULAR,USD,2027-03-31,761.6900024414062,0.039779999256134034,2026-09-18,109.955,0.5315068493150685
SPY270331C00678000,2026-09-14 15:53:28+00:00,678.0,107.1,107.24,110.93,0.0,0.0,2.0,3.0,0.28745219390869137,True,REGULAR,USD,2027-03-31,761.6900024414062,0.039779999256134034,2026-09-18,109.08500000000001,0.5315068493150685
SPY270331C00679000,2026-09-18 14:31:40+00:00,679.0,105.05,106.37,110.06,-18.399994,-14.904815,2.0,12.0,0.28634594276428227,True,REGULAR,USD,2027-03-31,761.6900024414062,0.039779999256134034,2026-09-18,108.215,0.5315068493150685
SPY270331C00680000,2026-09-18 19:33:54+00:00,680.0,103.93,105.5,108.88,-5.800003,-5.2857037,2.0,29.0,0.2835078363800049,True,REGULAR,USD,2027-03-31,761.6900024414062,0.039779999256134034,2026-09-18,107.19,0.5315068493150685
SPY270331C00685000,2026-09-16 14:12:22+00:00,685.0,99.38,101.17,104.57,0.0,0.0,2.0,90.0,0.27813679634094235,True,REGULAR,USD,2027-03-31,761.6900024414062,0.039779999256134034,2026-09-18,102.87,0.5315068493150685
SPY270331C00690000,2026-09-11 17:46:34+00:00,690.0,101.07,96.87,100.55,0.0,0.0,4.0,240.0,0.27417718017578124,True,REGULAR,USD,2027-03-31,761.6900024414062,0.039779999256134034,2026-09-18,98.71000000000001,0.5315068493150685
SPY270331C00695000,2026-09-14 15:35:08+00:00,695.0,92.36,92.61,96.32,0.0,0.0,4.0,75.0,0.26891295059204096,True,REGULAR,USD,2027-03-31,761.6900024414062,0.039779999256134034,2026-09-18,94.465,0.5315068493150685
SPY270331C00700000,2026-09-17 15:52:22+00:00,700.0,88.59,88.4,92.11,0.0,0.0,4.0,300.0,0.2635876864624024,True,REGULAR,USD,2027-03-31,761.6900024414062,0.039779999256134034,2026-09-18,90.255,0.5315068493150685
SPY270331C00705000,2026-09-17 15:35:31+00:00,705.0,84.12,84.23,87.92,0.0,0.0,2.0,131.0,0.25820138778686524,True,REGULAR,USD,2027-03-31,761.6900024414062,0.039779999256134034,2026-09-18,86.075,0.5315068493150685
SPY270331C00710000,2026-09-17 15:50:45+00:00,710.0,80.12,80.1,83.8,0.0,0.0,6.0,139.0,0.25298293411254885,True,REGULAR,USD,2027-03-31,761.6900024414062,0.039779999256134034,2026-09-18,81.94999999999999,0.5315068493150685
SPY270331C00715000,2026-09-17 14:29:07+00:00,715.0,76.13,76.02,79.73,0.0,0.0,2.0,1709.0,0.24782551498413086,True,REGULAR,USD,2027-03-31,761.6900024414062,0.039779999256134034,2026-09-18,77.875,0.5315068493150685
SPY270331C00720000,2026-09-18 18:35:48+00:00,720.0,72.05,72.0,75.73,3.7300034,5.4596066,2.0,361.0,0.24280542358398435,True,REGULAR,USD,2027-03-31,761.6900024414062,0.039779999256134034,2026-09-18,73.86500000000001,0.5315068493150685
SPY270331C00725000,2026-09-17 17:26:44+00:00,725.0,67.81,68.05,71.76,0.0,0.0,3.0,228.0,0.2377166683197021,True,REGULAR,USD,2027-03-31,761.6900024414062,0.039779999256134034,2026-09-18,69.905,0.5315068493150685
SPY270331C00730000,2026-09-18 18:53:47+00:00,730.0,65.1,64.15,67.88,1.0999985,1.7187476,4.0,481.0,0.23281864601135252,True,REGULAR,USD,2027-03-31,761.6900024414062,0.039779999256134034,2026-09-18,66.015,0.5315068493150685
SPY270331C00735000,2026-09-18 14:57:15+00:00,735.0,59.9,60.32,64.06,-0.9399986,-1.5450339,2.0,943.0,0.22795877029418943,True,REGULAR,USD,2027-03-31,761.6900024414062,0.039779999256134034,2026-09-18,62.19,0.5315068493150685
SPY270331C00740000,2026-09-17 19:15:59+00:00,740.0,57.14,56.56,60.29,0.0,0.0,10.0,706.0,0.2230683773040771,True,REGULAR,USD,2027-03-31,761.6900024414062,0.039779999256134034,2026-09-18,58.425,0.5315068493150685
SPY270331C00745000,2026-09-18 14:50:21+00:00,745.0,52.3,52.87,56.26,-0.15999985,-0.304994,1.0,136.0,0.21669026725769042,True,REGULAR,USD,2027-03-31,761.6900024414062,0.039779999256134034,2026-09-18,54.565,0.5315068493150685
SPY270331C00750000,2026-09-18 14:06:05+00:00,750.0,48.7,49.27,51.5,-1.6300011,-3.2386272,3.0,455.0,0.20669586036682122,True,REGULAR,USD,2027-03-31,761.6900024414062,0.039779999256134034,2026-09-18,50.385000000000005,0.5315068493150685
SPY270331C00755000,2026-09-18 19:59:58+00:00,755.0,46.67,46.3,48.84,1.5699997,3.4811525,2.0,129.0,0.20601685104370115,True,REGULAR,USD,2027-03-31,761.6900024414062,0.039779999256134034,2026-09-18,47.57,0.5315068493150685
SPY270331C00760000,2026-09-18 18:52:32+00:00,760.0,43.22,43.61,44.76,1.2600021,3.002865,3.0,362.0,0.19850960189819333,True,REGULAR,USD,2027-03-31,761.6900024414062,0.039779999256134034,2026-09-18,44.185,0.5315068493150685
SPY270331C00765000,2026-09-17 19:59:01+00:00,765.0,40.03,40.32,41.43,0.0,0.0,7.0,1806.0,0.19404645072937013,False,REGULAR,USD,2027-03-31,761.6900024414062,0.039779999256134034,2026-09-18,40.875,0.5315068493150685
SPY270331C00770000,2026-09-18 19:00:16+00:00,770.0,37.0,37.15,38.28,0.91999817,2.5498838,58.0,339.0,0.19000291206359868,False,REGULAR,USD,2027-03-31,761.6900024414062,0.039779999256134034,2026-09-18,37.715,0.5315068493150685
SPY270331C00775000,2026-09-18 15:48:59+00:00,775.0,32.64,34.59,34.76,-0.15999985,-0.4878044,11.0,412.0,0.18385368156433105,False,REGULAR,USD,2027-03-31,761.6900024414062,0.039779999256134034,2026-09-18,34.675,0.5315068493150685
SPY270331C00780000,2026-09-17 16:11:05+00:00,780.0,30.82,31.65,31.82,0.0,0.0,13.0,673.0,0.1798788067626953,False,REGULAR,USD,2027-03-31,761.6900024414062,0.039779999256134034,2026-09-18,31.735,0.5315068493150685
SPY270331C00785000,2026-09-18 14:52:04+00:00,785.0,27.25,28.86,29.03,3.8700008,16.552614,3.0,126.0,0.17610992355346683,False,REGULAR,USD,2027-03-31,761.6900024414062,0.039779999256134034,2026-09-18,28.945,0.5315068493150685
SPY270331C00790000,2026-09-18 19:50:56+00:00,790.0,25.52,26.2,26.37,0.8600006,3.4874315,1.0,460.0,0.1724402214813233,False,REGULAR,USD,2027-03-31,761.6900024414062,0.039779999256134034,2026-09-18,26.285,0.5315068493150685
SPY270331C00795000,2026-09-17 18:54:02+00:00,795.0,22.77,23.7,23.86,0.0,0.0,12.0,301.0,0.16893073509216314,False,REGULAR,USD,2027-03-31,761.6900024414062,0.039779999256134034,2026-09-18,23.78,0.5315068493150685
SPY270331C00800000,2026-09-18 19:31:10+00:00,800.0,20.49,21.35,21.51,-0.21000099,-1.0144975,370.0,1149.0,0.1656348696136475,False,REGULAR,USD,2027-03-31,761.6900024414062,0.039779999256134034,2026-09-18,21.43,0.5315068493150685
SPY270331C00805000,2026-09-17 19:53:01+00:00,805.0,18.75,19.15,19.32,0.0,0.0,10.0,385.0,0.16252973709106444,False,REGULAR,USD,2027-03-31,761.6900024414062,0.039779999256134034,2026-09-18,19.235,0.5315068493150685
SPY270331C00810000,2026-09-17 19:53:01+00:00,810.0,16.74,17.12,17.28,0.0,0.0,21.0,604.0,0.1595848202514648,False,REGULAR,USD,2027-03-31,761.6900024414062,0.039779999256134034,2026-09-18,17.200000000000003,0.5315068493150685
SPY270331C00815000,2026-09-17 18:02:09+00:00,815.0,14.68,15.26,15.4,0.0,0.0,14.0,482.0,0.1568306363677979,False,REGULAR,USD,2027-03-31,761.6900024414062,0.039779999256134034,2026-09-18,15.33,0.5315068493150685
SPY270331C00820000,2026-09-18 19:31:10+00:00,820.0,12.89,13.54,13.68,1.9900007,18.256887,358.0,1274.0,0.1542977027130127,False,REGULAR,USD,2027-03-31,761.6900024414062,0.039779999256134034,2026-09-18,13.61,0.5315068493150685
SPY270331C00825000,2026-09-18 13:36:28+00:00,825.0,11.46,11.98,12.12,0.4300003,3.8984616,1.0,873.0,0.15200127792358398,False,REGULAR,USD,2027-03-31,761.6900024414062,0.039779999256134034,2026-09-18,12.05,0.5315068493150685
SPY270331C00830000,2026-09-17 18:13:21+00:00,830.0,10.12,10.57,10.71,0.0,0.0,5.0,257.0,0.14991847404479983,False,REGULAR,USD,2027-03-31,761.6900024414062,0.039779999256134034,2026-09-18,10.64,0.5315068493150685
SPY270331C00835000,2026-09-18 19:59:00+00:00,835.0,9.0,9.34,9.4,0.17000008,1.9252557,2.0,155.0,0.14778989425659184,False,REGULAR,USD,2027-03-31,761.6900024414062,0.039779999256134034,2026-09-18,9.370000000000001,0.5315068493150685
SPY270331C00840000,2026-09-18 18:00:57+00:00,840.0,7.44,8.2,8.26,-0.3699999,-4.7375145,1.0,606.0,0.14605803901672362,False,REGULAR,USD,2027-03-31,761.6900024414062,0.039779999256134034,2026-09-18,8.23,0.5315068493150685
SPY270331C00845000,2026-09-17 13:59:05+00:00,845.0,6.53,7.18,7.24,0.0,0.0,11.0,1235.0,0.14449402877807616,False,REGULAR,USD,2027-03-31,761.6900024414062,0.039779999256134034,2026-09-18,7.21,0.5315068493150685
SPY270331C00850000,2026-09-18 20:06:08+00:00,850.0,6.25,6.28,6.34,0.25,4.1666665,34.0,740.0,0.14313601013183597,False,REGULAR,USD,2027-03-31,761.6900024414062,0.039779999256134034,2026-09-18,6.3100000000000005,0.5315068493150685
SPY270331C00855000,2026-09-17 17:50:18+00:00,855.0,5.14,5.47,5.53,0.0,0.0,16.0,434.0,0.1418237673950195,False,REGULAR,USD,2027-03-31,761.6900024414062,0.039779999256134034,2026-09-18,5.5,0.5315068493150685
SPY270331C00860000,2026-09-18 15:40:16+00:00,860.0,4.25,4.76,4.81,-0.3000002,-6.5934105,1.0,812.0,0.1406183351135254,False,REGULAR,USD,2027-03-31,761.6900024414062,0.039779999256134034,2026-09-18,4.785,0.5315068493150685
SPY270331C00865000,2026-09-16 19:47:37+00:00,865.0,3.01,4.13,4.18,0.0,0.0,32.0,1359.0,0.13958074783325197,False,REGULAR,USD,2027-03-31,761.6900024414062,0.039779999256134034,2026-09-18,4.154999999999999,0.5315068493150685
SPY270331C00870000,2026-09-17 13:30:02+00:00,870.0,3.46,3.58,3.63,0.0,0.0,1.0,1853.0,0.13868048828125001,False,REGULAR,USD,2027-03-31,761.6900024414062,0.039779999256134034,2026-09-18,3.605,0.5315068493150685
SPY270331C00875000,2026-09-18 19:23:12+00:00,875.0,2.9,3.09,3.14,0.11000013,3.9426572,187.0,604.0,0.13779548736572267,False,REGULAR,USD,2027-03-31,761.6900024414062,0.039779999256134034,2026-09-18,3.115,0.5315068493150685
SPY270331C00880000,2026-09-18 19:23:12+00:00,880.0,2.5,2.67,2.72,0.07999992,3.3057818,195.0,2071.0,0.13710884872436524,False,REGULAR,USD,2027-03-31,761.6900024414062,0.039779999256134034,2026-09-18,2.6950000000000003,0.5315068493150685
SPY270331C00885000,2026-09-17 16:19:27+00:00,885.0,2.17,2.31,2.35,0.0,0.0,204.0,1500.0,0.13645272735595704,False,REGULAR,USD,2027-03-31,761.6900024414062,0.039779999256134034,2026-09-18,2.33,0.5315068493150685
SPY270331C00890000,2026-09-14 14:16:24+00:00,890.0,1.94,1.99,2.03,0.0,0.0,2.0,322.0,0.13591867507934574,False,REGULAR,USD,2027-03-31,761.6900024414062,0.039779999256134034,2026-09-18,2.01,0.5315068493150685
SPY270331C00895000,2026-09-17 13:33:32+00:00,895.0,1.59,1.72,1.76,0.0,0.0,1.0,1164.0,0.13556772644042972,False,REGULAR,USD,2027-03-31,761.6900024414062,0.039779999256134034,2026-09-18,1.74,0.5315068493150685
SPY270331C00900000,2026-09-17 19:21:49+00:00,900.0,1.41,1.48,1.52,0.0,0.0,77.0,12812.0,0.13520151916503909,False,REGULAR,USD,2027-03-31,761.6900024414062,0.039779999256134034,2026-09-18,1.5,0.5315068493150685
SPY270331C00905000,2026-09-17 15:08:44+00:00,905.0,1.14,1.28,1.32,0.0,0.0,30.0,775.0,0.135048932800293,False,REGULAR,USD,2027-03-31,761.6900024414062,0.039779999256134034,2026-09-18,1.3,0.5315068493150685
SPY270331C00910000,2026-09-17 19:44:20+00:00,910.0,1.08,1.11,1.14,0.0,0.0,5.0,1437.0,0.13483531188964848,False,REGULAR,USD,2027-03-31,761.6900024414062,0.039779999256134034,2026-09-18,1.125,0.5315068493150685
SPY270617C00610000,2026-09-18 18:32:26+00:00,610.0,176.97,177.42,181.1,6.720001,3.9471374,3.0,203.0,0.3603045537567138,True,REGULAR,USD,2027-06-17,761.6900024414062,0.039779999256134034,2026-09-18,179.26,0.7452054794520548
SPY270617C00615000,2026-09-18 16:32:26+00:00,615.0,170.82,172.94,176.61,1.8300018,1.0829054,2.0,64.0,0.3550937294006347,True,REGULAR,USD,2027-06-17,761.6900024414062,0.039779999256134034,2026-09-18,174.775,0.7452054794520548
SPY270617C00620000,2026-09-18 19:44:49+00:00,620.0,169.48,168.47,172.14,0.6399994,0.37905675,14.0,464.0,0.3499515689086914,True,REGULAR,USD,2027-06-17,761.6900024414062,0.039779999256134034,2026-09-18,170.305,0.7452054794520548
SPY270617C00625000,2026-09-17 18:19:45+00:00,625.0,164.28,164.01,167.69,0.0,0.0,20.0,159.0,0.3448551843261719,True,REGULAR,USD,2027-06-17,761.6900024414062,0.039779999256134034,2026-09-18,165.85,0.7452054794520548
SPY270617C00630000,2026-09-15 18:29:19+00:00,630.0,155.49,159.58,163.26,0.0,0.0,10.0,357.0,0.3398122049713135,True,REGULAR,USD,2027-06-17,761.6900024414062,0.039779999256134034,2026-09-18,161.42000000000002,0.7452054794520548
SPY270617C00635000,2026-09-14 14:08:12+00:00,635.0,154.31,155.17,158.85,0.0,0.0,1.0,371.0,0.33480737220764156,True,REGULAR,USD,2027-06-17,761.6900024414062,0.039779999256134034,2026-09-18,157.01,0.7452054794520548
SPY270617C00640000,2026-09-16 19:08:16+00:00,640.0,144.3,150.78,154.46,0.0,0.0,1.0,542.0,0.3298406860351562,True,REGULAR,USD,2027-06-17,761.6900024414062,0.039779999256134034,2026-09-18,152.62,0.7452054794520548
SPY270617C00645000,2026-09-09 14:00:55+00:00,645.0,148.18,146.41,150.1,0.0,0.0,56.0,231.0,0.32495029304504386,True,REGULAR,USD,2027-06-17,761.6900024414062,0.039779999256134034,2026-09-18,148.255,0.7452054794520548
SPY270617C00650000,2026-09-17 17:58:00+00:00,650.0,142.12,142.06,145.76,0.0,0.0,4.0,1126.0,0.3200904173278808,True,REGULAR,USD,2027-06-17,761.6900024414062,0.039779999256134034,2026-09-18,143.91,0.7452054794520548
SPY270617C00655000,2026-09-17 19:08:53+00:00,655.0,137.96,137.74,141.44,0.0,0.0,3.0,358.0,0.3152458002471923,True,REGULAR,USD,2027-06-17,761.6900024414062,0.039779999256134034,2026-09-18,139.59,0.7452054794520548
SPY270617C00660000,2026-09-16 18:50:00+00:00,660.0,129.5,133.45,137.14,0.0,0.0,27.0,444.0,0.3104164418029785,True,REGULAR,USD,2027-06-17,761.6900024414062,0.039779999256134034,2026-09-18,135.295,0.7452054794520548
SPY270617C00665000,2026-09-15 18:28:28+00:00,665.0,125.34,129.18,132.89,0.0,0.0,6.0,119.0,0.30573966972351074,True,REGULAR,USD,2027-06-17,761.6900024414062,0.039779999256134034,2026-09-18,131.035,0.7452054794520548
SPY270617C00670000,2026-09-16 18:10:18+00:00,670.0,123.19,124.94,127.63,0.0,0.0,1.0,545.0,0.2962869444274902,True,REGULAR,USD,2027-06-17,761.6900024414062,0.039779999256134034,2026-09-18,126.285,0.7452054794520548
SPY270617C00675000,2026-09-16 19:21:12+00:00,675.0,111.72,120.73,124.44,0.0,0.0,1.0,423.0,0.2963403496551513,True,REGULAR,USD,2027-06-17,761.6900024414062,0.039779999256134034,2026-09-18,122.58500000000001,0.7452054794520548
SPY270617C00680000,2026-09-18 14:08:18+00:00,680.0,116.93,116.55,120.27,-0.05999756,-0.05128435,3.0,1834.0,0.2917398707580565,True,REGULAR,USD,2027-06-17,761.6900024414062,0.039779999256134034,2026-09-18,118.41,0.7452054794520548
SPY270617C00685000,2026-09-18 17:49:22+00:00,685.0,111.52,112.41,116.12,0.08999634,0.08076491,23.0,627.0,0.28712413322448727,True,REGULAR,USD,2027-06-17,761.6900024414062,0.039779999256134034,2026-09-18,114.265,0.7452054794520548
SPY270617C00690000,2026-09-17 13:30:04+00:00,690.0,108.63,108.3,112.02,0.0,0.0,1.0,744.0,0.2826152061462402,True,REGULAR,USD,2027-06-17,761.6900024414062,0.039779999256134034,2026-09-18,110.16,0.7452054794520548
SPY270617C00695000,2026-09-17 14:29:07+00:00,695.0,103.45,104.23,107.94,0.0,0.0,2.0,264.0,0.2780757617950439,True,REGULAR,USD,2027-06-17,761.6900024414062,0.039779999256134034,2026-09-18,106.08500000000001,0.7452054794520548
SPY270617C00700000,2026-09-18 20:05:47+00:00,700.0,101.8,100.2,102.3,0.7000046,0.6923883,10.0,2827.0,0.26674622421264654,True,REGULAR,USD,2027-06-17,761.6900024414062,0.039779999256134034,2026-09-18,101.25,0.7452054794520548
SPY270617C00705000,2026-09-14 15:21:32+00:00,705.0,94.56,96.21,99.94,0.0,0.0,3.0,533.0,0.26930967514038084,True,REGULAR,USD,2027-06-17,761.6900024414062,0.039779999256134034,2026-09-18,98.07499999999999,0.7452054794520548
SPY270617C00710000,2026-09-17 14:59:06+00:00,710.0,92.03,92.25,95.99,0.0,0.0,5.0,407.0,0.2649304464721679,True,REGULAR,USD,2027-06-17,761.6900024414062,0.039779999256134034,2026-09-18,94.12,0.7452054794520548
SPY270617C00715000,2026-09-18 15:50:27+00:00,715.0,87.28,88.34,92.08,-1.8899994,-2.1195462,1.0,406.0,0.26058173507690424,True,REGULAR,USD,2027-06-17,761.6900024414062,0.039779999256134034,2026-09-18,90.21000000000001,0.7452054794520548
SPY270617C00720000,2026-09-18 14:16:01+00:00,720.0,84.32,84.48,88.22,6.0199966,7.688373,1.0,843.0,0.2562787995910644,True,REGULAR,USD,2027-06-17,761.6900024414062,0.039779999256134034,2026-09-18,86.35,0.7452054794520548
SPY270617C00725000,2026-09-18 19:42:33+00:00,725.0,80.94,80.66,84.27,-0.55999756,-0.6871136,4.0,1444.0,0.2514646997833252,True,REGULAR,USD,2027-06-17,761.6900024414062,0.039779999256134034,2026-09-18,82.465,0.7452054794520548
SPY270617C00730000,2026-09-18 18:54:27+00:00,730.0,77.65,76.9,80.64,7.7300034,11.055497,12.0,1249.0,0.2477721097564697,True,REGULAR,USD,2027-06-17,761.6900024414062,0.039779999256134034,2026-09-18,78.77000000000001,0.7452054794520548
SPY270617C00735000,2026-09-17 18:54:37+00:00,735.0,73.47,73.18,76.93,0.0,0.0,17.0,972.0,0.24358361404418943,True,REGULAR,USD,2027-06-17,761.6900024414062,0.039779999256134034,2026-09-18,75.055,0.7452054794520548
SPY270617C00740000,2026-09-18 18:14:34+00:00,740.0,69.17,69.52,73.27,-1.090004,-1.5513862,2.0,958.0,0.23940274765014646,True,REGULAR,USD,2027-06-17,761.6900024414062,0.039779999256134034,2026-09-18,71.395,0.7452054794520548
SPY270617C00745000,2026-09-18 16:47:07+00:00,745.0,65.0,65.93,69.68,5.0200005,8.369457,2.0,1497.0,0.23531343307495117,True,REGULAR,USD,2027-06-17,761.6900024414062,0.039779999256134034,2026-09-18,67.805,0.7452054794520548
SPY270617C00750000,2026-09-18 19:08:57+00:00,750.0,61.13,62.39,66.14,-1.8699989,-2.9682522,2.0,1823.0,0.23122411849975588,True,REGULAR,USD,2027-06-17,761.6900024414062,0.039779999256134034,2026-09-18,64.265,0.7452054794520548
SPY270617C00755000,2026-09-18 14:28:36+00:00,755.0,58.63,59.45,62.57,-0.9699974,-1.6275125,1.0,1600.0,0.2267991139221191,True,REGULAR,USD,2027-06-17,761.6900024414062,0.039779999256134034,2026-09-18,61.010000000000005,0.7452054794520548
SPY270617C00760000,2026-09-18 19:52:25+00:00,760.0,56.75,56.4,59.0,0.54999924,0.97864634,182.0,3637.0,0.22216811775207515,True,REGULAR,USD,2027-06-17,761.6900024414062,0.039779999256134034,2026-09-18,57.7,0.7452054794520548
SPY270617C00765000,2026-09-18 13:40:51+00:00,765.0,52.91,53.38,54.69,0.049999237,0.094588034,1.0,2346.0,0.21447776496887205,False,REGULAR,USD,2027-06-17,761.6900024414062,0.039779999256134034,2026-09-18,54.035,0.7452054794520548
SPY270617C00770000,2026-09-17 19:26:46+00:00,770.0,49.63,50.11,51.0,0.0,0.0,55.0,1721.0,0.2089312506103515,False,REGULAR,USD,2027-06-17,761.6900024414062,0.039779999256134034,2026-09-18,50.555,0.7452054794520548
SPY270617C00775000,2026-09-18 19:28:01+00:00,775.0,46.5,47.09,48.28,0.099998474,0.21551394,52.0,1998.0,0.20681792945861813,False,REGULAR,USD,2027-06-17,761.6900024414062,0.039779999256134034,2026-09-18,47.685,0.7452054794520548
SPY270617C00780000,2026-09-18 19:44:02+00:00,780.0,43.7,44.58,44.77,0.31000137,0.7144535,88.0,3408.0,0.20142400146484374,False,REGULAR,USD,2027-06-17,761.6900024414062,0.039779999256134034,2026-09-18,44.675,0.7452054794520548
SPY270617C00785000,2026-09-18 19:23:45+00:00,785.0,40.52,41.62,41.81,-0.22999954,-0.56441605,15.0,3463.0,0.19783822189331057,False,REGULAR,USD,2027-06-17,761.6900024414062,0.039779999256134034,2026-09-18,41.715,0.7452054794520548
SPY270617C00790000,2026-09-18 19:49:25+00:00,790.0,38.16,38.76,38.94,0.52000046,1.3815103,17.0,2359.0,0.1942982182312012,False,REGULAR,USD,2027-06-17,761.6900024414062,0.039779999256134034,2026-09-18,38.849999999999994,0.7452054794520548
SPY270617C00795000,2026-09-18 19:23:25+00:00,795.0,34.98,36.01,36.19,-0.20000076,-0.568507,11.0,3677.0,0.19089554229736327,False,REGULAR,USD,2027-06-17,761.6900024414062,0.039779999256134034,2026-09-18,36.099999999999994,0.7452054794520548
SPY270617C00800000,2026-09-18 20:10:20+00:00,800.0,33.32,33.37,33.54,0.73999786,2.2713253,150.0,16892.0,0.18756153022766112,False,REGULAR,USD,2027-06-17,761.6900024414062,0.039779999256134034,2026-09-18,33.455,0.7452054794520548
SPY270617C00805000,2026-09-18 18:46:36+00:00,805.0,29.85,30.84,31.01,-0.20999908,-0.69859976,31.0,2374.0,0.18435721656799317,False,REGULAR,USD,2027-06-17,761.6900024414062,0.039779999256134034,2026-09-18,30.925,0.7452054794520548
SPY270617C00810000,2026-09-18 19:36:48+00:00,810.0,27.52,28.43,28.6,-0.020000458,-0.0726233,16.0,3238.0,0.18127497200012205,False,REGULAR,USD,2027-06-17,761.6900024414062,0.039779999256134034,2026-09-18,28.515,0.7452054794520548
SPY270617C00815000,2026-09-18 18:46:34+00:00,815.0,25.26,26.14,26.31,-0.049999237,-0.19754736,4.0,2686.0,0.17829953788757327,False,REGULAR,USD,2027-06-17,761.6900024414062,0.039779999256134034,2026-09-18,26.225,0.7452054794520548
SPY270617C00820000,2026-09-18 18:46:46+00:00,820.0,23.19,23.98,24.15,0.15999985,0.6947453,64.0,2986.0,0.1754843194580078,False,REGULAR,USD,2027-06-17,761.6900024414062,0.039779999256134034,2026-09-18,24.064999999999998,0.7452054794520548
SPY270617C00825000,2026-09-18 20:03:35+00:00,825.0,21.85,21.95,22.11,0.52000046,2.4378831,26.0,3422.0,0.17278354080200198,False,REGULAR,USD,2027-06-17,761.6900024414062,0.039779999256134034,2026-09-18,22.03,0.7452054794520548
SPY270617C00830000,2026-09-18 18:46:46+00:00,830.0,19.28,20.04,20.21,-0.01999855,-0.103619434,24.0,2675.0,0.17028112442016607,False,REGULAR,USD,2027-06-17,761.6900024414062,0.039779999256134034,2026-09-18,20.125,0.7452054794520548
SPY270617C00835000,2026-09-18 18:23:36+00:00,835.0,17.26,18.26,18.41,-0.17000008,-0.9753303,814.0,2260.0,0.16780922531127934,False,REGULAR,USD,2027-06-17,761.6900024414062,0.039779999256134034,2026-09-18,18.335,0.7452054794520548
SPY270617C00840000,2026-09-18 19:32:55+00:00,840.0,15.92,16.62,16.75,0.3800001,2.4453032,74.0,4896.0,0.16555857643127445,False,REGULAR,USD,2027-06-17,761.6900024414062,0.039779999256134034,2026-09-18,16.685000000000002,0.7452054794520548
SPY270617C00845000,2026-09-18 15:05:04+00:00,845.0,14.06,15.08,15.22,0.03999996,0.28530642,11.0,3976.0,0.16349103118896485,False,REGULAR,USD,2027-06-17,761.6900024414062,0.039779999256134034,2026-09-18,15.15,0.7452054794520548
SPY270617C00850000,2026-09-18 16:39:20+00:00,850.0,12.56,13.67,13.81,-0.3399992,-2.6356528,52.0,4683.0,0.16158370162963864,False,REGULAR,USD,2027-06-17,761.6900024414062,0.039779999256134034,2026-09-18,13.74,0.7452054794520548
SPY270617C00855000,2026-09-18 19:21:24+00:00,855.0,11.89,12.41,12.48,0.10000038,0.84817964,155.0,4145.0,0.15965348411560057,False,REGULAR,USD,2027-06-17,761.6900024414062,0.039779999256134034,2026-09-18,12.445,0.7452054794520548
SPY270617C00860000,2026-09-18 19:42:11+00:00,860.0,10.78,11.23,11.29,0.13999939,1.3157837,291.0,5892.0,0.1580208100128174,False,REGULAR,USD,2027-06-17,761.6900024414062,0.039779999256134034,2026-09-18,11.26,0.7452054794520548
SPY270617C00865000,2026-09-18 20:06:01+00:00,865.0,10.11,10.13,10.19,0.47999954,4.984419,484.0,12707.0,0.15645679977416993,False,REGULAR,USD,2027-06-17,761.6900024414062,0.039779999256134034,2026-09-18,10.16,0.7452054794520548
SPY270617C00870000,2026-09-18 19:32:55+00:00,870.0,8.71,9.14,9.2,0.88999987,11.381072,70.0,3174.0,0.15510641044616702,False,REGULAR,USD,2027-06-17,761.6900024414062,0.039779999256134034,2026-09-18,9.17,0.7452054794520548
SPY270617C00875000,2026-09-18 19:23:21+00:00,875.0,7.8,8.23,8.28,-0.03999996,-0.5102036,159.0,1901.0,0.15375602111816405,False,REGULAR,USD,2027-06-17,761.6900024414062,0.039779999256134034,2026-09-18,8.254999999999999,0.7452054794520548
SPY270617C00880000,2026-09-18 18:54:06+00:00,880.0,7.05,7.4,7.45,1.8200002,34.799236,2.0,5979.0,0.15255821815490725,False,REGULAR,USD,2027-06-17,761.6900024414062,0.039779999256134034,2026-09-18,7.425000000000001,0.7452054794520548
SPY270617C00885000,2026-09-18 15:27:54+00:00,885.0,6.09,6.64,6.69,1.29,26.874998,3.0,9640.0,0.15141382041931153,False,REGULAR,USD,2027-06-17,761.6900024414062,0.039779999256134034,2026-09-18,6.665,0.7452054794520548
SPY270617C00890000,2026-09-18 17:46:17+00:00,890.0,5.39,5.95,6.0,0.1500001,2.8625975,1.0,10883.0,0.1503533451843262,False,REGULAR,USD,2027-06-17,761.6900024414062,0.039779999256134034,2026-09-18,5.975,0.7452054794520548
SPY270617C00895000,2026-09-18 18:24:44+00:00,895.0,4.89,5.33,5.38,-0.13000011,-2.5896437,171.0,15154.0,0.1494073097229004,False,REGULAR,USD,2027-06-17,761.6900024414062,0.039779999256134034,2026-09-18,5.355,0.7452054794520548
SPY270617C00900000,2026-09-18 20:08:57+00:00,900.0,4.76,4.76,4.81,0.20000029,4.385971,81.0,10622.0,0.1484612742614746,False,REGULAR,USD,2027-06-17,761.6900024414062,0.039779999256134034,2026-09-18,4.785,0.7452054794520548
SPY270617C00905000,2026-09-17 15:39:23+00:00,905.0,3.92,4.25,4.29,0.0,0.0,1.0,7067.0,0.14753049743652347,False,REGULAR,USD,2027-06-17,761.6900024414062,0.039779999256134034,2026-09-18,4.27,0.7452054794520548
SPY270617C00910000,2026-09-18 13:32:59+00:00,910.0,3.64,3.79,3.83,0.0400002,1.1111166,1.0,3036.0,0.14675230697631836,False,REGULAR,USD,2027-06-17,761.6900024414062,0.039779999256134034,2026-09-18,3.81,0.7452054794520548
SPY270630C00610000,2026-09-08 14:51:49+00:00,610.0,182.57,177.65,181.83,0.0,0.0,2.0,1.0,0.3559405837249755,True,REGULAR,USD,2027-06-30,761.6900024414062,0.039779999256134034,2026-09-18,179.74,0.7808219178082192
SPY270630C00615000,2026-08-27 15:20:14+00:00,615.0,183.05,173.19,177.37,0.0,0.0,1.0,4.0,0.35095863891601553,True,REGULAR,USD,2027-06-30,761.6900024414062,0.039779999256134034,2026-09-18,175.28,0.7808219178082192
SPY270630C00620000,2026-09-09 15:58:44+00:00,620.0,168.97,168.92,172.93,0.0,0.0,1.0,6.0,0.3460148406982422,True,REGULAR,USD,2027-06-30,761.6900024414062,0.039779999256134034,2026-09-18,170.925,0.7808219178082192
SPY270630C00625000,2026-09-08 14:51:46+00:00,625.0,165.03,164.32,168.5,-4.2400055,-2.504877,1.0,2.0,0.3410786717987061,True,REGULAR,USD,2027-06-30,761.6900024414062,0.039779999256134034,2026-09-18,166.41,0.7808219178082192
SPY270630C00630000,2026-09-15 16:39:14+00:00,630.0,156.0,159.91,164.11,0.0,0.0,1.0,5.0,0.33628745994567866,True,REGULAR,USD,2027-06-30,761.6900024414062,0.039779999256134034,2026-09-18,162.01,0.7808219178082192
SPY270630C00635000,2026-09-15 18:51:12+00:00,635.0,150.96,155.54,159.73,0.0,0.0,2.0,2.0,0.33148861877441405,True,REGULAR,USD,2027-06-30,761.6900024414062,0.039779999256134034,2026-09-18,157.635,0.7808219178082192
SPY270630C00640000,2026-08-31 18:06:58+00:00,640.0,156.65,151.17,155.36,0.0,0.0,6.0,14.0,0.3266668896484375,True,REGULAR,USD,2027-06-30,761.6900024414062,0.039779999256134034,2026-09-18,153.265,0.7808219178082192
SPY270630C00645000,2026-09-08 14:51:45+00:00,645.0,151.83,146.84,151.0,0.0,0.0,,,0.321822272567749,True,REGULAR,USD,2027-06-30,761.6900024414062,0.039779999256134034,2026-09-18,148.92000000000002,0.7808219178082192
SPY270630C00650000,2026-09-11 14:38:37+00:00,650.0,145.51,142.72,146.72,0.0,0.0,12.0,29.0,0.31729045753479,True,REGULAR,USD,2027-06-30,761.6900024414062,0.039779999256134034,2026-09-18,144.72,0.7808219178082192
SPY270630C00655000,2026-08-12 17:28:39+00:00,655.0,152.35,138.23,142.41,0.0,0.0,2.0,3.0,0.3125373922729492,True,REGULAR,USD,2027-06-30,761.6900024414062,0.039779999256134034,2026-09-18,140.32,0.7808219178082192
SPY270630C00660000,2026-09-11 13:37:06+00:00,660.0,137.67,134.18,138.15,0.0,0.0,3.0,6.0,0.3079445426940917,True,REGULAR,USD,2027-06-30,761.6900024414062,0.039779999256134034,2026-09-18,136.16500000000002,0.7808219178082192
SPY270630C00664000,2026-08-28 18:12:53+00:00,664.0,139.65,130.57,134.75,0.0,0.0,3.0,2.0,0.304244323348999,True,REGULAR,USD,2027-06-30,761.6900024414062,0.039779999256134034,2026-09-18,132.66,0.7808219178082192
SPY270630C00665000,2026-09-18 14:07:11+00:00,665.0,128.35,129.73,133.81,-0.83999634,-0.6502023,2.0,1.0,0.30289393402099607,True,REGULAR,USD,2027-06-30,761.6900024414062,0.039779999256134034,2026-09-18,131.76999999999998,0.7808219178082192
SPY270630C00666000,2026-08-13 18:06:47+00:00,666.0,145.8,128.88,132.96,0.0,0.0,1.0,1.0,0.301963157196045,True,REGULAR,USD,2027-06-30,761.6900024414062,0.039779999256134034,2026-09-18,130.92000000000002,0.7808219178082192
SPY270630C00668000,2026-07-02 18:01:03+00:00,668.0,120.66,129.57,134.5,0.0,0.0,2.0,1.0,0.31469648933410643,True,REGULAR,USD,2027-06-30,761.6900024414062,0.039779999256134034,2026-09-18,132.035,0.7808219178082192
SPY270630C00669000,2026-09-16 18:57:29+00:00,669.0,120.0,126.35,130.44,0.0,0.0,4.0,25.0,0.299262378540039,True,REGULAR,USD,2027-06-30,761.6900024414062,0.039779999256134034,2026-09-18,128.39499999999998,0.7808219178082192
SPY270630C00670000,2026-09-16 18:56:28+00:00,670.0,119.52,125.55,129.6,0.0,0.0,23.0,39.0,0.29836211898803705,True,REGULAR,USD,2027-06-30,761.6900024414062,0.039779999256134034,2026-09-18,127.57499999999999,0.7808219178082192
SPY270630C00671000,2026-08-13 14:11:48+00:00,671.0,143.87,124.71,128.76,0.0,0.0,1.0,29.0,0.2974466007995605,True,REGULAR,USD,2027-06-30,761.6900024414062,0.039779999256134034,2026-09-18,126.73499999999999,0.7808219178082192
SPY270630C00672000,2026-08-10 18:30:14+00:00,672.0,138.66,123.83,127.92,0.0,0.0,1.0,29.0,0.29653108261108396,True,REGULAR,USD,2027-06-30,761.6900024414062,0.039779999256134034,2026-09-18,125.875,0.7808219178082192
SPY270630C00673000,2026-08-04 19:21:09+00:00,673.0,139.19,127.58,132.5,0.0,0.0,,4.0,0.3196631755065917,True,REGULAR,USD,2027-06-30,761.6900024414062,0.039779999256134034,2026-09-18,130.04,0.7808219178082192
SPY270630C00674000,2026-08-04 16:54:02+00:00,674.0,135.89,126.75,131.5,0.0,0.0,,5.0,0.31797709617614744,True,REGULAR,USD,2027-06-30,761.6900024414062,0.039779999256134034,2026-09-18,129.125,0.7808219178082192
SPY270630C00675000,2026-09-17 16:21:05+00:00,675.0,121.42,121.32,125.42,0.0,0.0,2.0,19.0,0.29386082122802726,True,REGULAR,USD,2027-06-30,761.6900024414062,0.039779999256134034,2026-09-18,123.37,0.7808219178082192
SPY270630C00676000,2026-08-03 18:13:08+00:00,676.0,123.99,125.08,130.0,0.0,0.0,,0.0,0.31678692253112783,True,REGULAR,USD,2027-06-30,761.6900024414062,0.039779999256134034,2026-09-18,127.53999999999999,0.7808219178082192
SPY270630C00677000,2026-08-03 18:04:01+00:00,677.0,123.11,124.25,129.0,0.0,0.0,,2.0,0.31509321388244627,True,REGULAR,USD,2027-06-30,761.6900024414062,0.039779999256134034,2026-09-18,126.625,0.7808219178082192
SPY270630C00680000,2026-09-17 14:57:25+00:00,680.0,116.34,117.2,121.27,0.0,0.0,2.0,104.0,0.2893900407409667,True,REGULAR,USD,2027-06-30,761.6900024414062,0.039779999256134034,2026-09-18,119.235,0.7808219178082192
SPY270630C00681000,2026-06-29 18:58:17+00:00,681.0,110.48,118.97,123.5,0.0,0.0,,0.0,0.3018182001495362,True,REGULAR,USD,2027-06-30,761.6900024414062,0.039779999256134034,2026-09-18,121.235,0.7808219178082192
SPY270630C00685000,2026-08-12 19:02:21+00:00,685.0,127.92,113.08,117.15,0.0,0.0,6.0,2.0,0.28494977752685535,True,REGULAR,USD,2027-06-30,761.6900024414062,0.039779999256134034,2026-09-18,115.11500000000001,0.7808219178082192
SPY270630C00687000,2026-09-15 15:31:43+00:00,687.0,108.06,111.44,115.52,0.0,0.0,2.0,20.0,0.28322555160522456,True,REGULAR,USD,2027-06-30,761.6900024414062,0.039779999256134034,2026-09-18,113.47999999999999,0.7808219178082192
SPY270630C00688000,2026-09-16 16:25:07+00:00,688.0,109.2,110.63,114.71,0.0,0.0,2.0,2.0,0.2823710679626465,True,REGULAR,USD,2027-06-30,761.6900024414062,0.039779999256134034,2026-09-18,112.66999999999999,0.7808219178082192
SPY270630C00689000,2026-09-16 15:23:34+00:00,689.0,108.61,109.81,113.89,0.0,0.0,2.0,3.0,0.2814784377288818,True,REGULAR,USD,2027-06-30,761.6900024414062,0.039779999256134034,2026-09-18,111.85,0.7808219178082192
SPY270630C00690000,2026-09-18 15:39:04+00:00,690.0,108.31,108.97,113.08,-1.6900024,-1.5363659,1.0,87.0,0.2806163247680663,True,REGULAR,USD,2027-06-30,761.6900024414062,0.039779999256134034,2026-09-18,111.025,0.7808219178082192
SPY270630C00691000,2026-08-11 17:56:25+00:00,691.0,121.89,108.19,112.27,0.0,0.0,,10.0,0.2797542118072509,True,REGULAR,USD,2027-06-30,761.6900024414062,0.039779999256134034,2026-09-18,110.22999999999999,0.7808219178082192
SPY270630C00693000,2026-08-11 17:56:51+00:00,693.0,120.3,106.57,110.65,0.0,0.0,,16.0,0.27801472724914555,True,REGULAR,USD,2027-06-30,761.6900024414062,0.039779999256134034,2026-09-18,108.61,0.7808219178082192
SPY270630C00694000,2026-08-11 18:27:55+00:00,694.0,118.67,105.76,109.84,0.0,0.0,,17.0,0.2771373556518554,True,REGULAR,USD,2027-06-30,761.6900024414062,0.039779999256134034,2026-09-18,107.80000000000001,0.7808219178082192
SPY270630C00695000,2026-09-02 17:55:19+00:00,695.0,108.41,104.95,109.04,0.0,0.0,1.0,165.0,0.27629813064575187,True,REGULAR,USD,2027-06-30,761.6900024414062,0.039779999256134034,2026-09-18,106.995,0.7808219178082192
SPY270630C00696000,2026-08-11 20:09:04+00:00,696.0,117.31,104.11,108.02,0.0,0.0,127.0,65.0,0.2745281288146973,True,REGULAR,USD,2027-06-30,761.6900024414062,0.039779999256134034,2026-09-18,106.065,0.7808219178082192
SPY270630C00697000,2026-09-16 18:48:59+00:00,697.0,100.23,103.31,107.31,0.0,0.0,3.0,57.0,0.2740551110839844,True,REGULAR,USD,2027-06-30,761.6900024414062,0.039779999256134034,2026-09-18,105.31,0.7808219178082192
SPY270630C00698000,2026-08-11 19:40:21+00:00,698.0,116.09,102.5,106.5,0.0,0.0,22.0,25.0,0.27315485153198243,True,REGULAR,USD,2027-06-30,761.6900024414062,0.039779999256134034,2026-09-18,104.5,0.7808219178082192
SPY270630C00699000,2026-08-11 19:40:32+00:00,699.0,115.23,101.75,105.74,0.0,0.0,3.0,3.0,0.27246821289062495,True,REGULAR,USD,2027-06-30,761.6900024414062,0.039779999256134034,2026-09-18,103.745,0.7808219178082192
SPY270630C00700000,2026-09-18 19:34:00+00:00,700.0,101.43,100.95,104.51,7.669998,8.180459,3.0,107.0,0.2698132101440429,True,REGULAR,USD,2027-06-30,761.6900024414062,0.039779999256134034,2026-09-18,102.73,0.7808219178082192
SPY270630C00701000,2026-08-28 16:06:27+00:00,701.0,111.0,100.13,104.14,0.0,0.0,1.0,15.0,0.2707287283325196,True,REGULAR,USD,2027-06-30,761.6900024414062,0.039779999256134034,2026-09-18,102.13499999999999,0.7808219178082192
SPY270630C00704000,2026-08-12 16:01:39+00:00,704.0,112.02,97.75,101.85,0.0,0.0,,6.0,0.26854674331665035,True,REGULAR,USD,2027-06-30,761.6900024414062,0.039779999256134034,2026-09-18,99.8,0.7808219178082192
SPY270630C00705000,2026-09-16 15:42:42+00:00,705.0,95.98,96.96,101.06,0.0,0.0,2.0,6.0,0.26769988899230956,True,REGULAR,USD,2027-06-30,761.6900024414062,0.039779999256134034,2026-09-18,99.00999999999999,0.7808219178082192
SPY270630C00706000,2026-08-12 16:02:42+00:00,706.0,110.46,96.17,100.27,0.0,0.0,,40.0,0.26684540534973145,True,REGULAR,USD,2027-06-30,761.6900024414062,0.039779999256134034,2026-09-18,98.22,0.7808219178082192
SPY270630C00707000,2026-09-15 15:25:00+00:00,707.0,92.33,95.39,99.48,0.0,0.0,2.0,26.0,0.265983292388916,True,REGULAR,USD,2027-06-30,761.6900024414062,0.039779999256134034,2026-09-18,97.435,0.7808219178082192
SPY270630C00708000,2026-08-12 16:03:32+00:00,708.0,108.79,94.6,98.7,0.0,0.0,,14.0,0.2651593260192871,True,REGULAR,USD,2027-06-30,761.6900024414062,0.039779999256134034,2026-09-18,96.65,0.7808219178082192
SPY270630C00709000,2026-08-12 16:11:07+00:00,709.0,107.0,93.81,97.92,0.0,0.0,,39.0,0.2643277303314209,True,REGULAR,USD,2027-06-30,761.6900024414062,0.039779999256134034,2026-09-18,95.86500000000001,0.7808219178082192
SPY270630C00710000,2026-08-12 16:26:17+00:00,710.0,106.36,93.03,97.13,0.0,0.0,17.0,9.0,0.26345035873413086,True,REGULAR,USD,2027-06-30,761.6900024414062,0.039779999256134034,2026-09-18,95.08,0.7808219178082192
SPY270630C00711000,2026-09-14 13:44:45+00:00,711.0,91.26,92.25,96.35,0.0,0.0,2.0,0.0,0.26261113372802736,True,REGULAR,USD,2027-06-30,761.6900024414062,0.039779999256134034,2026-09-18,94.3,0.7808219178082192
SPY270630C00712000,2026-08-20 18:38:19+00:00,712.0,95.37,91.47,95.58,0.0,0.0,1.0,1.0,0.2618024259948731,True,REGULAR,USD,2027-06-30,761.6900024414062,0.039779999256134034,2026-09-18,93.525,0.7808219178082192
SPY270630C00713000,2026-08-25 16:47:53+00:00,713.0,97.49,90.66,94.8,0.0,0.0,1.0,2.0,0.26094794235229496,True,REGULAR,USD,2027-06-30,761.6900024414062,0.039779999256134034,2026-09-18,92.72999999999999,0.7808219178082192
SPY270630C00715000,2026-09-15 16:22:45+00:00,715.0,86.12,89.14,93.26,0.0,0.0,5.0,8.0,0.2593076389312745,True,REGULAR,USD,2027-06-30,761.6900024414062,0.039779999256134034,2026-09-18,91.2,0.7808219178082192
SPY270630C00716000,2026-09-17 16:20:57+00:00,716.0,88.66,88.37,92.49,0.0,0.0,2.0,21.0,0.2584760432434083,True,REGULAR,USD,2027-06-30,761.6900024414062,0.039779999256134034,2026-09-18,90.43,0.7808219178082192
SPY270630C00717000,2026-09-16 17:00:50+00:00,717.0,85.99,87.57,91.72,0.0,0.0,2.0,4.0,0.25763681823730467,True,REGULAR,USD,2027-06-30,761.6900024414062,0.039779999256134034,2026-09-18,89.645,0.7808219178082192
SPY270630C00718000,2026-08-10 18:37:31+00:00,718.0,102.07,86.83,90.96,0.0,0.0,,41.0,0.2568357398223877,True,REGULAR,USD,2027-06-30,761.6900024414062,0.039779999256134034,2026-09-18,88.895,0.7808219178082192
SPY270630C00719000,2026-09-16 14:48:03+00:00,719.0,84.73,86.07,90.19,0.0,0.0,1.0,5.0,0.2559888854980469,True,REGULAR,USD,2027-06-30,761.6900024414062,0.039779999256134034,2026-09-18,88.13,0.7808219178082192
SPY270630C00720000,2026-09-18 18:53:47+00:00,720.0,86.3,85.28,89.43,0.80000305,0.9356761,2.0,42.0,0.25517254844665527,True,REGULAR,USD,2027-06-30,761.6900024414062,0.039779999256134034,2026-09-18,87.355,0.7808219178082192
SPY270630C00722000,2026-08-20 18:40:11+00:00,722.0,90.63,83.78,87.91,0.0,0.0,1.0,9.0,0.2535322450256348,True,REGULAR,USD,2027-06-30,761.6900024414062,0.039779999256134034,2026-09-18,85.845,0.7808219178082192
SPY270630C00723000,2026-08-11 19:47:39+00:00,723.0,96.46,83.03,87.16,0.0,0.0,16.0,9.0,0.25273879592895504,True,REGULAR,USD,2027-06-30,761.6900024414062,0.039779999256134034,2026-09-18,85.095,0.7808219178082192
SPY270630C00724000,2026-09-09 19:12:35+00:00,724.0,84.65,82.27,86.4,0.0,0.0,2.0,15.0,0.25189957092285153,True,REGULAR,USD,2027-06-30,761.6900024414062,0.039779999256134034,2026-09-18,84.33500000000001,0.7808219178082192
SPY270630C00725000,2026-09-18 19:42:33+00:00,725.0,81.92,81.49,85.65,0.80999756,0.9986408,5.0,72.0,0.25109086318969726,True,REGULAR,USD,2027-06-30,761.6900024414062,0.039779999256134034,2026-09-18,83.57,0.7808219178082192
SPY270630C00726000,2026-09-17 14:16:32+00:00,726.0,80.32,80.76,84.9,0.0,0.0,2.0,11.0,0.250282155456543,True,REGULAR,USD,2027-06-30,761.6900024414062,0.039779999256134034,2026-09-18,82.83000000000001,0.7808219178082192
SPY270630C00727000,2026-08-11 19:44:43+00:00,727.0,93.65,80.01,84.15,0.0,0.0,,4.0,0.24945818908691403,True,REGULAR,USD,2027-06-30,761.6900024414062,0.039779999256134034,2026-09-18,82.08000000000001,0.7808219178082192
SPY270630C00728000,2026-08-28 18:07:07+00:00,728.0,88.45,79.26,83.4,0.0,0.0,2.0,5.0,0.2486342227172852,True,REGULAR,USD,2027-06-30,761.6900024414062,0.039779999256134034,2026-09-18,81.33000000000001,0.7808219178082192
SPY270630C00729000,2026-08-11 19:43:51+00:00,729.0,92.2,78.54,82.65,0.0,0.0,,1.0,0.24780262702941894,True,REGULAR,USD,2027-06-30,761.6900024414062,0.039779999256134034,2026-09-18,80.595,0.7808219178082192
SPY270630C00730000,2026-09-10 15:36:10+00:00,730.0,77.36,77.77,81.91,0.0,0.0,10.0,17.0,0.24700154861450196,True,REGULAR,USD,2027-06-30,761.6900024414062,0.039779999256134034,2026-09-18,79.84,0.7808219178082192
SPY270630C00731000,2026-07-02 16:08:18+00:00,731.0,76.17,80.42,85.0,0.0,0.0,2.0,0.0,0.261100528717041,True,REGULAR,USD,2027-06-30,761.6900024414062,0.039779999256134034,2026-09-18,82.71000000000001,0.7808219178082192
SPY270630C00732000,2026-09-17 14:16:46+00:00,732.0,75.97,76.28,80.43,0.0,0.0,2.0,3.0,0.24538413314819335,True,REGULAR,USD,2027-06-30,761.6900024414062,0.039779999256134034,2026-09-18,78.355,0.7808219178082192
SPY270630C00733000,2026-09-04 18:36:15+00:00,733.0,82.31,75.54,79.69,0.0,0.0,2.0,2.0,0.24456779609680177,True,REGULAR,USD,2027-06-30,761.6900024414062,0.039779999256134034,2026-09-18,77.61500000000001,0.7808219178082192
SPY270630C00734000,2026-09-17 14:59:50+00:00,734.0,74.2,74.84,78.96,0.0,0.0,2.0,10.0,0.24377434700012207,True,REGULAR,USD,2027-06-30,761.6900024414062,0.039779999256134034,2026-09-18,76.9,0.7808219178082192
SPY270630C00735000,2026-08-27 13:53:14+00:00,735.0,83.0,74.05,78.22,0.0,0.0,1.0,28.0,0.24294275131225584,True,REGULAR,USD,2027-06-30,761.6900024414062,0.039779999256134034,2026-09-18,76.13499999999999,0.7808219178082192
SPY270630C00736000,2026-08-27 13:52:39+00:00,736.0,82.0,73.34,77.49,0.0,0.0,1.0,4.0,0.24214167289733887,True,REGULAR,USD,2027-06-30,761.6900024414062,0.039779999256134034,2026-09-18,75.41499999999999,0.7808219178082192
SPY270630C00737000,2026-08-14 19:59:51+00:00,737.0,90.0,72.61,76.77,0.0,0.0,1.0,5.0,0.24137111175537107,True,REGULAR,USD,2027-06-30,761.6900024414062,0.039779999256134034,2026-09-18,74.69,0.7808219178082192
SPY270630C00738000,2026-09-16 14:29:00+00:00,738.0,70.0,71.91,76.04,0.0,0.0,1.0,12.0,0.24055477470397948,True,REGULAR,USD,2027-06-30,761.6900024414062,0.039779999256134034,2026-09-18,73.975,0.7808219178082192
SPY270630C00739000,2026-09-17 14:17:04+00:00,739.0,70.96,71.13,75.31,0.0,0.0,2.0,12.0,0.23973080833435054,True,REGULAR,USD,2027-06-30,761.6900024414062,0.039779999256134034,2026-09-18,73.22,0.7808219178082192
SPY270630C00740000,2026-09-18 13:57:40+00:00,740.0,70.26,70.41,74.59,-0.5799942,-0.81873834,1.0,238.0,0.23893735923767087,True,REGULAR,USD,2027-06-30,761.6900024414062,0.039779999256134034,2026-09-18,72.5,0.7808219178082192
SPY270630C00741000,2026-08-04 15:13:27+00:00,741.0,81.79,74.05,79.0,0.0,0.0,3.0,13.0,0.2577817752838135,True,REGULAR,USD,2027-06-30,761.6900024414062,0.039779999256134034,2026-09-18,76.525,0.7808219178082192
SPY270630C00742000,2026-08-20 18:43:53+00:00,742.0,75.65,68.99,73.16,0.0,0.0,1.0,9.0,0.2373733489990234,True,REGULAR,USD,2027-06-30,761.6900024414062,0.039779999256134034,2026-09-18,71.07499999999999,0.7808219178082192
SPY270630C00743000,2026-08-03 14:57:58+00:00,743.0,71.04,72.6,77.5,0.0,0.0,1.0,3.0,0.25588207504272464,True,REGULAR,USD,2027-06-30,761.6900024414062,0.039779999256134034,2026-09-18,75.05,0.7808219178082192
SPY270630C00744000,2026-07-17 18:11:33+00:00,744.0,66.93,71.29,76.0,0.0,0.0,11.0,13.0,0.25205978660583495,True,REGULAR,USD,2027-06-30,761.6900024414062,0.039779999256134034,2026-09-18,73.64500000000001,0.7808219178082192
SPY270630C00745000,2026-09-15 18:12:57+00:00,745.0,64.0,66.82,71.02,0.0,0.0,1.0,17.0,0.23498537239074707,True,REGULAR,USD,2027-06-30,761.6900024414062,0.039779999256134034,2026-09-18,68.91999999999999,0.7808219178082192
SPY270630C00746000,2026-09-17 13:57:31+00:00,746.0,65.58,66.11,70.31,0.0,0.0,1.0,17.0,0.23418429397583007,True,REGULAR,USD,2027-06-30,761.6900024414062,0.039779999256134034,2026-09-18,68.21000000000001,0.7808219178082192
SPY270630C00747000,2026-09-03 16:26:44+00:00,747.0,74.52,65.43,69.61,0.0,0.0,5.0,10.0,0.2334137328338623,True,REGULAR,USD,2027-06-30,761.6900024414062,0.039779999256134034,2026-09-18,67.52000000000001,0.7808219178082192
SPY270630C00748000,2026-08-14 16:03:19+00:00,748.0,82.11,64.72,68.9,0.0,0.0,10.0,6.0,0.232605025100708,True,REGULAR,USD,2027-06-30,761.6900024414062,0.039779999256134034,2026-09-18,66.81,0.7808219178082192
SPY270630C00749000,2026-09-16 15:47:10+00:00,749.0,63.72,64.0,68.2,0.0,0.0,12.0,23.0,0.2318192053222656,True,REGULAR,USD,2027-06-30,761.6900024414062,0.039779999256134034,2026-09-18,66.1,0.7808219178082192
SPY270630C00750000,2026-09-18 16:58:06+00:00,750.0,63.0,63.3,67.5,-1.1900024,-1.853875,1.0,127.0,0.23102575622558597,True,REGULAR,USD,2027-06-30,761.6900024414062,0.039779999256134034,2026-09-18,65.4,0.7808219178082192
SPY270630C00751000,2026-09-16 19:48:53+00:00,751.0,57.35,62.6,66.81,0.0,0.0,2.0,26.0,0.23026282440185547,True,REGULAR,USD,2027-06-30,761.6900024414062,0.039779999256134034,2026-09-18,64.705,0.7808219178082192
SPY270630C00752000,2026-09-17 13:38:07+00:00,752.0,61.51,61.91,66.11,0.0,0.0,1.0,225.0,0.2294541166687012,True,REGULAR,USD,2027-06-30,761.6900024414062,0.039779999256134034,2026-09-18,64.00999999999999,0.7808219178082192
SPY270630C00753000,2026-09-11 17:50:12+00:00,753.0,65.13,61.28,65.42,0.0,0.0,4.0,5.0,0.22867592620849608,True,REGULAR,USD,2027-06-30,761.6900024414062,0.039779999256134034,2026-09-18,63.35,0.7808219178082192
SPY270630C00754000,2026-09-17 14:21:27+00:00,754.0,60.6,60.53,64.73,0.0,0.0,2.0,31.0,0.22789010643005372,True,REGULAR,USD,2027-06-30,761.6900024414062,0.039779999256134034,2026-09-18,62.63,0.7808219178082192
SPY270630C00755000,2026-09-18 19:46:29+00:00,755.0,61.0,59.88,63.16,7.75,14.55399,2.0,174.0,0.22378553321838376,True,REGULAR,USD,2027-06-30,761.6900024414062,0.039779999256134034,2026-09-18,61.519999999999996,0.7808219178082192
SPY270630C00756000,2026-09-17 18:50:31+00:00,756.0,59.7,59.16,63.37,0.0,0.0,1.0,103.0,0.2263642427825928,True,REGULAR,USD,2027-06-30,761.6900024414062,0.039779999256134034,2026-09-18,61.265,0.7808219178082192
SPY270630C00757000,2026-09-17 14:21:55+00:00,757.0,58.6,58.48,62.69,0.0,0.0,2.0,59.0,0.225593681640625,True,REGULAR,USD,2027-06-30,761.6900024414062,0.039779999256134034,2026-09-18,60.584999999999994,0.7808219178082192
SPY270630C00758000,2026-09-18 17:19:19+00:00,758.0,57.49,57.83,62.01,0.26000214,0.45431092,2.0,12.0,0.22480786186218257,True,REGULAR,USD,2027-06-30,761.6900024414062,0.039779999256134034,2026-09-18,59.92,0.7808219178082192
SPY270630C00759000,2026-09-17 14:12:32+00:00,759.0,56.5,57.13,61.33,0.0,0.0,2.0,8.0,0.22402204208374016,True,REGULAR,USD,2027-06-30,761.6900024414062,0.039779999256134034,2026-09-18,59.230000000000004,0.7808219178082192
SPY270630C00760000,2026-09-18 14:08:21+00:00,760.0,56.72,56.46,60.66,0.069999695,0.12356521,2.0,138.0,0.22325911026000977,True,REGULAR,USD,2027-06-30,761.6900024414062,0.039779999256134034,2026-09-18,58.56,0.7808219178082192
SPY270630C00761000,2026-09-18 17:41:54+00:00,761.0,55.66,57.11,58.44,-0.040000916,-0.071814924,2.0,26.0,0.2166826379394531,True,REGULAR,USD,2027-06-30,761.6900024414062,0.039779999256134034,2026-09-18,57.775,0.7808219178082192
SPY270630C00762000,2026-09-16 15:41:30+00:00,762.0,54.72,55.58,58.61,0.0,0.0,10.0,12.0,0.21904772659301758,False,REGULAR,USD,2027-06-30,761.6900024414062,0.039779999256134034,2026-09-18,57.095,0.7808219178082192
SPY270630C00763000,2026-09-09 18:46:29+00:00,763.0,56.23,54.92,57.95,0.0,0.0,1.0,14.0,0.2183000534057617,False,REGULAR,USD,2027-06-30,761.6900024414062,0.039779999256134034,2026-09-18,56.435,0.7808219178082192
SPY270630C00764000,2026-09-01 18:27:10+00:00,764.0,55.97,54.27,57.29,0.0,0.0,5.0,39.0,0.21753712158203126,False,REGULAR,USD,2027-06-30,761.6900024414062,0.039779999256134034,2026-09-18,55.78,0.7808219178082192
SPY270630C00765000,2026-09-17 16:13:37+00:00,765.0,53.73,53.61,56.64,0.0,0.0,4.0,41.0,0.21680470703125,False,REGULAR,USD,2027-06-30,761.6900024414062,0.039779999256134034,2026-09-18,55.125,0.7808219178082192
SPY270630C00766000,2026-09-17 13:33:17+00:00,766.0,52.96,52.97,55.98,0.0,0.0,1.0,38.0,0.21602651657104488,False,REGULAR,USD,2027-06-30,761.6900024414062,0.039779999256134034,2026-09-18,54.474999999999994,0.7808219178082192
SPY270630C00767000,2026-09-17 19:55:17+00:00,767.0,52.74,52.32,55.33,0.0,0.0,1.0,56.0,0.21527884338378905,False,REGULAR,USD,2027-06-30,761.6900024414062,0.039779999256134034,2026-09-18,53.825,0.7808219178082192
SPY270630C00768000,2026-09-15 13:51:19+00:00,768.0,50.46,51.68,54.69,0.0,0.0,1.0,29.0,0.2145616874694824,False,REGULAR,USD,2027-06-30,761.6900024414062,0.039779999256134034,2026-09-18,53.185,0.7808219178082192
SPY270630C00769000,2026-09-16 16:45:50+00:00,769.0,50.04,51.9,53.2,0.0,0.0,1.0,83.0,0.2106554765319824,False,REGULAR,USD,2027-06-30,761.6900024414062,0.039779999256134034,2026-09-18,52.55,0.7808219178082192
SPY270630C00770000,2026-09-16 18:50:02+00:00,770.0,47.74,51.26,52.56,0.0,0.0,3.0,498.0,0.20991543266296384,False,REGULAR,USD,2027-06-30,761.6900024414062,0.039779999256134034,2026-09-18,51.91,0.7808219178082192
SPY270630C00775000,2026-09-18 20:03:29+00:00,775.0,48.49,48.12,49.41,0.9300003,1.9554253,1.0,511.0,0.20625335990905758,False,REGULAR,USD,2027-06-30,761.6900024414062,0.039779999256134034,2026-09-18,48.765,0.7808219178082192
SPY270630C00780000,2026-09-17 13:56:14+00:00,780.0,43.64,45.09,46.35,0.0,0.0,2.0,161.0,0.20265995101928708,False,REGULAR,USD,2027-06-30,761.6900024414062,0.039779999256134034,2026-09-18,45.72,0.7808219178082192
SPY270630C00785000,2026-09-16 19:39:18+00:00,785.0,36.27,42.75,42.95,0.0,0.0,2.0,479.0,0.19753304916381836,False,REGULAR,USD,2027-06-30,761.6900024414062,0.039779999256134034,2026-09-18,42.85,0.7808219178082192
SPY270630C00790000,2026-09-16 19:49:46+00:00,790.0,39.26,39.89,40.09,5.029999,14.694709,16.0,692.0,0.19412655857086186,False,REGULAR,USD,2027-06-30,761.6900024414062,0.039779999256134034,2026-09-18,39.99,0.7808219178082192
SPY270630C00795000,2026-09-16 19:18:44+00:00,795.0,30.69,37.14,37.33,0.0,0.0,1.0,207.0,0.19079636116027832,False,REGULAR,USD,2027-06-30,761.6900024414062,0.039779999256134034,2026-09-18,37.235,0.7808219178082192
SPY270630C00800000,2026-09-16 19:19:43+00:00,800.0,28.0,34.49,34.68,0.0,0.0,3.0,673.0,0.18757678886413573,False,REGULAR,USD,2027-06-30,761.6900024414062,0.039779999256134034,2026-09-18,34.585,0.7808219178082192
SPY270630C00805000,2026-09-18 15:09:00+00:00,805.0,30.48,31.95,32.14,-7.75,-20.272038,70.0,501.0,0.1844563977050781,False,REGULAR,USD,2027-06-30,761.6900024414062,0.039779999256134034,2026-09-18,32.045,0.7808219178082192
SPY270630C00810000,2026-09-15 18:25:56+00:00,810.0,26.54,29.52,29.71,0.0,0.0,13.0,1383.0,0.18141992904663085,False,REGULAR,USD,2027-06-30,761.6900024414062,0.039779999256134034,2026-09-18,29.615000000000002,0.7808219178082192
SPY270630C00815000,2026-09-18 14:49:58+00:00,815.0,25.6,27.22,27.4,-0.59000015,-2.2527688,34.0,1703.0,0.1785131587982178,False,REGULAR,USD,2027-06-30,761.6900024414062,0.039779999256134034,2026-09-18,27.31,0.7808219178082192
SPY270630C00820000,2026-09-18 19:56:32+00:00,820.0,24.5,25.03,25.22,2.5,11.363636,3.0,1554.0,0.17575897491455078,False,REGULAR,USD,2027-06-30,761.6900024414062,0.039779999256134034,2026-09-18,25.125,0.7808219178082192
SPY270630C00825000,2026-09-18 18:10:17+00:00,825.0,21.6,22.97,23.15,0.39999962,1.8867906,27.0,1808.0,0.17308871353149413,False,REGULAR,USD,2027-06-30,761.6900024414062,0.039779999256134034,2026-09-18,23.06,0.7808219178082192
SPY270630C00830000,2026-09-18 15:30:58+00:00,830.0,19.82,21.03,21.21,-0.1800003,-0.9000015,130.0,718.0,0.17057103851318361,False,REGULAR,USD,2027-06-30,761.6900024414062,0.039779999256134034,2026-09-18,21.12,0.7808219178082192
SPY270630C00835000,2026-09-18 20:00:55+00:00,835.0,19.0,19.23,19.39,0.6399994,3.4858353,69.0,439.0,0.16819069122314456,False,REGULAR,USD,2027-06-30,761.6900024414062,0.039779999256134034,2026-09-18,19.310000000000002,0.7808219178082192
SPY270630C00840000,2026-09-18 15:09:29+00:00,840.0,16.46,17.54,17.69,-0.2800007,-1.6726445,386.0,625.0,0.16593241302490236,False,REGULAR,USD,2027-06-30,761.6900024414062,0.039779999256134034,2026-09-18,17.615000000000002,0.7808219178082192
SPY270630C00845000,2026-09-18 15:06:49+00:00,845.0,14.98,15.96,16.12,-0.25,-1.6414971,2.0,485.0,0.16386486778259282,False,REGULAR,USD,2027-06-30,761.6900024414062,0.039779999256134034,2026-09-18,16.04,0.7808219178082192
SPY270630C00850000,2026-09-18 19:44:02+00:00,850.0,14.05,14.51,14.67,2.2700005,19.269953,39.0,212.0,0.1619575382232666,False,REGULAR,USD,2027-06-30,761.6900024414062,0.039779999256134034,2026-09-18,14.59,0.7808219178082192
SPY270630C00855000,2026-09-18 14:08:21+00:00,855.0,12.17,13.19,13.33,0.020000458,0.16461283,2.0,21.0,0.16017990707397461,False,REGULAR,USD,2027-06-30,761.6900024414062,0.039779999256134034,2026-09-18,13.26,0.7808219178082192
SPY270630C00860000,2026-09-11 14:06:19+00:00,860.0,12.77,11.98,12.06,0.0,0.0,1.0,469.0,0.15834887069702147,False,REGULAR,USD,2027-06-30,761.6900024414062,0.039779999256134034,2026-09-18,12.02,0.7808219178082192
SPY270630C00865000,2026-09-16 19:33:32+00:00,865.0,8.21,10.85,10.93,0.0,0.0,3.0,557.0,0.1568382656860352,False,REGULAR,USD,2027-06-30,761.6900024414062,0.039779999256134034,2026-09-18,10.89,0.7808219178082192
SPY270630C00870000,2026-09-16 19:22:43+00:00,870.0,7.11,9.82,9.89,0.0,0.0,2.0,10.0,0.1554192124938965,False,REGULAR,USD,2027-06-30,761.6900024414062,0.039779999256134034,2026-09-18,9.855,0.7808219178082192
SPY270630C00875000,2026-09-18 14:44:40+00:00,875.0,8.03,8.87,8.94,0.17999983,2.2929914,146.0,286.0,0.15412222839355472,False,REGULAR,USD,2027-06-30,761.6900024414062,0.039779999256134034,2026-09-18,8.905,0.7808219178082192
SPY270630C00880000,2026-09-17 13:30:25+00:00,880.0,7.48,8.0,8.07,0.0,0.0,1.0,597.0,0.152901537475586,False,REGULAR,USD,2027-06-30,761.6900024414062,0.039779999256134034,2026-09-18,8.035,0.7808219178082192
SPY270630C00885000,2026-09-17 18:58:24+00:00,885.0,6.74,7.21,7.28,0.0,0.0,252.0,612.0,0.15180291564941406,False,REGULAR,USD,2027-06-30,761.6900024414062,0.039779999256134034,2026-09-18,7.245,0.7808219178082192
SPY270630C00890000,2026-09-14 18:18:20+00:00,890.0,6.31,6.49,6.55,0.0,0.0,8.0,342.0,0.15070429382324224,False,REGULAR,USD,2027-06-30,761.6900024414062,0.039779999256134034,2026-09-18,6.52,0.7808219178082192
SPY270630C00895000,2026-09-17 13:44:25+00:00,895.0,5.24,5.83,5.89,0.0,0.0,1.0,44.0,0.1497124824523926,False,REGULAR,USD,2027-06-30,761.6900024414062,0.039779999256134034,2026-09-18,5.859999999999999,0.7808219178082192
SPY270630C00900000,2026-09-18 16:37:53+00:00,900.0,4.69,5.23,5.29,-0.32999992,-6.573704,3.0,725.0,0.14879696426391603,False,REGULAR,USD,2027-06-30,761.6900024414062,0.039779999256134034,2026-09-18,5.26,0.7808219178082192
SPY270630C00905000,2026-09-17 13:37:26+00:00,905.0,4.19,4.69,4.75,0.0,0.0,2.0,737.0,0.14797299789428714,False,REGULAR,USD,2027-06-30,761.6900024414062,0.039779999256134034,2026-09-18,4.720000000000001,0.7808219178082192
SPY270630C00910000,2026-09-17 16:31:00+00:00,910.0,3.95,4.2,4.25,0.0,0.0,5.0,389.0,0.14710325561523438,False,REGULAR,USD,2027-06-30,761.6900024414062,0.039779999256134034,2026-09-18,4.225,0.7808219178082192
SPY270917C00610000,2026-09-15 15:50:30+00:00,610.0,181.84,185.82,190.5,0.0,0.0,2.0,138.0,0.35529972099304186,True,REGULAR,USD,2027-09-17,761.6900024414062,0.039779999256134034,2026-09-18,188.16,0.9972602739726028
SPY270917C00615000,2026-08-28 13:30:00+00:00,615.0,192.08,181.54,186.44,0.0,0.0,1.0,27.0,0.3521030366516113,True,REGULAR,USD,2027-09-17,761.6900024414062,0.039779999256134034,2026-09-18,183.99,0.9972602739726028
SPY270917C00620000,2026-09-16 19:27:17+00:00,620.0,166.97,177.2,182.0,0.0,0.0,3.0,74.0,0.34713635047912594,True,REGULAR,USD,2027-09-17,761.6900024414062,0.039779999256134034,2026-09-18,179.6,0.9972602739726028
SPY270917C00625000,2026-09-10 18:18:51+00:00,625.0,169.84,173.0,177.87,0.0,0.0,1.0,24.0,0.3434971656799316,True,REGULAR,USD,2027-09-17,761.6900024414062,0.039779999256134034,2026-09-18,175.435,0.9972602739726028
SPY270917C00630000,2026-09-17 13:35:48+00:00,630.0,167.54,168.67,173.5,0.0,0.0,6.0,56.0,0.33875172973632806,True,REGULAR,USD,2027-09-17,761.6900024414062,0.039779999256134034,2026-09-18,171.08499999999998,0.9972602739726028
SPY270917C00635000,2026-09-18 18:34:14+00:00,635.0,164.59,164.5,169.38,-0.5200043,-0.31494415,2.0,631.0,0.3350286224365234,True,REGULAR,USD,2027-09-17,761.6900024414062,0.039779999256134034,2026-09-18,166.94,0.9972602739726028
SPY270917C00640000,2026-09-17 14:06:33+00:00,640.0,159.0,160.24,165.0,0.0,0.0,2.0,191.0,0.33013822944641114,True,REGULAR,USD,2027-09-17,761.6900024414062,0.039779999256134034,2026-09-18,162.62,0.9972602739726028
SPY270917C00645000,2026-09-18 15:18:26+00:00,645.0,155.53,156.01,160.98,7.2599945,4.8964686,1.0,55.0,0.326705036239624,True,REGULAR,USD,2027-09-17,761.6900024414062,0.039779999256134034,2026-09-18,158.495,0.9972602739726028
SPY270917C00650000,2026-09-18 19:24:01+00:00,650.0,152.73,151.84,156.5,2.619995,1.7453835,4.0,269.0,0.32130347892761224,True,REGULAR,USD,2027-09-17,761.6900024414062,0.039779999256134034,2026-09-18,154.17000000000002,0.9972602739726028
SPY270917C00655000,2026-09-16 19:24:27+00:00,655.0,138.47,147.74,152.5,0.0,0.0,1.0,430.0,0.31780925117492675,True,REGULAR,USD,2027-09-17,761.6900024414062,0.039779999256134034,2026-09-18,150.12,0.9972602739726028
SPY270917C00660000,2026-09-18 16:17:47+00:00,660.0,141.8,143.59,148.5,-1.9599915,-1.3633776,4.0,52.0,0.3142234716033935,True,REGULAR,USD,2027-09-17,761.6900024414062,0.039779999256134034,2026-09-18,146.04500000000002,0.9972602739726028
SPY270917C00665000,2026-09-18 14:15:01+00:00,665.0,138.66,139.5,144.48,5.230011,3.9196668,4.0,167.0,0.3104851056671143,True,REGULAR,USD,2027-09-17,761.6900024414062,0.039779999256134034,2026-09-18,141.99,0.9972602739726028
SPY270917C00670000,2026-09-18 19:54:36+00:00,670.0,136.82,135.5,140.42,0.8800049,0.647348,1.0,214.0,0.3065026015472412,True,REGULAR,USD,2027-09-17,761.6900024414062,0.039779999256134034,2026-09-18,137.95999999999998,0.9972602739726028
SPY270917C00675000,2026-09-17 14:42:04+00:00,675.0,131.57,131.5,136.38,0.0,0.0,5.0,135.0,0.3025200974273682,True,REGULAR,USD,2027-09-17,761.6900024414062,0.039779999256134034,2026-09-18,133.94,0.9972602739726028
SPY270917C00680000,2026-09-18 18:18:08+00:00,680.0,127.5,127.5,132.39,-0.75,-0.5847953,2.0,1474.0,0.2986520330810546,True,REGULAR,USD,2027-09-17,761.6900024414062,0.039779999256134034,2026-09-18,129.945,0.9972602739726028
SPY270917C00685000,2026-09-18 14:10:31+00:00,685.0,125.49,123.5,128.42,1.4799957,1.1934487,2.0,179.0,0.29476871009826655,True,REGULAR,USD,2027-09-17,761.6900024414062,0.039779999256134034,2026-09-18,125.96,0.9972602739726028
SPY270917C00690000,2026-09-17 19:10:24+00:00,690.0,121.52,119.5,124.48,0.0,0.0,6.0,230.0,0.29090827507019035,True,REGULAR,USD,2027-09-17,761.6900024414062,0.039779999256134034,2026-09-18,121.99000000000001,0.9972602739726028
SPY270917C00695000,2026-09-15 15:46:38+00:00,695.0,112.57,115.6,120.5,0.0,0.0,2.0,108.0,0.2868113311767577,True,REGULAR,USD,2027-09-17,761.6900024414062,0.039779999256134034,2026-09-18,118.05,0.9972602739726028
SPY270917C00700000,2026-09-18 18:21:02+00:00,700.0,112.0,111.73,116.5,0.83000183,0.74660593,2.0,252.0,0.2825465422821044,True,REGULAR,USD,2027-09-17,761.6900024414062,0.039779999256134034,2026-09-18,114.11500000000001,0.9972602739726028
SPY270917C00705000,2026-09-15 13:56:42+00:00,705.0,106.45,107.91,112.5,0.0,0.0,1.0,138.0,0.2781978308868408,True,REGULAR,USD,2027-09-17,761.6900024414062,0.039779999256134034,2026-09-18,110.205,0.9972602739726028
SPY270917C00710000,2026-09-18 13:43:46+00:00,710.0,105.0,104.09,109.0,-0.16999817,-0.16164131,1.0,637.0,0.27553901348114007,True,REGULAR,USD,2027-09-17,761.6900024414062,0.039779999256134034,2026-09-18,106.545,0.9972602739726028
SPY270917C00715000,2026-09-17 16:07:27+00:00,715.0,100.77,100.32,104.0,0.0,0.0,2.0,81.0,0.26745575080871586,True,REGULAR,USD,2027-09-17,761.6900024414062,0.039779999256134034,2026-09-18,102.16,0.9972602739726028
SPY270917C00720000,2026-09-17 14:48:19+00:00,720.0,96.25,96.62,101.5,0.0,0.0,1.0,170.0,0.26808898422241206,True,REGULAR,USD,2027-09-17,761.6900024414062,0.039779999256134034,2026-09-18,99.06,0.9972602739726028
SPY270917C00725000,2026-09-18 19:16:08+00:00,725.0,94.0,93.0,97.89,4.0,4.4444447,2.0,65.0,0.2646786789703369,True,REGULAR,USD,2027-09-17,761.6900024414062,0.039779999256134034,2026-09-18,95.445,0.9972602739726028
SPY270917C00730000,2026-09-16 19:27:45+00:00,730.0,81.85,89.28,94.0,0.0,0.0,1.0,154.0,0.2601850105285644,True,REGULAR,USD,2027-09-17,761.6900024414062,0.039779999256134034,2026-09-18,91.64,0.9972602739726028
SPY270917C00735000,2026-09-16 18:35:14+00:00,735.0,83.0,85.65,90.5,0.0,0.0,1.0,207.0,0.25691203300476073,True,REGULAR,USD,2027-09-17,761.6900024414062,0.039779999256134034,2026-09-18,88.075,0.9972602739726028
SPY270917C00740000,2026-09-18 14:14:28+00:00,740.0,81.92,82.11,87.0,2.3399963,2.9404325,2.0,365.0,0.2535017277526856,True,REGULAR,USD,2027-09-17,761.6900024414062,0.039779999256134034,2026-09-18,84.555,0.9972602739726028
SPY270917C00745000,2026-09-16 19:52:42+00:00,745.0,72.95,78.58,83.5,0.0,0.0,6.0,254.0,0.24996172409057615,True,REGULAR,USD,2027-09-17,761.6900024414062,0.039779999256134034,2026-09-18,81.03999999999999,0.9972602739726028
SPY270917C00750000,2026-09-18 19:09:11+00:00,750.0,76.19,75.11,80.0,0.45000458,0.5941439,3.0,620.0,0.246276763381958,True,REGULAR,USD,2027-09-17,761.6900024414062,0.039779999256134034,2026-09-18,77.555,0.9972602739726028
SPY270917C00755000,2026-09-18 18:57:36+00:00,755.0,73.08,71.7,76.5,0.41000366,0.5641993,51.0,510.0,0.24245447494506833,True,REGULAR,USD,2027-09-17,761.6900024414062,0.039779999256134034,2026-09-18,74.1,0.9972602739726028
SPY270917C00760000,2026-09-18 20:11:25+00:00,760.0,70.79,68.5,73.33,1.3499985,1.9441222,28.0,765.0,0.23957822196960446,True,REGULAR,USD,2027-09-17,761.6900024414062,0.039779999256134034,2026-09-18,70.91499999999999,0.9972602739726028
SPY270917C00765000,2026-09-18 20:08:35+00:00,765.0,67.39,66.5,70.0,1.5800018,2.4008539,11.0,1335.0,0.23601533035278316,False,REGULAR,USD,2027-09-17,761.6900024414062,0.039779999256134034,2026-09-18,68.25,0.9972602739726028
SPY270917C00770000,2026-09-18 19:14:35+00:00,770.0,63.56,63.3,64.99,-0.3199997,-0.5009388,4.0,1656.0,0.2267380793762207,False,REGULAR,USD,2027-09-17,761.6900024414062,0.039779999256134034,2026-09-18,64.145,0.9972602739726028
SPY270917C00775000,2026-09-18 19:52:24+00:00,775.0,60.08,60.14,61.82,0.3600006,0.60281414,47.0,1050.0,0.22338117935180662,False,REGULAR,USD,2027-09-17,761.6900024414062,0.039779999256134034,2026-09-18,60.980000000000004,0.9972602739726028
SPY270917C00780000,2026-09-16 19:23:24+00:00,780.0,49.51,57.05,58.71,0.0,0.0,4.0,393.0,0.22004716728210447,False,REGULAR,USD,2027-09-17,761.6900024414062,0.039779999256134034,2026-09-18,57.879999999999995,0.9972602739726028
SPY270917C00785000,2026-09-18 19:32:50+00:00,785.0,53.52,54.02,55.68,1.3199997,2.528735,3.0,1370.0,0.21678944839477537,False,REGULAR,USD,2027-09-17,761.6900024414062,0.039779999256134034,2026-09-18,54.85,0.9972602739726028
SPY270917C00790000,2026-09-18 19:38:25+00:00,790.0,50.84,51.93,52.13,-0.22999954,-0.45036134,116.0,1882.0,0.21161677062988277,False,REGULAR,USD,2027-09-17,761.6900024414062,0.039779999256134034,2026-09-18,52.03,0.9972602739726028
SPY270917C00795000,2026-09-18 19:38:14+00:00,795.0,47.96,49.06,49.25,0.22999954,0.48187628,10.0,848.0,0.2084506035614013,False,REGULAR,USD,2027-09-17,761.6900024414062,0.039779999256134034,2026-09-18,49.155,0.9972602739726028
SPY270917C00800000,2026-09-18 19:39:03+00:00,800.0,45.25,46.26,46.45,0.11999893,0.26589614,37.0,1029.0,0.20533784172058103,False,REGULAR,USD,2027-09-17,761.6900024414062,0.039779999256134034,2026-09-18,46.355000000000004,0.9972602739726028
SPY270917C00805000,2026-09-18 19:32:47+00:00,805.0,42.41,43.55,43.74,0.1800003,0.426238,204.0,1193.0,0.20230518772125244,False,REGULAR,USD,2027-09-17,761.6900024414062,0.039779999256134034,2026-09-18,43.644999999999996,0.9972602739726028
SPY270917C00810000,2026-09-18 19:50:37+00:00,810.0,40.08,40.93,41.11,0.45000076,1.1355053,23.0,1130.0,0.19931830963134767,False,REGULAR,USD,2027-09-17,761.6900024414062,0.039779999256134034,2026-09-18,41.019999999999996,0.9972602739726028
SPY270917C00815000,2026-09-18 19:23:27+00:00,815.0,37.3,38.39,38.57,0.1800003,0.48491463,46.0,1915.0,0.19639628074645996,False,REGULAR,USD,2027-09-17,761.6900024414062,0.039779999256134034,2026-09-18,38.480000000000004,0.9972602739726028
SPY270917C00820000,2026-09-18 17:20:48+00:00,820.0,34.07,35.95,36.13,-0.7099991,-2.0414004,38.0,3708.0,0.19357343299865723,False,REGULAR,USD,2027-09-17,761.6900024414062,0.039779999256134034,2026-09-18,36.040000000000006,0.9972602739726028
SPY270917C00825000,2026-09-18 16:10:07+00:00,825.0,31.73,33.59,33.77,-0.65999985,-2.0376656,3.0,317.0,0.19078110252380373,False,REGULAR,USD,2027-09-17,761.6900024414062,0.039779999256134034,2026-09-18,33.68000000000001,0.9972602739726028
SPY270917C00830000,2026-09-18 18:18:16+00:00,830.0,29.83,31.35,31.53,-0.21999931,-0.73211086,7.0,372.0,0.18814898773193356,False,REGULAR,USD,2027-09-17,761.6900024414062,0.039779999256134034,2026-09-18,31.44,0.9972602739726028
SPY270917C00835000,2026-09-17 19:02:15+00:00,835.0,28.1,29.2,29.37,0.0,0.0,6.0,423.0,0.18553213157653806,False,REGULAR,USD,2027-09-17,761.6900024414062,0.039779999256134034,2026-09-18,29.285,0.9972602739726028
SPY270917C00840000,2026-09-18 19:08:36+00:00,840.0,26.32,27.14,27.33,0.20999908,0.804286,22.0,1725.0,0.18308312042236324,False,REGULAR,USD,2027-09-17,761.6900024414062,0.039779999256134034,2026-09-18,27.235,0.9972602739726028
SPY270917C00845000,2026-09-18 18:26:01+00:00,845.0,24.02,25.21,25.38,-0.14999962,-0.6206025,7.0,1270.0,0.1806798851776123,False,REGULAR,USD,2027-09-17,761.6900024414062,0.039779999256134034,2026-09-18,25.295,0.9972602739726028
SPY270917C00850000,2026-09-18 19:39:21+00:00,850.0,22.73,23.39,23.54,0.35000038,1.5638981,12.0,1979.0,0.17841397766113282,False,REGULAR,USD,2027-09-17,761.6900024414062,0.039779999256134034,2026-09-18,23.465,0.9972602739726028
SPY270917C00855000,2026-09-17 19:35:46+00:00,855.0,20.72,21.63,21.8,0.0,0.0,17.0,1589.0,0.176239621963501,False,REGULAR,USD,2027-09-17,761.6900024414062,0.039779999256134034,2026-09-18,21.715,0.9972602739726028
SPY270917C00860000,2026-09-18 14:40:11+00:00,860.0,18.71,20.03,20.17,-0.3900013,-2.0418916,1.0,1723.0,0.17421022331237795,False,REGULAR,USD,2027-09-17,761.6900024414062,0.039779999256134034,2026-09-18,20.1,0.9972602739726028
SPY270917C00865000,2026-09-18 13:42:01+00:00,865.0,17.83,18.49,18.64,0.12000084,0.67758805,1.0,1999.0,0.17229526443481447,False,REGULAR,USD,2027-09-17,761.6900024414062,0.039779999256134034,2026-09-18,18.564999999999998,0.9972602739726028
SPY270917C00870000,2026-09-18 19:32:55+00:00,870.0,16.47,17.08,17.21,0.1799984,1.1049625,80.0,2344.0,0.1704947453308106,False,REGULAR,USD,2027-09-17,761.6900024414062,0.039779999256134034,2026-09-18,17.145,0.9972602739726028
SPY270917C00875000,2026-09-18 17:20:14+00:00,875.0,14.67,15.75,15.88,-0.019999504,-0.13614367,1.0,2280.0,0.16883155395507815,False,REGULAR,USD,2027-09-17,761.6900024414062,0.039779999256134034,2026-09-18,15.815000000000001,0.9972602739726028
SPY270917C00880000,2026-09-18 20:06:28+00:00,880.0,14.49,14.54,14.6,0.6899996,4.9999967,53.0,4461.0,0.1670920693969727,False,REGULAR,USD,2027-09-17,761.6900024414062,0.039779999256134034,2026-09-18,14.57,0.9972602739726028
SPY270917C00885000,2026-09-18 19:42:05+00:00,885.0,12.92,13.38,13.45,0.21000004,1.6522427,31.0,1591.0,0.16564249893188482,False,REGULAR,USD,2027-09-17,761.6900024414062,0.039779999256134034,2026-09-18,13.415,0.9972602739726028
SPY270917C00890000,2026-09-18 14:40:11+00:00,890.0,11.31,12.31,12.37,-0.3399992,-2.9184482,1.0,995.0,0.16423870437622073,False,REGULAR,USD,2027-09-17,761.6900024414062,0.039779999256134034,2026-09-18,12.34,0.9972602739726028
SPY270917C00895000,2026-09-18 19:44:00+00:00,895.0,10.93,11.32,11.38,0.2300005,2.1495373,56.0,756.0,0.16298749618530273,False,REGULAR,USD,2027-09-17,761.6900024414062,0.039779999256134034,2026-09-18,11.350000000000001,0.9972602739726028
SPY270917C00900000,2026-09-18 20:01:16+00:00,900.0,10.3,10.39,10.45,0.44000053,4.46248,52.0,3130.0,0.16175154663085936,False,REGULAR,USD,2027-09-17,761.6900024414062,0.039779999256134034,2026-09-18,10.42,0.9972602739726028
SPY270917C00905000,2026-09-17 19:35:46+00:00,905.0,8.98,9.54,9.6,0.0,0.0,3.0,301.0,0.1606529248046875,False,REGULAR,USD,2027-09-17,761.6900024414062,0.039779999256134034,2026-09-18,9.57,0.9972602739726028
SPY270917C00910000,2026-09-18 19:36:39+00:00,910.0,8.37,8.74,8.8,0.98,13.261164,155.0,208.0,0.1595466736602783,False,REGULAR,USD,2027-09-17,761.6900024414062,0.039779999256134034,2026-09-18,8.77,0.9972602739726028
SPY271217C00610000,2026-09-15 19:36:19+00:00,610.0,189.63,194.2,199.0,0.0,0.0,3.0,1644.0,0.3517597173309326,True,REGULAR,USD,2027-12-17,761.6900024414062,0.039779999256134034,2026-09-18,196.6,1.2465753424657535
SPY271217C00615000,2026-08-07 18:57:13+00:00,615.0,202.52,190.0,194.96,0.0,0.0,84.0,279.0,0.34850199844360347,True,REGULAR,USD,2027-12-17,761.6900024414062,0.039779999256134034,2026-09-18,192.48000000000002,1.2465753424657535
SPY271217C00620000,2026-09-17 19:35:46+00:00,620.0,185.02,185.83,190.5,0.0,0.0,1.0,814.0,0.3435734588623046,True,REGULAR,USD,2027-12-17,761.6900024414062,0.039779999256134034,2026-09-18,188.16500000000002,1.2465753424657535
SPY271217C00625000,2026-09-15 13:42:05+00:00,625.0,177.39,181.71,186.5,0.0,0.0,3.0,686.0,0.3403691452026367,True,REGULAR,USD,2027-12-17,761.6900024414062,0.039779999256134034,2026-09-18,184.10500000000002,1.2465753424657535
SPY271217C00630000,2026-09-18 19:32:56+00:00,630.0,178.25,177.56,182.5,0.2599945,0.14607254,1.0,912.0,0.3371037969970704,True,REGULAR,USD,2027-12-17,761.6900024414062,0.039779999256134034,2026-09-18,180.03,1.2465753424657535
SPY271217C00635000,2026-08-26 19:32:10+00:00,635.0,177.39,173.5,178.44,0.0,0.0,10.0,975.0,0.3335561640167237,True,REGULAR,USD,2027-12-17,761.6900024414062,0.039779999256134034,2026-09-18,175.97,1.2465753424657535
SPY271217C00640000,2026-09-17 19:35:47+00:00,640.0,170.06,169.5,174.36,0.0,0.0,3.0,705.0,0.32987883262634266,True,REGULAR,USD,2027-12-17,761.6900024414062,0.039779999256134034,2026-09-18,171.93,1.2465753424657535
SPY271217C00645000,2026-09-18 15:14:33+00:00,645.0,165.17,165.33,170.0,7.849991,4.989824,2.0,2107.0,0.3251333966827392,True,REGULAR,USD,2027-12-17,761.6900024414062,0.039779999256134034,2026-09-18,167.66500000000002,1.2465753424657535
SPY271217C00650000,2026-09-18 18:53:28+00:00,650.0,162.5,161.3,166.0,1.5,0.93167704,13.0,2813.0,0.3216544275665283,True,REGULAR,USD,2027-12-17,761.6900024414062,0.039779999256134034,2026-09-18,163.65,1.2465753424657535
SPY271217C00655000,2026-09-18 14:12:05+00:00,655.0,157.1,157.31,162.0,-0.5,-0.31725886,1.0,3024.0,0.3181067945861816,True,REGULAR,USD,2027-12-17,761.6900024414062,0.039779999256134034,2026-09-18,159.655,1.2465753424657535
SPY271217C00660000,2026-09-18 20:06:51+00:00,660.0,155.87,153.31,158.0,3.4799957,2.2836115,4.0,1257.0,0.3144981270599364,True,REGULAR,USD,2027-12-17,761.6900024414062,0.039779999256134034,2026-09-18,155.655,1.2465753424657535
SPY271217C00665000,2026-09-18 19:51:33+00:00,665.0,150.68,149.35,154.0,4.769989,3.269131,10.0,1612.0,0.31083605430603023,True,REGULAR,USD,2027-12-17,761.6900024414062,0.039779999256134034,2026-09-18,151.675,1.2465753424657535
SPY271217C00670000,2026-09-18 19:51:32+00:00,670.0,146.76,145.41,150.0,3.75,2.6221943,12.0,1444.0,0.30710913234710685,True,REGULAR,USD,2027-12-17,761.6900024414062,0.039779999256134034,2026-09-18,147.70499999999998,1.2465753424657535
SPY271217C00675000,2026-09-18 19:51:33+00:00,675.0,142.68,141.51,146.48,8.969986,6.7085376,37.0,1972.0,0.3049462206268311,True,REGULAR,USD,2027-12-17,761.6900024414062,0.039779999256134034,2026-09-18,143.995,1.2465753424657535
SPY271217C00680000,2026-09-17 14:08:43+00:00,680.0,136.4,137.65,142.5,0.0,0.0,5.0,1142.0,0.3011468201446533,True,REGULAR,USD,2027-12-17,761.6900024414062,0.039779999256134034,2026-09-18,140.075,1.2465753424657535
SPY271217C00685000,2026-09-18 18:18:27+00:00,685.0,133.5,133.78,138.5,-4.2299957,-3.0712233,1.0,2183.0,0.2972177212524414,True,REGULAR,USD,2027-12-17,761.6900024414062,0.039779999256134034,2026-09-18,136.14,1.2465753424657535
SPY271217C00690000,2026-09-17 16:20:34+00:00,690.0,130.64,130.0,134.93,0.0,0.0,3.0,1101.0,0.2946390116882324,True,REGULAR,USD,2027-12-17,761.6900024414062,0.039779999256134034,2026-09-18,132.465,1.2465753424657535
SPY271217C00695000,2026-09-15 16:14:49+00:00,695.0,122.51,126.19,131.0,0.0,0.0,3.0,586.0,0.2907976499557494,True,REGULAR,USD,2027-12-17,761.6900024414062,0.039779999256134034,2026-09-18,128.595,1.2465753424657535
SPY271217C00700000,2026-09-18 19:52:35+00:00,700.0,121.2,122.41,127.0,-1.75,-1.4233428,3.0,5332.0,0.2866587448120117,True,REGULAR,USD,2027-12-17,761.6900024414062,0.039779999256134034,2026-09-18,124.705,1.2465753424657535
SPY271217C00705000,2026-09-10 15:07:47+00:00,705.0,118.03,118.7,123.5,0.0,0.0,1.0,390.0,0.28405714729309073,True,REGULAR,USD,2027-12-17,761.6900024414062,0.039779999256134034,2026-09-18,121.1,1.2465753424657535
SPY271217C00710000,2026-09-16 18:35:39+00:00,710.0,111.67,115.0,119.96,0.0,0.0,2.0,648.0,0.28123048488616936,True,REGULAR,USD,2027-12-17,761.6900024414062,0.039779999256134034,2026-09-18,117.47999999999999,1.2465753424657535
SPY271217C00715000,2026-09-15 19:39:00+00:00,715.0,108.37,111.32,116.0,0.0,0.0,1.0,1081.0,0.27699239860534663,True,REGULAR,USD,2027-12-17,761.6900024414062,0.039779999256134034,2026-09-18,113.66,1.2465753424657535
SPY271217C00720000,2026-09-16 18:10:52+00:00,720.0,106.14,107.71,112.5,0.0,0.0,1.0,2617.0,0.2741123309707642,True,REGULAR,USD,2027-12-17,761.6900024414062,0.039779999256134034,2026-09-18,110.10499999999999,1.2465753424657535
SPY271217C00725000,2026-09-11 14:28:53+00:00,725.0,107.66,104.14,108.69,0.0,0.0,2.0,1581.0,0.27017941741943363,True,REGULAR,USD,2027-12-17,761.6900024414062,0.039779999256134034,2026-09-18,106.41499999999999,1.2465753424657535
SPY271217C00730000,2026-09-18 19:47:10+00:00,730.0,102.0,100.54,105.5,8.0,8.510638,4.0,1689.0,0.26806609626770017,True,REGULAR,USD,2027-12-17,761.6900024414062,0.039779999256134034,2026-09-18,103.02000000000001,1.2465753424657535
SPY271217C00735000,2026-09-18 20:12:43+00:00,735.0,99.77,97.02,102.0,2.0699997,2.1187305,3.0,1919.0,0.2648922998809814,True,REGULAR,USD,2027-12-17,761.6900024414062,0.039779999256134034,2026-09-18,99.50999999999999,1.2465753424657535
SPY271217C00740000,2026-09-18 18:17:51+00:00,740.0,93.76,93.56,98.5,8.260002,9.660822,2.0,982.0,0.26162313701629636,True,REGULAR,USD,2027-12-17,761.6900024414062,0.039779999256134034,2026-09-18,96.03,1.2465753424657535
SPY271217C00745000,2026-09-18 18:14:43+00:00,745.0,90.45,90.1,95.0,-0.7100067,-0.7788577,1.0,462.0,0.2582509783554077,True,REGULAR,USD,2027-12-17,761.6900024414062,0.039779999256134034,2026-09-18,92.55,1.2465753424657535
SPY271217C00750000,2026-09-18 16:52:52+00:00,750.0,86.5,86.7,91.5,-0.73999786,-0.8482323,1.0,2290.0,0.25477582389831543,True,REGULAR,USD,2027-12-17,761.6900024414062,0.039779999256134034,2026-09-18,89.1,1.2465753424657535
SPY271217C00755000,2026-09-18 19:30:06+00:00,755.0,84.27,83.35,88.0,6.3199997,8.107761,4.0,712.0,0.25119004432678227,True,REGULAR,USD,2027-12-17,761.6900024414062,0.039779999256134034,2026-09-18,85.675,1.2465753424657535
SPY271217C00760000,2026-09-18 20:06:14+00:00,760.0,81.75,80.1,82.94,0.9599991,1.1882647,17.0,782.0,0.24285119949340817,True,REGULAR,USD,2027-12-17,761.6900024414062,0.039779999256134034,2026-09-18,81.52,1.2465753424657535
SPY271217C00765000,2026-09-18 18:58:23+00:00,765.0,77.79,76.79,81.5,0.099998474,0.12871473,12.0,647.0,0.24517814155578613,False,REGULAR,USD,2027-12-17,761.6900024414062,0.039779999256134034,2026-09-18,79.14500000000001,1.2465753424657535
SPY271217C00770000,2026-09-18 19:44:18+00:00,770.0,75.38,73.58,78.5,-1.1200027,-1.4640559,6.0,1177.0,0.24272913040161131,False,REGULAR,USD,2027-12-17,761.6900024414062,0.039779999256134034,2026-09-18,76.03999999999999,1.2465753424657535
SPY271217C00775000,2026-09-17 19:08:25+00:00,775.0,71.2,70.5,75.41,0.0,0.0,3.0,1890.0,0.23989102401733392,False,REGULAR,USD,2027-12-17,761.6900024414062,0.039779999256134034,2026-09-18,72.955,1.2465753424657535
SPY271217C00780000,2026-09-18 16:28:05+00:00,780.0,66.85,68.59,70.81,-0.20000458,-0.29829168,12.0,2624.0,0.23246769737243653,False,REGULAR,USD,2027-12-17,761.6900024414062,0.039779999256134034,2026-09-18,69.7,1.2465753424657535
SPY271217C00785000,2026-09-16 18:36:01+00:00,785.0,61.81,65.57,67.98,0.0,0.0,28.0,891.0,0.23013312599182126,False,REGULAR,USD,2027-12-17,761.6900024414062,0.039779999256134034,2026-09-18,66.775,1.2465753424657535
SPY271217C00790000,2026-09-18 19:52:24+00:00,790.0,62.8,62.61,64.96,1.8199997,2.9845846,1.0,2414.0,0.2271042866516113,False,REGULAR,USD,2027-12-17,761.6900024414062,0.039779999256134034,2026-09-18,63.785,1.2465753424657535
SPY271217C00795000,2026-09-17 19:32:58+00:00,795.0,59.3,59.71,61.89,0.0,0.0,20.0,1913.0,0.22377790390014646,False,REGULAR,USD,2027-12-17,761.6900024414062,0.039779999256134034,2026-09-18,60.8,1.2465753424657535
SPY271217C00800000,2026-09-18 19:28:12+00:00,800.0,56.79,57.9,58.17,-0.07999802,-0.14066823,3.0,4750.0,0.21838397590637204,False,REGULAR,USD,2027-12-17,761.6900024414062,0.039779999256134034,2026-09-18,58.035,1.2465753424657535
SPY271217C00805000,2026-09-18 19:29:29+00:00,805.0,53.93,55.12,55.39,-0.18999863,-0.35106915,6.0,743.0,0.21560690406799318,False,REGULAR,USD,2027-12-17,761.6900024414062,0.039779999256134034,2026-09-18,55.254999999999995,1.2465753424657535
SPY271217C00810000,2026-09-18 19:23:26+00:00,810.0,51.26,52.42,52.68,-0.08000183,-0.15582749,1.0,889.0,0.21287560813903808,False,REGULAR,USD,2027-12-17,761.6900024414062,0.039779999256134034,2026-09-18,52.55,1.2465753424657535
SPY271217C00815000,2026-09-18 19:23:25+00:00,815.0,48.63,49.77,50.03,0.069999695,0.14415093,1.0,755.0,0.2101595708465576,False,REGULAR,USD,2027-12-17,761.6900024414062,0.039779999256134034,2026-09-18,49.900000000000006,1.2465753424657535
SPY271217C00820000,2026-09-18 19:23:25+00:00,820.0,46.09,47.21,47.47,0.069999695,0.15210712,1.0,901.0,0.2075427146911621,False,REGULAR,USD,2027-12-17,761.6900024414062,0.039779999256134034,2026-09-18,47.34,1.2465753424657535
SPY271217C00825000,2026-09-18 19:44:19+00:00,825.0,44.0,44.72,44.98,0.45999908,1.0564977,5.0,1374.0,0.20495637580871578,False,REGULAR,USD,2027-12-17,761.6900024414062,0.039779999256134034,2026-09-18,44.849999999999994,1.2465753424657535
SPY271217C00830000,2026-09-18 19:23:26+00:00,830.0,41.23,42.3,42.56,0.07999802,0.19440587,1.0,2146.0,0.20240818351745601,False,REGULAR,USD,2027-12-17,761.6900024414062,0.039779999256134034,2026-09-18,42.43,1.2465753424657535
SPY271217C00835000,2026-09-17 18:41:08+00:00,835.0,38.47,40.0,40.23,0.0,0.0,3.0,850.0,0.19995154304504395,False,REGULAR,USD,2027-12-17,761.6900024414062,0.039779999256134034,2026-09-18,40.114999999999995,1.2465753424657535
SPY271217C00840000,2026-09-18 17:53:36+00:00,840.0,36.01,37.74,37.97,-0.24000168,-0.6620736,3.0,692.0,0.19752541984558106,False,REGULAR,USD,2027-12-17,761.6900024414062,0.039779999256134034,2026-09-18,37.855000000000004,1.2465753424657535
SPY271217C00845000,2026-09-18 19:49:25+00:00,845.0,35.02,35.55,35.8,1.4000015,4.1641927,3.0,531.0,0.19518321914672854,False,REGULAR,USD,2027-12-17,761.6900024414062,0.039779999256134034,2026-09-18,35.675,1.2465753424657535
SPY271217C00850000,2026-09-18 19:41:39+00:00,850.0,32.76,33.49,33.71,0.40999985,1.2673875,48.0,2894.0,0.19290205299377441,False,REGULAR,USD,2027-12-17,761.6900024414062,0.039779999256134034,2026-09-18,33.6,1.2465753424657535
SPY271217C00855000,2026-09-10 16:10:39+00:00,855.0,29.63,31.48,31.7,0.0,0.0,7.0,519.0,0.19067429206848144,False,REGULAR,USD,2027-12-17,761.6900024414062,0.039779999256134034,2026-09-18,31.59,1.2465753424657535
SPY271217C00860000,2026-09-15 19:36:19+00:00,860.0,25.99,29.58,29.79,0.0,0.0,21.0,497.0,0.18856860023498537,False,REGULAR,USD,2027-12-17,761.6900024414062,0.039779999256134034,2026-09-18,29.685,1.2465753424657535
SPY271217C00865000,2026-09-11 16:17:35+00:00,865.0,28.69,27.74,27.97,0.0,0.0,1.0,486.0,0.18655446022033692,False,REGULAR,USD,2027-12-17,761.6900024414062,0.039779999256134034,2026-09-18,27.854999999999997,1.2465753424657535
SPY271217C00870000,2026-09-17 15:26:46+00:00,870.0,24.55,26.0,26.2,0.0,0.0,1.0,1089.0,0.18449454429626463,False,REGULAR,USD,2027-12-17,761.6900024414062,0.039779999256134034,2026-09-18,26.1,1.2465753424657535
SPY271217C00875000,2026-09-17 13:30:09+00:00,875.0,23.19,24.34,24.54,0.0,0.0,1.0,2080.0,0.1826024733734131,False,REGULAR,USD,2027-12-17,761.6900024414062,0.039779999256134034,2026-09-18,24.439999999999998,1.2465753424657535
SPY271217C00880000,2026-09-18 15:36:45+00:00,880.0,21.6,22.77,22.96,-0.22999954,-1.0535939,10.0,2775.0,0.18077906631469726,False,REGULAR,USD,2027-12-17,761.6900024414062,0.039779999256134034,2026-09-18,22.865000000000002,1.2465753424657535
SPY271217C00885000,2026-09-17 19:35:46+00:00,885.0,20.31,21.29,21.47,0.0,0.0,2.0,930.0,0.1790624697113037,False,REGULAR,USD,2027-12-17,761.6900024414062,0.039779999256134034,2026-09-18,21.38,1.2465753424657535
SPY271217C00890000,2026-09-18 20:01:12+00:00,890.0,19.74,19.87,20.05,0.77000046,4.059043,29.0,1305.0,0.17738401969909667,False,REGULAR,USD,2027-12-17,761.6900024414062,0.039779999256134034,2026-09-18,19.96,1.2465753424657535
SPY271217C00895000,2026-09-18 19:29:42+00:00,895.0,17.85,18.55,18.73,0.1400013,0.7905212,1.0,1549.0,0.17586578536987307,False,REGULAR,USD,2027-12-17,761.6900024414062,0.039779999256134034,2026-09-18,18.64,1.2465753424657535
SPY271217C00900000,2026-09-18 19:32:55+00:00,900.0,16.71,17.3,17.47,0.25,1.5188336,12.0,7110.0,0.17436280967712406,False,REGULAR,USD,2027-12-17,761.6900024414062,0.039779999256134034,2026-09-18,17.384999999999998,1.2465753424657535
SPY271217C00905000,2026-09-15 19:40:07+00:00,905.0,13.72,16.16,16.25,0.0,0.0,31.0,559.0,0.1727987994384766,False,REGULAR,USD,2027-12-17,761.6900024414062,0.039779999256134034,2026-09-18,16.205,1.2465753424657535
SPY271217C00910000,2026-09-17 19:35:47+00:00,910.0,14.26,15.06,15.14,0.0,0.0,21.0,1643.0,0.17146366874694827,False,REGULAR,USD,2027-12-17,761.6900024414062,0.039779999256134034,2026-09-18,15.100000000000001,1.2465753424657535
SPY280121C00610000,2026-09-08 13:50:38+00:00,610.0,201.15,196.78,201.5,0.0,0.0,6.0,381.0,0.34841044662475584,True,REGULAR,USD,2028-01-21,761.6900024414062,0.039779999256134034,2026-09-18,199.14,1.3424657534246576
SPY280121C00615000,2026-08-20 15:28:25+00:00,615.0,199.14,192.65,197.5,0.0,0.0,5.0,73.0,0.3452976847839356,True,REGULAR,USD,2028-01-21,761.6900024414062,0.039779999256134034,2026-09-18,195.075,1.3424657534246576
SPY280121C00620000,2026-09-15 19:41:24+00:00,620.0,182.9,188.53,193.5,0.0,0.0,5.0,243.0,0.3421238883972168,True,REGULAR,USD,2028-01-21,761.6900024414062,0.039779999256134034,2026-09-18,191.015,1.3424657534246576
SPY280121C00625000,2026-09-16 15:35:44+00:00,625.0,181.68,184.5,189.41,0.0,0.0,2.0,71.0,0.3385762554168701,True,REGULAR,USD,2028-01-21,761.6900024414062,0.039779999256134034,2026-09-18,186.95499999999998,1.3424657534246576
SPY280121C00630000,2026-09-18 16:13:05+00:00,630.0,179.43,180.5,185.34,-1.3900146,-0.7687283,1.0,223.0,0.33504388107299804,True,REGULAR,USD,2028-01-21,761.6900024414062,0.039779999256134034,2026-09-18,182.92000000000002,1.3424657534246576
SPY280121C00635000,2026-09-18 13:58:13+00:00,635.0,175.94,176.31,181.0,1.3200073,0.7559314,4.0,149.0,0.330512066040039,True,REGULAR,USD,2028-01-21,761.6900024414062,0.039779999256134034,2026-09-18,178.655,1.3424657534246576
SPY280121C00640000,2026-09-18 13:55:08+00:00,640.0,171.96,172.28,177.0,-1.0999908,-0.6356124,1.0,658.0,0.3271475366973877,True,REGULAR,USD,2028-01-21,761.6900024414062,0.039779999256134034,2026-09-18,174.64,1.3424657534246576
SPY280121C00645000,2026-08-04 19:53:51+00:00,645.0,182.38,172.19,177.0,0.0,0.0,5.0,137.0,0.337546297454834,True,REGULAR,USD,2028-01-21,761.6900024414062,0.039779999256134034,2026-09-18,174.595,1.3424657534246576
SPY280121C00650000,2026-09-18 18:46:47+00:00,650.0,165.01,164.28,169.0,0.039993286,0.024242762,12.0,614.0,0.3202506330108642,True,REGULAR,USD,2028-01-21,761.6900024414062,0.039779999256134034,2026-09-18,166.64,1.3424657534246576
SPY280121C00655000,2026-09-16 13:33:16+00:00,655.0,157.54,160.32,165.0,0.0,0.0,3.0,365.0,0.3167182586669921,True,REGULAR,USD,2028-01-21,761.6900024414062,0.039779999256134034,2026-09-18,162.66,1.3424657534246576
SPY280121C00660000,2026-09-16 19:13:37+00:00,660.0,147.66,156.38,161.0,0.0,0.0,4.0,650.0,0.313132479095459,True,REGULAR,USD,2028-01-21,761.6900024414062,0.039779999256134034,2026-09-18,158.69,1.3424657534246576
SPY280121C00665000,2026-09-17 14:02:58+00:00,665.0,151.0,152.5,157.44,0.0,0.0,1.0,281.0,0.31095049407958975,True,REGULAR,USD,2028-01-21,761.6900024414062,0.039779999256134034,2026-09-18,154.97,1.3424657534246576
SPY280121C00670000,2026-09-17 17:34:02+00:00,670.0,148.5,148.57,153.5,0.0,0.0,1.0,457.0,0.3074410076904296,True,REGULAR,USD,2028-01-21,761.6900024414062,0.039779999256134034,2026-09-18,151.035,1.3424657534246576
SPY280121C00675000,2026-09-17 18:37:53+00:00,675.0,145.52,144.73,149.5,0.0,0.0,1.0,907.0,0.3036721244812011,True,REGULAR,USD,2028-01-21,761.6900024414062,0.039779999256134034,2026-09-18,147.115,1.3424657534246576
SPY280121C00680000,2026-09-17 18:38:17+00:00,680.0,142.17,140.92,145.5,0.0,0.0,3.0,1324.0,0.2998498360443115,True,REGULAR,USD,2028-01-21,761.6900024414062,0.039779999256134034,2026-09-18,143.20999999999998,1.3424657534246576
SPY280121C00685000,2026-09-17 18:35:58+00:00,685.0,137.32,137.09,142.0,0.0,0.0,2.0,1016.0,0.2975686698913574,True,REGULAR,USD,2028-01-21,761.6900024414062,0.039779999256134034,2026-09-18,139.54500000000002,1.3424657534246576
SPY280121C00690000,2026-09-18 18:08:48+00:00,690.0,133.25,133.28,138.0,-0.27000427,-0.2022201,3.0,1071.0,0.29361668304443356,True,REGULAR,USD,2028-01-21,761.6900024414062,0.039779999256134034,2026-09-18,135.64,1.3424657534246576
SPY280121C00695000,2026-09-14 17:29:13+00:00,695.0,130.08,129.53,134.5,0.0,0.0,208.0,979.0,0.291175301208496,True,REGULAR,USD,2028-01-21,761.6900024414062,0.039779999256134034,2026-09-18,132.015,1.3424657534246576
SPY280121C00700000,2026-09-18 20:10:26+00:00,700.0,128.05,125.81,130.5,2.6500015,2.1132388,3.0,2639.0,0.28709361595153804,True,REGULAR,USD,2028-01-21,761.6900024414062,0.039779999256134034,2026-09-18,128.155,1.3424657534246576
SPY280121C00705000,2026-09-18 17:33:36+00:00,705.0,122.0,122.12,127.0,5.6900024,4.892101,1.0,539.0,0.2844882037734984,True,REGULAR,USD,2028-01-21,761.6900024414062,0.039779999256134034,2026-09-18,124.56,1.3424657534246576
SPY280121C00710000,2026-09-15 15:55:41+00:00,710.0,112.34,118.5,123.43,0.0,0.0,1.0,438.0,0.28158524818420405,True,REGULAR,USD,2028-01-21,761.6900024414062,0.039779999256134034,2026-09-18,120.965,1.3424657534246576
SPY280121C00715000,2026-09-18 18:46:47+00:00,715.0,115.71,114.83,119.5,-0.20999908,-0.18115863,1.0,267.0,0.2775035629272461,True,REGULAR,USD,2028-01-21,761.6900024414062,0.039779999256134034,2026-09-18,117.16499999999999,1.3424657534246576
SPY280121C00720000,2026-09-18 19:37:28+00:00,720.0,112.11,111.23,116.0,1.1100006,1.0000006,2.0,605.0,0.27465019790649414,True,REGULAR,USD,2028-01-21,761.6900024414062,0.039779999256134034,2026-09-18,113.61500000000001,1.3424657534246576
SPY280121C00725000,2026-09-14 16:53:44+00:00,725.0,108.59,107.67,112.5,0.0,0.0,13.0,479.0,0.2717129103851318,True,REGULAR,USD,2028-01-21,761.6900024414062,0.039779999256134034,2026-09-18,110.08500000000001,1.3424657534246576
SPY280121C00730000,2026-09-16 19:52:17+00:00,730.0,98.75,104.15,109.0,0.0,0.0,5.0,1505.0,0.2686764417266846,True,REGULAR,USD,2028-01-21,761.6900024414062,0.039779999256134034,2026-09-18,106.575,1.3424657534246576
SPY280121C00735000,2026-09-17 19:08:31+00:00,735.0,102.39,100.65,105.3,0.0,0.0,5.0,537.0,0.2649685930633544,True,REGULAR,USD,2028-01-21,761.6900024414062,0.039779999256134034,2026-09-18,102.975,1.3424657534246576
SPY280121C00740000,2026-09-17 14:23:31+00:00,740.0,96.93,97.22,102.0,0.0,0.0,5.0,354.0,0.2623441075897217,True,REGULAR,USD,2028-01-21,761.6900024414062,0.039779999256134034,2026-09-18,99.61,1.3424657534246576
SPY280121C00745000,2026-09-17 17:13:36+00:00,745.0,94.1,93.78,98.5,0.0,0.0,1.0,977.0,0.2590406127929688,True,REGULAR,USD,2028-01-21,761.6900024414062,0.039779999256134034,2026-09-18,96.14,1.3424657534246576
SPY280121C00750000,2026-09-18 18:46:36+00:00,750.0,91.18,90.41,95.0,0.1800003,0.19780253,29.0,4851.0,0.2556379368591309,True,REGULAR,USD,2028-01-21,761.6900024414062,0.039779999256134034,2026-09-18,92.705,1.3424657534246576
SPY280121C00755000,2026-09-17 15:45:41+00:00,755.0,88.51,87.1,92.0,0.0,0.0,1.0,1629.0,0.25357802093505866,True,REGULAR,USD,2028-01-21,761.6900024414062,0.039779999256134034,2026-09-18,89.55,1.3424657534246576
SPY280121C00760000,2026-09-18 16:06:55+00:00,760.0,85.25,83.79,88.5,1.449997,1.7303065,16.0,2458.0,0.24997698272705077,True,REGULAR,USD,2028-01-21,761.6900024414062,0.039779999256134034,2026-09-18,86.14500000000001,1.3424657534246576
SPY280121C00765000,2026-09-18 19:44:32+00:00,765.0,81.86,80.55,85.5,2.949997,3.7384322,2.0,2938.0,0.2476996312332153,False,REGULAR,USD,2028-01-21,761.6900024414062,0.039779999256134034,2026-09-18,83.025,1.3424657534246576
SPY280121C00770000,2026-09-17 17:38:35+00:00,770.0,77.36,77.36,82.0,0.0,0.0,9.0,644.0,0.24388115745544434,False,REGULAR,USD,2028-01-21,761.6900024414062,0.039779999256134034,2026-09-18,79.68,1.3424657534246576
SPY280121C00775000,2026-09-17 17:38:35+00:00,775.0,74.35,74.21,79.0,0.0,0.0,9.0,671.0,0.24137874107360838,False,REGULAR,USD,2028-01-21,761.6900024414062,0.039779999256134034,2026-09-18,76.60499999999999,1.3424657534246576
SPY280121C00780000,2026-09-18 14:11:59+00:00,780.0,71.84,71.83,75.04,-0.030006409,-0.04175095,10.0,1027.0,0.23602677433013913,False,REGULAR,USD,2028-01-21,761.6900024414062,0.039779999256134034,2026-09-18,73.435,1.3424657534246576
SPY280121C00785000,2026-09-14 16:53:51+00:00,785.0,69.34,68.8,72.02,0.0,0.0,7.0,1337.0,0.233230629196167,False,REGULAR,USD,2028-01-21,761.6900024414062,0.039779999256134034,2026-09-18,70.41,1.3424657534246576
SPY280121C00790000,2026-09-17 19:36:21+00:00,790.0,65.9,65.8,69.06,0.0,0.0,1.0,1142.0,0.2304764453125,False,REGULAR,USD,2028-01-21,761.6900024414062,0.039779999256134034,2026-09-18,67.43,1.3424657534246576
SPY280121C00795000,2026-09-17 17:38:37+00:00,795.0,62.63,62.98,66.15,0.0,0.0,30.0,856.0,0.2277375200653076,False,REGULAR,USD,2028-01-21,761.6900024414062,0.039779999256134034,2026-09-18,64.565,1.3424657534246576
SPY280121C00800000,2026-09-18 20:03:50+00:00,800.0,61.33,60.44,61.9,1.4800034,2.4728544,36.0,1743.0,0.22105042263031005,False,REGULAR,USD,2028-01-21,761.6900024414062,0.039779999256134034,2026-09-18,61.17,1.3424657534246576
SPY280121C00805000,2026-09-18 19:23:25+00:00,805.0,57.61,58.6,59.49,0.13999939,0.24360429,4.0,661.0,0.21945589511871338,False,REGULAR,USD,2028-01-21,761.6900024414062,0.039779999256134034,2026-09-18,59.045,1.3424657534246576
SPY280121C00810000,2026-09-18 19:40:29+00:00,810.0,55.09,55.87,56.76,0.33000183,0.602633,5.0,1193.0,0.21680852169036863,False,REGULAR,USD,2028-01-21,761.6900024414062,0.039779999256134034,2026-09-18,56.315,1.3424657534246576
SPY280121C00815000,2026-09-18 19:23:25+00:00,815.0,52.26,53.21,54.1,0.15999985,0.30710146,168.0,1601.0,0.2142107388305664,False,REGULAR,USD,2028-01-21,761.6900024414062,0.039779999256134034,2026-09-18,53.655,1.3424657534246576
SPY280121C00820000,2026-09-18 19:28:35+00:00,820.0,49.82,50.62,51.51,0.25999832,0.5246132,8.0,1836.0,0.21166636119842525,False,REGULAR,USD,2028-01-21,761.6900024414062,0.039779999256134034,2026-09-18,51.065,1.3424657534246576
SPY280121C00825000,2026-09-18 19:23:26+00:00,825.0,47.06,48.1,48.99,0.0,0.0,2.0,1943.0,0.20916775947570795,False,REGULAR,USD,2028-01-21,761.6900024414062,0.039779999256134034,2026-09-18,48.545,1.3424657534246576
SPY280121C00830000,2026-09-18 19:23:25+00:00,830.0,44.84,45.66,46.54,0.20000076,0.44803038,4.0,1646.0,0.20671111900329583,False,REGULAR,USD,2028-01-21,761.6900024414062,0.039779999256134034,2026-09-18,46.099999999999994,1.3424657534246576
SPY280121C00835000,2026-09-18 19:23:26+00:00,835.0,42.31,43.29,44.16,0.010002136,0.023645712,2.0,1141.0,0.20429643978118894,False,REGULAR,USD,2028-01-21,761.6900024414062,0.039779999256134034,2026-09-18,43.724999999999994,1.3424657534246576
SPY280121C00840000,2026-09-18 19:49:27+00:00,840.0,40.63,40.99,41.86,1.1300011,2.8607621,6.0,1791.0,0.20195042442321778,False,REGULAR,USD,2028-01-21,761.6900024414062,0.039779999256134034,2026-09-18,41.425,1.3424657534246576
SPY280121C00845000,2026-09-18 15:00:21+00:00,845.0,37.33,38.77,39.64,0.55000305,1.4953862,1.0,1139.0,0.19966925827026366,False,REGULAR,USD,2028-01-21,761.6900024414062,0.039779999256134034,2026-09-18,39.205,1.3424657534246576
SPY280121C00850000,2026-09-18 19:37:08+00:00,850.0,35.99,36.63,37.49,0.30000305,0.84058017,12.0,1287.0,0.1974300533676147,False,REGULAR,USD,2028-01-21,761.6900024414062,0.039779999256134034,2026-09-18,37.06,1.3424657534246576
SPY280121C00855000,2026-09-18 13:41:39+00:00,855.0,33.79,34.57,35.43,0.24000168,0.7153552,3.0,529.0,0.19528240028381347,False,REGULAR,USD,2028-01-21,761.6900024414062,0.039779999256134034,2026-09-18,35.0,1.3424657534246576
SPY280121C00860000,2026-09-17 18:02:05+00:00,860.0,31.57,32.6,33.44,0.0,0.0,9.0,565.0,0.1931767084503174,False,REGULAR,USD,2028-01-21,761.6900024414062,0.039779999256134034,2026-09-18,33.019999999999996,1.3424657534246576
SPY280121C00865000,2026-09-17 15:00:10+00:00,865.0,29.1,30.7,31.53,0.0,0.0,1.0,368.0,0.19113205116271972,False,REGULAR,USD,2028-01-21,761.6900024414062,0.039779999256134034,2026-09-18,31.115000000000002,1.3424657534246576
SPY280121C00870000,2026-09-17 15:46:06+00:00,870.0,27.98,28.88,29.7,0.0,0.0,2.0,448.0,0.1891560577392578,False,REGULAR,USD,2028-01-21,761.6900024414062,0.039779999256134034,2026-09-18,29.29,1.3424657534246576
SPY280121C00875000,2026-09-18 16:47:31+00:00,875.0,25.75,27.15,27.95,2.8600006,12.494542,4.0,855.0,0.18724872817993166,False,REGULAR,USD,2028-01-21,761.6900024414062,0.039779999256134034,2026-09-18,27.549999999999997,1.3424657534246576
SPY280121C00880000,2026-09-18 13:37:36+00:00,880.0,24.72,25.5,26.28,0.22999954,0.939157,1.0,584.0,0.1854100624847412,False,REGULAR,USD,2028-01-21,761.6900024414062,0.039779999256134034,2026-09-18,25.89,1.3424657534246576
SPY280121C00885000,2026-09-16 18:49:32+00:00,885.0,21.44,23.93,24.69,0.0,0.0,6.0,1120.0,0.18364768997192382,False,REGULAR,USD,2028-01-21,761.6900024414062,0.039779999256134034,2026-09-18,24.310000000000002,1.3424657534246576
SPY280121C00890000,2026-09-17 18:18:05+00:00,890.0,21.7,22.43,23.18,0.0,0.0,110.0,1131.0,0.1819692399597168,False,REGULAR,USD,2028-01-21,761.6900024414062,0.039779999256134034,2026-09-18,22.805,1.3424657534246576
SPY280121C00895000,2026-09-18 20:00:45+00:00,895.0,21.0,21.02,21.74,2.0,10.526316,1.0,1191.0,0.18034038051605222,False,REGULAR,USD,2028-01-21,761.6900024414062,0.039779999256134034,2026-09-18,21.38,1.3424657534246576
SPY280121C00900000,2026-09-18 20:01:13+00:00,900.0,19.75,19.67,20.37,0.80999947,4.2766604,41.0,2319.0,0.1787649263000488,False,REGULAR,USD,2028-01-21,761.6900024414062,0.039779999256134034,2026-09-18,20.020000000000003,1.3424657534246576
SPY280121C00905000,2026-09-18 14:45:38+00:00,905.0,17.3,18.4,19.09,-1.9400005,-10.083163,1.0,700.0,0.17732298515319825,False,REGULAR,USD,2028-01-21,761.6900024414062,0.039779999256134034,2026-09-18,18.744999999999997,1.3424657534246576
SPY280121C00910000,2026-09-17 14:20:49+00:00,910.0,16.2,17.2,17.82,0.0,0.0,5.0,1229.0,0.17572082832336425,False,REGULAR,USD,2028-01-21,761.6900024414062,0.039779999256134034,2026-09-18,17.509999999999998,1.3424657534246576
SPY280616C00610000,2026-09-18 16:43:52+00:00,610.0,209.11,210.86,215.5,2.350006,1.1365864,14.0,133.0,0.35105400539398185,True,REGULAR,USD,2028-06-16,761.6900024414062,0.039779999256134034,2026-09-18,213.18,1.7452054794520548
SPY280616C00615000,2026-09-16 19:14:01+00:00,615.0,198.0,206.89,211.5,0.0,0.0,3.0,24.0,0.34779247184753415,True,REGULAR,USD,2028-06-16,761.6900024414062,0.039779999256134034,2026-09-18,209.195,1.7452054794520548
SPY280616C00620000,2026-09-18 17:11:34+00:00,620.0,202.01,202.94,207.5,0.009994507,0.0049477755,10.0,184.0,0.3444966063690186,True,REGULAR,USD,2028-06-16,761.6900024414062,0.039779999256134034,2026-09-18,205.22,1.7452054794520548
SPY280616C00625000,2026-09-10 15:47:13+00:00,625.0,196.35,199.01,203.5,0.0,0.0,7.0,115.0,0.3411625942993164,True,REGULAR,USD,2028-06-16,761.6900024414062,0.039779999256134034,2026-09-18,201.255,1.7452054794520548
SPY280616C00630000,2026-09-18 20:05:28+00:00,630.0,197.23,195.1,199.5,5.869995,3.0675142,3.0,94.0,0.33780187961578373,True,REGULAR,USD,2028-06-16,761.6900024414062,0.039779999256134034,2026-09-18,197.3,1.7452054794520548
SPY280616C00635000,2026-09-14 16:27:24+00:00,635.0,190.81,191.21,196.0,0.0,0.0,1.0,387.0,0.3359288819885254,True,REGULAR,USD,2028-06-16,761.6900024414062,0.039779999256134034,2026-09-18,193.60500000000002,1.7452054794520548
SPY280616C00640000,2026-09-16 19:09:19+00:00,640.0,180.0,187.36,192.0,0.0,0.0,5.0,55.0,0.3324804301452637,True,REGULAR,USD,2028-06-16,761.6900024414062,0.039779999256134034,2026-09-18,189.68,1.7452054794520548
SPY280616C00645000,2026-08-21 19:58:55+00:00,645.0,188.79,183.51,188.0,0.0,0.0,2.0,58.0,0.3290052756881713,True,REGULAR,USD,2028-06-16,761.6900024414062,0.039779999256134034,2026-09-18,185.755,1.7452054794520548
SPY280616C00650000,2026-09-18 20:10:27+00:00,650.0,182.0,179.65,184.0,5.0,2.8248587,1.0,261.0,0.3254919746398925,True,REGULAR,USD,2028-06-16,761.6900024414062,0.039779999256134034,2026-09-18,181.825,1.7452054794520548
SPY280616C00655000,2026-09-17 16:07:53+00:00,655.0,175.48,175.87,180.5,0.0,0.0,1.0,62.0,0.3234091707611083,True,REGULAR,USD,2028-06-16,761.6900024414062,0.039779999256134034,2026-09-18,178.185,1.7452054794520548
SPY280616C00660000,2026-09-18 19:27:36+00:00,660.0,171.74,172.06,176.5,-7.2599945,-4.055863,1.0,348.0,0.31981957653045645,True,REGULAR,USD,2028-06-16,761.6900024414062,0.039779999256134034,2026-09-18,174.28,1.7452054794520548
SPY280616C00665000,2026-09-18 17:19:28+00:00,665.0,167.85,168.29,173.0,1.2000122,0.72007936,1.0,46.0,0.3176261475372314,True,REGULAR,USD,2028-06-16,761.6900024414062,0.039779999256134034,2026-09-18,170.64499999999998,1.7452054794520548
SPY280616C00670000,2026-09-16 18:22:49+00:00,670.0,163.05,164.57,169.0,0.0,0.0,1.0,84.0,0.31395263080596925,True,REGULAR,USD,2028-06-16,761.6900024414062,0.039779999256134034,2026-09-18,166.785,1.7452054794520548
SPY280616C00675000,2026-09-14 15:59:43+00:00,675.0,160.3,160.85,165.5,0.0,0.0,14.0,68.0,0.31165239135742184,True,REGULAR,USD,2028-06-16,761.6900024414062,0.039779999256134034,2026-09-18,163.175,1.7452054794520548
SPY280616C00680000,2026-09-10 19:41:14+00:00,680.0,154.24,157.16,161.5,0.0,0.0,2.0,309.0,0.3078987667846679,True,REGULAR,USD,2028-06-16,761.6900024414062,0.039779999256134034,2026-09-18,159.32999999999998,1.7452054794520548
SPY280616C00685000,2026-09-14 15:54:26+00:00,685.0,152.93,153.5,158.0,0.0,0.0,12.0,248.0,0.30548790222167965,True,REGULAR,USD,2028-06-16,761.6900024414062,0.039779999256134034,2026-09-18,155.75,1.7452054794520548
SPY280616C00690000,2026-09-14 18:34:37+00:00,690.0,150.31,149.84,154.5,0.0,0.0,1.0,463.0,0.30302363243103025,True,REGULAR,USD,2028-06-16,761.6900024414062,0.039779999256134034,2026-09-18,152.17000000000002,1.7452054794520548
SPY280616C00695000,2026-09-14 16:01:28+00:00,695.0,145.65,146.2,150.5,0.0,0.0,19.0,171.0,0.2991326801300048,True,REGULAR,USD,2028-06-16,761.6900024414062,0.039779999256134034,2026-09-18,148.35,1.7452054794520548
SPY280616C00700000,2026-09-18 19:52:57+00:00,700.0,145.0,142.6,147.0,3.0299988,2.1342528,4.0,290.0,0.29656159988403313,True,REGULAR,USD,2028-06-16,761.6900024414062,0.039779999256134034,2026-09-18,144.8,1.7452054794520548
SPY280616C00705000,2026-09-17 15:06:00+00:00,705.0,137.8,139.03,143.5,0.0,0.0,1.0,292.0,0.29392567043304435,True,REGULAR,USD,2028-06-16,761.6900024414062,0.039779999256134034,2026-09-18,141.265,1.7452054794520548
SPY280616C00710000,2026-09-14 16:01:50+00:00,710.0,134.92,135.53,140.0,0.0,0.0,27.0,234.0,0.2912325210952758,True,REGULAR,USD,2028-06-16,761.6900024414062,0.039779999256134034,2026-09-18,137.765,1.7452054794520548
SPY280616C00715000,2026-09-14 14:42:49+00:00,715.0,130.02,132.0,136.5,0.0,0.0,3.0,334.0,0.28847833721160876,True,REGULAR,USD,2028-06-16,761.6900024414062,0.039779999256134034,2026-09-18,134.25,1.7452054794520548
SPY280616C00720000,2026-09-17 17:15:43+00:00,720.0,129.0,128.52,133.0,0.0,0.0,2.0,109.0,0.2856631187820434,True,REGULAR,USD,2028-06-16,761.6900024414062,0.039779999256134034,2026-09-18,130.76,1.7452054794520548
SPY280616C00725000,2026-09-08 14:02:09+00:00,725.0,128.44,125.07,129.5,0.0,0.0,2.0,97.0,0.2827906804656982,True,REGULAR,USD,2028-06-16,761.6900024414062,0.039779999256134034,2026-09-18,127.285,1.7452054794520548
SPY280616C00730000,2026-09-17 14:31:32+00:00,730.0,121.24,121.64,126.0,0.0,0.0,1.0,311.0,0.27985339294433587,True,REGULAR,USD,2028-06-16,761.6900024414062,0.039779999256134034,2026-09-18,123.82,1.7452054794520548
SPY280616C00735000,2026-09-04 13:49:53+00:00,735.0,125.82,118.25,122.5,0.0,0.0,1.0,426.0,0.27685507087707517,True,REGULAR,USD,2028-06-16,761.6900024414062,0.039779999256134034,2026-09-18,120.375,1.7452054794520548
SPY280616C00740000,2026-09-18 17:34:05+00:00,740.0,113.42,114.87,119.5,3.619995,3.2968988,2.0,129.0,0.27507743972778315,True,REGULAR,USD,2028-06-16,761.6900024414062,0.039779999256134034,2026-09-18,117.185,1.7452054794520548
SPY280616C00745000,2026-09-18 15:55:37+00:00,745.0,110.03,111.55,116.0,0.83000183,0.760075,1.0,303.0,0.27194560459136957,True,REGULAR,USD,2028-06-16,761.6900024414062,0.039779999256134034,2026-09-18,113.775,1.7452054794520548
SPY280616C00750000,2026-09-17 16:31:39+00:00,750.0,108.36,108.26,112.5,-0.16999817,-0.15663703,1.0,482.0,0.26874892024993896,True,REGULAR,USD,2028-06-16,761.6900024414062,0.039779999256134034,2026-09-18,110.38,1.7452054794520548
SPY280616C00755000,2026-09-16 18:45:21+00:00,755.0,103.79,104.99,109.5,0.0,0.0,1.0,280.0,0.2667538535308839,True,REGULAR,USD,2028-06-16,761.6900024414062,0.039779999256134034,2026-09-18,107.245,1.7452054794520548
SPY280616C00760000,2026-09-18 16:23:42+00:00,760.0,100.89,101.75,106.0,-0.69999695,-0.6890412,4.0,424.0,0.263416026802063,True,REGULAR,USD,2028-06-16,761.6900024414062,0.039779999256134034,2026-09-18,103.875,1.7452054794520548
SPY280616C00765000,2026-09-18 19:40:23+00:00,765.0,99.18,98.57,103.0,0.08000183,0.08072839,2.0,693.0,0.2612683737182617,False,REGULAR,USD,2028-06-16,761.6900024414062,0.039779999256134034,2026-09-18,100.785,1.7452054794520548
SPY280616C00770000,2026-09-15 18:18:28+00:00,770.0,92.32,95.42,100.0,0.0,0.0,5.0,579.0,0.2590406127929688,False,REGULAR,USD,2028-06-16,761.6900024414062,0.039779999256134034,2026-09-18,97.71000000000001,1.7452054794520548
SPY280616C00775000,2026-09-16 13:30:08+00:00,775.0,90.21,92.29,97.0,0.0,0.0,10.0,132.0,0.2567365586853027,False,REGULAR,USD,2028-06-16,761.6900024414062,0.039779999256134034,2026-09-18,94.64500000000001,1.7452054794520548
SPY280616C00780000,2026-09-17 14:46:25+00:00,780.0,89.0,89.23,94.0,0.0,0.0,1.0,416.0,0.25434476741790774,False,REGULAR,USD,2028-06-16,761.6900024414062,0.039779999256134034,2026-09-18,91.61500000000001,1.7452054794520548
SPY280616C00785000,2026-09-15 14:50:54+00:00,785.0,82.75,86.2,91.0,0.0,0.0,1.0,248.0,0.25187286830902095,False,REGULAR,USD,2028-06-16,761.6900024414062,0.039779999256134034,2026-09-18,88.6,1.7452054794520548
SPY280616C00790000,2026-09-18 18:31:37+00:00,790.0,83.84,83.2,88.0,0.8299942,0.9998725,152.0,64.0,0.24931704669952393,False,REGULAR,USD,2028-06-16,761.6900024414062,0.039779999256134034,2026-09-18,85.6,1.7452054794520548
SPY280616C00795000,2026-09-17 17:48:38+00:00,795.0,80.51,80.26,85.0,0.0,0.0,20.0,482.0,0.2466734879302979,False,REGULAR,USD,2028-06-16,761.6900024414062,0.039779999256134034,2026-09-18,82.63,1.7452054794520548
SPY280616C00800000,2026-09-18 17:34:06+00:00,800.0,77.41,77.89,81.53,-0.55999756,-0.71822184,3.0,2104.0,0.24277109165191652,False,REGULAR,USD,2028-06-16,761.6900024414062,0.039779999256134034,2026-09-18,79.71000000000001,1.7452054794520548
SPY280616C00805000,2026-09-04 17:13:44+00:00,805.0,79.51,75.26,78.71,0.0,0.0,1.0,276.0,0.24039837368011469,False,REGULAR,USD,2028-06-16,761.6900024414062,0.039779999256134034,2026-09-18,76.985,1.7452054794520548
SPY280616C00810000,2026-09-18 19:23:26+00:00,810.0,72.75,72.27,76.06,-6.6200027,-8.340686,6.0,358.0,0.23835371639251707,False,REGULAR,USD,2028-06-16,761.6900024414062,0.039779999256134034,2026-09-18,74.16499999999999,1.7452054794520548
SPY280616C00815000,2026-09-17 17:48:32+00:00,815.0,69.0,69.75,73.2,-0.30999756,-0.4472624,1.0,499.0,0.2356948989868164,False,REGULAR,USD,2028-06-16,761.6900024414062,0.039779999256134034,2026-09-18,71.475,1.7452054794520548
SPY280616C00820000,2026-09-16 19:48:10+00:00,820.0,61.76,68.57,68.95,0.0,0.0,1.0,204.0,0.2294541166687012,False,REGULAR,USD,2028-06-16,761.6900024414062,0.039779999256134034,2026-09-18,68.75999999999999,1.7452054794520548
SPY280616C00825000,2026-09-17 19:53:00+00:00,825.0,64.4,65.93,66.3,0.0,0.0,2.0,1184.0,0.22711191596984862,False,REGULAR,USD,2028-06-16,761.6900024414062,0.039779999256134034,2026-09-18,66.11500000000001,1.7452054794520548
SPY280616C00830000,2026-09-18 19:23:26+00:00,830.0,62.17,63.34,63.71,5.4699974,9.647262,2.0,53.0,0.22481167652130124,False,REGULAR,USD,2028-06-16,761.6900024414062,0.039779999256134034,2026-09-18,63.525000000000006,1.7452054794520548
SPY280616C00835000,2026-09-17 19:45:30+00:00,835.0,59.25,60.81,61.17,0.0,0.0,1.0,3235.0,0.22253051036834715,False,REGULAR,USD,2028-06-16,761.6900024414062,0.039779999256134034,2026-09-18,60.99,1.7452054794520548
SPY280616C00840000,2026-09-18 19:35:01+00:00,840.0,57.2,58.33,58.69,3.8600006,7.2365966,3.0,441.0,0.22029130546569822,False,REGULAR,USD,2028-06-16,761.6900024414062,0.039779999256134034,2026-09-18,58.51,1.7452054794520548
SPY280616C00845000,2026-09-14 14:44:25+00:00,845.0,52.85,55.91,56.27,0.0,0.0,2.0,206.0,0.21809406181335447,False,REGULAR,USD,2028-06-16,761.6900024414062,0.039779999256134034,2026-09-18,56.09,1.7452054794520548
SPY280616C00850000,2026-09-17 18:27:45+00:00,850.0,51.89,53.54,53.9,0.0,0.0,7.0,6398.0,0.21591207679748534,False,REGULAR,USD,2028-06-16,761.6900024414062,0.039779999256134034,2026-09-18,53.72,1.7452054794520548
SPY280616C00855000,2026-08-28 16:57:12+00:00,855.0,57.2,51.24,51.6,0.0,0.0,2.0,112.0,0.21379112632751465,False,REGULAR,USD,2028-06-16,761.6900024414062,0.039779999256134034,2026-09-18,51.42,1.7452054794520548
SPY280616C00860000,2026-09-17 15:22:49+00:00,860.0,46.6,49.0,49.36,0.0,0.0,4.0,104.0,0.21170832244873045,False,REGULAR,USD,2028-06-16,761.6900024414062,0.039779999256134034,2026-09-18,49.18,1.7452054794520548
SPY280616C00865000,2026-09-04 17:42:23+00:00,865.0,48.93,46.81,47.16,0.0,0.0,1.0,97.0,0.20960644527435301,False,REGULAR,USD,2028-06-16,761.6900024414062,0.039779999256134034,2026-09-18,46.985,1.7452054794520548
SPY280616C00870000,2026-09-17 17:07:10+00:00,870.0,43.17,44.7,45.05,0.0,0.0,4.0,2183.0,0.20761900787353516,False,REGULAR,USD,2028-06-16,761.6900024414062,0.039779999256134034,2026-09-18,44.875,1.7452054794520548
SPY280616C00875000,2026-09-16 15:53:33+00:00,875.0,40.12,42.64,42.99,0.0,0.0,10.0,1517.0,0.20564301445007324,False,REGULAR,USD,2028-06-16,761.6900024414062,0.039779999256134034,2026-09-18,42.815,1.7452054794520548
SPY280616C00880000,2026-09-18 13:44:50+00:00,880.0,39.37,40.64,40.99,-2.5499992,-6.0830135,1.0,199.0,0.20369753829956055,False,REGULAR,USD,2028-06-16,761.6900024414062,0.039779999256134034,2026-09-18,40.815,1.7452054794520548
SPY280616C00885000,2026-08-20 15:18:10+00:00,885.0,43.4,38.72,39.06,0.0,0.0,1.0,19.0,0.20181309669494626,False,REGULAR,USD,2028-06-16,761.6900024414062,0.039779999256134034,2026-09-18,38.89,1.7452054794520548
SPY280616C00890000,2026-09-10 18:50:58+00:00,890.0,34.61,36.86,37.19,0.0,0.0,12.0,309.0,0.19996680168151856,False,REGULAR,USD,2028-06-16,761.6900024414062,0.039779999256134034,2026-09-18,37.025,1.7452054794520548
SPY280616C00895000,2026-09-17 19:42:40+00:00,895.0,33.69,35.06,35.39,0.0,0.0,2.0,60.0,0.19818154121398926,False,REGULAR,USD,2028-06-16,761.6900024414062,0.039779999256134034,2026-09-18,35.225,1.7452054794520548
SPY280616C00900000,2026-09-18 17:22:57+00:00,900.0,31.8,33.33,33.65,3.7999992,13.571426,2.0,1119.0,0.19642679801940918,False,REGULAR,USD,2028-06-16,761.6900024414062,0.039779999256134034,2026-09-18,33.489999999999995,1.7452054794520548
SPY280616C00905000,2026-09-14 18:48:06+00:00,905.0,30.44,31.66,31.98,0.0,0.0,3.0,261.0,0.1947407186889648,False,REGULAR,USD,2028-06-16,761.6900024414062,0.039779999256134034,2026-09-18,31.82,1.7452054794520548
SPY280616C00910000,2026-09-08 15:45:27+00:00,910.0,31.46,30.06,30.37,0.0,0.0,1.0,224.0,0.19309278594970702,False,REGULAR,USD,2028-06-16,761.6900024414062,0.039779999256134034,2026-09-18,30.215,1.7452054794520548
SPY281215C00610000,2026-09-10 14:41:04+00:00,610.0,223.75,226.23,230.5,0.0,0.0,1.0,30.0,0.35156898437499995,True,REGULAR,USD,2028-12-15,761.6900024414062,0.039779999256134034,2026-09-18,228.365,2.243835616438356
SPY281215C00615000,2026-09-16 13:36:43+00:00,615.0,218.9,222.45,227.0,0.0,0.0,53.0,23.0,0.3496425815200805,True,REGULAR,USD,2028-12-15,761.6900024414062,0.039779999256134034,2026-09-18,224.725,2.243835616438356
SPY281215C00620000,2026-09-03 16:03:15+00:00,620.0,227.25,218.68,223.0,0.0,0.0,14.0,88.0,0.34630856945037836,True,REGULAR,USD,2028-12-15,761.6900024414062,0.039779999256134034,2026-09-18,220.84,2.243835616438356
SPY281215C00625000,2026-09-04 18:17:07+00:00,625.0,220.22,214.93,219.5,0.0,0.0,1.0,235.0,0.34430587341308594,True,REGULAR,USD,2028-12-15,761.6900024414062,0.039779999256134034,2026-09-18,217.215,2.243835616438356
SPY281215C00630000,2026-09-15 17:02:26+00:00,630.0,206.72,211.21,215.5,0.0,0.0,1.0,930.0,0.34092227077484133,True,REGULAR,USD,2028-12-15,761.6900024414062,0.039779999256134034,2026-09-18,213.35500000000002,2.243835616438356
SPY281215C00635000,2026-09-09 19:20:37+00:00,635.0,207.56,207.5,212.0,0.0,0.0,1.0,345.0,0.3388470962142944,True,REGULAR,USD,2028-12-15,761.6900024414062,0.039779999256134034,2026-09-18,209.75,2.243835616438356
SPY281215C00640000,2026-09-17 19:29:46+00:00,640.0,204.43,203.8,208.0,0.0,0.0,1.0,714.0,0.3354139030075073,True,REGULAR,USD,2028-12-15,761.6900024414062,0.039779999256134034,2026-09-18,205.9,2.243835616438356
SPY281215C00645000,2026-09-16 19:06:21+00:00,645.0,194.36,200.13,204.5,0.0,0.0,1.0,1037.0,0.3332662499237061,True,REGULAR,USD,2028-12-15,761.6900024414062,0.039779999256134034,2026-09-18,202.315,2.243835616438356
SPY281215C00650000,2026-09-18 19:36:42+00:00,650.0,197.38,196.48,201.0,1.2799988,0.65272754,7.0,1036.0,0.3310766355895996,True,REGULAR,USD,2028-12-15,761.6900024414062,0.039779999256134034,2026-09-18,198.74,2.243835616438356
SPY281215C00655000,2026-09-17 19:12:19+00:00,655.0,193.34,192.84,197.0,0.0,0.0,3.0,578.0,0.3275633345413208,True,REGULAR,USD,2028-12-15,761.6900024414062,0.039779999256134034,2026-09-18,194.92000000000002,2.243835616438356
SPY281215C00660000,2026-09-14 18:42:01+00:00,660.0,189.5,189.23,193.5,0.0,0.0,7.0,837.0,0.3253012416839599,True,REGULAR,USD,2028-12-15,761.6900024414062,0.039779999256134034,2026-09-18,191.365,2.243835616438356
SPY281215C00665000,2026-09-17 16:57:47+00:00,665.0,185.0,185.63,190.0,0.0,0.0,24.0,381.0,0.3229971875762938,True,REGULAR,USD,2028-12-15,761.6900024414062,0.039779999256134034,2026-09-18,187.815,2.243835616438356
SPY281215C00670000,2026-09-15 14:17:35+00:00,670.0,177.8,182.06,186.5,0.0,0.0,5.0,546.0,0.3206511722183227,True,REGULAR,USD,2028-12-15,761.6900024414062,0.039779999256134034,2026-09-18,184.28,2.243835616438356
SPY281215C00675000,2026-09-18 19:28:22+00:00,675.0,179.5,178.51,183.0,1.1000061,0.6165954,2.0,635.0,0.31826701026916504,True,REGULAR,USD,2028-12-15,761.6900024414062,0.039779999256134034,2026-09-18,180.755,2.243835616438356
SPY281215C00680000,2026-09-16 18:06:31+00:00,680.0,173.0,174.98,179.5,0.0,0.0,1.0,653.0,0.31584470172882073,True,REGULAR,USD,2028-12-15,761.6900024414062,0.039779999256134034,2026-09-18,177.24,2.243835616438356
SPY281215C00685000,2026-09-09 18:14:07+00:00,685.0,170.79,171.47,176.0,0.0,0.0,3.0,1455.0,0.3133766172790527,True,REGULAR,USD,2028-12-15,761.6900024414062,0.039779999256134034,2026-09-18,173.735,2.243835616438356
SPY281215C00690000,2026-09-17 19:26:53+00:00,690.0,167.91,167.97,172.0,0.0,0.0,2.0,2097.0,0.3096611392974854,True,REGULAR,USD,2028-12-15,761.6900024414062,0.039779999256134034,2026-09-18,169.985,2.243835616438356
SPY281215C00695000,2026-09-16 18:55:31+00:00,695.0,160.49,164.51,169.0,0.0,0.0,3.0,2470.0,0.3083298232650757,True,REGULAR,USD,2028-12-15,761.6900024414062,0.039779999256134034,2026-09-18,166.755,2.243835616438356
SPY281215C00700000,2026-09-17 13:31:17+00:00,700.0,160.55,161.06,165.5,0.0,0.0,1.0,833.0,0.30574348438262944,True,REGULAR,USD,2028-12-15,761.6900024414062,0.039779999256134034,2026-09-18,163.28,2.243835616438356
SPY281215C00705000,2026-09-18 17:27:18+00:00,705.0,156.54,157.64,162.0,8.459991,5.7131224,2.0,427.0,0.3031189989089966,True,REGULAR,USD,2028-12-15,761.6900024414062,0.039779999256134034,2026-09-18,159.82,2.243835616438356
SPY281215C00710000,2026-09-17 15:33:43+00:00,710.0,153.62,154.24,158.5,0.0,0.0,1.0,2015.0,0.3004525521850586,True,REGULAR,USD,2028-12-15,761.6900024414062,0.039779999256134034,2026-09-18,156.37,2.243835616438356
SPY281215C00715000,2026-09-17 17:02:32+00:00,715.0,150.82,150.87,155.0,0.0,0.0,2.0,638.0,0.2977441442108153,True,REGULAR,USD,2028-12-15,761.6900024414062,0.039779999256134034,2026-09-18,152.935,2.243835616438356
SPY281215C00720000,2026-09-18 14:40:58+00:00,720.0,147.09,147.52,151.5,-0.4900055,-0.33202702,28.0,1206.0,0.2949975896453857,True,REGULAR,USD,2028-12-15,761.6900024414062,0.039779999256134034,2026-09-18,149.51,2.243835616438356
SPY281215C00725000,2026-09-14 19:38:45+00:00,725.0,143.5,144.19,148.5,0.0,0.0,2.0,255.0,0.2933687302017211,True,REGULAR,USD,2028-12-15,761.6900024414062,0.039779999256134034,2026-09-18,146.345,2.243835616438356
SPY281215C00730000,2026-09-18 15:55:37+00:00,730.0,139.34,140.89,145.0,-0.66000366,-0.4714312,1.0,1280.0,0.2905306238174438,True,REGULAR,USD,2028-12-15,761.6900024414062,0.039779999256134034,2026-09-18,142.945,2.243835616438356
SPY281215C00735000,2026-09-17 17:12:20+00:00,735.0,136.5,137.61,141.5,0.0,0.0,4.0,1249.0,0.28765055618286123,True,REGULAR,USD,2028-12-15,761.6900024414062,0.039779999256134034,2026-09-18,139.555,2.243835616438356
SPY281215C00740000,2026-09-18 19:32:56+00:00,740.0,135.06,134.36,138.5,-0.11000061,-0.08137946,5.0,1468.0,0.2858691103744507,True,REGULAR,USD,2028-12-15,761.6900024414062,0.039779999256134034,2026-09-18,136.43,2.243835616438356
SPY281215C00745000,2026-09-18 15:03:04+00:00,745.0,130.93,131.14,135.0,-0.40000916,-0.30458322,1.0,1467.0,0.28289749092102046,True,REGULAR,USD,2028-12-15,761.6900024414062,0.039779999256134034,2026-09-18,133.07,2.243835616438356
SPY281215C00750000,2026-09-18 18:37:29+00:00,750.0,128.24,127.95,132.0,5.970009,4.8826437,5.0,1379.0,0.2810130493164062,True,REGULAR,USD,2028-12-15,761.6900024414062,0.039779999256134034,2026-09-18,129.975,2.243835616438356
SPY281215C00755000,2026-09-16 19:34:54+00:00,755.0,118.31,124.77,128.65,0.0,0.0,7.0,625.0,0.27828175338745115,True,REGULAR,USD,2028-12-15,761.6900024414062,0.039779999256134034,2026-09-18,126.71000000000001,2.243835616438356
SPY281215C00760000,2026-09-18 19:59:00+00:00,760.0,123.14,121.62,125.5,7.970001,6.920206,140.0,2263.0,0.27595481132507316,True,REGULAR,USD,2028-12-15,761.6900024414062,0.039779999256134034,2026-09-18,123.56,2.243835616438356
SPY281215C00765000,2026-09-18 19:42:23+00:00,765.0,119.62,118.51,122.5,0.7200012,0.6055519,12.0,634.0,0.2739063393783569,False,REGULAR,USD,2028-12-15,761.6900024414062,0.039779999256134034,2026-09-18,120.505,2.243835616438356
SPY281215C00770000,2026-09-17 14:23:19+00:00,770.0,115.0,115.43,119.5,0.0,0.0,1.0,1130.0,0.27180446220397947,False,REGULAR,USD,2028-12-15,761.6900024414062,0.039779999256134034,2026-09-18,117.465,2.243835616438356
SPY281215C00775000,2026-09-17 16:54:49+00:00,775.0,111.92,112.37,116.5,0.0,0.0,1.0,1756.0,0.2696453651428223,False,REGULAR,USD,2028-12-15,761.6900024414062,0.039779999256134034,2026-09-18,114.435,2.243835616438356
SPY281215C00780000,2026-09-18 14:54:32+00:00,780.0,109.29,109.34,113.5,0.34000397,0.3120734,40.0,403.0,0.2674290481948853,False,REGULAR,USD,2028-12-15,761.6900024414062,0.039779999256134034,2026-09-18,111.42,2.243835616438356
SPY281215C00785000,2026-09-18 14:54:40+00:00,785.0,106.3,106.35,110.5,0.7900009,0.748745,121.0,317.0,0.26515551136016846,False,REGULAR,USD,2028-12-15,761.6900024414062,0.039779999256134034,2026-09-18,108.425,2.243835616438356
SPY281215C00790000,2026-09-18 14:54:32+00:00,790.0,103.39,103.4,107.5,0.69000244,0.6718622,40.0,148.0,0.26282475463867194,False,REGULAR,USD,2028-12-15,761.6900024414062,0.039779999256134034,2026-09-18,105.45,2.243835616438356
SPY281215C00795000,2026-09-18 14:54:40+00:00,795.0,100.45,100.47,105.0,6.5399933,6.964107,120.0,95.0,0.2615353998565674,False,REGULAR,USD,2028-12-15,761.6900024414062,0.039779999256134034,2026-09-18,102.735,2.243835616438356
SPY281215C00800000,2026-09-18 18:45:16+00:00,800.0,98.0,97.57,100.5,8.0,8.888889,2.0,4479.0,0.25577907924652105,False,REGULAR,USD,2028-12-15,761.6900024414062,0.039779999256134034,2026-09-18,99.035,2.243835616438356
SPY281215C00805000,2026-09-16 18:36:01+00:00,805.0,91.67,94.72,99.0,0.0,0.0,4.0,267.0,0.2565687136840821,False,REGULAR,USD,2028-12-15,761.6900024414062,0.039779999256134034,2026-09-18,96.86,2.243835616438356
SPY281215C00810000,2026-09-18 19:23:28+00:00,810.0,92.87,91.91,96.5,3.9900055,4.4892054,2.0,1142.0,0.25508862594604503,False,REGULAR,USD,2028-12-15,761.6900024414062,0.039779999256134034,2026-09-18,94.205,2.243835616438356
SPY281215C00815000,2026-09-16 18:21:30+00:00,815.0,87.51,89.13,93.5,0.0,0.0,3.0,277.0,0.2524488818359375,False,REGULAR,USD,2028-12-15,761.6900024414062,0.039779999256134034,2026-09-18,91.315,2.243835616438356
SPY281215C00820000,2026-09-17 14:27:31+00:00,820.0,85.54,86.87,90.75,0.0,0.0,21.0,778.0,0.25028978477478026,False,REGULAR,USD,2028-12-15,761.6900024414062,0.039779999256134034,2026-09-18,88.81,2.243835616438356
SPY281215C00825000,2026-09-17 19:53:02+00:00,825.0,84.2,84.2,88.08,0.0,0.0,5.0,321.0,0.24824131282806394,False,REGULAR,USD,2028-12-15,761.6900024414062,0.039779999256134034,2026-09-18,86.14,2.243835616438356
SPY281215C00830000,2026-09-18 18:49:38+00:00,830.0,82.0,81.56,85.44,3.949997,5.0608544,17.0,1200.0,0.24619284088134769,False,REGULAR,USD,2028-12-15,761.6900024414062,0.039779999256134034,2026-09-18,83.5,2.243835616438356
SPY281215C00835000,2026-09-18 14:25:32+00:00,835.0,78.38,78.95,82.83,-1.1700058,-1.4707804,4.0,215.0,0.24413673961639404,False,REGULAR,USD,2028-12-15,761.6900024414062,0.039779999256134034,2026-09-18,80.89,2.243835616438356
SPY281215C00840000,2026-09-18 14:26:31+00:00,840.0,75.87,76.39,80.27,-0.22999573,-0.3022283,1.0,500.0,0.2421225996017456,False,REGULAR,USD,2028-12-15,761.6900024414062,0.039779999256134034,2026-09-18,78.33,2.243835616438356
SPY281215C00845000,2026-09-14 16:47:05+00:00,845.0,73.86,75.58,76.0,0.0,0.0,1.0,598.0,0.23625565387725828,False,REGULAR,USD,2028-12-15,761.6900024414062,0.039779999256134034,2026-09-18,75.78999999999999,2.243835616438356
SPY281215C00850000,2026-09-18 19:09:17+00:00,850.0,71.75,73.09,73.51,0.51000214,0.715893,3.0,762.0,0.23424151386260988,False,REGULAR,USD,2028-12-15,761.6900024414062,0.039779999256134034,2026-09-18,73.30000000000001,2.243835616438356
SPY281215C00855000,2026-09-17 15:16:52+00:00,855.0,67.98,70.64,71.05,0.0,0.0,1.0,136.0,0.2322197445297241,False,REGULAR,USD,2028-12-15,761.6900024414062,0.039779999256134034,2026-09-18,70.845,2.243835616438356
SPY281215C00860000,2026-09-17 15:16:52+00:00,860.0,65.58,68.24,68.65,0.0,0.0,1.0,236.0,0.2302513804244995,False,REGULAR,USD,2028-12-15,761.6900024414062,0.039779999256134034,2026-09-18,68.445,2.243835616438356
SPY281215C00865000,2026-09-04 17:34:15+00:00,865.0,67.85,65.89,66.3,0.0,0.0,54.0,298.0,0.22831353359222412,False,REGULAR,USD,2028-12-15,761.6900024414062,0.039779999256134034,2026-09-18,66.095,2.243835616438356
SPY281215C00870000,2026-09-17 19:01:45+00:00,870.0,61.83,63.58,63.99,0.0,0.0,1.0,219.0,0.22638713073730468,False,REGULAR,USD,2028-12-15,761.6900024414062,0.039779999256134034,2026-09-18,63.785,2.243835616438356
SPY281215C00875000,2026-09-17 19:01:45+00:00,875.0,59.61,61.31,61.72,0.0,0.0,1.0,244.0,0.2244721718597412,False,REGULAR,USD,2028-12-15,761.6900024414062,0.039779999256134034,2026-09-18,61.515,2.243835616438356
SPY281215C00880000,2026-09-17 15:58:06+00:00,880.0,57.15,59.1,59.51,0.0,0.0,2.0,194.0,0.22260680355072016,False,REGULAR,USD,2028-12-15,761.6900024414062,0.039779999256134034,2026-09-18,59.305,2.243835616438356
SPY281215C00885000,2026-09-01 18:57:58+00:00,885.0,55.6,56.94,57.35,0.0,0.0,5.0,55.0,0.22077195251464843,False,REGULAR,USD,2028-12-15,761.6900024414062,0.039779999256134034,2026-09-18,57.144999999999996,2.243835616438356
SPY281215C00890000,2026-09-17 19:40:36+00:00,890.0,53.4,54.82,55.23,0.0,0.0,1.0,423.0,0.21894473079681392,False,REGULAR,USD,2028-12-15,761.6900024414062,0.039779999256134034,2026-09-18,55.025,2.243835616438356
SPY281215C00895000,2026-09-16 18:53:37+00:00,895.0,48.0,52.76,53.16,0.0,0.0,3.0,2133.0,0.21714802635192873,False,REGULAR,USD,2028-12-15,761.6900024414062,0.039779999256134034,2026-09-18,52.959999999999994,2.243835616438356
SPY281215C00900000,2026-09-17 18:28:02+00:00,900.0,49.39,50.75,51.15,0.0,0.0,3.0,2397.0,0.21540091247558596,False,REGULAR,USD,2028-12-15,761.6900024414062,0.039779999256134034,2026-09-18,50.95,2.243835616438356
SPY281215C00905000,2026-09-16 19:49:13+00:00,905.0,43.04,48.79,49.19,0.0,0.0,26.0,381.0,0.21368050121307375,False,REGULAR,USD,2028-12-15,761.6900024414062,0.039779999256134034,2026-09-18,48.989999999999995,2.243835616438356
SPY281215C00910000,2026-09-16 19:49:43+00:00,910.0,41.01,46.87,47.27,0.0,0.0,57.0,438.0,0.21196771926879882,False,REGULAR,USD,2028-12-15,761.6900024414062,0.039779999256134034,2026-09-18,47.07,2.243835616438356
