lastPrice,strike,expiry,impliedVolatility,underlying_last,quote_date,T,r,mid_price
153.0,610.0,2026-09-25,0.9321295849609376,761.6900024414062,2026-09-18,0.019178082191780823,0.039779999256134034,153.22
148.01,615.0,2026-09-25,0.9025888647460938,761.6900024414062,2026-09-18,0.019178082191780823,0.039779999256134034,148.20999999999998
139.79,620.0,2026-09-25,0.8747571118164061,761.6900024414062,2026-09-18,0.019178082191780823,0.039779999256134034,143.21499999999997
138.08,625.0,2026-09-25,0.8513198461914062,761.6900024414062,2026-09-18,0.019178082191780823,0.039779999256134034,138.26
133.08,630.0,2026-09-25,0.8205584350585937,761.6900024414062,2026-09-18,0.019178082191780823,0.039779999256134034,133.235
123.15,640.0,2026-09-25,0.7653832055664063,761.6900024414062,2026-09-18,0.019178082191780823,0.039779999256134034,123.245
118.06,645.0,2026-09-25,0.7382838671874999,761.6900024414062,2026-09-18,0.019178082191780823,0.039779999256134034,118.255
111.58,650.0,2026-09-25,0.7150907397460937,761.6900024414062,2026-09-18,0.019178082191780823,0.039779999256134034,113.305
108.08,655.0,2026-09-25,0.6898224377441409,761.6900024414062,2026-09-18,0.019178082191780823,0.039779999256134034,108.33500000000001
102.96,660.0,2026-09-25,0.6626010302734376,761.6900024414062,2026-09-18,0.019178082191780823,0.039779999256134034,103.345
98.07,665.0,2026-09-25,0.6296423754882813,761.6900024414062,2026-09-18,0.019178082191780823,0.039779999256134034,98.285
89.8,670.0,2026-09-25,0.6030313134765627,761.6900024414062,2026-09-18,0.019178082191780823,0.039779999256134034,93.3
88.08,675.0,2026-09-25,0.5759319750976561,761.6900024414062,2026-09-18,0.019178082191780823,0.039779999256134034,88.31
83.08,680.0,2026-09-25,0.5488326367187502,761.6900024414062,2026-09-18,0.019178082191780823,0.039779999256134034,83.32
77.98,685.0,2026-09-25,0.5219774365234374,761.6900024414062,2026-09-18,0.019178082191780823,0.039779999256134034,78.33500000000001
72.99,690.0,2026-09-25,0.608524422607422,761.6900024414062,2026-09-18,0.019178082191780823,0.039779999256134034,73.34
67.87,695.0,2026-09-25,0.5772747351074219,761.6900024414062,2026-09-18,0.019178082191780823,0.039779999256134034,68.43
62.2,700.0,2026-09-25,0.5459029785156251,761.6900024414062,2026-09-18,0.019178082191780823,0.039779999256134034,63.41499999999999
57.85,705.0,2026-09-25,0.5142260491943358,761.6900024414062,2026-09-18,0.019178082191780823,0.039779999256134034,58.459999999999994
50.04,710.0,2026-09-25,0.4822439471435547,761.6900024414062,2026-09-18,0.019178082191780823,0.039779999256134034,53.480000000000004
45.29,715.0,2026-09-25,0.45111632873535157,761.6900024414062,2026-09-18,0.019178082191780823,0.039779999256134034,48.485
43.13,720.0,2026-09-25,0.41864595031738283,761.6900024414062,2026-09-18,0.019178082191780823,0.039779999256134034,43.545
42.09,721.0,2026-09-25,0.41223732299804683,761.6900024414062,2026-09-18,0.019178082191780823,0.039779999256134034,42.555
41.09,722.0,2026-09-25,0.40582869567871094,761.6900024414062,2026-09-18,0.019178082191780823,0.039779999256134034,41.510000000000005
37.08,723.0,2026-09-25,0.3993590338134766,761.6900024414062,2026-09-18,0.019178082191780823,0.039779999256134034,40.519999999999996
36.39,724.0,2026-09-25,0.3924621301269531,761.6900024414062,2026-09-18,0.019178082191780823,0.039779999256134034,39.55
37.38,725.0,2026-09-25,0.3859924682617187,761.6900024414062,2026-09-18,0.019178082191780823,0.039779999256134034,38.584999999999994
36.54,726.0,2026-09-25,0.38092660095214836,761.6900024414062,2026-09-18,0.019178082191780823,0.039779999256134034,37.615
32.95,727.0,2026-09-25,0.3743348699951171,761.6900024414062,2026-09-18,0.019178082191780823,0.039779999256134034,36.575
34.33,728.0,2026-09-25,0.3676821044921875,761.6900024414062,2026-09-18,0.019178082191780823,0.039779999256134034,35.61
33.42,729.0,2026-09-25,0.3613955462646484,761.6900024414062,2026-09-18,0.019178082191780823,0.039779999256134034,34.655
32.48,730.0,2026-09-25,0.35608554077148435,761.6900024414062,2026-09-18,0.019178082191780823,0.039779999256134034,33.685
31.49,731.0,2026-09-25,0.3490055334472656,761.6900024414062,2026-09-18,0.019178082191780823,0.039779999256134034,32.67
30.52,732.0,2026-09-25,0.34326828613281246,761.6900024414062,2026-09-18,0.019178082191780823,0.039779999256134034,31.695
29.46,733.0,2026-09-25,0.33673758972167966,761.6900024414062,2026-09-18,0.019178082191780823,0.039779999256134034,30.740000000000002
28.64,734.0,2026-09-25,0.3311834460449219,761.6900024414062,2026-09-18,0.019178082191780823,0.039779999256134034,29.775
27.63,735.0,2026-09-25,0.32459171508789053,761.6900024414062,2026-09-18,0.019178082191780823,0.039779999256134034,28.795
26.23,736.0,2026-09-25,0.31891550231933585,761.6900024414062,2026-09-18,0.019178082191780823,0.039779999256134034,27.835
25.52,737.0,2026-09-25,0.30762411132812495,761.6900024414062,2026-09-18,0.019178082191780823,0.039779999256134034,26.93
26.0,738.0,2026-09-25,0.30121548400878906,761.6900024414062,2026-09-18,0.019178082191780823,0.039779999256134034,25.915
23.68,739.0,2026-09-25,0.2946847875976562,761.6900024414062,2026-09-18,0.019178082191780823,0.039779999256134034,24.945
23.5,740.0,2026-09-25,0.2884592639160155,761.6900024414062,2026-09-18,0.019178082191780823,0.039779999256134034,23.979999999999997
21.7,741.0,2026-09-25,0.2515943981933594,761.6900024414062,2026-09-18,0.019178082191780823,0.039779999256134034,22.54
20.55,742.0,2026-09-25,0.25427991821289064,761.6900024414062,2026-09-18,0.019178082191780823,0.039779999256134034,21.715
19.43,743.0,2026-09-25,0.2483595672607422,761.6900024414062,2026-09-18,0.019178082191780823,0.039779999256134034,20.805
18.49,744.0,2026-09-25,0.2423781817626953,761.6900024414062,2026-09-18,0.019178082191780823,0.039779999256134034,19.814999999999998
16.96,745.0,2026-09-25,0.23651886535644528,761.6900024414062,2026-09-18,0.019178082191780823,0.039779999256134034,18.869999999999997
16.63,746.0,2026-09-25,0.2302933416748047,761.6900024414062,2026-09-18,0.019178082191780823,0.039779999256134034,17.925
17.05,747.0,2026-09-25,0.22333540344238278,761.6900024414062,2026-09-18,0.019178082191780823,0.039779999256134034,17.35
15.14,748.0,2026-09-25,0.21686574157714844,761.6900024414062,2026-09-18,0.019178082191780823,0.039779999256134034,16.45
14.1,749.0,2026-09-25,0.2093584924316406,761.6900024414062,2026-09-18,0.019178082191780823,0.039779999256134034,15.535
13.96,750.0,2026-09-25,0.20093572509765623,761.6900024414062,2026-09-18,0.019178082191780823,0.039779999256134034,14.73
12.51,751.0,2026-09-25,0.19348951049804688,761.6900024414062,2026-09-18,0.019178082191780823,0.039779999256134034,13.715
11.91,752.0,2026-09-25,0.18640950317382812,761.6900024414062,2026-09-18,0.019178082191780823,0.039779999256134034,12.835
10.81,753.0,2026-09-25,0.179695703125,761.6900024414062,2026-09-18,0.019178082191780823,0.039779999256134034,11.965
11.0,754.0,2026-09-25,0.1724936267089844,761.6900024414062,2026-09-18,0.019178082191780823,0.039779999256134034,11.105
10.05,755.0,2026-09-25,0.1601646484375,761.6900024414062,2026-09-18,0.019178082191780823,0.039779999256134034,10.27
9.09,756.0,2026-09-25,0.15964585479736326,761.6900024414062,2026-09-18,0.019178082191780823,0.039779999256134034,9.46
8.33,757.0,2026-09-25,0.15161981201171876,761.6900024414062,2026-09-18,0.019178082191780823,0.039779999256134034,8.71
7.5,758.0,2026-09-25,0.14771360107421877,761.6900024414062,2026-09-18,0.019178082191780823,0.039779999256134034,7.960000000000001
6.99,759.0,2026-09-25,0.13892462646484377,761.6900024414062,2026-09-18,0.019178082191780823,0.039779999256134034,7.12
6.46,760.0,2026-09-25,0.13498789825439456,761.6900024414062,2026-09-18,0.019178082191780823,0.039779999256134034,6.39
5.8,761.0,2026-09-25,0.12735858001708983,761.6900024414062,2026-09-18,0.019178082191780823,0.039779999256134034,5.65
5.05,762.0,2026-09-25,0.12479512908935547,761.6900024414062,2026-09-18,0.019178082191780823,0.039779999256134034,5.015
4.45,763.0,2026-09-25,0.12079736633300782,761.6900024414062,2026-09-18,0.019178082191780823,0.039779999256134034,4.43
3.97,764.0,2026-09-25,0.1176846044921875,761.6900024414062,2026-09-18,0.019178082191780823,0.039779999256134034,3.8600000000000003
3.36,765.0,2026-09-25,0.11414460083007813,761.6900024414062,2026-09-18,0.019178082191780823,0.039779999256134034,3.325
2.84,766.0,2026-09-25,0.11170321899414062,761.6900024414062,2026-09-18,0.019178082191780823,0.039779999256134034,2.8449999999999998
2.4,767.0,2026-09-25,0.1090787335205078,761.6900024414062,2026-09-18,0.019178082191780823,0.039779999256134034,2.4050000000000002
2.04,768.0,2026-09-25,0.10669838623046876,761.6900024414062,2026-09-18,0.019178082191780823,0.039779999256134034,2.015
1.69,769.0,2026-09-25,0.10444010803222654,761.6900024414062,2026-09-18,0.019178082191780823,0.039779999256134034,1.665
1.37,770.0,2026-09-25,0.10218182983398436,761.6900024414062,2026-09-18,0.019178082191780823,0.039779999256134034,1.365
1.12,771.0,2026-09-25,0.1002897589111328,761.6900024414062,2026-09-18,0.019178082191780823,0.039779999256134034,1.105
0.9,772.0,2026-09-25,0.098641826171875,761.6900024414062,2026-09-18,0.019178082191780823,0.039779999256134034,0.885
0.71,773.0,2026-09-25,0.09693285888671876,761.6900024414062,2026-09-18,0.019178082191780823,0.039779999256134034,0.7
0.55,774.0,2026-09-25,0.09571216796875001,761.6900024414062,2026-09-18,0.019178082191780823,0.039779999256134034,0.55
0.43,775.0,2026-09-25,0.0942473388671875,761.6900024414062,2026-09-18,0.019178082191780823,0.039779999256134034,0.425
0.32,776.0,2026-09-25,0.09314871704101563,761.6900024414062,2026-09-18,0.019178082191780823,0.039779999256134034,0.325
0.25,777.0,2026-09-25,0.09205009521484375,761.6900024414062,2026-09-18,0.019178082191780823,0.039779999256134034,0.245
0.19,778.0,2026-09-25,0.0913176806640625,761.6900024414062,2026-09-18,0.019178082191780823,0.039779999256134034,0.185
0.14,779.0,2026-09-25,0.09046319702148437,761.6900024414062,2026-09-18,0.019178082191780823,0.039779999256134034,0.135
0.11,780.0,2026-09-25,0.090829404296875,761.6900024414062,2026-09-18,0.019178082191780823,0.039779999256134034,0.10500000000000001
0.09,781.0,2026-09-25,0.09180595703125,761.6900024414062,2026-09-18,0.019178082191780823,0.039779999256134034,0.08499999999999999
0.06,782.0,2026-09-25,0.09205009521484375,761.6900024414062,2026-09-18,0.019178082191780823,0.039779999256134034,0.065
0.05,783.0,2026-09-25,0.0913176806640625,761.6900024414062,2026-09-18,0.019178082191780823,0.039779999256134034,0.045
0.04,784.0,2026-09-25,0.09180595703125,761.6900024414062,2026-09-18,0.019178082191780823,0.039779999256134034,0.035
0.04,785.0,2026-09-25,0.09571216796875001,761.6900024414062,2026-09-18,0.019178082191780823,0.039779999256134034,0.035
0.02,786.0,2026-09-25,0.09571216796875001,761.6900024414062,2026-09-18,0.019178082191780823,0.039779999256134034,0.025
0.02,787.0,2026-09-25,0.098641826171875,761.6900024414062,2026-09-18,0.019178082191780823,0.039779999256134034,0.025
0.02,788.0,2026-09-25,0.10254803710937499,761.6900024414062,2026-09-18,0.019178082191780823,0.039779999256134034,0.025
0.01,789.0,2026-09-25,0.100594931640625,761.6900024414062,2026-09-18,0.019178082191780823,0.039779999256134034,0.015
0.01,790.0,2026-09-25,0.10352458984374999,761.6900024414062,2026-09-18,0.019178082191780823,0.039779999256134034,0.015
0.01,791.0,2026-09-25,0.10743080078125,761.6900024414062,2026-09-18,0.019178082191780823,0.039779999256134034,0.015
0.02,792.0,2026-09-25,0.11036045898437499,761.6900024414062,2026-09-18,0.019178082191780823,0.039779999256134034,0.015
0.01,793.0,2026-09-25,0.1132901171875,761.6900024414062,2026-09-18,0.019178082191780823,0.039779999256134034,0.015
0.01,794.0,2026-09-25,0.117196328125,761.6900024414062,2026-09-18,0.019178082191780823,0.039779999256134034,0.015
0.02,795.0,2026-09-25,0.11914943359374999,761.6900024414062,2026-09-18,0.019178082191780823,0.039779999256134034,0.015
0.02,796.0,2026-09-25,0.12305564453125001,761.6900024414062,2026-09-18,0.019178082191780823,0.039779999256134034,0.015
0.01,797.0,2026-09-25,0.125985302734375,761.6900024414062,2026-09-18,0.019178082191780823,0.039779999256134034,0.015
0.01,798.0,2026-09-25,0.1289149609375,761.6900024414062,2026-09-18,0.019178082191780823,0.039779999256134034,0.015
0.01,799.0,2026-09-25,0.131844619140625,761.6900024414062,2026-09-18,0.019178082191780823,0.039779999256134034,0.015
0.01,800.0,2026-09-25,0.13477427734375003,761.6900024414062,2026-09-18,0.019178082191780823,0.039779999256134034,0.015
0.01,801.0,2026-09-25,0.13868048828125001,761.6900024414062,2026-09-18,0.019178082191780823,0.039779999256134034,0.015
0.01,802.0,2026-09-25,0.14063359375,761.6900024414062,2026-09-18,0.019178082191780823,0.039779999256134034,0.015
0.01,803.0,2026-09-25,0.1445398046875,761.6900024414062,2026-09-18,0.019178082191780823,0.039779999256134034,0.015
0.01,804.0,2026-09-25,0.147469462890625,761.6900024414062,2026-09-18,0.019178082191780823,0.039779999256134034,0.015
0.01,805.0,2026-09-25,0.15039912109375003,761.6900024414062,2026-09-18,0.019178082191780823,0.039779999256134034,0.015
152.92,610.0,2026-09-30,0.735354208984375,761.6900024414062,2026-09-18,0.03287671232876712,0.039779999256134034,153.495
151.81,611.0,2026-09-30,0.7292507543945312,761.6900024414062,2026-09-18,0.03287671232876712,0.039779999256134034,152.475
151.03,612.0,2026-09-30,0.7247341979980468,761.6900024414062,2026-09-18,0.03287671232876712,0.039779999256134034,151.475
150.01,613.0,2026-09-30,0.7191190197753907,761.6900024414062,2026-09-18,0.03287671232876712,0.039779999256134034,150.45999999999998
149.1,614.0,2026-09-30,0.7146024633789063,761.6900024414062,2026-09-18,0.03287671232876712,0.039779999256134034,149.45999999999998
147.95,615.0,2026-09-30,0.7102079760742188,761.6900024414062,2026-09-18,0.03287671232876712,0.039779999256134034,148.45999999999998
147.03,616.0,2026-09-30,0.7097196997070312,761.6900024414062,2026-09-18,0.03287671232876712,0.039779999256134034,147.51
146.03,617.0,2026-09-30,0.7033721069335939,761.6900024414062,2026-09-18,0.03287671232876712,0.039779999256134034,146.485
144.75,618.0,2026-09-30,0.6988555505371095,761.6900024414062,2026-09-18,0.03287671232876712,0.039779999256134034,145.485
144.11,619.0,2026-09-30,0.6936065795898438,761.6900024414062,2026-09-18,0.03287671232876712,0.039779999256134034,144.475
143.21,620.0,2026-09-30,0.6892120922851563,761.6900024414062,2026-09-18,0.03287671232876712,0.039779999256134034,143.47500000000002
142.1,621.0,2026-09-30,0.6883576086425782,761.6900024414062,2026-09-18,0.03287671232876712,0.039779999256134034,142.52
141.0,622.0,2026-09-30,0.681887946777344,761.6900024414062,2026-09-18,0.03287671232876712,0.039779999256134034,141.495
136.83,623.0,2026-09-30,0.6774934594726563,761.6900024414062,2026-09-18,0.03287671232876712,0.039779999256134034,140.495
139.09,624.0,2026-09-30,0.6723665576171877,761.6900024414062,2026-09-18,0.03287671232876712,0.039779999256134034,139.485
138.19,625.0,2026-09-30,0.6679720703125002,761.6900024414062,2026-09-18,0.03287671232876712,0.039779999256134034,138.485
137.4,626.0,2026-09-30,0.6668734484863283,761.6900024414062,2026-09-18,0.03287671232876712,0.039779999256134034,137.53
135.88,627.0,2026-09-30,0.6606479248046876,761.6900024414062,2026-09-18,0.03287671232876712,0.039779999256134034,136.505
135.27,628.0,2026-09-30,0.6562534375000001,761.6900024414062,2026-09-18,0.03287671232876712,0.039779999256134034,135.505
134.4,629.0,2026-09-30,0.6511265356445313,761.6900024414062,2026-09-18,0.03287671232876712,0.039779999256134034,134.495
132.89,630.0,2026-09-30,0.6469761865234375,761.6900024414062,2026-09-18,0.03287671232876712,0.039779999256134034,133.5
131.89,631.0,2026-09-30,0.6459996337890624,761.6900024414062,2026-09-18,0.03287671232876712,0.039779999256134034,132.54500000000002
131.06,632.0,2026-09-30,0.6394079028320312,761.6900024414062,2026-09-18,0.03287671232876712,0.039779999256134034,131.515
130.29,633.0,2026-09-30,0.6342810009765626,761.6900024414062,2026-09-18,0.03287671232876712,0.039779999256134034,130.505
129.05,634.0,2026-09-30,0.629886513671875,761.6900024414062,2026-09-18,0.03287671232876712,0.039779999256134034,129.505
127.85,635.0,2026-09-30,0.6290320300292969,761.6900024414062,2026-09-18,0.03287671232876712,0.039779999256134034,128.555
127.05,636.0,2026-09-30,0.6246375427246094,761.6900024414062,2026-09-18,0.03287671232876712,0.039779999256134034,127.555
126.06,637.0,2026-09-30,0.6180458117675782,761.6900024414062,2026-09-18,0.03287671232876712,0.039779999256134034,126.525
125.29,638.0,2026-09-30,0.6130409790039064,761.6900024414062,2026-09-18,0.03287671232876712,0.039779999256134034,125.515
123.92,639.0,2026-09-30,0.6088906298828126,761.6900024414062,2026-09-18,0.03287671232876712,0.039779999256134034,124.52000000000001
122.99,640.0,2026-09-30,0.6076699389648439,761.6900024414062,2026-09-18,0.03287671232876712,0.039779999256134034,123.565
121.92,641.0,2026-09-30,0.6015664843750002,761.6900024414062,2026-09-18,0.03287671232876712,0.039779999256134034,122.53999999999999
121.29,642.0,2026-09-30,0.5961954443359375,761.6900024414062,2026-09-18,0.03287671232876712,0.039779999256134034,121.525
120.0,643.0,2026-09-30,0.5918009570312501,761.6900024414062,2026-09-18,0.03287671232876712,0.039779999256134034,120.525
119.06,644.0,2026-09-30,0.5908244042968751,761.6900024414062,2026-09-18,0.03287671232876712,0.039779999256134034,119.575
118.13,645.0,2026-09-30,0.5847209497070311,761.6900024414062,2026-09-18,0.03287671232876712,0.039779999256134034,118.55
117.11,646.0,2026-09-30,0.5793499096679688,761.6900024414062,2026-09-18,0.03287671232876712,0.039779999256134034,117.535
116.06,647.0,2026-09-30,0.5749554223632812,761.6900024414062,2026-09-18,0.03287671232876712,0.039779999256134034,116.535
115.09,648.0,2026-09-30,0.5738568005371094,761.6900024414062,2026-09-18,0.03287671232876712,0.039779999256134034,115.58500000000001
114.1,649.0,2026-09-30,0.5678754150390625,761.6900024414062,2026-09-18,0.03287671232876712,0.039779999256134034,114.56
112.37,650.0,2026-09-30,0.5625043750000001,761.6900024414062,2026-09-18,0.03287671232876712,0.039779999256134034,113.545
111.93,651.0,2026-09-30,0.5581098876953126,761.6900024414062,2026-09-18,0.03287671232876712,0.039779999256134034,112.545
110.11,652.0,2026-09-30,0.5573774731445313,761.6900024414062,2026-09-18,0.03287671232876712,0.039779999256134034,111.6
109.91,653.0,2026-09-30,0.5510298803710938,761.6900024414062,2026-09-18,0.03287671232876712,0.039779999256134034,110.57
109.23,654.0,2026-09-30,0.5456588403320313,761.6900024414062,2026-09-18,0.03287671232876712,0.039779999256134034,109.555
108.05,655.0,2026-09-30,0.5416305603027345,761.6900024414062,2026-09-18,0.03287671232876712,0.039779999256134034,108.56
103.5,656.0,2026-09-30,0.5404098693847659,761.6900024414062,2026-09-18,0.03287671232876712,0.039779999256134034,107.61
105.99,657.0,2026-09-30,0.53320779296875,761.6900024414062,2026-09-18,0.03287671232876712,0.039779999256134034,106.565
105.1,658.0,2026-09-30,0.5291795129394532,761.6900024414062,2026-09-18,0.03287671232876712,0.039779999256134034,105.57
103.75,659.0,2026-09-30,0.5279588220214844,761.6900024414062,2026-09-18,0.03287671232876712,0.039779999256134034,104.62
103.13,660.0,2026-09-30,0.5070850073242188,761.6900024414062,2026-09-18,0.03287671232876712,0.039779999256134034,103.36
102.12,661.0,2026-09-30,0.5163622583007812,761.6900024414062,2026-09-18,0.03287671232876712,0.039779999256134034,102.575
101.08,662.0,2026-09-30,0.5123339782714844,761.6900024414062,2026-09-18,0.03287671232876712,0.039779999256134034,101.58
99.71,663.0,2026-09-30,0.5109912182617188,761.6900024414062,2026-09-18,0.03287671232876712,0.039779999256134034,100.63
99.06,664.0,2026-09-30,0.5039112109375,761.6900024414062,2026-09-18,0.03287671232876712,0.039779999256134034,99.585
98.05,665.0,2026-09-30,0.5981485498046876,761.6900024414062,2026-09-18,0.03287671232876712,0.039779999256134034,98.59
96.75,666.0,2026-09-30,0.5932657861328126,761.6900024414062,2026-09-18,0.03287671232876712,0.039779999256134034,97.64
95.89,667.0,2026-09-30,0.5887492297363282,761.6900024414062,2026-09-18,0.03287671232876712,0.039779999256134034,96.6
95.05,668.0,2026-09-30,0.583866466064453,761.6900024414062,2026-09-18,0.03287671232876712,0.039779999256134034,95.6
94.13,669.0,2026-09-30,0.5789226678466797,761.6900024414062,2026-09-18,0.03287671232876712,0.039779999256134034,94.65
93.22,670.0,2026-09-30,0.5739788696289063,761.6900024414062,2026-09-18,0.03287671232876712,0.039779999256134034,93.605
92.05,671.0,2026-09-30,0.5694623132324219,761.6900024414062,2026-09-18,0.03287671232876712,0.039779999256134034,92.61
90.75,672.0,2026-09-30,0.564579549560547,761.6900024414062,2026-09-18,0.03287671232876712,0.039779999256134034,91.66
90.11,673.0,2026-09-30,0.5600629931640625,761.6900024414062,2026-09-18,0.03287671232876712,0.039779999256134034,90.64500000000001
87.57,674.0,2026-09-30,0.5551191949462893,761.6900024414062,2026-09-18,0.03287671232876712,0.039779999256134034,89.64500000000001
86.78,675.0,2026-09-30,0.5505416040039064,761.6900024414062,2026-09-18,0.03287671232876712,0.039779999256134034,88.67500000000001
86.85,676.0,2026-09-30,0.5456588403320313,761.6900024414062,2026-09-18,0.03287671232876712,0.039779999256134034,87.655
86.13,677.0,2026-09-30,0.5406540075683595,761.6900024414062,2026-09-18,0.03287671232876712,0.039779999256134034,86.68
85.09,678.0,2026-09-30,0.5361374511718751,761.6900024414062,2026-09-18,0.03287671232876712,0.039779999256134034,85.66499999999999
83.89,679.0,2026-09-30,0.5311936529541017,761.6900024414062,2026-09-18,0.03287671232876712,0.039779999256134034,84.66499999999999
82.88,680.0,2026-09-30,0.5266160620117188,761.6900024414062,2026-09-18,0.03287671232876712,0.039779999256134034,83.67
81.84,681.0,2026-09-30,0.5216722637939453,761.6900024414062,2026-09-18,0.03287671232876712,0.039779999256134034,82.675
81.4,682.0,2026-09-30,0.5170946728515625,761.6900024414062,2026-09-18,0.03287671232876712,0.039779999256134034,81.70500000000001
80.4,683.0,2026-09-30,0.512150874633789,761.6900024414062,2026-09-18,0.03287671232876712,0.039779999256134034,80.74000000000001
78.78,684.0,2026-09-30,0.5075732836914062,761.6900024414062,2026-09-18,0.03287671232876712,0.039779999256134034,79.71000000000001
78.13,685.0,2026-09-30,0.5026294854736328,761.6900024414062,2026-09-18,0.03287671232876712,0.039779999256134034,78.69
76.82,686.0,2026-09-30,0.49805189453125004,761.6900024414062,2026-09-18,0.03287671232876712,0.039779999256134034,77.72
76.05,687.0,2026-09-30,0.4930470617675782,761.6900024414062,2026-09-18,0.03287671232876712,0.039779999256134034,76.7
74.48,688.0,2026-09-30,0.48846947082519543,761.6900024414062,2026-09-18,0.03287671232876712,0.039779999256134034,75.73
72.79,689.0,2026-09-30,0.4834646380615235,761.6900024414062,2026-09-18,0.03287671232876712,0.039779999256134034,74.715
74.62,690.0,2026-09-30,0.4788260125732422,761.6900024414062,2026-09-18,0.03287671232876712,0.039779999256134034,73.74000000000001
69.86,691.0,2026-09-30,0.4738822143554688,761.6900024414062,2026-09-18,0.03287671232876712,0.039779999256134034,72.72
69.55,692.0,2026-09-30,0.4706473834228516,761.6900024414062,2026-09-18,0.03287671232876712,0.039779999256134034,71.75
74.04,693.0,2026-09-30,0.4642387561035156,761.6900024414062,2026-09-18,0.03287671232876712,0.039779999256134034,70.78999999999999
76.66,694.0,2026-09-30,0.45990530334472657,761.6900024414062,2026-09-18,0.03287671232876712,0.039779999256134034,69.745
67.02,695.0,2026-09-30,0.45526667785644537,761.6900024414062,2026-09-18,0.03287671232876712,0.039779999256134034,68.775
74.69,696.0,2026-09-30,0.4512994323730469,761.6900024414062,2026-09-18,0.03287671232876712,0.039779999256134034,67.77000000000001
67.56,697.0,2026-09-30,0.4451959777832031,761.6900024414062,2026-09-18,0.03287671232876712,0.039779999256134034,66.76
64.21,698.0,2026-09-30,0.4401911450195312,761.6900024414062,2026-09-18,0.03287671232876712,0.039779999256134034,65.785
63.64,699.0,2026-09-30,0.436529072265625,761.6900024414062,2026-09-18,0.03287671232876712,0.039779999256134034,64.785
60.66,700.0,2026-09-30,0.4314632049560547,761.6900024414062,2026-09-18,0.03287671232876712,0.039779999256134034,63.885
58.79,701.0,2026-09-30,0.4267025103759766,761.6900024414062,2026-09-18,0.03287671232876712,0.039779999256134034,62.8
50.25,702.0,2026-09-30,0.4213314703369141,761.6900024414062,2026-09-18,0.03287671232876712,0.039779999256134034,61.855000000000004
57.48,703.0,2026-09-30,0.4165707757568359,761.6900024414062,2026-09-18,0.03287671232876712,0.039779999256134034,60.86
58.41,704.0,2026-09-30,0.4115049084472656,761.6900024414062,2026-09-18,0.03287671232876712,0.039779999256134034,59.81
57.08,705.0,2026-09-30,0.40735455932617193,761.6900024414062,2026-09-18,0.03287671232876712,0.039779999256134034,58.83
58.97,706.0,2026-09-30,0.40259386474609377,761.6900024414062,2026-09-18,0.03287671232876712,0.039779999256134034,57.84
54.32,707.0,2026-09-30,0.397466962890625,761.6900024414062,2026-09-18,0.03287671232876712,0.039779999256134034,56.82
54.61,708.0,2026-09-30,0.3939269592285156,761.6900024414062,2026-09-18,0.03287671232876712,0.039779999256134034,55.875
50.69,709.0,2026-09-30,0.38977661010742193,761.6900024414062,2026-09-18,0.03287671232876712,0.039779999256134034,54.894999999999996
51.81,710.0,2026-09-30,0.3830017755126953,761.6900024414062,2026-09-18,0.03287671232876712,0.039779999256134034,53.875
49.48,711.0,2026-09-30,0.3800110827636719,761.6900024414062,2026-09-18,0.03287671232876712,0.039779999256134034,52.97
49.62,712.0,2026-09-30,0.37329728271484375,761.6900024414062,2026-09-18,0.03287671232876712,0.039779999256134034,51.95
49.49,713.0,2026-09-30,0.37055072814941403,761.6900024414062,2026-09-18,0.03287671232876712,0.039779999256134034,50.94
46.19,714.0,2026-09-30,0.36536279174804687,761.6900024414062,2026-09-18,0.03287671232876712,0.039779999256134034,49.945
45.43,715.0,2026-09-30,0.3621889953613281,761.6900024414062,2026-09-18,0.03287671232876712,0.039779999256134034,49.045
40.8,716.0,2026-09-30,0.3557803680419921,761.6900024414062,2026-09-18,0.03287671232876712,0.039779999256134034,47.974999999999994
42.0,717.0,2026-09-30,0.35108070800781244,761.6900024414062,2026-09-18,0.03287671232876712,0.039779999256134034,47.05
44.22,718.0,2026-09-30,0.3476017388916015,761.6900024414062,2026-09-18,0.03287671232876712,0.039779999256134034,46.085
42.02,719.0,2026-09-30,0.3428410443115234,761.6900024414062,2026-09-18,0.03287671232876712,0.039779999256134034,45.05
44.2,720.0,2026-09-30,0.33838552246093745,761.6900024414062,2026-09-18,0.03287671232876712,0.039779999256134034,44.075
41.56,721.0,2026-09-30,0.3336248278808594,761.6900024414062,2026-09-18,0.03287671232876712,0.039779999256134034,43.075
40.46,722.0,2026-09-30,0.3290472369384765,761.6900024414062,2026-09-18,0.03287671232876712,0.039779999256134034,42.12
39.22,723.0,2026-09-30,0.3242255078124999,761.6900024414062,2026-09-18,0.03287671232876712,0.039779999256134034,41.14
37.16,724.0,2026-09-30,0.31937326141357414,761.6900024414062,2026-09-18,0.03287671232876712,0.039779999256134034,40.215
35.64,725.0,2026-09-30,0.3104011831665039,761.6900024414062,2026-09-18,0.03287671232876712,0.039779999256134034,39.25
29.52,726.0,2026-09-30,0.3055184194946289,761.6900024414062,2026-09-18,0.03287671232876712,0.039779999256134034,38.275000000000006
33.32,727.0,2026-09-30,0.3008797940063477,761.6900024414062,2026-09-18,0.03287671232876712,0.039779999256134034,37.3
32.73,728.0,2026-09-30,0.29621065124511714,761.6900024414062,2026-09-18,0.03287671232876712,0.039779999256134034,36.315
31.82,729.0,2026-09-30,0.29148047393798815,761.6900024414062,2026-09-18,0.03287671232876712,0.039779999256134034,35.345
34.26,730.0,2026-09-30,0.2867502966308593,761.6900024414062,2026-09-18,0.03287671232876712,0.039779999256134034,34.375
24.97,731.0,2026-09-30,0.2819285675048828,761.6900024414062,2026-09-18,0.03287671232876712,0.039779999256134034,33.465
29.73,732.0,2026-09-30,0.27735097656249996,761.6900024414062,2026-09-18,0.03287671232876712,0.039779999256134034,32.46
26.95,733.0,2026-09-30,0.2727123510742187,761.6900024414062,2026-09-18,0.03287671232876712,0.039779999256134034,31.5
26.4,734.0,2026-09-30,0.268012691040039,761.6900024414062,2026-09-18,0.03287671232876712,0.039779999256134034,30.58
28.63,735.0,2026-09-30,0.2633130310058594,761.6900024414062,2026-09-18,0.03287671232876712,0.039779999256134034,29.58
25.77,736.0,2026-09-30,0.2587659573364258,761.6900024414062,2026-09-18,0.03287671232876712,0.039779999256134034,28.63
24.03,737.0,2026-09-30,0.2541578491210938,761.6900024414062,2026-09-18,0.03287671232876712,0.039779999256134034,27.68
23.71,738.0,2026-09-30,0.249732844543457,761.6900024414062,2026-09-18,0.03287671232876712,0.039779999256134034,26.765
24.29,739.0,2026-09-30,0.2452468054199219,761.6900024414062,2026-09-18,0.03287671232876712,0.039779999256134034,25.795
21.43,740.0,2026-09-30,0.24066921447753903,761.6900024414062,2026-09-18,0.03287671232876712,0.039779999256134034,24.86
20.7,741.0,2026-09-30,0.21921557159423827,761.6900024414062,2026-09-18,0.03287671232876712,0.039779999256134034,23.965000000000003
21.63,742.0,2026-09-30,0.2142412561035156,761.6900024414062,2026-09-18,0.03287671232876712,0.039779999256134034,23.04
20.36,743.0,2026-09-30,0.2092364233398437,761.6900024414062,2026-09-18,0.03287671232876712,0.039779999256134034,22.125
19.46,744.0,2026-09-30,0.20478090148925776,761.6900024414062,2026-09-18,0.03287671232876712,0.039779999256134034,21.21
19.1,745.0,2026-09-30,0.19068192138671874,761.6900024414062,2026-09-18,0.03287671232876712,0.039779999256134034,20.22
17.71,746.0,2026-09-30,0.19867744689941402,761.6900024414062,2026-09-18,0.03287671232876712,0.039779999256134034,19.515
15.56,747.0,2026-09-30,0.18921709228515626,761.6900024414062,2026-09-18,0.03287671232876712,0.039779999256134034,18.494999999999997
14.3,748.0,2026-09-30,0.18354087951660153,761.6900024414062,2026-09-18,0.03287671232876712,0.039779999256134034,17.7
13.84,749.0,2026-09-30,0.17292086853027344,761.6900024414062,2026-09-18,0.03287671232876712,0.039779999256134034,16.634999999999998
15.46,750.0,2026-09-30,0.17377535217285156,761.6900024414062,2026-09-18,0.03287671232876712,0.039779999256134034,15.965
13.1,751.0,2026-09-30,0.18094691131591795,761.6900024414062,2026-09-18,0.03287671232876712,0.039779999256134034,15.399999999999999
12.13,752.0,2026-09-30,0.1615074084472656,761.6900024414062,2026-09-18,0.03287671232876712,0.039779999256134034,14.19
11.36,753.0,2026-09-30,0.15924913024902343,761.6900024414062,2026-09-18,0.03287671232876712,0.039779999256134034,13.4
10.2,754.0,2026-09-30,0.1543968838500977,761.6900024414062,2026-09-18,0.03287671232876712,0.039779999256134034,12.559999999999999
11.6,755.0,2026-09-30,0.1505211901855469,761.6900024414062,2026-09-18,0.03287671232876712,0.039779999256134034,11.735
10.58,756.0,2026-09-30,0.14753049743652347,761.6900024414062,2026-09-18,0.03287671232876712,0.039779999256134034,10.965
9.85,757.0,2026-09-30,0.14350221740722657,761.6900024414062,2026-09-18,0.03287671232876712,0.039779999256134034,10.18
9.0,758.0,2026-09-30,0.13959600646972659,761.6900024414062,2026-09-18,0.03287671232876712,0.039779999256134034,9.42
8.0,759.0,2026-09-30,0.1341028973388672,761.6900024414062,2026-09-18,0.03287671232876712,0.039779999256134034,8.63
8.18,760.0,2026-09-30,0.13251599914550782,761.6900024414062,2026-09-18,0.03287671232876712,0.039779999256134034,7.975
7.02,761.0,2026-09-30,0.12961685821533203,761.6900024414062,2026-09-18,0.03287671232876712,0.039779999256134034,7.29
6.61,762.0,2026-09-30,0.12378805908203125,761.6900024414062,2026-09-18,0.03287671232876712,0.039779999256134034,6.595
6.13,763.0,2026-09-30,0.12082788360595703,761.6900024414062,2026-09-18,0.03287671232876712,0.039779999256134034,6.0
5.51,764.0,2026-09-30,0.1185085708618164,761.6900024414062,2026-09-18,0.03287671232876712,0.039779999256134034,5.415
4.93,765.0,2026-09-30,0.1160671890258789,761.6900024414062,2026-09-18,0.03287671232876712,0.039779999256134034,4.855
4.32,766.0,2026-09-30,0.11365632446289062,761.6900024414062,2026-09-18,0.03287671232876712,0.039779999256134034,4.33
3.92,767.0,2026-09-30,0.1114895980834961,761.6900024414062,2026-09-18,0.03287671232876712,0.039779999256134034,3.84
3.12,768.0,2026-09-30,0.10950597534179687,761.6900024414062,2026-09-18,0.03287671232876712,0.039779999256134034,3.3899999999999997
2.51,769.0,2026-09-30,0.10755286987304688,761.6900024414062,2026-09-18,0.03287671232876712,0.039779999256134034,2.9699999999999998
2.6,770.0,2026-09-30,0.10559976440429686,761.6900024414062,2026-09-18,0.03287671232876712,0.039779999256134034,2.585
2.26,771.0,2026-09-30,0.10382976257324218,761.6900024414062,2026-09-18,0.03287671232876712,0.039779999256134034,2.24
1.98,772.0,2026-09-30,0.10233441619873046,761.6900024414062,2026-09-18,0.03287671232876712,0.039779999256134034,1.9249999999999998
1.65,773.0,2026-09-30,0.100594931640625,761.6900024414062,2026-09-18,0.03287671232876712,0.039779999256134034,1.645
1.43,774.0,2026-09-30,0.09919113708496094,761.6900024414062,2026-09-18,0.03287671232876712,0.039779999256134034,1.395
1.18,775.0,2026-09-30,0.09790941162109376,761.6900024414062,2026-09-18,0.03287671232876712,0.039779999256134034,1.18
0.99,776.0,2026-09-30,0.09674975524902345,761.6900024414062,2026-09-18,0.03287671232876712,0.039779999256134034,0.99
0.83,777.0,2026-09-30,0.09589527160644533,761.6900024414062,2026-09-18,0.03287671232876712,0.039779999256134034,0.83
0.7,778.0,2026-09-30,0.09497975341796877,761.6900024414062,2026-09-18,0.03287671232876712,0.039779999256134034,0.69
0.55,779.0,2026-09-30,0.0937590625,761.6900024414062,2026-09-18,0.03287671232876712,0.039779999256134034,0.565
0.46,780.0,2026-09-30,0.09314871704101563,761.6900024414062,2026-09-18,0.03287671232876712,0.039779999256134034,0.46499999999999997
0.31,781.0,2026-09-30,0.092782509765625,761.6900024414062,2026-09-18,0.03287671232876712,0.039779999256134034,0.385
0.25,782.0,2026-09-30,0.0922942333984375,761.6900024414062,2026-09-18,0.03287671232876712,0.039779999256134034,0.315
0.25,783.0,2026-09-30,0.09241630249023436,761.6900024414062,2026-09-18,0.03287671232876712,0.039779999256134034,0.26
0.2,784.0,2026-09-30,0.09205009521484375,761.6900024414062,2026-09-18,0.03287671232876712,0.039779999256134034,0.215
0.18,785.0,2026-09-30,0.09192802612304687,761.6900024414062,2026-09-18,0.03287671232876712,0.039779999256134034,0.175
0.14,786.0,2026-09-30,0.09205009521484375,761.6900024414062,2026-09-18,0.03287671232876712,0.039779999256134034,0.14500000000000002
0.1,787.0,2026-09-30,0.09302664794921875,761.6900024414062,2026-09-18,0.03287671232876712,0.039779999256134034,0.125
0.07,788.0,2026-09-30,0.09351492431640626,761.6900024414062,2026-09-18,0.03287671232876712,0.039779999256134034,0.10500000000000001
0.09,789.0,2026-09-30,0.09497975341796877,761.6900024414062,2026-09-18,0.03287671232876712,0.039779999256134034,0.095
0.09,790.0,2026-09-30,0.09473561523437501,761.6900024414062,2026-09-18,0.03287671232876712,0.039779999256134034,0.07500000000000001
0.07,791.0,2026-09-30,0.09742113525390625,761.6900024414062,2026-09-18,0.03287671232876712,0.039779999256134034,0.07
0.05,792.0,2026-09-30,0.0981535498046875,761.6900024414062,2026-09-18,0.03287671232876712,0.039779999256134034,0.065
0.06,793.0,2026-09-30,0.0991301025390625,761.6900024414062,2026-09-18,0.03287671232876712,0.039779999256134034,0.055
0.05,794.0,2026-09-30,0.10157148437499999,761.6900024414062,2026-09-18,0.03287671232876712,0.039779999256134034,0.055
0.04,795.0,2026-09-30,0.10205976074218749,761.6900024414062,2026-09-18,0.03287671232876712,0.039779999256134034,0.045
0.03,796.0,2026-09-30,0.10450114257812498,761.6900024414062,2026-09-18,0.03287671232876712,0.039779999256134034,0.045
0.03,797.0,2026-09-30,0.1069425244140625,761.6900024414062,2026-09-18,0.03287671232876712,0.039779999256134034,0.045
0.03,798.0,2026-09-30,0.106454248046875,761.6900024414062,2026-09-18,0.03287671232876712,0.039779999256134034,0.035
0.03,799.0,2026-09-30,0.10938390625,761.6900024414062,2026-09-18,0.03287671232876712,0.039779999256134034,0.035
0.03,800.0,2026-09-30,0.11133701171874999,761.6900024414062,2026-09-18,0.03287671232876712,0.039779999256134034,0.035
0.03,801.0,2026-09-30,0.11426666992187501,761.6900024414062,2026-09-18,0.03287671232876712,0.039779999256134034,0.035
0.03,802.0,2026-09-30,0.1128018408203125,761.6900024414062,2026-09-18,0.03287671232876712,0.039779999256134034,0.025
0.02,803.0,2026-09-30,0.11524322265625,761.6900024414062,2026-09-18,0.03287671232876712,0.039779999256134034,0.025
0.02,804.0,2026-09-30,0.117196328125,761.6900024414062,2026-09-18,0.03287671232876712,0.039779999256134034,0.025
0.02,805.0,2026-09-30,0.12012598632812499,761.6900024414062,2026-09-18,0.03287671232876712,0.039779999256134034,0.025
0.03,806.0,2026-09-30,0.12207909179687501,761.6900024414062,2026-09-18,0.03287671232876712,0.039779999256134034,0.025
0.03,807.0,2026-09-30,0.12500875,761.6900024414062,2026-09-18,0.03287671232876712,0.039779999256134034,0.025
0.02,808.0,2026-09-30,0.12696185546875,761.6900024414062,2026-09-18,0.03287671232876712,0.039779999256134034,0.025
0.02,809.0,2026-09-30,0.129891513671875,761.6900024414062,2026-09-18,0.03287671232876712,0.039779999256134034,0.025
0.02,810.0,2026-09-30,0.131844619140625,761.6900024414062,2026-09-18,0.03287671232876712,0.039779999256134034,0.025
0.02,811.0,2026-09-30,0.1289149609375,761.6900024414062,2026-09-18,0.03287671232876712,0.039779999256134034,0.015
0.01,812.0,2026-09-30,0.13086806640624998,761.6900024414062,2026-09-18,0.03287671232876712,0.039779999256134034,0.015
0.02,813.0,2026-09-30,0.132821171875,761.6900024414062,2026-09-18,0.03287671232876712,0.039779999256134034,0.015
0.01,814.0,2026-09-30,0.13477427734375003,761.6900024414062,2026-09-18,0.03287671232876712,0.039779999256134034,0.015
0.01,815.0,2026-09-30,0.13770393554687502,761.6900024414062,2026-09-18,0.03287671232876712,0.039779999256134034,0.015
0.01,816.0,2026-09-30,0.139657041015625,761.6900024414062,2026-09-18,0.03287671232876712,0.039779999256134034,0.015
0.02,817.0,2026-09-30,0.14258669921875,761.6900024414062,2026-09-18,0.03287671232876712,0.039779999256134034,0.015
0.03,818.0,2026-09-30,0.1445398046875,761.6900024414062,2026-09-18,0.03287671232876712,0.039779999256134034,0.015
0.01,819.0,2026-09-30,0.14649291015625,761.6900024414062,2026-09-18,0.03287671232876712,0.039779999256134034,0.015
0.02,820.0,2026-09-30,0.148446015625,761.6900024414062,2026-09-18,0.03287671232876712,0.039779999256134034,0.015
0.01,821.0,2026-09-30,0.15039912109375003,761.6900024414062,2026-09-18,0.03287671232876712,0.039779999256134034,0.015
0.02,822.0,2026-09-30,0.15235222656250003,761.6900024414062,2026-09-18,0.03287671232876712,0.039779999256134034,0.015
0.01,823.0,2026-09-30,0.15528188476562502,761.6900024414062,2026-09-18,0.03287671232876712,0.039779999256134034,0.015
0.02,824.0,2026-09-30,0.157234990234375,761.6900024414062,2026-09-18,0.03287671232876712,0.039779999256134034,0.015
0.01,825.0,2026-09-30,0.1601646484375,761.6900024414062,2026-09-18,0.03287671232876712,0.039779999256134034,0.015
0.01,826.0,2026-09-30,0.16211775390625,761.6900024414062,2026-09-18,0.03287671232876712,0.039779999256134034,0.015
0.01,827.0,2026-09-30,0.16407085937500002,761.6900024414062,2026-09-18,0.03287671232876712,0.039779999256134034,0.015
0.02,828.0,2026-09-30,0.16602396484375004,761.6900024414062,2026-09-18,0.03287671232876712,0.039779999256134034,0.015
0.01,829.0,2026-09-30,0.16797707031250003,761.6900024414062,2026-09-18,0.03287671232876712,0.039779999256134034,0.015
0.01,837.0,2026-09-30,0.18555501953124998,761.6900024414062,2026-09-18,0.03287671232876712,0.039779999256134034,0.015
157.91,610.0,2026-10-02,0.7044707287597658,761.6900024414062,2026-09-18,0.038356164383561646,0.039779999256134034,153.825
145.63,615.0,2026-10-02,0.6792024267578126,761.6900024414062,2026-09-18,0.038356164383561646,0.039779999256134034,148.765
140.44,620.0,2026-10-02,0.6599155102539063,761.6900024414062,2026-09-18,0.038356164383561646,0.039779999256134034,143.79000000000002
139.15,625.0,2026-10-02,0.6392858337402343,761.6900024414062,2026-09-18,0.038356164383561646,0.039779999256134034,138.79500000000002
134.74,630.0,2026-10-02,0.6199989172363283,761.6900024414062,2026-09-18,0.038356164383561646,0.039779999256134034,133.82
129.18,635.0,2026-10-02,0.6001016552734376,761.6900024414062,2026-09-18,0.038356164383561646,0.039779999256134034,128.835
124.19,640.0,2026-10-02,0.5839885351562499,761.6900024414062,2026-09-18,0.038356164383561646,0.039779999256134034,123.91499999999999
119.21,645.0,2026-10-02,0.56055126953125,761.6900024414062,2026-09-18,0.038356164383561646,0.039779999256134034,118.87
110.69,650.0,2026-10-02,0.5400436621093752,761.6900024414062,2026-09-18,0.038356164383561646,0.039779999256134034,113.875
99.18,655.0,2026-10-02,0.522343643798828,761.6900024414062,2026-09-18,0.038356164383561646,0.039779999256134034,108.93
100.83,660.0,2026-10-02,0.5023243127441408,761.6900024414062,2026-09-18,0.038356164383561646,0.039779999256134034,103.945
94.08,665.0,2026-10-02,0.5661664477539063,761.6900024414062,2026-09-18,0.038356164383561646,0.039779999256134034,98.97
89.42,670.0,2026-10-02,0.5438278039550781,761.6900024414062,2026-09-18,0.038356164383561646,0.039779999256134034,93.99000000000001
84.06,675.0,2026-10-02,0.5217943328857422,761.6900024414062,2026-09-18,0.038356164383561646,0.039779999256134034,89.00999999999999
81.17,680.0,2026-10-02,0.4996387927246094,761.6900024414062,2026-09-18,0.038356164383561646,0.039779999256134034,84.05000000000001
76.82,685.0,2026-10-02,0.47736118347167966,761.6900024414062,2026-09-18,0.038356164383561646,0.039779999256134034,79.08000000000001
71.52,690.0,2026-10-02,0.4572197833251954,761.6900024414062,2026-09-18,0.038356164383561646,0.039779999256134034,74.14500000000001
66.08,695.0,2026-10-02,0.4352473468017578,761.6900024414062,2026-09-18,0.038356164383561646,0.039779999256134034,69.195
59.52,700.0,2026-10-02,0.41358008300781246,761.6900024414062,2026-09-18,0.038356164383561646,0.039779999256134034,64.24000000000001
56.6,705.0,2026-10-02,0.39197385375976557,761.6900024414062,2026-09-18,0.038356164383561646,0.039779999256134034,59.32
51.25,710.0,2026-10-02,0.3702455554199219,761.6900024414062,2026-09-18,0.038356164383561646,0.039779999256134034,54.455
48.32,715.0,2026-10-02,0.3491581198120117,761.6900024414062,2026-09-18,0.038356164383561646,0.039779999256134034,49.565
42.35,720.0,2026-10-02,0.3244391287231445,761.6900024414062,2026-09-18,0.038356164383561646,0.039779999256134034,44.71
32.37,721.0,2026-10-02,0.3201361932373046,761.6900024414062,2026-09-18,0.038356164383561646,0.039779999256134034,43.795
41.05,722.0,2026-10-02,0.315863775024414,761.6900024414062,2026-09-18,0.038356164383561646,0.039779999256134034,42.765
40.13,723.0,2026-10-02,0.3112861840820312,761.6900024414062,2026-09-18,0.038356164383561646,0.039779999256134034,41.79
38.76,724.0,2026-10-02,0.30689169677734374,761.6900024414062,2026-09-18,0.038356164383561646,0.039779999256134034,40.879999999999995
36.71,725.0,2026-10-02,0.30249720947265624,761.6900024414062,2026-09-18,0.038356164383561646,0.039779999256134034,39.85
35.83,726.0,2026-10-02,0.29834686035156244,761.6900024414062,2026-09-18,0.038356164383561646,0.039779999256134034,38.885
36.35,727.0,2026-10-02,0.2938913385009765,761.6900024414062,2026-09-18,0.038356164383561646,0.039779999256134034,37.915
34.15,728.0,2026-10-02,0.2896189202880859,761.6900024414062,2026-09-18,0.038356164383561646,0.039779999256134034,37.015
35.25,729.0,2026-10-02,0.28531598480224607,761.6900024414062,2026-09-18,0.038356164383561646,0.039779999256134034,35.995
35.0,730.0,2026-10-02,0.280982532043457,761.6900024414062,2026-09-18,0.038356164383561646,0.039779999256134034,35.035
26.1,731.0,2026-10-02,0.2766185620117187,761.6900024414062,2026-09-18,0.038356164383561646,0.039779999256134034,34.075
25.32,732.0,2026-10-02,0.2724071783447265,761.6900024414062,2026-09-18,0.038356164383561646,0.039779999256134034,33.14
30.38,733.0,2026-10-02,0.26819579467773436,761.6900024414062,2026-09-18,0.038356164383561646,0.039779999256134034,32.19
23.32,734.0,2026-10-02,0.26389285919189454,761.6900024414062,2026-09-18,0.038356164383561646,0.039779999256134034,31.225
29.03,735.0,2026-10-02,0.25977302734375,761.6900024414062,2026-09-18,0.038356164383561646,0.039779999256134034,30.284999999999997
28.3,736.0,2026-10-02,0.25559216094970705,761.6900024414062,2026-09-18,0.038356164383561646,0.039779999256134034,29.345
27.17,737.0,2026-10-02,0.2515943981933594,761.6900024414062,2026-09-18,0.038356164383561646,0.039779999256134034,28.425
26.06,738.0,2026-10-02,0.22660075164794918,761.6900024414062,2026-09-18,0.038356164383561646,0.039779999256134034,27.32
24.09,739.0,2026-10-02,0.22226729888916014,761.6900024414062,2026-09-18,0.038356164383561646,0.039779999256134034,26.4
24.03,740.0,2026-10-02,0.2176591906738281,761.6900024414062,2026-09-18,0.038356164383561646,0.039779999256134034,25.475
17.89,741.0,2026-10-02,0.21323418609619144,761.6900024414062,2026-09-18,0.038356164383561646,0.039779999256134034,24.564999999999998
22.19,742.0,2026-10-02,0.20871762969970697,761.6900024414062,2026-09-18,0.038356164383561646,0.039779999256134034,23.665
21.4,743.0,2026-10-02,0.2043536596679687,761.6900024414062,2026-09-18,0.038356164383561646,0.039779999256134034,22.9
20.5,744.0,2026-10-02,0.2000812414550781,761.6900024414062,2026-09-18,0.038356164383561646,0.039779999256134034,21.975
19.83,745.0,2026-10-02,0.1951374432373047,761.6900024414062,2026-09-18,0.038356164383561646,0.039779999256134034,20.975
17.81,746.0,2026-10-02,0.1909260595703125,761.6900024414062,2026-09-18,0.038356164383561646,0.039779999256134034,20.215
16.97,747.0,2026-10-02,0.18738605590820312,761.6900024414062,2026-09-18,0.038356164383561646,0.039779999256134034,19.22
16.54,748.0,2026-10-02,0.1808248422241211,761.6900024414062,2026-09-18,0.038356164383561646,0.039779999256134034,18.424999999999997
16.45,749.0,2026-10-02,0.17899380584716795,761.6900024414062,2026-09-18,0.038356164383561646,0.039779999256134034,17.625
16.85,750.0,2026-10-02,0.17188328125000002,761.6900024414062,2026-09-18,0.038356164383561646,0.039779999256134034,16.765
13.06,751.0,2026-10-02,0.1708456939697266,761.6900024414062,2026-09-18,0.038356164383561646,0.039779999256134034,15.825
15.13,752.0,2026-10-02,0.16721413848876954,761.6900024414062,2026-09-18,0.038356164383561646,0.039779999256134034,15.120000000000001
13.46,753.0,2026-10-02,0.16339947937011723,761.6900024414062,2026-09-18,0.038356164383561646,0.039779999256134034,14.32
12.68,754.0,2026-10-02,0.15976792388916017,761.6900024414062,2026-09-18,0.038356164383561646,0.039779999256134034,13.510000000000002
12.55,755.0,2026-10-02,0.15631947204589847,761.6900024414062,2026-09-18,0.038356164383561646,0.039779999256134034,12.725000000000001
11.03,756.0,2026-10-02,0.15265739929199224,761.6900024414062,2026-09-18,0.038356164383561646,0.039779999256134034,11.92
10.42,757.0,2026-10-02,0.14926998199462893,761.6900024414062,2026-09-18,0.038356164383561646,0.039779999256134034,11.155000000000001
10.55,758.0,2026-10-02,0.14600463378906248,761.6900024414062,2026-09-18,0.038356164383561646,0.039779999256134034,10.415
9.4,759.0,2026-10-02,0.14267825103759768,761.6900024414062,2026-09-18,0.038356164383561646,0.039779999256134034,9.685
9.17,760.0,2026-10-02,0.13922979919433598,761.6900024414062,2026-09-18,0.038356164383561646,0.039779999256134034,8.969999999999999
8.12,761.0,2026-10-02,0.13666634826660157,761.6900024414062,2026-09-18,0.038356164383561646,0.039779999256134034,8.31
7.73,762.0,2026-10-02,0.1336146209716797,761.6900024414062,2026-09-18,0.038356164383561646,0.039779999256134034,7.65
7.11,763.0,2026-10-02,0.12937272003173828,761.6900024414062,2026-09-18,0.038356164383561646,0.039779999256134034,7.035
6.12,764.0,2026-10-02,0.12696185546875,761.6900024414062,2026-09-18,0.038356164383561646,0.039779999256134034,6.4350000000000005
5.89,765.0,2026-10-02,0.1247035772705078,761.6900024414062,2026-09-18,0.038356164383561646,0.039779999256134034,5.865
5.35,766.0,2026-10-02,0.122353747253418,761.6900024414062,2026-09-18,0.038356164383561646,0.039779999256134034,5.32
4.66,767.0,2026-10-02,0.1203090899658203,761.6900024414062,2026-09-18,0.038356164383561646,0.039779999256134034,4.805
4.38,768.0,2026-10-02,0.1183254672241211,761.6900024414062,2026-09-18,0.038356164383561646,0.039779999256134034,4.325
3.92,769.0,2026-10-02,0.11625029266357423,761.6900024414062,2026-09-18,0.038356164383561646,0.039779999256134034,3.87
3.47,770.0,2026-10-02,0.11423615264892578,761.6900024414062,2026-09-18,0.038356164383561646,0.039779999256134034,3.4450000000000003
3.11,771.0,2026-10-02,0.11267977172851562,761.6900024414062,2026-09-18,0.038356164383561646,0.039779999256134034,3.0599999999999996
2.75,772.0,2026-10-02,0.1110318389892578,761.6900024414062,2026-09-18,0.038356164383561646,0.039779999256134034,2.7
2.36,773.0,2026-10-02,0.10944494079589843,761.6900024414062,2026-09-18,0.038356164383561646,0.039779999256134034,2.375
2.05,774.0,2026-10-02,0.10798011169433594,761.6900024414062,2026-09-18,0.038356164383561646,0.039779999256134034,2.075
1.8,775.0,2026-10-02,0.10639321350097657,761.6900024414062,2026-09-18,0.038356164383561646,0.039779999256134034,1.8050000000000002
1.6,776.0,2026-10-02,0.10517252258300781,761.6900024414062,2026-09-18,0.038356164383561646,0.039779999256134034,1.565
1.39,777.0,2026-10-02,0.10389079711914062,761.6900024414062,2026-09-18,0.038356164383561646,0.039779999256134034,1.35
1.2,778.0,2026-10-02,0.10285320983886719,761.6900024414062,2026-09-18,0.038356164383561646,0.039779999256134034,1.16
0.91,779.0,2026-10-02,0.10212079528808593,761.6900024414062,2026-09-18,0.038356164383561646,0.039779999256134034,0.995
0.86,780.0,2026-10-02,0.10120527709960936,761.6900024414062,2026-09-18,0.038356164383561646,0.039779999256134034,0.85
0.68,781.0,2026-10-02,0.10071700073242187,761.6900024414062,2026-09-18,0.038356164383561646,0.039779999256134034,0.725
0.57,782.0,2026-10-02,0.1001066552734375,761.6900024414062,2026-09-18,0.038356164383561646,0.039779999256134034,0.62
0.55,783.0,2026-10-02,0.09986251708984376,761.6900024414062,2026-09-18,0.038356164383561646,0.039779999256134034,0.53
0.42,784.0,2026-10-02,0.09949630981445312,761.6900024414062,2026-09-18,0.038356164383561646,0.039779999256134034,0.45
0.37,785.0,2026-10-02,0.0991301025390625,761.6900024414062,2026-09-18,0.038356164383561646,0.039779999256134034,0.38
0.33,786.0,2026-10-02,0.09888596435546876,761.6900024414062,2026-09-18,0.038356164383561646,0.039779999256134034,0.325
0.2,787.0,2026-10-02,0.09937424072265624,761.6900024414062,2026-09-18,0.038356164383561646,0.039779999256134034,0.28
0.18,788.0,2026-10-02,0.09961837890625,761.6900024414062,2026-09-18,0.038356164383561646,0.039779999256134034,0.24
0.15,789.0,2026-10-02,0.09937424072265624,761.6900024414062,2026-09-18,0.038356164383561646,0.039779999256134034,0.20500000000000002
0.17,790.0,2026-10-02,0.10047286254882812,761.6900024414062,2026-09-18,0.038356164383561646,0.039779999256134034,0.18
0.12,791.0,2026-10-02,0.10035079345703124,761.6900024414062,2026-09-18,0.038356164383561646,0.039779999256134034,0.155
0.12,792.0,2026-10-02,0.10096113891601563,761.6900024414062,2026-09-18,0.038356164383561646,0.039779999256134034,0.135
0.09,793.0,2026-10-02,0.10254803710937499,761.6900024414062,2026-09-18,0.038356164383561646,0.039779999256134034,0.125
0.11,794.0,2026-10-02,0.10254803710937499,761.6900024414062,2026-09-18,0.038356164383561646,0.039779999256134034,0.10500000000000001
0.1,795.0,2026-10-02,0.10352458984374999,761.6900024414062,2026-09-18,0.038356164383561646,0.039779999256134034,0.095
0.07,796.0,2026-10-02,0.10450114257812498,761.6900024414062,2026-09-18,0.038356164383561646,0.039779999256134034,0.08499999999999999
0.08,797.0,2026-10-02,0.10718666259765625,761.6900024414062,2026-09-18,0.038356164383561646,0.039779999256134034,0.08499999999999999
0.06,798.0,2026-10-02,0.1079190771484375,761.6900024414062,2026-09-18,0.038356164383561646,0.039779999256134034,0.07500000000000001
0.1,799.0,2026-10-02,0.11036045898437499,761.6900024414062,2026-09-18,0.038356164383561646,0.039779999256134034,0.07
0.06,800.0,2026-10-02,0.11084873535156249,761.6900024414062,2026-09-18,0.038356164383561646,0.039779999256134034,0.065
0.08,801.0,2026-10-02,0.1132901171875,761.6900024414062,2026-09-18,0.038356164383561646,0.039779999256134034,0.065
0.06,802.0,2026-10-02,0.1132901171875,761.6900024414062,2026-09-18,0.038356164383561646,0.039779999256134034,0.055
0.05,803.0,2026-10-02,0.1157314990234375,761.6900024414062,2026-09-18,0.038356164383561646,0.039779999256134034,0.055
0.07,804.0,2026-10-02,0.118172880859375,761.6900024414062,2026-09-18,0.038356164383561646,0.039779999256134034,0.055
0.05,805.0,2026-10-02,0.118172880859375,761.6900024414062,2026-09-18,0.038356164383561646,0.039779999256134034,0.045
0.04,806.0,2026-10-02,0.12012598632812499,761.6900024414062,2026-09-18,0.038356164383561646,0.039779999256134034,0.045
0.07,807.0,2026-10-02,0.12256736816406251,761.6900024414062,2026-09-18,0.038356164383561646,0.039779999256134034,0.045
0.04,808.0,2026-10-02,0.12500875,761.6900024414062,2026-09-18,0.038356164383561646,0.039779999256134034,0.045
0.06,809.0,2026-10-02,0.124032197265625,761.6900024414062,2026-09-18,0.038356164383561646,0.039779999256134034,0.035
0.03,810.0,2026-10-02,0.125985302734375,761.6900024414062,2026-09-18,0.038356164383561646,0.039779999256134034,0.035
0.05,811.0,2026-10-02,0.127938408203125,761.6900024414062,2026-09-18,0.038356164383561646,0.039779999256134034,0.035
0.04,812.0,2026-10-02,0.13086806640624998,761.6900024414062,2026-09-18,0.038356164383561646,0.039779999256134034,0.035
0.03,813.0,2026-10-02,0.132821171875,761.6900024414062,2026-09-18,0.038356164383561646,0.039779999256134034,0.035
0.03,814.0,2026-10-02,0.13477427734375003,761.6900024414062,2026-09-18,0.038356164383561646,0.039779999256134034,0.035
0.03,815.0,2026-10-02,0.132821171875,761.6900024414062,2026-09-18,0.038356164383561646,0.039779999256134034,0.025
0.02,816.0,2026-10-02,0.13477427734375003,761.6900024414062,2026-09-18,0.038356164383561646,0.039779999256134034,0.025
0.04,817.0,2026-10-02,0.13672738281250002,761.6900024414062,2026-09-18,0.038356164383561646,0.039779999256134034,0.025
0.04,818.0,2026-10-02,0.139657041015625,761.6900024414062,2026-09-18,0.038356164383561646,0.039779999256134034,0.025
0.04,819.0,2026-10-02,0.141610146484375,761.6900024414062,2026-09-18,0.038356164383561646,0.039779999256134034,0.025
0.02,820.0,2026-10-02,0.143563251953125,761.6900024414062,2026-09-18,0.038356164383561646,0.039779999256134034,0.025
0.03,821.0,2026-10-02,0.145516357421875,761.6900024414062,2026-09-18,0.038356164383561646,0.039779999256134034,0.025
0.04,822.0,2026-10-02,0.147469462890625,761.6900024414062,2026-09-18,0.038356164383561646,0.039779999256134034,0.025
0.04,823.0,2026-10-02,0.149422568359375,761.6900024414062,2026-09-18,0.038356164383561646,0.039779999256134034,0.02
0.05,824.0,2026-10-02,0.145516357421875,761.6900024414062,2026-09-18,0.038356164383561646,0.039779999256134034,0.015
0.02,825.0,2026-10-02,0.148446015625,761.6900024414062,2026-09-18,0.038356164383561646,0.039779999256134034,0.015
0.01,830.0,2026-10-02,0.15821154296875,761.6900024414062,2026-09-18,0.038356164383561646,0.039779999256134034,0.015
0.02,835.0,2026-10-02,0.16797707031250003,761.6900024414062,2026-09-18,0.038356164383561646,0.039779999256134034,0.015
0.02,840.0,2026-10-02,0.17774259765625,761.6900024414062,2026-09-18,0.038356164383561646,0.039779999256134034,0.015
144.18,610.0,2026-10-09,0.6085854571533205,761.6900024414062,2026-09-18,0.057534246575342465,0.039779999256134034,154.465
139.12,615.0,2026-10-09,0.5908244042968751,761.6900024414062,2026-09-18,0.057534246575342465,0.039779999256134034,149.47
140.9,620.0,2026-10-09,0.5759319750976561,761.6900024414062,2026-09-18,0.057534246575342465,0.039779999256134034,144.53500000000003
131.0,630.0,2026-10-09,0.5412033184814455,761.6900024414062,2026-09-18,0.057534246575342465,0.039779999256134034,134.56
124.74,635.0,2026-10-09,0.526371923828125,761.6900024414062,2026-09-18,0.057534246575342465,0.039779999256134034,129.63
119.97,640.0,2026-10-09,0.5097705273437501,761.6900024414062,2026-09-18,0.057534246575342465,0.039779999256134034,124.66
112.73,650.0,2026-10-09,0.5427902166748049,761.6900024414062,2026-09-18,0.057534246575342465,0.039779999256134034,114.675
106.12,655.0,2026-10-09,0.5246019219970703,761.6900024414062,2026-09-18,0.057534246575342465,0.039779999256134034,109.72
102.73,660.0,2026-10-09,0.5062915582275391,761.6900024414062,2026-09-18,0.057534246575342465,0.039779999256134034,104.8
97.6,665.0,2026-10-09,0.48969016174316415,761.6900024414062,2026-09-18,0.057534246575342465,0.039779999256134034,99.82499999999999
90.0,670.0,2026-10-09,0.47070841796875,761.6900024414062,2026-09-18,0.057534246575342465,0.039779999256134034,94.9
84.93,675.0,2026-10-09,0.4522149505615235,761.6900024414062,2026-09-18,0.057534246575342465,0.039779999256134034,89.945
81.73,680.0,2026-10-09,0.434148724975586,761.6900024414062,2026-09-18,0.057534246575342465,0.039779999256134034,84.97999999999999
76.22,685.0,2026-10-09,0.4166928448486328,761.6900024414062,2026-09-18,0.057534246575342465,0.039779999256134034,80.045
73.8,690.0,2026-10-09,0.39905386108398444,761.6900024414062,2026-09-18,0.057534246575342465,0.039779999256134034,75.155
68.5,695.0,2026-10-09,0.3816590155029296,761.6900024414062,2026-09-18,0.057534246575342465,0.039779999256134034,70.25
61.83,700.0,2026-10-09,0.3639895144653321,761.6900024414062,2026-09-18,0.057534246575342465,0.039779999256134034,65.325
56.87,705.0,2026-10-09,0.3460148406982422,761.6900024414062,2026-09-18,0.057534246575342465,0.039779999256134034,60.455
53.96,710.0,2026-10-09,0.3251410260009765,761.6900024414062,2026-09-18,0.057534246575342465,0.039779999256134034,55.67
49.2,715.0,2026-10-09,0.3073799731445312,761.6900024414062,2026-09-18,0.057534246575342465,0.039779999256134034,50.82
44.44,720.0,2026-10-09,0.28992409301757804,761.6900024414062,2026-09-18,0.057534246575342465,0.039779999256134034,45.965
36.75,721.0,2026-10-09,0.2864146066284179,761.6900024414062,2026-09-18,0.057534246575342465,0.039779999256134034,45.045
40.5,723.0,2026-10-09,0.27948718566894526,761.6900024414062,2026-09-18,0.057534246575342465,0.039779999256134034,43.095
38.63,724.0,2026-10-09,0.2760692510986328,761.6900024414062,2026-09-18,0.057534246575342465,0.039779999256134034,42.185
39.35,725.0,2026-10-09,0.27259028198242186,761.6900024414062,2026-09-18,0.057534246575342465,0.039779999256134034,41.235
32.32,726.0,2026-10-09,0.2691113128662109,761.6900024414062,2026-09-18,0.057534246575342465,0.039779999256134034,40.230000000000004
34.04,727.0,2026-10-09,0.26581544738769536,761.6900024414062,2026-09-18,0.057534246575342465,0.039779999256134034,39.3
36.26,728.0,2026-10-09,0.262275443725586,761.6900024414062,2026-09-18,0.057534246575342465,0.039779999256134034,38.394999999999996
35.85,729.0,2026-10-09,0.2590406127929688,761.6900024414062,2026-09-18,0.057534246575342465,0.039779999256134034,37.42
32.83,730.0,2026-10-09,0.23780059082031246,761.6900024414062,2026-09-18,0.057534246575342465,0.039779999256134034,36.35
30.56,731.0,2026-10-09,0.23508455352783203,761.6900024414062,2026-09-18,0.057534246575342465,0.039779999256134034,35.405
27.19,732.0,2026-10-09,0.23154454986572265,761.6900024414062,2026-09-18,0.057534246575342465,0.039779999256134034,34.47
30.9,733.0,2026-10-09,0.22782144256591796,761.6900024414062,2026-09-18,0.057534246575342465,0.039779999256134034,33.555
25.43,734.0,2026-10-09,0.22440350799560543,761.6900024414062,2026-09-18,0.057534246575342465,0.039779999256134034,32.64
30.09,735.0,2026-10-09,0.2209245388793945,761.6900024414062,2026-09-18,0.057534246575342465,0.039779999256134034,31.814999999999998
23.12,736.0,2026-10-09,0.21741505249023438,761.6900024414062,2026-09-18,0.057534246575342465,0.039779999256134034,30.814999999999998
28.84,737.0,2026-10-09,0.2140276351928711,761.6900024414062,2026-09-18,0.057534246575342465,0.039779999256134034,29.91
27.43,738.0,2026-10-09,0.21060970062255857,761.6900024414062,2026-09-18,0.057534246575342465,0.039779999256134034,29.009999999999998
26.68,739.0,2026-10-09,0.20694762786865228,761.6900024414062,2026-09-18,0.057534246575342465,0.039779999256134034,28.185
24.74,740.0,2026-10-09,0.20356021057128904,761.6900024414062,2026-09-18,0.057534246575342465,0.039779999256134034,27.22
19.97,741.0,2026-10-09,0.20014227600097656,761.6900024414062,2026-09-18,0.057534246575342465,0.039779999256134034,26.4
21.79,742.0,2026-10-09,0.19712106597900392,761.6900024414062,2026-09-18,0.057534246575342465,0.039779999256134034,25.455
21.92,743.0,2026-10-09,0.1935505450439453,761.6900024414062,2026-09-18,0.057534246575342465,0.039779999256134034,24.575000000000003
21.97,744.0,2026-10-09,0.18976640319824223,761.6900024414062,2026-09-18,0.057534246575342465,0.039779999256134034,23.79
20.98,745.0,2026-10-09,0.1867146759033203,761.6900024414062,2026-09-18,0.057534246575342465,0.039779999256134034,22.91
21.03,746.0,2026-10-09,0.18338829315185545,761.6900024414062,2026-09-18,0.057534246575342465,0.039779999256134034,22.095
19.35,747.0,2026-10-09,0.18030604858398439,761.6900024414062,2026-09-18,0.057534246575342465,0.039779999256134034,21.2
19.89,748.0,2026-10-09,0.17774259765625,761.6900024414062,2026-09-18,0.057534246575342465,0.039779999256134034,20.325
18.73,749.0,2026-10-09,0.17432466308593753,761.6900024414062,2026-09-18,0.057534246575342465,0.039779999256134034,19.585
18.11,750.0,2026-10-09,0.1713950048828125,761.6900024414062,2026-09-18,0.057534246575342465,0.039779999256134034,18.685000000000002
15.38,751.0,2026-10-09,0.16864845031738285,761.6900024414062,2026-09-18,0.057534246575342465,0.039779999256134034,17.924999999999997
14.91,752.0,2026-10-09,0.16547465393066407,761.6900024414062,2026-09-18,0.057534246575342465,0.039779999256134034,17.08
15.69,753.0,2026-10-09,0.1627891339111328,761.6900024414062,2026-09-18,0.057534246575342465,0.039779999256134034,16.294999999999998
13.41,754.0,2026-10-09,0.15979844116210937,761.6900024414062,2026-09-18,0.057534246575342465,0.039779999256134034,15.57
14.78,755.0,2026-10-09,0.15699085205078128,761.6900024414062,2026-09-18,0.057534246575342465,0.039779999256134034,14.805
13.5,756.0,2026-10-09,0.1540001593017578,761.6900024414062,2026-09-18,0.057534246575342465,0.039779999256134034,14.024999999999999
13.0,757.0,2026-10-09,0.15158929473876953,761.6900024414062,2026-09-18,0.057534246575342465,0.039779999256134034,13.29
12.33,758.0,2026-10-09,0.14899532653808595,761.6900024414062,2026-09-18,0.057534246575342465,0.039779999256134034,12.58
11.64,759.0,2026-10-09,0.1463708410644531,761.6900024414062,2026-09-18,0.057534246575342465,0.039779999256134034,11.855
11.1,760.0,2026-10-09,0.14368532104492188,761.6900024414062,2026-09-18,0.057534246575342465,0.039779999256134034,11.165
10.0,761.0,2026-10-09,0.1416406637573242,761.6900024414062,2026-09-18,0.057534246575342465,0.039779999256134034,10.495000000000001
9.56,762.0,2026-10-09,0.1392603164672852,761.6900024414062,2026-09-18,0.057534246575342465,0.039779999256134034,9.815000000000001
8.46,763.0,2026-10-09,0.13556772644042972,761.6900024414062,2026-09-18,0.057534246575342465,0.039779999256134034,9.205
8.55,764.0,2026-10-09,0.13355358642578125,761.6900024414062,2026-09-18,0.057534246575342465,0.039779999256134034,8.595
8.14,765.0,2026-10-09,0.13132582550048827,761.6900024414062,2026-09-18,0.057534246575342465,0.039779999256134034,7.994999999999999
7.3,766.0,2026-10-09,0.12952530639648438,761.6900024414062,2026-09-18,0.057534246575342465,0.039779999256134034,7.425
6.85,767.0,2026-10-09,0.12748064910888673,761.6900024414062,2026-09-18,0.057534246575342465,0.039779999256134034,6.875
6.36,768.0,2026-10-09,0.1255885781860352,761.6900024414062,2026-09-18,0.057534246575342465,0.039779999256134034,6.345
5.71,769.0,2026-10-09,0.12381857635498048,761.6900024414062,2026-09-18,0.057534246575342465,0.039779999256134034,5.845
5.44,770.0,2026-10-09,0.12223167816162112,761.6900024414062,2026-09-18,0.057534246575342465,0.039779999256134034,5.37
4.65,771.0,2026-10-09,0.1204616763305664,761.6900024414062,2026-09-18,0.057534246575342465,0.039779999256134034,4.915
4.29,772.0,2026-10-09,0.1188442608642578,761.6900024414062,2026-09-18,0.057534246575342465,0.039779999256134034,4.484999999999999
4.08,773.0,2026-10-09,0.11722684539794923,761.6900024414062,2026-09-18,0.057534246575342465,0.039779999256134034,4.08
3.6,774.0,2026-10-09,0.1159146026611328,761.6900024414062,2026-09-18,0.057534246575342465,0.039779999256134034,3.705
3.35,775.0,2026-10-09,0.11441925628662111,761.6900024414062,2026-09-18,0.057534246575342465,0.039779999256134034,3.3499999999999996
3.08,776.0,2026-10-09,0.11322908264160156,761.6900024414062,2026-09-18,0.057534246575342465,0.039779999256134034,3.0300000000000002
2.8,777.0,2026-10-09,0.11191683990478514,761.6900024414062,2026-09-18,0.057534246575342465,0.039779999256134034,2.725
2.47,778.0,2026-10-09,0.11057407989501952,761.6900024414062,2026-09-18,0.057534246575342465,0.039779999256134034,2.4450000000000003
2.22,779.0,2026-10-09,0.10962804443359375,761.6900024414062,2026-09-18,0.057534246575342465,0.039779999256134034,2.1950000000000003
1.98,780.0,2026-10-09,0.1087125262451172,761.6900024414062,2026-09-18,0.057534246575342465,0.039779999256134034,1.9649999999999999
1.78,781.0,2026-10-09,0.10767493896484376,761.6900024414062,2026-09-18,0.057534246575342465,0.039779999256134034,1.75
1.6,782.0,2026-10-09,0.1069425244140625,761.6900024414062,2026-09-18,0.057534246575342465,0.039779999256134034,1.5550000000000002
1.08,783.0,2026-10-09,0.1063016616821289,761.6900024414062,2026-09-18,0.057534246575342465,0.039779999256134034,1.385
1.18,784.0,2026-10-09,0.10553872985839843,761.6900024414062,2026-09-18,0.057534246575342465,0.039779999256134034,1.23
1.09,785.0,2026-10-09,0.10529459167480469,761.6900024414062,2026-09-18,0.057534246575342465,0.039779999256134034,1.0950000000000002
0.96,786.0,2026-10-09,0.1046842462158203,761.6900024414062,2026-09-18,0.057534246575342465,0.039779999256134034,0.97
0.82,787.0,2026-10-09,0.10431803894042967,761.6900024414062,2026-09-18,0.057534246575342465,0.039779999256134034,0.86
0.74,788.0,2026-10-09,0.10395183166503905,761.6900024414062,2026-09-18,0.057534246575342465,0.039779999256134034,0.76
0.69,789.0,2026-10-09,0.10395183166503905,761.6900024414062,2026-09-18,0.057534246575342465,0.039779999256134034,0.675
0.53,790.0,2026-10-09,0.1037076934814453,761.6900024414062,2026-09-18,0.057534246575342465,0.039779999256134034,0.6
0.4,791.0,2026-10-09,0.10352458984374999,761.6900024414062,2026-09-18,0.057534246575342465,0.039779999256134034,0.53
0.48,792.0,2026-10-09,0.10352458984374999,761.6900024414062,2026-09-18,0.057534246575342465,0.039779999256134034,0.47
0.4,793.0,2026-10-09,0.10376872802734374,761.6900024414062,2026-09-18,0.057534246575342465,0.039779999256134034,0.42
0.31,794.0,2026-10-09,0.10364665893554686,761.6900024414062,2026-09-18,0.057534246575342465,0.039779999256134034,0.37
0.34,795.0,2026-10-09,0.10389079711914062,761.6900024414062,2026-09-18,0.057534246575342465,0.039779999256134034,0.335
0.26,796.0,2026-10-09,0.10450114257812498,761.6900024414062,2026-09-18,0.057534246575342465,0.039779999256134034,0.3
0.21,797.0,2026-10-09,0.1049894189453125,761.6900024414062,2026-09-18,0.057534246575342465,0.039779999256134034,0.27
0.2,798.0,2026-10-09,0.10523355712890625,761.6900024414062,2026-09-18,0.057534246575342465,0.039779999256134034,0.24
0.16,799.0,2026-10-09,0.10596597167968749,761.6900024414062,2026-09-18,0.057534246575342465,0.039779999256134034,0.22
0.2,800.0,2026-10-09,0.10572183349609374,761.6900024414062,2026-09-18,0.057534246575342465,0.039779999256134034,0.195
0.15,801.0,2026-10-09,0.10706459350585937,761.6900024414062,2026-09-18,0.057534246575342465,0.039779999256134034,0.18
0.13,802.0,2026-10-09,0.10743080078125,761.6900024414062,2026-09-18,0.057534246575342465,0.039779999256134034,0.165
0.13,803.0,2026-10-09,0.10852942260742188,761.6900024414062,2026-09-18,0.057534246575342465,0.039779999256134034,0.15000000000000002
0.11,804.0,2026-10-09,0.108407353515625,761.6900024414062,2026-09-18,0.057534246575342465,0.039779999256134034,0.135
0.11,805.0,2026-10-09,0.10938390625,761.6900024414062,2026-09-18,0.057534246575342465,0.039779999256134034,0.125
0.1,806.0,2026-10-09,0.11011632080078124,761.6900024414062,2026-09-18,0.057534246575342465,0.039779999256134034,0.11499999999999999
0.09,807.0,2026-10-09,0.11231356445312499,761.6900024414062,2026-09-18,0.057534246575342465,0.039779999256134034,0.11
0.09,808.0,2026-10-09,0.1128018408203125,761.6900024414062,2026-09-18,0.057534246575342465,0.039779999256134034,0.10500000000000001
0.09,809.0,2026-10-09,0.1132901171875,761.6900024414062,2026-09-18,0.057534246575342465,0.039779999256134034,0.095
0.09,810.0,2026-10-09,0.11548736083984376,761.6900024414062,2026-09-18,0.057534246575342465,0.039779999256134034,0.095
0.1,811.0,2026-10-09,0.1157314990234375,761.6900024414062,2026-09-18,0.057534246575342465,0.039779999256134034,0.08499999999999999
0.08,812.0,2026-10-09,0.1176846044921875,761.6900024414062,2026-09-18,0.057534246575342465,0.039779999256134034,0.08499999999999999
0.1,813.0,2026-10-09,0.1176846044921875,761.6900024414062,2026-09-18,0.057534246575342465,0.039779999256134034,0.07500000000000001
0.09,814.0,2026-10-09,0.11963770996093749,761.6900024414062,2026-09-18,0.057534246575342465,0.039779999256134034,0.07500000000000001
0.07,815.0,2026-10-09,0.1215908154296875,761.6900024414062,2026-09-18,0.057534246575342465,0.039779999256134034,0.07
0.08,816.0,2026-10-09,0.1215908154296875,761.6900024414062,2026-09-18,0.057534246575342465,0.039779999256134034,0.065
0.09,817.0,2026-10-09,0.1235439208984375,761.6900024414062,2026-09-18,0.057534246575342465,0.039779999256134034,0.065
0.06,818.0,2026-10-09,0.12549702636718751,761.6900024414062,2026-09-18,0.057534246575342465,0.039779999256134034,0.060000000000000005
0.06,819.0,2026-10-09,0.12500875,761.6900024414062,2026-09-18,0.057534246575342465,0.039779999256134034,0.055
0.04,820.0,2026-10-09,0.12647357910156248,761.6900024414062,2026-09-18,0.057534246575342465,0.039779999256134034,0.055
0.04,821.0,2026-10-09,0.12842668457031248,761.6900024414062,2026-09-18,0.057534246575342465,0.039779999256134034,0.055
0.06,822.0,2026-10-09,0.13037979003906247,761.6900024414062,2026-09-18,0.057534246575342465,0.039779999256134034,0.05
0.04,823.0,2026-10-09,0.1294032373046875,761.6900024414062,2026-09-18,0.057534246575342465,0.039779999256134034,0.045
0.06,824.0,2026-10-09,0.13086806640624998,761.6900024414062,2026-09-18,0.057534246575342465,0.039779999256134034,0.045
0.04,825.0,2026-10-09,0.132821171875,761.6900024414062,2026-09-18,0.057534246575342465,0.039779999256134034,0.045
0.04,830.0,2026-10-09,0.1381922119140625,761.6900024414062,2026-09-18,0.057534246575342465,0.039779999256134034,0.035
0.04,835.0,2026-10-09,0.14258669921875,761.6900024414062,2026-09-18,0.057534246575342465,0.039779999256134034,0.025
0.03,840.0,2026-10-09,0.15039912109375003,761.6900024414062,2026-09-18,0.057534246575342465,0.039779999256134034,0.025
0.04,845.0,2026-10-09,0.15235222656250003,761.6900024414062,2026-09-18,0.057534246575342465,0.039779999256134034,0.015
0.02,850.0,2026-10-09,0.1601646484375,761.6900024414062,2026-09-18,0.057534246575342465,0.039779999256134034,0.015
0.03,855.0,2026-10-09,0.16797707031250003,761.6900024414062,2026-09-18,0.057534246575342465,0.039779999256134034,0.015
0.01,860.0,2026-10-09,0.1757894921875,761.6900024414062,2026-09-18,0.057534246575342465,0.039779999256134034,0.015
152.54,610.0,2026-10-16,0.5532271240234375,761.6900024414062,2026-09-18,0.07671232876712329,0.039779999256134034,155.12
148.55,615.0,2026-10-16,0.5384567639160158,761.6900024414062,2026-09-18,0.07671232876712329,0.039779999256134034,150.155
131.65,620.0,2026-10-16,0.5238084729003907,761.6900024414062,2026-09-18,0.07671232876712329,0.039779999256134034,145.195
138.65,625.0,2026-10-16,0.5092822509765625,761.6900024414062,2026-09-18,0.07671232876712329,0.039779999256134034,140.24
131.5,630.0,2026-10-16,0.5518233294677735,761.6900024414062,2026-09-18,0.07671232876712329,0.039779999256134034,135.265
126.8,635.0,2026-10-16,0.536259520263672,761.6900024414062,2026-09-18,0.07671232876712329,0.039779999256134034,130.32
123.6,640.0,2026-10-16,0.5208788146972656,761.6900024414062,2026-09-18,0.07671232876712329,0.039779999256134034,125.375
120.5,645.0,2026-10-16,0.5047046600341796,761.6900024414062,2026-09-18,0.07671232876712329,0.039779999256134034,120.42
113.8,650.0,2026-10-16,0.48898826446533217,761.6900024414062,2026-09-18,0.07671232876712329,0.039779999256134034,115.475
108.13,655.0,2026-10-16,0.47223428161621095,761.6900024414062,2026-09-18,0.07671232876712329,0.039779999256134034,110.50999999999999
103.74,660.0,2026-10-16,0.45715874877929696,761.6900024414062,2026-09-18,0.07671232876712329,0.039779999256134034,105.58500000000001
98.86,665.0,2026-10-16,0.44125924957275386,761.6900024414062,2026-09-18,0.07671232876712329,0.039779999256134034,100.64500000000001
92.5,670.0,2026-10-16,0.4255428540039063,761.6900024414062,2026-09-18,0.07671232876712329,0.039779999256134034,95.715
89.35,675.0,2026-10-16,0.4096738720703125,761.6900024414062,2026-09-18,0.07671232876712329,0.039779999256134034,90.785
82.44,680.0,2026-10-16,0.3939269592285156,761.6900024414062,2026-09-18,0.07671232876712329,0.039779999256134034,85.86500000000001
79.48,685.0,2026-10-16,0.3784547018432617,761.6900024414062,2026-09-18,0.07671232876712329,0.039779999256134034,80.96
73.06,690.0,2026-10-16,0.3627993408203125,761.6900024414062,2026-09-18,0.07671232876712329,0.039779999256134034,76.065
69.75,695.0,2026-10-16,0.3473576007080078,761.6900024414062,2026-09-18,0.07671232876712329,0.039779999256134034,71.235
66.51,700.0,2026-10-16,0.33185482604980465,761.6900024414062,2026-09-18,0.07671232876712329,0.039779999256134034,66.38
63.86,701.0,2026-10-16,0.3288030987548828,761.6900024414062,2026-09-18,0.07671232876712329,0.039779999256134034,65.455
61.45,702.0,2026-10-16,0.3257208541870117,761.6900024414062,2026-09-18,0.07671232876712329,0.039779999256134034,64.42500000000001
60.49,703.0,2026-10-16,0.32282171325683584,761.6900024414062,2026-09-18,0.07671232876712329,0.039779999256134034,63.459999999999994
59.53,704.0,2026-10-16,0.3197089514160155,761.6900024414062,2026-09-18,0.07671232876712329,0.039779999256134034,62.55
58.57,705.0,2026-10-16,0.3165961895751953,761.6900024414062,2026-09-18,0.07671232876712329,0.039779999256134034,61.54
58.15,706.0,2026-10-16,0.31366653137207035,761.6900024414062,2026-09-18,0.07671232876712329,0.039779999256134034,60.575
55.97,707.0,2026-10-16,0.3105232522583008,761.6900024414062,2026-09-18,0.07671232876712329,0.039779999256134034,59.595
56.74,708.0,2026-10-16,0.3075630767822265,761.6900024414062,2026-09-18,0.07671232876712329,0.039779999256134034,58.69
66.69,709.0,2026-10-16,0.3045723840332031,761.6900024414062,2026-09-18,0.07671232876712329,0.039779999256134034,57.67
53.5,710.0,2026-10-16,0.30155117401123044,761.6900024414062,2026-09-18,0.07671232876712329,0.039779999256134034,56.709999999999994
47.15,711.0,2026-10-16,0.2985299639892578,761.6900024414062,2026-09-18,0.07671232876712329,0.039779999256134034,55.81
51.63,712.0,2026-10-16,0.2954782366943359,761.6900024414062,2026-09-18,0.07671232876712329,0.039779999256134034,54.85
50.69,713.0,2026-10-16,0.2925790957641601,761.6900024414062,2026-09-18,0.07671232876712329,0.039779999256134034,53.855000000000004
51.31,714.0,2026-10-16,0.28967995483398434,761.6900024414062,2026-09-18,0.07671232876712329,0.039779999256134034,52.94499999999999
51.11,715.0,2026-10-16,0.286567192993164,761.6900024414062,2026-09-18,0.07671232876712329,0.039779999256134034,51.99
47.65,716.0,2026-10-16,0.28363753479003895,761.6900024414062,2026-09-18,0.07671232876712329,0.039779999256134034,51.04
48.33,717.0,2026-10-16,0.28064684204101553,761.6900024414062,2026-09-18,0.07671232876712329,0.039779999256134034,50.09
46.01,718.0,2026-10-16,0.27780873565673825,761.6900024414062,2026-09-18,0.07671232876712329,0.039779999256134034,49.09
50.85,719.0,2026-10-16,0.2747875256347656,761.6900024414062,2026-09-18,0.07671232876712329,0.039779999256134034,48.19499999999999
45.6,720.0,2026-10-16,0.271918901977539,761.6900024414062,2026-09-18,0.07671232876712329,0.039779999256134034,47.54
44.65,721.0,2026-10-16,0.26901976104736325,761.6900024414062,2026-09-18,0.07671232876712329,0.039779999256134034,46.260000000000005
44.15,722.0,2026-10-16,0.2500685345458984,761.6900024414062,2026-09-18,0.07671232876712329,0.039779999256134034,45.18
43.27,723.0,2026-10-16,0.2471083590698242,761.6900024414062,2026-09-18,0.07671232876712329,0.039779999256134034,44.254999999999995
42.1,724.0,2026-10-16,0.24408714904785156,761.6900024414062,2026-09-18,0.07671232876712329,0.039779999256134034,43.32
39.37,725.0,2026-10-16,0.23993679992675776,761.6900024414062,2026-09-18,0.07671232876712329,0.039779999256134034,42.36
39.49,726.0,2026-10-16,0.238014211730957,761.6900024414062,2026-09-18,0.07671232876712329,0.039779999256134034,41.465
37.29,727.0,2026-10-16,0.23493196716308595,761.6900024414062,2026-09-18,0.07671232876712329,0.039779999256134034,40.54
30.26,728.0,2026-10-16,0.2327347235107422,761.6900024414062,2026-09-18,0.07671232876712329,0.039779999256134034,39.615
38.87,729.0,2026-10-16,0.22974403076171873,761.6900024414062,2026-09-18,0.07671232876712329,0.039779999256134034,38.7
37.82,730.0,2026-10-16,0.2267228207397461,761.6900024414062,2026-09-18,0.07671232876712329,0.039779999256134034,37.785
32.75,731.0,2026-10-16,0.22382367980957027,761.6900024414062,2026-09-18,0.07671232876712329,0.039779999256134034,36.96
34.6,732.0,2026-10-16,0.22071091796874998,761.6900024414062,2026-09-18,0.07671232876712329,0.039779999256134034,35.975
26.14,733.0,2026-10-16,0.2180253979492187,761.6900024414062,2026-09-18,0.07671232876712329,0.039779999256134034,35.075
33.1,734.0,2026-10-16,0.21472953247070312,761.6900024414062,2026-09-18,0.07671232876712329,0.039779999256134034,34.16
32.09,735.0,2026-10-16,0.2119524606323242,761.6900024414062,2026-09-18,0.07671232876712329,0.039779999256134034,33.265
30.91,736.0,2026-10-16,0.20929745788574217,761.6900024414062,2026-09-18,0.07671232876712329,0.039779999256134034,32.46
30.48,737.0,2026-10-16,0.20627624786376947,761.6900024414062,2026-09-18,0.07671232876712329,0.039779999256134034,31.5
30.6,738.0,2026-10-16,0.2035296932983398,761.6900024414062,2026-09-18,0.07671232876712329,0.039779999256134034,30.625
27.8,739.0,2026-10-16,0.20084417327880855,761.6900024414062,2026-09-18,0.07671232876712329,0.039779999256134034,29.215
28.34,740.0,2026-10-16,0.19797554962158204,761.6900024414062,2026-09-18,0.07671232876712329,0.039779999256134034,28.89
21.78,741.0,2026-10-16,0.19535106414794923,761.6900024414062,2026-09-18,0.07671232876712329,0.039779999256134034,27.990000000000002
24.76,742.0,2026-10-16,0.19278761322021482,761.6900024414062,2026-09-18,0.07671232876712329,0.039779999256134034,26.59
23.3,743.0,2026-10-16,0.18988847229003908,761.6900024414062,2026-09-18,0.07671232876712329,0.039779999256134034,26.314999999999998
24.54,744.0,2026-10-16,0.18811847045898436,761.6900024414062,2026-09-18,0.07671232876712329,0.039779999256134034,25.475
23.4,745.0,2026-10-16,0.18470053588867186,761.6900024414062,2026-09-18,0.07671232876712329,0.039779999256134034,24.675
24.13,746.0,2026-10-16,0.18174036041259767,761.6900024414062,2026-09-18,0.07671232876712329,0.039779999256134034,23.86
21.87,747.0,2026-10-16,0.1790853576660156,761.6900024414062,2026-09-18,0.07671232876712329,0.039779999256134034,22.990000000000002
21.96,748.0,2026-10-16,0.18851519500732422,761.6900024414062,2026-09-18,0.07671232876712329,0.039779999256134034,22.64
20.12,749.0,2026-10-16,0.1739584558105469,761.6900024414062,2026-09-18,0.07671232876712329,0.039779999256134034,21.45
20.7,750.0,2026-10-16,0.17171543624877933,761.6900024414062,2026-09-18,0.07671232876712329,0.039779999256134034,20.65
19.2,751.0,2026-10-16,0.1692587957763672,761.6900024414062,2026-09-18,0.07671232876712329,0.039779999256134034,19.854999999999997
17.96,752.0,2026-10-16,0.16669534484863285,761.6900024414062,2026-09-18,0.07671232876712329,0.039779999256134034,19.064999999999998
17.21,753.0,2026-10-16,0.16452861846923827,761.6900024414062,2026-09-18,0.07671232876712329,0.039779999256134034,18.245
16.41,754.0,2026-10-16,0.16214827117919922,761.6900024414062,2026-09-18,0.07671232876712329,0.039779999256134034,17.525
16.86,755.0,2026-10-16,0.15976792388916017,761.6900024414062,2026-09-18,0.07671232876712329,0.039779999256134034,16.765
15.85,756.0,2026-10-16,0.15752490432739258,761.6900024414062,2026-09-18,0.07671232876712329,0.039779999256134034,16.025
15.45,757.0,2026-10-16,0.1554039538574219,761.6900024414062,2026-09-18,0.07671232876712329,0.039779999256134034,15.3
14.53,758.0,2026-10-16,0.15314567565917972,761.6900024414062,2026-09-18,0.07671232876712329,0.039779999256134034,14.579999999999998
14.0,759.0,2026-10-16,0.15137567382812503,761.6900024414062,2026-09-18,0.07671232876712329,0.039779999256134034,13.895
13.33,760.0,2026-10-16,0.14933101654052733,761.6900024414062,2026-09-18,0.07671232876712329,0.039779999256134034,13.215
12.34,761.0,2026-10-16,0.1472863592529297,761.6900024414062,2026-09-18,0.07671232876712329,0.039779999256134034,12.535
11.7,762.0,2026-10-16,0.14495178787231444,761.6900024414062,2026-09-18,0.07671232876712329,0.039779999256134034,11.885000000000002
11.28,763.0,2026-10-16,0.1416406637573242,761.6900024414062,2026-09-18,0.07671232876712329,0.039779999256134034,11.245
10.62,764.0,2026-10-16,0.13984014465332031,761.6900024414062,2026-09-18,0.07671232876712329,0.039779999256134034,10.625
10.03,765.0,2026-10-16,0.13797859100341797,761.6900024414062,2026-09-18,0.07671232876712329,0.039779999256134034,10.02
9.3,766.0,2026-10-16,0.13631539962768557,761.6900024414062,2026-09-18,0.07671232876712329,0.039779999256134034,9.435
8.91,767.0,2026-10-16,0.13446910461425782,761.6900024414062,2026-09-18,0.07671232876712329,0.039779999256134034,8.86
8.35,768.0,2026-10-16,0.1327906546020508,761.6900024414062,2026-09-18,0.07671232876712329,0.039779999256134034,8.315
7.83,769.0,2026-10-16,0.13129530822753904,761.6900024414062,2026-09-18,0.07671232876712329,0.039779999256134034,7.79
7.29,770.0,2026-10-16,0.1295863409423828,761.6900024414062,2026-09-18,0.07671232876712329,0.039779999256134034,7.295
6.68,771.0,2026-10-16,0.12818254638671872,761.6900024414062,2026-09-18,0.07671232876712329,0.039779999256134034,6.79
6.37,772.0,2026-10-16,0.12656513092041016,761.6900024414062,2026-09-18,0.07671232876712329,0.039779999256134034,6.32
5.73,773.0,2026-10-16,0.12525288818359376,761.6900024414062,2026-09-18,0.07671232876712329,0.039779999256134034,5.875
5.33,774.0,2026-10-16,0.12383383499145509,761.6900024414062,2026-09-18,0.07671232876712329,0.039779999256134034,5.445
5.05,775.0,2026-10-16,0.12246055770874026,761.6900024414062,2026-09-18,0.07671232876712329,0.039779999256134034,5.04
4.71,776.0,2026-10-16,0.12125512542724609,761.6900024414062,2026-09-18,0.07671232876712329,0.039779999256134034,4.66
4.32,777.0,2026-10-16,0.12009546905517576,761.6900024414062,2026-09-18,0.07671232876712329,0.039779999256134034,4.3
3.86,778.0,2026-10-16,0.11899684722900389,761.6900024414062,2026-09-18,0.07671232876712329,0.039779999256134034,3.96
3.56,779.0,2026-10-16,0.11792874267578124,761.6900024414062,2026-09-18,0.07671232876712329,0.039779999256134034,3.6399999999999997
3.4,780.0,2026-10-16,0.11692167266845702,761.6900024414062,2026-09-18,0.07671232876712329,0.039779999256134034,3.34
2.71,781.0,2026-10-16,0.11582305084228516,761.6900024414062,2026-09-18,0.07671232876712329,0.039779999256134034,3.06
2.72,782.0,2026-10-16,0.11496856719970702,761.6900024414062,2026-09-18,0.07671232876712329,0.039779999256134034,2.8
2.29,783.0,2026-10-16,0.11402253173828125,761.6900024414062,2026-09-18,0.07671232876712329,0.039779999256134034,2.5549999999999997
2.14,784.0,2026-10-16,0.11332063446044921,761.6900024414062,2026-09-18,0.07671232876712329,0.039779999256134034,2.335
2.15,785.0,2026-10-16,0.11258821990966797,761.6900024414062,2026-09-18,0.07671232876712329,0.039779999256134034,2.125
1.9,786.0,2026-10-16,0.11194735717773435,761.6900024414062,2026-09-18,0.07671232876712329,0.039779999256134034,1.935
1.55,787.0,2026-10-16,0.11127597717285155,761.6900024414062,2026-09-18,0.07671232876712329,0.039779999256134034,1.76
1.61,788.0,2026-10-16,0.11078770080566405,761.6900024414062,2026-09-18,0.07671232876712329,0.039779999256134034,1.6
1.45,789.0,2026-10-16,0.11048252807617187,761.6900024414062,2026-09-18,0.07671232876712329,0.039779999256134034,1.455
1.3,790.0,2026-10-16,0.10993321716308593,761.6900024414062,2026-09-18,0.07671232876712329,0.039779999256134034,1.32
1.2,791.0,2026-10-16,0.10965856170654298,761.6900024414062,2026-09-18,0.07671232876712329,0.039779999256134034,1.2
0.96,792.0,2026-10-16,0.10938390625,761.6900024414062,2026-09-18,0.07671232876712329,0.039779999256134034,1.09
0.83,793.0,2026-10-16,0.10920080261230468,761.6900024414062,2026-09-18,0.07671232876712329,0.039779999256134034,0.99
0.79,794.0,2026-10-16,0.1090787335205078,761.6900024414062,2026-09-18,0.07671232876712329,0.039779999256134034,0.9
0.81,795.0,2026-10-16,0.1087125262451172,761.6900024414062,2026-09-18,0.07671232876712329,0.039779999256134034,0.815
0.7,796.0,2026-10-16,0.10883459533691406,761.6900024414062,2026-09-18,0.07671232876712329,0.039779999256134034,0.74
0.59,797.0,2026-10-16,0.1087125262451172,761.6900024414062,2026-09-18,0.07671232876712329,0.039779999256134034,0.67
0.58,798.0,2026-10-16,0.108407353515625,761.6900024414062,2026-09-18,0.07671232876712329,0.039779999256134034,0.605
0.55,799.0,2026-10-16,0.10865149169921876,761.6900024414062,2026-09-18,0.07671232876712329,0.039779999256134034,0.555
0.51,800.0,2026-10-16,0.10877356079101563,761.6900024414062,2026-09-18,0.07671232876712329,0.039779999256134034,0.505
0.34,805.0,2026-10-16,0.11072666625976563,761.6900024414062,2026-09-18,0.07671232876712329,0.039779999256134034,0.335
0.23,810.0,2026-10-16,0.11304597900390626,761.6900024414062,2026-09-18,0.07671232876712329,0.039779999256134034,0.225
0.14,815.0,2026-10-16,0.11695218994140624,761.6900024414062,2026-09-18,0.07671232876712329,0.039779999256134034,0.165
0.12,820.0,2026-10-16,0.1211025390625,761.6900024414062,2026-09-18,0.07671232876712329,0.039779999256134034,0.125
0.09,825.0,2026-10-16,0.12525288818359376,761.6900024414062,2026-09-18,0.07671232876712329,0.039779999256134034,0.095
0.07,830.0,2026-10-16,0.129891513671875,761.6900024414062,2026-09-18,0.07671232876712329,0.039779999256134034,0.07500000000000001
0.06,835.0,2026-10-16,0.13526255371093754,761.6900024414062,2026-09-18,0.07671232876712329,0.039779999256134034,0.065
0.06,840.0,2026-10-16,0.14063359375,761.6900024414062,2026-09-18,0.07671232876712329,0.039779999256134034,0.055
0.03,845.0,2026-10-16,0.1450280810546875,761.6900024414062,2026-09-18,0.07671232876712329,0.039779999256134034,0.045
0.04,850.0,2026-10-16,0.1489342919921875,761.6900024414062,2026-09-18,0.07671232876712329,0.039779999256134034,0.035
0.03,855.0,2026-10-16,0.15137567382812503,761.6900024414062,2026-09-18,0.07671232876712329,0.039779999256134034,0.025
0.02,860.0,2026-10-16,0.15821154296875,761.6900024414062,2026-09-18,0.07671232876712329,0.039779999256134034,0.025
0.01,865.0,2026-10-16,0.15821154296875,761.6900024414062,2026-09-18,0.07671232876712329,0.039779999256134034,0.015
0.02,870.0,2026-10-16,0.16602396484375004,761.6900024414062,2026-09-18,0.07671232876712329,0.039779999256134034,0.015
0.02,875.0,2026-10-16,0.17188328125000002,761.6900024414062,2026-09-18,0.07671232876712329,0.039779999256134034,0.015
0.01,880.0,2026-10-16,0.17774259765625,761.6900024414062,2026-09-18,0.07671232876712329,0.039779999256134034,0.015
152.53,615.0,2026-10-23,0.5553633331298828,761.6900024414062,2026-09-18,0.0958904109589041,0.039779999256134034,150.715
121.1,645.0,2026-10-23,0.46924358886718753,761.6900024414062,2026-09-18,0.0958904109589041,0.039779999256134034,121.08500000000001
109.73,650.0,2026-10-23,0.4549615051269531,761.6900024414062,2026-09-18,0.0958904109589041,0.039779999256134034,116.14
109.18,655.0,2026-10-23,0.44061838684082033,761.6900024414062,2026-09-18,0.0958904109589041,0.039779999256134034,111.285
92.51,670.0,2026-10-23,0.39838248107910157,761.6900024414062,2026-09-18,0.0958904109589041,0.039779999256134034,96.55
89.69,675.0,2026-10-23,0.38446660461425775,761.6900024414062,2026-09-18,0.0958904109589041,0.039779999256134034,91.595
84.98,680.0,2026-10-23,0.3703981417846679,761.6900024414062,2026-09-18,0.0958904109589041,0.039779999256134034,86.705
80.42,685.0,2026-10-23,0.35477329803466784,761.6900024414062,2026-09-18,0.0958904109589041,0.039779999256134034,81.97
75.13,690.0,2026-10-23,0.34097949066162114,761.6900024414062,2026-09-18,0.0958904109589041,0.039779999256134034,77.065
70.98,695.0,2026-10-23,0.3272772351074219,761.6900024414062,2026-09-18,0.0958904109589041,0.039779999256134034,72.21000000000001
64.37,700.0,2026-10-23,0.3138496350097656,761.6900024414062,2026-09-18,0.0958904109589041,0.039779999256134034,67.45500000000001
60.34,705.0,2026-10-23,0.30039151763916017,761.6900024414062,2026-09-18,0.0958904109589041,0.039779999256134034,62.62
54.72,710.0,2026-10-23,0.28705546936035153,761.6900024414062,2026-09-18,0.0958904109589041,0.039779999256134034,57.845
50.99,715.0,2026-10-23,0.26319096191406255,761.6900024414062,2026-09-18,0.0958904109589041,0.039779999256134034,53.235
45.12,720.0,2026-10-23,0.2493666372680664,761.6900024414062,2026-09-18,0.0958904109589041,0.039779999256134034,48.555
52.21,721.0,2026-10-23,0.24375145904541018,761.6900024414062,2026-09-18,0.0958904109589041,0.039779999256134034,47.525
43.23,722.0,2026-10-23,0.24390404541015626,761.6900024414062,2026-09-18,0.0958904109589041,0.039779999256134034,46.705
42.84,723.0,2026-10-23,0.24106593902587892,761.6900024414062,2026-09-18,0.0958904109589041,0.039779999256134034,45.775000000000006
41.26,725.0,2026-10-23,0.2356033471679687,761.6900024414062,2026-09-18,0.0958904109589041,0.039779999256134034,43.885000000000005
32.06,728.0,2026-10-23,0.22830971893310548,761.6900024414062,2026-09-18,0.0958904109589041,0.039779999256134034,41.209999999999994
47.5,729.0,2026-10-23,0.22571575073242187,761.6900024414062,2026-09-18,0.0958904109589041,0.039779999256134034,39.75
36.41,730.0,2026-10-23,0.22296919616699218,761.6900024414062,2026-09-18,0.0958904109589041,0.039779999256134034,39.4
35.37,732.0,2026-10-23,0.21738453521728518,761.6900024414062,2026-09-18,0.0958904109589041,0.039779999256134034,37.595
32.34,735.0,2026-10-23,0.20963314788818355,761.6900024414062,2026-09-18,0.0958904109589041,0.039779999256134034,35.03
29.9,739.0,2026-10-23,0.19948615463256836,761.6900024414062,2026-09-18,0.0958904109589041,0.039779999256134034,31.46
29.26,740.0,2026-10-23,0.19638865142822265,761.6900024414062,2026-09-18,0.0958904109589041,0.039779999256134034,30.68
27.12,741.0,2026-10-23,0.1998218446350098,761.6900024414062,2026-09-18,0.0958904109589041,0.039779999256134034,29.325
27.44,742.0,2026-10-23,0.1922077850341797,761.6900024414062,2026-09-18,0.0958904109589041,0.039779999256134034,28.905
27.43,744.0,2026-10-23,0.1876912286376953,761.6900024414062,2026-09-18,0.0958904109589041,0.039779999256134034,27.240000000000002
25.4,745.0,2026-10-23,0.18494467407226559,761.6900024414062,2026-09-18,0.0958904109589041,0.039779999256134034,26.5
23.0,746.0,2026-10-23,0.18201501586914062,761.6900024414062,2026-09-18,0.0958904109589041,0.039779999256134034,25.560000000000002
22.95,747.0,2026-10-23,0.1802907899475098,761.6900024414062,2026-09-18,0.0958904109589041,0.039779999256134034,24.07
21.39,748.0,2026-10-23,0.1780477703857422,761.6900024414062,2026-09-18,0.0958904109589041,0.039779999256134034,23.235
20.61,749.0,2026-10-23,0.17572845764160155,761.6900024414062,2026-09-18,0.0958904109589041,0.039779999256134034,22.439999999999998
21.45,750.0,2026-10-23,0.1733481103515625,761.6900024414062,2026-09-18,0.0958904109589041,0.039779999256134034,22.445
20.38,751.0,2026-10-23,0.17154759124755858,761.6900024414062,2026-09-18,0.0958904109589041,0.039779999256134034,21.64
19.68,752.0,2026-10-23,0.16912146804809575,761.6900024414062,2026-09-18,0.0958904109589041,0.039779999256134034,20.84
18.17,753.0,2026-10-23,0.1669394830322266,761.6900024414062,2026-09-18,0.0958904109589041,0.039779999256134034,20.075000000000003
18.11,754.0,2026-10-23,0.1650168948364258,761.6900024414062,2026-09-18,0.0958904109589041,0.039779999256134034,19.34
18.0,755.0,2026-10-23,0.16234663345336914,761.6900024414062,2026-09-18,0.0958904109589041,0.039779999256134034,18.58
15.78,756.0,2026-10-23,0.16088180435180666,761.6900024414062,2026-09-18,0.0958904109589041,0.039779999256134034,17.855
15.98,757.0,2026-10-23,0.1587913711547852,761.6900024414062,2026-09-18,0.0958904109589041,0.039779999256134034,17.13
15.4,758.0,2026-10-23,0.15680774841308598,761.6900024414062,2026-09-18,0.0958904109589041,0.039779999256134034,16.42
14.67,759.0,2026-10-23,0.154930936126709,761.6900024414062,2026-09-18,0.0958904109589041,0.039779999256134034,15.719999999999999
15.1,760.0,2026-10-23,0.15274895111083986,761.6900024414062,2026-09-18,0.0958904109589041,0.039779999256134034,15.075
14.51,761.0,2026-10-23,0.15076532836914067,761.6900024414062,2026-09-18,0.0958904109589041,0.039779999256134034,14.355
13.47,762.0,2026-10-23,0.14930049926757813,761.6900024414062,2026-09-18,0.0958904109589041,0.039779999256134034,13.71
13.1,763.0,2026-10-23,0.1476220492553711,761.6900024414062,2026-09-18,0.0958904109589041,0.039779999256134034,13.08
11.71,764.0,2026-10-23,0.1444329942321777,761.6900024414062,2026-09-18,0.0958904109589041,0.039779999256134034,12.440000000000001
11.75,765.0,2026-10-23,0.14281557876586914,761.6900024414062,2026-09-18,0.0958904109589041,0.039779999256134034,11.835
10.2,766.0,2026-10-23,0.1412897151184082,761.6900024414062,2026-09-18,0.0958904109589041,0.039779999256134034,11.245
10.1,767.0,2026-10-23,0.13971807556152344,761.6900024414062,2026-09-18,0.0958904109589041,0.039779999256134034,10.665
9.24,768.0,2026-10-23,0.1380091082763672,761.6900024414062,2026-09-18,0.0958904109589041,0.039779999256134034,10.09
9.41,769.0,2026-10-23,0.13660531372070314,761.6900024414062,2026-09-18,0.0958904109589041,0.039779999256134034,9.54
8.9,770.0,2026-10-23,0.13514048461914066,761.6900024414062,2026-09-18,0.0958904109589041,0.039779999256134034,9.015
7.75,771.0,2026-10-23,0.13375194869995116,761.6900024414062,2026-09-18,0.0958904109589041,0.039779999256134034,8.505
7.82,772.0,2026-10-23,0.13221082641601564,761.6900024414062,2026-09-18,0.0958904109589041,0.039779999256134034,8.0
6.8,773.0,2026-10-23,0.13092910095214844,761.6900024414062,2026-09-18,0.0958904109589041,0.039779999256134034,7.53
6.58,774.0,2026-10-23,0.12961685821533203,761.6900024414062,2026-09-18,0.0958904109589041,0.039779999256134034,7.07
6.67,775.0,2026-10-23,0.12824358093261717,761.6900024414062,2026-09-18,0.0958904109589041,0.039779999256134034,6.625
6.21,776.0,2026-10-23,0.12705340728759767,761.6900024414062,2026-09-18,0.0958904109589041,0.039779999256134034,6.2
5.56,777.0,2026-10-23,0.1258021990966797,761.6900024414062,2026-09-18,0.0958904109589041,0.039779999256134034,5.795
4.99,778.0,2026-10-23,0.12473409454345702,761.6900024414062,2026-09-18,0.0958904109589041,0.039779999256134034,5.41
5.05,779.0,2026-10-23,0.12360495544433595,761.6900024414062,2026-09-18,0.0958904109589041,0.039779999256134034,5.04
4.7,780.0,2026-10-23,0.1225368508911133,761.6900024414062,2026-09-18,0.0958904109589041,0.039779999256134034,4.695
4.22,781.0,2026-10-23,0.12156029815673827,761.6900024414062,2026-09-18,0.0958904109589041,0.039779999256134034,4.365
3.51,782.0,2026-10-23,0.12064477996826173,761.6900024414062,2026-09-18,0.0958904109589041,0.039779999256134034,4.055
3.26,783.0,2026-10-23,0.1196682272338867,761.6900024414062,2026-09-18,0.0958904109589041,0.039779999256134034,3.755
3.16,784.0,2026-10-23,0.11863063995361328,761.6900024414062,2026-09-18,0.0958904109589041,0.039779999256134034,3.48
3.26,785.0,2026-10-23,0.11783719085693359,761.6900024414062,2026-09-18,0.0958904109589041,0.039779999256134034,3.22
2.71,786.0,2026-10-23,0.11716581085205077,761.6900024414062,2026-09-18,0.0958904109589041,0.039779999256134034,2.98
2.27,787.0,2026-10-23,0.11643339630126953,761.6900024414062,2026-09-18,0.0958904109589041,0.039779999256134034,2.75
2.4,788.0,2026-10-23,0.11567046447753906,761.6900024414062,2026-09-18,0.0958904109589041,0.039779999256134034,2.535
1.9,789.0,2026-10-23,0.11518218811035157,761.6900024414062,2026-09-18,0.0958904109589041,0.039779999256134034,2.34
1.97,790.0,2026-10-23,0.11454132537841799,761.6900024414062,2026-09-18,0.0958904109589041,0.039779999256134034,2.1550000000000002
1.9,791.0,2026-10-23,0.11405304901123048,761.6900024414062,2026-09-18,0.0958904109589041,0.039779999256134034,1.9849999999999999
1.61,792.0,2026-10-23,0.11356477264404297,761.6900024414062,2026-09-18,0.0958904109589041,0.039779999256134034,1.8250000000000002
1.57,793.0,2026-10-23,0.1131070135498047,761.6900024414062,2026-09-18,0.0958904109589041,0.039779999256134034,1.6749999999999998
1.4,794.0,2026-10-23,0.11283235809326173,761.6900024414062,2026-09-18,0.0958904109589041,0.039779999256134034,1.545
1.37,795.0,2026-10-23,0.11240511627197264,761.6900024414062,2026-09-18,0.0958904109589041,0.039779999256134034,1.415
1.08,796.0,2026-10-23,0.11225252990722655,761.6900024414062,2026-09-18,0.0958904109589041,0.039779999256134034,1.3050000000000002
1.02,797.0,2026-10-23,0.11188632263183593,761.6900024414062,2026-09-18,0.0958904109589041,0.039779999256134034,1.1949999999999998
1.02,798.0,2026-10-23,0.11164218444824218,761.6900024414062,2026-09-18,0.0958904109589041,0.039779999256134034,1.1
0.83,799.0,2026-10-23,0.11145908081054687,761.6900024414062,2026-09-18,0.0958904109589041,0.039779999256134034,1.01
0.93,800.0,2026-10-23,0.11139804626464843,761.6900024414062,2026-09-18,0.0958904109589041,0.039779999256134034,0.925
0.76,801.0,2026-10-23,0.11115390808105467,761.6900024414062,2026-09-18,0.0958904109589041,0.039779999256134034,0.85
0.66,802.0,2026-10-23,0.11109287353515623,761.6900024414062,2026-09-18,0.0958904109589041,0.039779999256134034,0.78
0.67,803.0,2026-10-23,0.11115390808105467,761.6900024414062,2026-09-18,0.0958904109589041,0.039779999256134034,0.72
0.57,804.0,2026-10-23,0.11109287353515623,761.6900024414062,2026-09-18,0.0958904109589041,0.039779999256134034,0.66
0.54,805.0,2026-10-23,0.11127597717285155,761.6900024414062,2026-09-18,0.0958904109589041,0.039779999256134034,0.61
0.6,806.0,2026-10-23,0.11127597717285155,761.6900024414062,2026-09-18,0.0958904109589041,0.039779999256134034,0.56
0.44,807.0,2026-10-23,0.11158114990234375,761.6900024414062,2026-09-18,0.0958904109589041,0.039779999256134034,0.52
0.46,808.0,2026-10-23,0.11176425354003905,761.6900024414062,2026-09-18,0.0958904109589041,0.039779999256134034,0.48
0.35,809.0,2026-10-23,0.11182528808593749,761.6900024414062,2026-09-18,0.0958904109589041,0.039779999256134034,0.445
0.36,810.0,2026-10-23,0.11219149536132811,761.6900024414062,2026-09-18,0.0958904109589041,0.039779999256134034,0.415
0.32,811.0,2026-10-23,0.11243563354492186,761.6900024414062,2026-09-18,0.0958904109589041,0.039779999256134034,0.385
0.3,812.0,2026-10-23,0.11316804809570313,761.6900024414062,2026-09-18,0.0958904109589041,0.039779999256134034,0.36
0.28,813.0,2026-10-23,0.1132901171875,761.6900024414062,2026-09-18,0.0958904109589041,0.039779999256134034,0.33
0.31,814.0,2026-10-23,0.11390046264648437,761.6900024414062,2026-09-18,0.0958904109589041,0.039779999256134034,0.31
0.28,815.0,2026-10-23,0.11426666992187501,761.6900024414062,2026-09-18,0.0958904109589041,0.039779999256134034,0.29000000000000004
0.21,816.0,2026-10-23,0.1147549462890625,761.6900024414062,2026-09-18,0.0958904109589041,0.039779999256134034,0.27
0.27,817.0,2026-10-23,0.11499908447265625,761.6900024414062,2026-09-18,0.0958904109589041,0.039779999256134034,0.255
0.2,818.0,2026-10-23,0.11524322265625,761.6900024414062,2026-09-18,0.0958904109589041,0.039779999256134034,0.235
0.17,819.0,2026-10-23,0.11609770629882812,761.6900024414062,2026-09-18,0.0958904109589041,0.039779999256134034,0.225
0.19,820.0,2026-10-23,0.11695218994140624,761.6900024414062,2026-09-18,0.0958904109589041,0.039779999256134034,0.21000000000000002
0.21,821.0,2026-10-23,0.11683012084960936,761.6900024414062,2026-09-18,0.0958904109589041,0.039779999256134034,0.195
0.2,822.0,2026-10-23,0.11756253540039063,761.6900024414062,2026-09-18,0.0958904109589041,0.039779999256134034,0.185
0.18,823.0,2026-10-23,0.118172880859375,761.6900024414062,2026-09-18,0.0958904109589041,0.039779999256134034,0.175
0.17,824.0,2026-10-23,0.11878322631835936,761.6900024414062,2026-09-18,0.0958904109589041,0.039779999256134034,0.165
0.14,825.0,2026-10-23,0.11939357177734375,761.6900024414062,2026-09-18,0.0958904109589041,0.039779999256134034,0.155
0.1,830.0,2026-10-23,0.1235439208984375,761.6900024414062,2026-09-18,0.0958904109589041,0.039779999256134034,0.125
0.1,835.0,2026-10-23,0.127938408203125,761.6900024414062,2026-09-18,0.0958904109589041,0.039779999256134034,0.1
0.09,840.0,2026-10-23,0.131844619140625,761.6900024414062,2026-09-18,0.0958904109589041,0.039779999256134034,0.08499999999999999
0.07,845.0,2026-10-23,0.13477427734375003,761.6900024414062,2026-09-18,0.0958904109589041,0.039779999256134034,0.065
0.07,850.0,2026-10-23,0.13916876464843753,761.6900024414062,2026-09-18,0.0958904109589041,0.039779999256134034,0.055
0.04,855.0,2026-10-23,0.14258669921875,761.6900024414062,2026-09-18,0.0958904109589041,0.039779999256134034,0.045
0.04,860.0,2026-10-23,0.145516357421875,761.6900024414062,2026-09-18,0.0958904109589041,0.039779999256134034,0.035
0.04,865.0,2026-10-23,0.1518639501953125,761.6900024414062,2026-09-18,0.0958904109589041,0.039779999256134034,0.03
0.03,870.0,2026-10-23,0.15332877929687502,761.6900024414062,2026-09-18,0.0958904109589041,0.039779999256134034,0.025
0.04,875.0,2026-10-23,0.159188095703125,761.6900024414062,2026-09-18,0.0958904109589041,0.039779999256134034,0.02
0.03,880.0,2026-10-23,0.159188095703125,761.6900024414062,2026-09-18,0.0958904109589041,0.039779999256134034,0.015
0.02,890.0,2026-10-23,0.16993017578125003,761.6900024414062,2026-09-18,0.0958904109589041,0.039779999256134034,0.015
154.97,610.0,2026-10-30,0.5350693466186524,761.6900024414062,2026-09-18,0.11506849315068493,0.039779999256134034,156.425
147.32,615.0,2026-10-30,0.5214281256103515,761.6900024414062,2026-09-18,0.11506849315068493,0.039779999256134034,151.42000000000002
144.38,620.0,2026-10-30,0.5093432855224609,761.6900024414062,2026-09-18,0.11506849315068493,0.039779999256134034,146.51
138.49,625.0,2026-10-30,0.5307053765869141,761.6900024414062,2026-09-18,0.11506849315068493,0.039779999256134034,143.60500000000002
134.59,630.0,2026-10-30,0.4821829125976563,761.6900024414062,2026-09-18,0.11506849315068493,0.039779999256134034,136.61
129.69,635.0,2026-10-30,0.46869427795410157,761.6900024414062,2026-09-18,0.11506849315068493,0.039779999256134034,131.765
124.82,640.0,2026-10-30,0.45642633422851564,761.6900024414062,2026-09-18,0.11506849315068493,0.039779999256134034,126.78
121.67,641.0,2026-10-30,0.4530694342041016,761.6900024414062,2026-09-18,0.11506849315068493,0.039779999256134034,125.86500000000001
120.47,642.0,2026-10-30,0.45050598327636715,761.6900024414062,2026-09-18,0.11506849315068493,0.039779999256134034,124.825
119.67,645.0,2026-10-30,0.44266304412841795,761.6900024414062,2026-09-18,0.11506849315068493,0.039779999256134034,121.935
117.68,646.0,2026-10-30,0.44089304229736326,761.6900024414062,2026-09-18,0.11506849315068493,0.039779999256134034,120.88499999999999
114.96,648.0,2026-10-30,0.4359492440795898,761.6900024414062,2026-09-18,0.11506849315068493,0.039779999256134034,118.955
124.55,649.0,2026-10-30,0.5098315618896485,761.6900024414062,2026-09-18,0.11506849315068493,0.039779999256134034,124.315
112.87,650.0,2026-10-30,0.4304256176757813,761.6900024414062,2026-09-18,0.11506849315068493,0.039779999256134034,116.98500000000001
121.7,654.0,2026-10-30,0.39880972290039063,761.6900024414062,2026-09-18,0.11506849315068493,0.039779999256134034,112.49000000000001
110.32,655.0,2026-10-30,0.4178830184936523,761.6900024414062,2026-09-18,0.11506849315068493,0.039779999256134034,112.07499999999999
108.53,656.0,2026-10-30,0.4149228430175781,761.6900024414062,2026-09-18,0.11506849315068493,0.039779999256134034,111.08500000000001
106.05,658.0,2026-10-30,0.41083352844238286,761.6900024414062,2026-09-18,0.11506849315068493,0.039779999256134034,109.17500000000001
103.55,660.0,2026-10-30,0.4055845574951171,761.6900024414062,2026-09-18,0.11506849315068493,0.039779999256134034,107.19999999999999
105.9,661.0,2026-10-30,0.40299058929443365,761.6900024414062,2026-09-18,0.11506849315068493,0.039779999256134034,106.22
99.34,662.0,2026-10-30,0.3931945446777344,761.6900024414062,2026-09-18,0.11506849315068493,0.039779999256134034,105.82499999999999
108.05,663.0,2026-10-30,0.3986266192626954,761.6900024414062,2026-09-18,0.11506849315068493,0.039779999256134034,104.305
108.77,664.0,2026-10-30,0.39548334014892583,761.6900024414062,2026-09-18,0.11506849315068493,0.039779999256134034,103.295
98.67,665.0,2026-10-30,0.39301144104003904,761.6900024414062,2026-09-18,0.11506849315068493,0.039779999256134034,102.34
93.89,666.0,2026-10-30,0.3797974618530273,761.6900024414062,2026-09-18,0.11506849315068493,0.039779999256134034,101.0
95.08,668.0,2026-10-30,0.38544315734863277,761.6900024414062,2026-09-18,0.11506849315068493,0.039779999256134034,99.415
93.12,669.0,2026-10-30,0.3822998782348632,761.6900024414062,2026-09-18,0.11506849315068493,0.039779999256134034,98.425
95.68,670.0,2026-10-30,0.38065194549560544,761.6900024414062,2026-09-18,0.11506849315068493,0.039779999256134034,97.535
91.73,671.0,2026-10-30,0.375982802734375,761.6900024414062,2026-09-18,0.11506849315068493,0.039779999256134034,96.44
108.72,672.0,2026-10-30,0.373480386352539,761.6900024414062,2026-09-18,0.11506849315068493,0.039779999256134034,95.58500000000001
93.0,673.0,2026-10-30,0.3710084872436523,761.6900024414062,2026-09-18,0.11506849315068493,0.039779999256134034,94.6
87.35,674.0,2026-10-30,0.3685060708618164,761.6900024414062,2026-09-18,0.11506849315068493,0.039779999256134034,93.69
86.24,675.0,2026-10-30,0.3660036544799804,761.6900024414062,2026-09-18,0.11506849315068493,0.039779999256134034,92.715
92.26,677.0,2026-10-30,0.36096830444335937,761.6900024414062,2026-09-18,0.11506849315068493,0.039779999256134034,90.775
94.03,678.0,2026-10-30,0.35846588806152346,761.6900024414062,2026-09-18,0.11506849315068493,0.039779999256134034,89.745
92.51,679.0,2026-10-30,0.3559329544067382,761.6900024414062,2026-09-18,0.11506849315068493,0.039779999256134034,88.775
84.4,680.0,2026-10-30,0.3534000207519531,761.6900024414062,2026-09-18,0.11506849315068493,0.039779999256134034,87.86500000000001
84.74,681.0,2026-10-30,0.3508365698242187,761.6900024414062,2026-09-18,0.11506849315068493,0.039779999256134034,86.85
79.27,682.0,2026-10-30,0.3483036361694336,761.6900024414062,2026-09-18,0.11506849315068493,0.039779999256134034,85.93
81.66,683.0,2026-10-30,0.34589277160644527,761.6900024414062,2026-09-18,0.11506849315068493,0.039779999256134034,84.91999999999999
80.97,684.0,2026-10-30,0.3433293206787109,761.6900024414062,2026-09-18,0.11506849315068493,0.039779999256134034,83.995
81.93,685.0,2026-10-30,0.3409184561157227,761.6900024414062,2026-09-18,0.11506849315068493,0.039779999256134034,82.99000000000001
78.11,686.0,2026-10-30,0.3383550051879882,761.6900024414062,2026-09-18,0.11506849315068493,0.039779999256134034,82.07
74.77,687.0,2026-10-30,0.33591362335205077,761.6900024414062,2026-09-18,0.11506849315068493,0.039779999256134034,81.10499999999999
83.3,688.0,2026-10-30,0.3334722415161133,761.6900024414062,2026-09-18,0.11506849315068493,0.039779999256134034,80.14500000000001
76.02,689.0,2026-10-30,0.33103085968017576,761.6900024414062,2026-09-18,0.11506849315068493,0.039779999256134034,79.13999999999999
66.46,690.0,2026-10-30,0.32840637420654295,761.6900024414062,2026-09-18,0.11506849315068493,0.039779999256134034,78.175
83.32,691.0,2026-10-30,0.3259344750976562,761.6900024414062,2026-09-18,0.11506849315068493,0.039779999256134034,77.215
72.61,692.0,2026-10-30,0.3236151623535155,761.6900024414062,2026-09-18,0.11506849315068493,0.039779999256134034,76.3
71.26,693.0,2026-10-30,0.3211127459716796,761.6900024414062,2026-09-18,0.11506849315068493,0.039779999256134034,75.345
81.76,694.0,2026-10-30,0.3186103295898437,761.6900024414062,2026-09-18,0.11506849315068493,0.039779999256134034,74.34
71.47,695.0,2026-10-30,0.3161079132080078,761.6900024414062,2026-09-18,0.11506849315068493,0.039779999256134034,73.55000000000001
69.97,696.0,2026-10-30,0.31372756591796874,761.6900024414062,2026-09-18,0.11506849315068493,0.039779999256134034,72.41499999999999
67.87,697.0,2026-10-30,0.3113472186279296,761.6900024414062,2026-09-18,0.11506849315068493,0.039779999256134034,71.6
68.81,698.0,2026-10-30,0.30881428497314456,761.6900024414062,2026-09-18,0.11506849315068493,0.039779999256134034,70.52000000000001
80.03,699.0,2026-10-30,0.3064034204101562,761.6900024414062,2026-09-18,0.11506849315068493,0.039779999256134034,69.71000000000001
67.2,700.0,2026-10-30,0.3039925558471679,761.6900024414062,2026-09-18,0.11506849315068493,0.039779999256134034,68.645
64.2,701.0,2026-10-30,0.30155117401123044,761.6900024414062,2026-09-18,0.11506849315068493,0.039779999256134034,67.71000000000001
77.19,702.0,2026-10-30,0.2991097921752929,761.6900024414062,2026-09-18,0.11506849315068493,0.039779999256134034,66.70500000000001
65.99,703.0,2026-10-30,0.3801636691284179,761.6900024414062,2026-09-18,0.11506849315068493,0.039779999256134034,72.405
73.25,704.0,2026-10-30,0.2942880630493163,761.6900024414062,2026-09-18,0.11506849315068493,0.039779999256134034,64.87
61.6,705.0,2026-10-30,0.29193823303222644,761.6900024414062,2026-09-18,0.11506849315068493,0.039779999256134034,63.885
60.98,706.0,2026-10-30,0.28958840301513666,761.6900024414062,2026-09-18,0.11506849315068493,0.039779999256134034,62.989999999999995
58.95,707.0,2026-10-30,0.28720805572509756,761.6900024414062,2026-09-18,0.11506849315068493,0.039779999256134034,62.004999999999995
56.68,708.0,2026-10-30,0.2721630401611328,761.6900024414062,2026-09-18,0.11506849315068493,0.039779999256134034,60.96
58.56,709.0,2026-10-30,0.2696911410522461,761.6900024414062,2026-09-18,0.11506849315068493,0.039779999256134034,60.025
57.98,710.0,2026-10-30,0.2669445864868164,761.6900024414062,2026-09-18,0.11506849315068493,0.039779999256134034,59.08
55.7,711.0,2026-10-30,0.271567953338623,761.6900024414062,2026-09-18,0.11506849315068493,0.039779999256134034,58.03
54.07,712.0,2026-10-30,0.26236699554443366,761.6900024414062,2026-09-18,0.11506849315068493,0.039779999256134034,57.230000000000004
51.23,713.0,2026-10-30,0.25998664825439455,761.6900024414062,2026-09-18,0.11506849315068493,0.039779999256134034,56.305
63.07,714.0,2026-10-30,0.2612531150817871,761.6900024414062,2026-09-18,0.11506849315068493,0.039779999256134034,55.11
51.11,715.0,2026-10-30,0.259071130065918,761.6900024414062,2026-09-18,0.11506849315068493,0.039779999256134034,54.56
53.09,716.0,2026-10-30,0.25724009368896483,761.6900024414062,2026-09-18,0.11506849315068493,0.039779999256134034,53.28
49.96,717.0,2026-10-30,0.24997698272705077,761.6900024414062,2026-09-18,0.11506849315068493,0.039779999256134034,52.6
49.64,718.0,2026-10-30,0.24790180816650392,761.6900024414062,2026-09-18,0.11506849315068493,0.039779999256134034,51.695
49.37,719.0,2026-10-30,0.2503279313659668,761.6900024414062,2026-09-18,0.11506849315068493,0.039779999256134034,50.515
47.53,720.0,2026-10-30,0.24314111358642576,761.6900024414062,2026-09-18,0.11506849315068493,0.039779999256134034,49.864999999999995
47.69,721.0,2026-10-30,0.24594870269775393,761.6900024414062,2026-09-18,0.11506849315068493,0.039779999256134034,49.165
45.28,722.0,2026-10-30,0.23841093627929685,761.6900024414062,2026-09-18,0.11506849315068493,0.039779999256134034,48.05
37.14,723.0,2026-10-30,0.236061106262207,761.6900024414062,2026-09-18,0.11506849315068493,0.039779999256134034,47.15
43.86,724.0,2026-10-30,0.24002835174560544,761.6900024414062,2026-09-18,0.11506849315068493,0.039779999256134034,46.004999999999995
43.77,725.0,2026-10-30,0.23194127441406248,761.6900024414062,2026-09-18,0.11506849315068493,0.039779999256134034,45.345
42.95,726.0,2026-10-30,0.22940834075927735,761.6900024414062,2026-09-18,0.11506849315068493,0.039779999256134034,44.44
42.25,727.0,2026-10-30,0.22719583847045893,761.6900024414062,2026-09-18,0.11506849315068493,0.039779999256134034,43.56
41.66,728.0,2026-10-30,0.23203282623291016,761.6900024414062,2026-09-18,0.11506849315068493,0.039779999256134034,42.975
39.35,729.0,2026-10-30,0.22960670303344727,761.6900024414062,2026-09-18,0.11506849315068493,0.039779999256134034,42.09
38.14,730.0,2026-10-30,0.22922523712158205,761.6900024414062,2026-09-18,0.11506849315068493,0.039779999256134034,40.75
38.99,731.0,2026-10-30,0.22751626983642576,761.6900024414062,2026-09-18,0.11506849315068493,0.039779999256134034,39.875
40.56,732.0,2026-10-30,0.2158586715698242,761.6900024414062,2026-09-18,0.11506849315068493,0.039779999256134034,38.595
35.25,733.0,2026-10-30,0.21360039337158204,761.6900024414062,2026-09-18,0.11506849315068493,0.039779999256134034,37.715
33.22,734.0,2026-10-30,0.21916979568481443,761.6900024414062,2026-09-18,0.11506849315068493,0.039779999256134034,37.185
34.65,735.0,2026-10-30,0.20883969879150388,761.6900024414062,2026-09-18,0.11506849315068493,0.039779999256134034,36.66
33.83,736.0,2026-10-30,0.21555349884033204,761.6900024414062,2026-09-18,0.11506849315068493,0.039779999256134034,35.489999999999995
34.0,737.0,2026-10-30,0.21636220657348632,761.6900024414062,2026-09-18,0.11506849315068493,0.039779999256134034,34.769999999999996
32.52,738.0,2026-10-30,0.2030414169311523,761.6900024414062,2026-09-18,0.11506849315068493,0.039779999256134034,33.405
31.89,739.0,2026-10-30,0.20011175872802733,761.6900024414062,2026-09-18,0.11506849315068493,0.039779999256134034,32.519999999999996
31.39,740.0,2026-10-30,0.19791451507568358,761.6900024414062,2026-09-18,0.11506849315068493,0.039779999256134034,32.425
29.05,741.0,2026-10-30,0.20539124694824218,761.6900024414062,2026-09-18,0.11506849315068493,0.039779999256134034,31.990000000000002
29.62,742.0,2026-10-30,0.20357546920776365,761.6900024414062,2026-09-18,0.11506849315068493,0.039779999256134034,31.14
27.6,743.0,2026-10-30,0.20169865692138672,761.6900024414062,2026-09-18,0.11506849315068493,0.039779999256134034,29.65
28.35,744.0,2026-10-30,0.18993424819946292,761.6900024414062,2026-09-18,0.11506849315068493,0.039779999256134034,29.064999999999998
27.53,745.0,2026-10-30,0.1877064872741699,761.6900024414062,2026-09-18,0.11506849315068493,0.039779999256134034,28.345
26.76,746.0,2026-10-30,0.1859517440795898,761.6900024414062,2026-09-18,0.11506849315068493,0.039779999256134034,27.46
24.36,747.0,2026-10-30,0.18372398315429686,761.6900024414062,2026-09-18,0.11506849315068493,0.039779999256134034,26.715000000000003
24.75,748.0,2026-10-30,0.1819539813232422,761.6900024414062,2026-09-18,0.11506849315068493,0.039779999256134034,25.91
22.87,749.0,2026-10-30,0.17990932403564452,761.6900024414062,2026-09-18,0.11506849315068493,0.039779999256134034,25.095
24.4,750.0,2026-10-30,0.17781889083862307,761.6900024414062,2026-09-18,0.11506849315068493,0.039779999256134034,24.395
21.25,751.0,2026-10-30,0.1759573371887207,761.6900024414062,2026-09-18,0.11506849315068493,0.039779999256134034,23.59
20.4,752.0,2026-10-30,0.17414155944824222,761.6900024414062,2026-09-18,0.11506849315068493,0.039779999256134034,22.835
19.5,753.0,2026-10-30,0.17224948852539065,761.6900024414062,2026-09-18,0.11506849315068493,0.039779999256134034,22.08
18.98,754.0,2026-10-30,0.1703879348754883,761.6900024414062,2026-09-18,0.11506849315068493,0.039779999256134034,21.060000000000002
20.65,755.0,2026-10-30,0.16785500122070315,761.6900024414062,2026-09-18,0.11506849315068493,0.039779999256134034,20.595
19.03,756.0,2026-10-30,0.16672586212158208,761.6900024414062,2026-09-18,0.11506849315068493,0.039779999256134034,19.880000000000003
18.0,757.0,2026-10-30,0.16523051574707032,761.6900024414062,2026-09-18,0.11506849315068493,0.039779999256134034,19.185000000000002
18.07,758.0,2026-10-30,0.1635520657348633,761.6900024414062,2026-09-18,0.11506849315068493,0.039779999256134034,18.485
16.78,759.0,2026-10-30,0.16188887435913085,761.6900024414062,2026-09-18,0.11506849315068493,0.039779999256134034,17.7
17.2,760.0,2026-10-30,0.1586845606994629,761.6900024414062,2026-09-18,0.11506849315068493,0.039779999256134034,17.07
15.74,761.0,2026-10-30,0.15869981933593752,761.6900024414062,2026-09-18,0.11506849315068493,0.039779999256134034,16.47
15.81,762.0,2026-10-30,0.15520559158325198,761.6900024414062,2026-09-18,0.11506849315068493,0.039779999256134034,15.745000000000001
14.94,763.0,2026-10-30,0.15561757476806642,761.6900024414062,2026-09-18,0.11506849315068493,0.039779999256134034,15.17
14.6,764.0,2026-10-30,0.15204705383300782,761.6900024414062,2026-09-18,0.11506849315068493,0.039779999256134034,14.525
13.45,765.0,2026-10-30,0.15039912109375003,761.6900024414062,2026-09-18,0.11506849315068493,0.039779999256134034,13.895
12.65,766.0,2026-10-30,0.1489495506286621,761.6900024414062,2026-09-18,0.11506849315068493,0.039779999256134034,13.295
12.3,767.0,2026-10-30,0.14748472152709963,761.6900024414062,2026-09-18,0.11506849315068493,0.039779999256134034,12.705
11.65,768.0,2026-10-30,0.14612670288085935,761.6900024414062,2026-09-18,0.11506849315068493,0.039779999256134034,12.129999999999999
11.09,769.0,2026-10-30,0.14463135650634767,761.6900024414062,2026-09-18,0.11506849315068493,0.039779999256134034,11.57
10.82,770.0,2026-10-30,0.14331911376953127,761.6900024414062,2026-09-18,0.11506849315068493,0.039779999256134034,11.025
10.17,771.0,2026-10-30,0.14191531921386719,761.6900024414062,2026-09-18,0.11506849315068493,0.039779999256134034,10.485
9.33,772.0,2026-10-30,0.14057255920410155,761.6900024414062,2026-09-18,0.11506849315068493,0.039779999256134034,9.975
9.16,773.0,2026-10-30,0.13919928192138675,761.6900024414062,2026-09-18,0.11506849315068493,0.039779999256134034,9.465
8.9,774.0,2026-10-30,0.1380091082763672,761.6900024414062,2026-09-18,0.11506849315068493,0.039779999256134034,8.98
8.01,775.0,2026-10-30,0.1366968655395508,761.6900024414062,2026-09-18,0.11506849315068493,0.039779999256134034,8.504999999999999
7.4,776.0,2026-10-30,0.13555246780395513,761.6900024414062,2026-09-18,0.11506849315068493,0.039779999256134034,8.05
7.67,777.0,2026-10-30,0.1343775527954102,761.6900024414062,2026-09-18,0.11506849315068493,0.039779999256134034,7.615
6.14,778.0,2026-10-30,0.1331873791503906,761.6900024414062,2026-09-18,0.11506849315068493,0.039779999256134034,7.1850000000000005
6.87,779.0,2026-10-30,0.13218030914306644,761.6900024414062,2026-09-18,0.11506849315068493,0.039779999256134034,6.785
6.4,780.0,2026-10-30,0.13112746322631835,761.6900024414062,2026-09-18,0.11506849315068493,0.039779999256134034,6.39
5.48,781.0,2026-10-30,0.1300441000366211,761.6900024414062,2026-09-18,0.11506849315068493,0.039779999256134034,6.015000000000001
5.69,782.0,2026-10-30,0.12905228866577145,761.6900024414062,2026-09-18,0.11506849315068493,0.039779999256134034,5.655
4.74,783.0,2026-10-30,0.12813677047729488,761.6900024414062,2026-09-18,0.11506849315068493,0.039779999256134034,5.3149999999999995
4.62,784.0,2026-10-30,0.12720599365234375,761.6900024414062,2026-09-18,0.11506849315068493,0.039779999256134034,4.99
4.59,785.0,2026-10-30,0.12647357910156248,761.6900024414062,2026-09-18,0.11506849315068493,0.039779999256134034,4.6850000000000005
3.9,786.0,2026-10-30,0.1255885781860352,761.6900024414062,2026-09-18,0.11506849315068493,0.039779999256134034,4.385
3.6,787.0,2026-10-30,0.12468831863403321,761.6900024414062,2026-09-18,0.11506849315068493,0.039779999256134034,4.109999999999999
3.76,788.0,2026-10-30,0.1238796109008789,761.6900024414062,2026-09-18,0.11506849315068493,0.039779999256134034,3.84
3.28,789.0,2026-10-30,0.12320823089599611,761.6900024414062,2026-09-18,0.11506849315068493,0.039779999256134034,3.59
3.37,790.0,2026-10-30,0.12250633361816407,761.6900024414062,2026-09-18,0.11506849315068493,0.039779999256134034,3.355
2.91,791.0,2026-10-30,0.1219265054321289,761.6900024414062,2026-09-18,0.11506849315068493,0.039779999256134034,3.135
2.57,792.0,2026-10-30,0.12134667724609374,761.6900024414062,2026-09-18,0.11506849315068493,0.039779999256134034,2.925
2.66,793.0,2026-10-30,0.12079736633300782,761.6900024414062,2026-09-18,0.11506849315068493,0.039779999256134034,2.725
2.34,794.0,2026-10-30,0.12021753814697264,761.6900024414062,2026-09-18,0.11506849315068493,0.039779999256134034,2.535
2.37,795.0,2026-10-30,0.1198208135986328,761.6900024414062,2026-09-18,0.11506849315068493,0.039779999256134034,2.365
2.01,796.0,2026-10-30,0.11945460632324219,761.6900024414062,2026-09-18,0.11506849315068493,0.039779999256134034,2.2
2.03,797.0,2026-10-30,0.11890529541015624,761.6900024414062,2026-09-18,0.11506849315068493,0.039779999256134034,2.045
1.81,798.0,2026-10-30,0.11860012268066406,761.6900024414062,2026-09-18,0.11506849315068493,0.039779999256134034,1.9049999999999998
1.74,799.0,2026-10-30,0.118172880859375,761.6900024414062,2026-09-18,0.11506849315068493,0.039779999256134034,1.7650000000000001
1.65,800.0,2026-10-30,0.11774563903808594,761.6900024414062,2026-09-18,0.11506849315068493,0.039779999256134034,1.64
1.31,801.0,2026-10-30,0.11762356994628906,761.6900024414062,2026-09-18,0.11506849315068493,0.039779999256134034,1.525
1.26,802.0,2026-10-30,0.11731839721679688,761.6900024414062,2026-09-18,0.11506849315068493,0.039779999256134034,1.415
1.13,803.0,2026-10-30,0.11713529357910156,761.6900024414062,2026-09-18,0.11506849315068493,0.039779999256134034,1.315
1.15,804.0,2026-10-30,0.11683012084960936,761.6900024414062,2026-09-18,0.11506849315068493,0.039779999256134034,1.22
1.09,805.0,2026-10-30,0.11658598266601564,761.6900024414062,2026-09-18,0.11506849315068493,0.039779999256134034,1.13
1.03,806.0,2026-10-30,0.11646391357421876,761.6900024414062,2026-09-18,0.11506849315068493,0.039779999256134034,1.05
0.97,807.0,2026-10-30,0.1165249481201172,761.6900024414062,2026-09-18,0.11506849315068493,0.039779999256134034,0.98
0.82,808.0,2026-10-30,0.11640287902832032,761.6900024414062,2026-09-18,0.11506849315068493,0.039779999256134034,0.91
0.72,809.0,2026-10-30,0.116219775390625,761.6900024414062,2026-09-18,0.11506849315068493,0.039779999256134034,0.84
0.7,810.0,2026-10-30,0.11615874084472656,761.6900024414062,2026-09-18,0.11506849315068493,0.039779999256134034,0.785
0.66,811.0,2026-10-30,0.11634184448242188,761.6900024414062,2026-09-18,0.11506849315068493,0.039779999256134034,0.73
0.61,812.0,2026-10-30,0.11646391357421876,761.6900024414062,2026-09-18,0.11506849315068493,0.039779999256134034,0.6799999999999999
0.54,813.0,2026-10-30,0.11640287902832032,761.6900024414062,2026-09-18,0.11506849315068493,0.039779999256134034,0.635
0.46,814.0,2026-10-30,0.11664701721191406,761.6900024414062,2026-09-18,0.11506849315068493,0.039779999256134034,0.59
0.54,815.0,2026-10-30,0.11676908630371094,761.6900024414062,2026-09-18,0.11506849315068493,0.039779999256134034,0.55
0.49,816.0,2026-10-30,0.117196328125,761.6900024414062,2026-09-18,0.11506849315068493,0.039779999256134034,0.52
0.39,817.0,2026-10-30,0.11713529357910156,761.6900024414062,2026-09-18,0.11506849315068493,0.039779999256134034,0.485
0.43,818.0,2026-10-30,0.11744046630859376,761.6900024414062,2026-09-18,0.11506849315068493,0.039779999256134034,0.455
0.34,819.0,2026-10-30,0.11762356994628906,761.6900024414062,2026-09-18,0.11506849315068493,0.039779999256134034,0.425
0.38,820.0,2026-10-30,0.11823391540527343,761.6900024414062,2026-09-18,0.11506849315068493,0.039779999256134034,0.4
0.3,821.0,2026-10-30,0.11829494995117187,761.6900024414062,2026-09-18,0.11506849315068493,0.039779999256134034,0.375
0.34,822.0,2026-10-30,0.11878322631835936,761.6900024414062,2026-09-18,0.11506849315068493,0.039779999256134034,0.355
0.26,823.0,2026-10-30,0.11914943359374999,761.6900024414062,2026-09-18,0.11506849315068493,0.039779999256134034,0.335
0.25,824.0,2026-10-30,0.11951564086914063,761.6900024414062,2026-09-18,0.11506849315068493,0.039779999256134034,0.315
0.25,825.0,2026-10-30,0.12037012451171875,761.6900024414062,2026-09-18,0.11506849315068493,0.039779999256134034,0.3
0.22,826.0,2026-10-30,0.1206142626953125,761.6900024414062,2026-09-18,0.11506849315068493,0.039779999256134034,0.28
0.2,827.0,2026-10-30,0.12073633178710938,761.6900024414062,2026-09-18,0.11506849315068493,0.039779999256134034,0.265
0.23,828.0,2026-10-30,0.12146874633789062,761.6900024414062,2026-09-18,0.11506849315068493,0.039779999256134034,0.255
0.14,829.0,2026-10-30,0.12232322998046877,761.6900024414062,2026-09-18,0.11506849315068493,0.039779999256134034,0.24
0.2,830.0,2026-10-30,0.12220116088867189,761.6900024414062,2026-09-18,0.11506849315068493,0.039779999256134034,0.225
0.19,831.0,2026-10-30,0.12281150634765625,761.6900024414062,2026-09-18,0.11506849315068493,0.039779999256134034,0.215
0.3,832.0,2026-10-30,0.12329978271484376,761.6900024414062,2026-09-18,0.11506849315068493,0.039779999256134034,0.20500000000000002
0.17,833.0,2026-10-30,0.12391012817382813,761.6900024414062,2026-09-18,0.11506849315068493,0.039779999256134034,0.195
0.15,834.0,2026-10-30,0.12439840454101564,761.6900024414062,2026-09-18,0.11506849315068493,0.039779999256134034,0.185
0.15,835.0,2026-10-30,0.12574116455078127,761.6900024414062,2026-09-18,0.11506849315068493,0.039779999256134034,0.18
0.13,840.0,2026-10-30,0.12842668457031248,761.6900024414062,2026-09-18,0.11506849315068493,0.039779999256134034,0.14500000000000002
0.12,845.0,2026-10-30,0.132821171875,761.6900024414062,2026-09-18,0.11506849315068493,0.039779999256134034,0.12
0.1,850.0,2026-10-30,0.1362391064453125,761.6900024414062,2026-09-18,0.11506849315068493,0.039779999256134034,0.1
0.07,855.0,2026-10-30,0.13916876464843753,761.6900024414062,2026-09-18,0.11506849315068493,0.039779999256134034,0.08499999999999999
0.07,860.0,2026-10-30,0.143563251953125,761.6900024414062,2026-09-18,0.11506849315068493,0.039779999256134034,0.07
0.05,865.0,2026-10-30,0.1469811865234375,761.6900024414062,2026-09-18,0.11506849315068493,0.039779999256134034,0.060000000000000005
0.04,870.0,2026-10-30,0.15039912109375003,761.6900024414062,2026-09-18,0.11506849315068493,0.039779999256134034,0.05
0.04,875.0,2026-10-30,0.15332877929687502,761.6900024414062,2026-09-18,0.11506849315068493,0.039779999256134034,0.045
0.04,880.0,2026-10-30,0.15528188476562502,761.6900024414062,2026-09-18,0.11506849315068493,0.039779999256134034,0.035
0.04,885.0,2026-10-30,0.1562584375,761.6900024414062,2026-09-18,0.11506849315068493,0.039779999256134034,0.025
0.03,890.0,2026-10-30,0.161141201171875,761.6900024414062,2026-09-18,0.11506849315068493,0.039779999256134034,0.025
0.03,895.0,2026-10-30,0.16700051757812504,761.6900024414062,2026-09-18,0.11506849315068493,0.039779999256134034,0.02
0.01,900.0,2026-10-30,0.16602396484375004,761.6900024414062,2026-09-18,0.11506849315068493,0.039779999256134034,0.015
155.23,610.0,2026-11-20,0.47687290710449215,761.6900024414062,2026-09-18,0.1726027397260274,0.039779999256134034,158.685
150.33,615.0,2026-11-20,0.4662528961181641,761.6900024414062,2026-09-18,0.1726027397260274,0.039779999256134034,153.805
146.92,620.0,2026-11-20,0.45490047058105465,761.6900024414062,2026-09-18,0.1726027397260274,0.039779999256134034,148.905
141.93,625.0,2026-11-20,0.4443720114135742,761.6900024414062,2026-09-18,0.1726027397260274,0.039779999256134034,144.035
131.71,630.0,2026-11-20,0.4335994140625,761.6900024414062,2026-09-18,0.1726027397260274,0.039779999256134034,139.16000000000003
134.7,635.0,2026-11-20,0.4227810408020019,761.6900024414062,2026-09-18,0.1726027397260274,0.039779999256134034,134.29000000000002
126.11,640.0,2026-11-20,0.4120542193603516,761.6900024414062,2026-09-18,0.1726027397260274,0.039779999256134034,129.43
122.76,645.0,2026-11-20,0.4012816220092773,761.6900024414062,2026-09-18,0.1726027397260274,0.039779999256134034,124.57
118.33,650.0,2026-11-20,0.3906921282958984,761.6900024414062,2026-09-18,0.1726027397260274,0.039779999256134034,119.83500000000001
111.2,655.0,2026-11-20,0.38004160003662113,761.6900024414062,2026-09-18,0.1726027397260274,0.039779999256134034,114.955
106.25,660.0,2026-11-20,0.3695436581420898,761.6900024414062,2026-09-18,0.1726027397260274,0.039779999256134034,110.175
93.98,665.0,2026-11-20,0.35907623352050777,761.6900024414062,2026-09-18,0.1726027397260274,0.039779999256134034,105.36500000000001
100.86,670.0,2026-11-20,0.34873087799072267,761.6900024414062,2026-09-18,0.1726027397260274,0.039779999256134034,100.575
92.56,675.0,2026-11-20,0.33849233291625974,761.6900024414062,2026-09-18,0.1726027397260274,0.039779999256134034,95.80000000000001
87.66,680.0,2026-11-20,0.3282232705688476,761.6900024414062,2026-09-18,0.1726027397260274,0.039779999256134034,91.03999999999999
84.55,685.0,2026-11-20,0.3181220532226562,761.6900024414062,2026-09-18,0.1726027397260274,0.039779999256134034,86.305
80.72,690.0,2026-11-20,0.3080360945129394,761.6900024414062,2026-09-18,0.1726027397260274,0.039779999256134034,81.555
74.04,695.0,2026-11-20,0.2889170230102538,761.6900024414062,2026-09-18,0.1726027397260274,0.039779999256134034,76.91499999999999
68.88,700.0,2026-11-20,0.2791514956665039,761.6900024414062,2026-09-18,0.1726027397260274,0.039779999256134034,72.24000000000001
65.35,705.0,2026-11-20,0.2758861474609374,761.6900024414062,2026-09-18,0.1726027397260274,0.039779999256134034,67.625
60.34,710.0,2026-11-20,0.258994836883545,761.6900024414062,2026-09-18,0.1726027397260274,0.039779999256134034,63.07
57.17,715.0,2026-11-20,0.24932086135864256,761.6900024414062,2026-09-18,0.1726027397260274,0.039779999256134034,58.03
52.65,720.0,2026-11-20,0.2392501612854004,761.6900024414062,2026-09-18,0.1726027397260274,0.039779999256134034,53.519999999999996
48.35,725.0,2026-11-20,0.23014075531005856,761.6900024414062,2026-09-18,0.1726027397260274,0.039779999256134034,49.760000000000005
44.83,730.0,2026-11-20,0.2210466079711914,761.6900024414062,2026-09-18,0.1726027397260274,0.039779999256134034,44.805
39.9,735.0,2026-11-20,0.21161677062988277,761.6900024414062,2026-09-18,0.1726027397260274,0.039779999256134034,40.54
36.86,740.0,2026-11-20,0.20237003692626948,761.6900024414062,2026-09-18,0.1726027397260274,0.039779999256134034,37.11
33.0,745.0,2026-11-20,0.1940235627746582,761.6900024414062,2026-09-18,0.1726027397260274,0.039779999256134034,32.635
28.79,750.0,2026-11-20,0.1855702781677246,761.6900024414062,2026-09-18,0.1726027397260274,0.039779999256134034,29.299999999999997
25.26,755.0,2026-11-20,0.17737639038085937,761.6900024414062,2026-09-18,0.1726027397260274,0.039779999256134034,25.61
22.0,760.0,2026-11-20,0.16988439987182619,761.6900024414062,2026-09-18,0.1726027397260274,0.039779999256134034,22.11
19.0,765.0,2026-11-20,0.1624229266357422,761.6900024414062,2026-09-18,0.1726027397260274,0.039779999256134034,18.884999999999998
15.87,770.0,2026-11-20,0.1558769715881348,761.6900024414062,2026-09-18,0.1726027397260274,0.039779999256134034,15.865
13.0,775.0,2026-11-20,0.14998713790893559,761.6900024414062,2026-09-18,0.1726027397260274,0.039779999256134034,13.14
10.77,780.0,2026-11-20,0.14463135650634767,761.6900024414062,2026-09-18,0.1726027397260274,0.039779999256134034,10.715
8.48,785.0,2026-11-20,0.13993169647216797,761.6900024414062,2026-09-18,0.1726027397260274,0.039779999256134034,8.595
6.75,790.0,2026-11-20,0.13572031280517582,761.6900024414062,2026-09-18,0.1726027397260274,0.039779999256134034,6.795
5.17,795.0,2026-11-20,0.13221082641601564,761.6900024414062,2026-09-18,0.1726027397260274,0.039779999256134034,5.295
4.09,800.0,2026-11-20,0.12918961639404297,761.6900024414062,2026-09-18,0.1726027397260274,0.039779999256134034,4.08
2.87,805.0,2026-11-20,0.12687030364990232,761.6900024414062,2026-09-18,0.1726027397260274,0.039779999256134034,3.11
2.34,810.0,2026-11-20,0.12491719818115235,761.6900024414062,2026-09-18,0.1726027397260274,0.039779999256134034,2.3449999999999998
1.77,815.0,2026-11-20,0.12348288635253907,761.6900024414062,2026-09-18,0.1726027397260274,0.039779999256134034,1.755
1.28,820.0,2026-11-20,0.12223167816162112,761.6900024414062,2026-09-18,0.1726027397260274,0.039779999256134034,1.3050000000000002
0.99,825.0,2026-11-20,0.12201805725097657,761.6900024414062,2026-09-18,0.1726027397260274,0.039779999256134034,0.98
0.74,830.0,2026-11-20,0.12207909179687501,761.6900024414062,2026-09-18,0.1726027397260274,0.039779999256134034,0.74
0.54,835.0,2026-11-20,0.12281150634765625,761.6900024414062,2026-09-18,0.1726027397260274,0.039779999256134034,0.5700000000000001
0.39,840.0,2026-11-20,0.12372702453613281,761.6900024414062,2026-09-18,0.1726027397260274,0.039779999256134034,0.44
0.31,845.0,2026-11-20,0.12525288818359376,761.6900024414062,2026-09-18,0.1726027397260274,0.039779999256134034,0.35
0.24,850.0,2026-11-20,0.12696185546875,761.6900024414062,2026-09-18,0.1726027397260274,0.039779999256134034,0.28500000000000003
0.21,855.0,2026-11-20,0.1283046154785156,761.6900024414062,2026-09-18,0.1726027397260274,0.039779999256134034,0.225
0.17,860.0,2026-11-20,0.13037979003906247,761.6900024414062,2026-09-18,0.1726027397260274,0.039779999256134034,0.185
0.15,865.0,2026-11-20,0.13257703369140628,761.6900024414062,2026-09-18,0.1726027397260274,0.039779999256134034,0.155
0.12,870.0,2026-11-20,0.1355066918945313,761.6900024414062,2026-09-18,0.1726027397260274,0.039779999256134034,0.135
0.11,875.0,2026-11-20,0.13794807373046875,761.6900024414062,2026-09-18,0.1726027397260274,0.039779999256134034,0.11499999999999999
0.08,880.0,2026-11-20,0.13990117919921874,761.6900024414062,2026-09-18,0.1726027397260274,0.039779999256134034,0.095
0.07,885.0,2026-11-20,0.1430749755859375,761.6900024414062,2026-09-18,0.1726027397260274,0.039779999256134034,0.08499999999999999
0.09,890.0,2026-11-20,0.14576049560546872,761.6900024414062,2026-09-18,0.1726027397260274,0.039779999256134034,0.07500000000000001
0.06,895.0,2026-11-20,0.14820187744140628,761.6900024414062,2026-09-18,0.1726027397260274,0.039779999256134034,0.065
0.05,900.0,2026-11-20,0.15039912109375003,761.6900024414062,2026-09-18,0.1726027397260274,0.039779999256134034,0.055
0.04,905.0,2026-11-20,0.1518639501953125,761.6900024414062,2026-09-18,0.1726027397260274,0.039779999256134034,0.045
0.04,910.0,2026-11-20,0.1562584375,761.6900024414062,2026-09-18,0.1726027397260274,0.039779999256134034,0.04
171.85,610.0,2026-11-30,0.45712823150634774,761.6900024414062,2026-09-18,0.2,0.039779999256134034,159.435
153.85,615.0,2026-11-30,0.44693546234130854,761.6900024414062,2026-09-18,0.2,0.039779999256134034,154.68
148.74,620.0,2026-11-30,0.43671217590332034,761.6900024414062,2026-09-18,0.2,0.039779999256134034,149.81
154.99,622.0,2026-11-30,0.4327144131469727,761.6900024414062,2026-09-18,0.2,0.039779999256134034,147.76999999999998
143.07,625.0,2026-11-30,0.4265804412841797,761.6900024414062,2026-09-18,0.2,0.039779999256134034,144.93
136.24,630.0,2026-11-30,0.41654025848388665,761.6900024414062,2026-09-18,0.2,0.039779999256134034,140.095
125.42,635.0,2026-11-30,0.4064695584106446,761.6900024414062,2026-09-18,0.2,0.039779999256134034,135.225
136.2,640.0,2026-11-30,0.3946288565063477,761.6900024414062,2026-09-18,0.2,0.039779999256134034,130.38
114.62,645.0,2026-11-30,0.4543359010314941,761.6900024414062,2026-09-18,0.2,0.039779999256134034,131.45999999999998
118.6,650.0,2026-11-30,0.37485366363525385,761.6900024414062,2026-09-18,0.2,0.039779999256134034,120.725
112.6,655.0,2026-11-30,0.3650271017456055,761.6900024414062,2026-09-18,0.2,0.039779999256134034,115.91499999999999
104.89,660.0,2026-11-30,0.3552310571289062,761.6900024414062,2026-09-18,0.2,0.039779999256134034,111.11500000000001
100.26,665.0,2026-11-30,0.3455723402404785,761.6900024414062,2026-09-18,0.2,0.039779999256134034,106.38
95.5,670.0,2026-11-30,0.33588310607910155,761.6900024414062,2026-09-18,0.2,0.039779999256134034,101.565
95.99,672.0,2026-11-30,0.36084623535156246,761.6900024414062,2026-09-18,0.2,0.039779999256134034,102.545
92.7,673.0,2026-11-30,0.3301458587646484,761.6900024414062,2026-09-18,0.2,0.039779999256134034,98.75999999999999
96.4,674.0,2026-11-30,0.3282232705688476,761.6900024414062,2026-09-18,0.2,0.039779999256134034,97.765
93.16,675.0,2026-11-30,0.3263006823730469,761.6900024414062,2026-09-18,0.2,0.039779999256134034,96.86
102.32,676.0,2026-11-30,0.3244696459960937,761.6900024414062,2026-09-18,0.2,0.039779999256134034,95.91499999999999
76.73,677.0,2026-11-30,0.327857063293457,761.6900024414062,2026-09-18,0.2,0.039779999256134034,95.57
99.25,678.0,2026-11-30,0.32068550415039054,761.6900024414062,2026-09-18,0.2,0.039779999256134034,93.97999999999999
83.94,679.0,2026-11-30,0.31873239868164055,761.6900024414062,2026-09-18,0.2,0.039779999256134034,93.075
89.93,680.0,2026-11-30,0.31687084503173824,761.6900024414062,2026-09-18,0.2,0.039779999256134034,92.135
88.14,681.0,2026-11-30,0.31500929138183587,761.6900024414062,2026-09-18,0.2,0.039779999256134034,91.195
94.15,682.0,2026-11-30,0.3130409272766113,761.6900024414062,2026-09-18,0.2,0.039779999256134034,90.20500000000001
92.5,683.0,2026-11-30,0.31116411499023433,761.6900024414062,2026-09-18,0.2,0.039779999256134034,89.265
94.14,684.0,2026-11-30,0.30927204406738285,761.6900024414062,2026-09-18,0.2,0.039779999256134034,88.32499999999999
84.15,685.0,2026-11-30,0.30748678359985343,761.6900024414062,2026-09-18,0.2,0.039779999256134034,87.39
92.47,686.0,2026-11-30,0.30557945404052733,761.6900024414062,2026-09-18,0.2,0.039779999256134034,86.45
93.54,687.0,2026-11-30,0.30368738311767574,761.6900024414062,2026-09-18,0.2,0.039779999256134034,85.515
82.79,688.0,2026-11-30,0.2964853067016602,761.6900024414062,2026-09-18,0.2,0.039779999256134034,84.32
89.79,689.0,2026-11-30,0.2944711666870117,761.6900024414062,2026-09-18,0.2,0.039779999256134034,83.38
79.88,690.0,2026-11-30,0.28801676345825183,761.6900024414062,2026-09-18,0.2,0.039779999256134034,82.69
77.97,691.0,2026-11-30,0.28850503982543935,761.6900024414062,2026-09-18,0.2,0.039779999256134034,81.775
90.51,692.0,2026-11-30,0.28423262161254875,761.6900024414062,2026-09-18,0.2,0.039779999256134034,80.82499999999999
83.68,693.0,2026-11-30,0.2870249520874023,761.6900024414062,2026-09-18,0.2,0.039779999256134034,80.03
83.53,694.0,2026-11-30,0.28325606887817373,761.6900024414062,2026-09-18,0.2,0.039779999256134034,78.62
74.98,695.0,2026-11-30,0.2814250325012207,761.6900024414062,2026-09-18,0.2,0.039779999256134034,77.69
80.14,696.0,2026-11-30,0.27957873748779294,761.6900024414062,2026-09-18,0.2,0.039779999256134034,76.765
90.26,697.0,2026-11-30,0.27782399429321286,761.6900024414062,2026-09-18,0.2,0.039779999256134034,75.845
81.58,698.0,2026-11-30,0.27684744155883784,761.6900024414062,2026-09-18,0.2,0.039779999256134034,74.96000000000001
90.15,699.0,2026-11-30,0.27437554244995116,761.6900024414062,2026-09-18,0.2,0.039779999256134034,74.005
70.49,700.0,2026-11-30,0.27268183380126954,761.6900024414062,2026-09-18,0.2,0.039779999256134034,73.09
79.72,701.0,2026-11-30,0.2731090756225586,761.6900024414062,2026-09-18,0.2,0.039779999256134034,72.285
84.69,702.0,2026-11-30,0.2760845097351074,761.6900024414062,2026-09-18,0.2,0.039779999256134034,72.065
75.95,703.0,2026-11-30,0.26377079010009763,761.6900024414062,2026-09-18,0.2,0.039779999256134034,70.61
78.88,704.0,2026-11-30,0.2719646778869628,761.6900024414062,2026-09-18,0.2,0.039779999256134034,70.225
59.04,705.0,2026-11-30,0.2642285491943359,761.6900024414062,2026-09-18,0.2,0.039779999256134034,68.54
82.53,706.0,2026-11-30,0.2582776809692383,761.6900024414062,2026-09-18,0.2,0.039779999256134034,67.965
78.02,707.0,2026-11-30,0.26282475463867194,761.6900024414062,2026-09-18,0.2,0.039779999256134034,66.83500000000001
69.75,708.0,2026-11-30,0.25914742324829104,761.6900024414062,2026-09-18,0.2,0.039779999256134034,65.825
64.51,709.0,2026-11-30,0.25928475097656256,761.6900024414062,2026-09-18,0.2,0.039779999256134034,65.025
60.14,710.0,2026-11-30,0.2512587081909179,761.6900024414062,2026-09-18,0.2,0.039779999256134034,64.29
60.16,711.0,2026-11-30,0.24944293045043942,761.6900024414062,2026-09-18,0.2,0.039779999256134034,63.38
77.86,712.0,2026-11-30,0.2582776809692383,761.6900024414062,2026-09-18,0.2,0.039779999256134034,62.56
60.04,713.0,2026-11-30,0.25060258682250974,761.6900024414062,2026-09-18,0.2,0.039779999256134034,61.34
73.26,714.0,2026-11-30,0.24410240768432617,761.6900024414062,2026-09-18,0.2,0.039779999256134034,60.785
58.42,715.0,2026-11-30,0.2422408540344238,761.6900024414062,2026-09-18,0.2,0.039779999256134034,59.82
65.58,716.0,2026-11-30,0.2472304281616211,761.6900024414062,2026-09-18,0.2,0.039779999256134034,58.769999999999996
62.36,717.0,2026-11-30,0.24387352813720703,761.6900024414062,2026-09-18,0.2,0.039779999256134034,57.795
56.33,718.0,2026-11-30,0.24387352813720703,761.6900024414062,2026-09-18,0.2,0.039779999256134034,57.565
54.34,719.0,2026-11-30,0.2411117149353027,761.6900024414062,2026-09-18,0.2,0.039779999256134034,56.635000000000005
52.9,720.0,2026-11-30,0.24286645812988278,761.6900024414062,2026-09-18,0.2,0.039779999256134034,55.39
52.95,721.0,2026-11-30,0.237739556274414,761.6900024414062,2026-09-18,0.2,0.039779999256134034,54.315
51.28,722.0,2026-11-30,0.22960670303344727,761.6900024414062,2026-09-18,0.2,0.039779999256134034,53.07
62.78,723.0,2026-11-30,0.23525239852905272,761.6900024414062,2026-09-18,0.2,0.039779999256134034,52.625
49.23,724.0,2026-11-30,0.23276524078369143,761.6900024414062,2026-09-18,0.2,0.039779999256134034,51.71
49.76,725.0,2026-11-30,0.23053747985839845,761.6900024414062,2026-09-18,0.2,0.039779999256134034,50.815
57.55,726.0,2026-11-30,0.22922523712158205,761.6900024414062,2026-09-18,0.2,0.039779999256134034,49.975
53.86,727.0,2026-11-30,0.2291336853027344,761.6900024414062,2026-09-18,0.2,0.039779999256134034,49.21
45.64,728.0,2026-11-30,0.2260819580078125,761.6900024414062,2026-09-18,0.2,0.039779999256134034,48.275000000000006
46.75,729.0,2026-11-30,0.22444928390502927,761.6900024414062,2026-09-18,0.2,0.039779999256134034,47.42
44.51,730.0,2026-11-30,0.22286238571166989,761.6900024414062,2026-09-18,0.2,0.039779999256134034,46.58
42.39,731.0,2026-11-30,0.22133652206420895,761.6900024414062,2026-09-18,0.2,0.039779999256134034,45.739999999999995
40.34,732.0,2026-11-30,0.21987169296264647,761.6900024414062,2026-09-18,0.2,0.039779999256134034,44.91
48.35,733.0,2026-11-30,0.21927660614013672,761.6900024414062,2026-09-18,0.2,0.039779999256134034,44.14
46.19,734.0,2026-11-30,0.21833057067871092,761.6900024414062,2026-09-18,0.2,0.039779999256134034,43.349999999999994
41.66,735.0,2026-11-30,0.20800047378540037,761.6900024414062,2026-09-18,0.2,0.039779999256134034,41.980000000000004
47.0,736.0,2026-11-30,0.21344780700683597,761.6900024414062,2026-09-18,0.2,0.039779999256134034,41.595
36.65,737.0,2026-11-30,0.21201349517822266,761.6900024414062,2026-09-18,0.2,0.039779999256134034,40.785
37.61,738.0,2026-11-30,0.20308719284057614,761.6900024414062,2026-09-18,0.2,0.039779999256134034,39.504999999999995
44.65,739.0,2026-11-30,0.20865659515380852,761.6900024414062,2026-09-18,0.2,0.039779999256134034,39.144999999999996
38.67,740.0,2026-11-30,0.2074511628723144,761.6900024414062,2026-09-18,0.2,0.039779999256134034,38.465
37.14,741.0,2026-11-30,0.20543702285766602,761.6900024414062,2026-09-18,0.2,0.039779999256134034,37.71
38.77,742.0,2026-11-30,0.20456728057861323,761.6900024414062,2026-09-18,0.2,0.039779999256134034,36.985
35.07,743.0,2026-11-30,0.2030414169311523,761.6900024414062,2026-09-18,0.2,0.039779999256134034,36.26
33.48,744.0,2026-11-30,0.20154607055664062,761.6900024414062,2026-09-18,0.2,0.039779999256134034,35.41
34.73,745.0,2026-11-30,0.1918873536682129,761.6900024414062,2026-09-18,0.2,0.039779999256134034,34.195
32.67,746.0,2026-11-30,0.19879951599121093,761.6900024414062,2026-09-18,0.2,0.039779999256134034,34.005
32.04,747.0,2026-11-30,0.18889666091918944,761.6900024414062,2026-09-18,0.2,0.039779999256134034,32.35
30.08,748.0,2026-11-30,0.19422192504882813,761.6900024414062,2026-09-18,0.2,0.039779999256134034,32.03
30.82,749.0,2026-11-30,0.19348951049804688,761.6900024414062,2026-09-18,0.2,0.039779999256134034,31.549999999999997
29.9,750.0,2026-11-30,0.18402915588378904,761.6900024414062,2026-09-18,0.2,0.039779999256134034,30.84
29.59,751.0,2026-11-30,0.190086834564209,761.6900024414062,2026-09-18,0.2,0.039779999256134034,30.025
22.64,752.0,2026-11-30,0.18526510543823238,761.6900024414062,2026-09-18,0.2,0.039779999256134034,29.314999999999998
27.55,753.0,2026-11-30,0.18386131088256835,761.6900024414062,2026-09-18,0.2,0.039779999256134034,28.560000000000002
25.54,754.0,2026-11-30,0.18241174041748048,761.6900024414062,2026-09-18,0.2,0.039779999256134034,28.15
26.47,755.0,2026-11-30,0.1766134585571289,761.6900024414062,2026-09-18,0.2,0.039779999256134034,27.165
24.19,756.0,2026-11-30,0.17954311676025392,761.6900024414062,2026-09-18,0.2,0.039779999256134034,26.715000000000003
23.87,757.0,2026-11-30,0.1746450944519043,761.6900024414062,2026-09-18,0.2,0.039779999256134034,25.549999999999997
24.44,758.0,2026-11-30,0.17347017944335938,761.6900024414062,2026-09-18,0.2,0.039779999256134034,25.015
24.05,759.0,2026-11-30,0.17174595352172856,761.6900024414062,2026-09-18,0.2,0.039779999256134034,24.380000000000003
23.6,760.0,2026-11-30,0.1704947453308106,761.6900024414062,2026-09-18,0.2,0.039779999256134034,23.72
22.5,761.0,2026-11-30,0.16993017578125003,761.6900024414062,2026-09-18,0.2,0.039779999256134034,23.085
21.99,762.0,2026-11-30,0.17099828033447267,761.6900024414062,2026-09-18,0.2,0.039779999256134034,22.585
21.5,763.0,2026-11-30,0.1698920291900635,761.6900024414062,2026-09-18,0.2,0.039779999256134034,21.845
21.09,764.0,2026-11-30,0.16718362121582034,761.6900024414062,2026-09-18,0.2,0.039779999256134034,21.05
20.49,765.0,2026-11-30,0.16465068756103518,761.6900024414062,2026-09-18,0.2,0.039779999256134034,20.479999999999997
18.88,766.0,2026-11-30,0.1609580975341797,761.6900024414062,2026-09-18,0.2,0.039779999256134034,19.8
18.3,767.0,2026-11-30,0.15970688934326172,761.6900024414062,2026-09-18,0.2,0.039779999256134034,19.18
17.66,768.0,2026-11-30,0.15856249160766606,761.6900024414062,2026-09-18,0.2,0.039779999256134034,18.575
17.11,769.0,2026-11-30,0.15734180068969728,761.6900024414062,2026-09-18,0.2,0.039779999256134034,17.98
17.47,770.0,2026-11-30,0.1562279202270508,761.6900024414062,2026-09-18,0.2,0.039779999256134034,17.39
16.23,771.0,2026-11-30,0.15497671203613284,761.6900024414062,2026-09-18,0.2,0.039779999256134034,16.810000000000002
15.29,772.0,2026-11-30,0.1538017970275879,761.6900024414062,2026-09-18,0.2,0.039779999256134034,16.240000000000002
14.75,773.0,2026-11-30,0.15271843383789066,761.6900024414062,2026-09-18,0.2,0.039779999256134034,15.690000000000001
13.68,774.0,2026-11-30,0.15165032928466798,761.6900024414062,2026-09-18,0.2,0.039779999256134034,15.145
14.6,775.0,2026-11-30,0.1505211901855469,761.6900024414062,2026-09-18,0.2,0.039779999256134034,14.605
12.73,776.0,2026-11-30,0.14946834426879885,761.6900024414062,2026-09-18,0.2,0.039779999256134034,14.09
13.36,777.0,2026-11-30,0.14836972244262697,761.6900024414062,2026-09-18,0.2,0.039779999256134034,13.575
11.71,778.0,2026-11-30,0.14733213516235355,761.6900024414062,2026-09-18,0.2,0.039779999256134034,13.07
12.13,779.0,2026-11-30,0.14630980651855469,761.6900024414062,2026-09-18,0.2,0.039779999256134034,12.58
11.61,780.0,2026-11-30,0.1453027365112305,761.6900024414062,2026-09-18,0.2,0.039779999256134034,12.105
10.73,781.0,2026-11-30,0.14429566650390624,761.6900024414062,2026-09-18,0.2,0.039779999256134034,11.635
10.63,782.0,2026-11-30,0.1433801483154297,761.6900024414062,2026-09-18,0.2,0.039779999256134034,11.18
10.38,783.0,2026-11-30,0.14246463012695312,761.6900024414062,2026-09-18,0.2,0.039779999256134034,10.739999999999998
7.11,784.0,2026-11-30,0.14148807739257813,761.6900024414062,2026-09-18,0.2,0.039779999256134034,10.305
10.01,785.0,2026-11-30,0.14058781784057617,761.6900024414062,2026-09-18,0.2,0.039779999256134034,9.89
8.34,786.0,2026-11-30,0.1396875582885742,761.6900024414062,2026-09-18,0.2,0.039779999256134034,9.48
7.91,787.0,2026-11-30,0.13889410919189454,761.6900024414062,2026-09-18,0.2,0.039779999256134034,9.085
8.17,788.0,2026-11-30,0.1380091082763672,761.6900024414062,2026-09-18,0.2,0.039779999256134034,8.7
8.17,789.0,2026-11-30,0.13721565917968753,761.6900024414062,2026-09-18,0.2,0.039779999256134034,8.325
7.41,790.0,2026-11-30,0.13643746871948242,761.6900024414062,2026-09-18,0.2,0.039779999256134034,7.97
7.3,791.0,2026-11-30,0.13565927825927737,761.6900024414062,2026-09-18,0.2,0.039779999256134034,7.62
6.87,792.0,2026-11-30,0.1348963464355469,761.6900024414062,2026-09-18,0.2,0.039779999256134034,7.28
6.74,793.0,2026-11-30,0.13422496643066406,761.6900024414062,2026-09-18,0.2,0.039779999256134034,6.96
5.53,794.0,2026-11-30,0.13356884506225586,761.6900024414062,2026-09-18,0.2,0.039779999256134034,6.65
5.98,795.0,2026-11-30,0.132821171875,761.6900024414062,2026-09-18,0.2,0.039779999256134034,6.345
5.19,796.0,2026-11-30,0.13219556777954106,761.6900024414062,2026-09-18,0.2,0.039779999256134034,6.055
5.01,797.0,2026-11-30,0.13158522232055664,761.6900024414062,2026-09-18,0.2,0.039779999256134034,5.775
5.4,798.0,2026-11-30,0.1308833250427246,761.6900024414062,2026-09-18,0.2,0.039779999256134034,5.505000000000001
4.67,799.0,2026-11-30,0.1302882382202148,761.6900024414062,2026-09-18,0.2,0.039779999256134034,5.244999999999999
5.05,800.0,2026-11-30,0.12973892730712888,761.6900024414062,2026-09-18,0.2,0.039779999256134034,4.994999999999999
4.03,801.0,2026-11-30,0.12918961639404297,761.6900024414062,2026-09-18,0.2,0.039779999256134034,4.76
3.92,802.0,2026-11-30,0.12867082275390623,761.6900024414062,2026-09-18,0.2,0.039779999256134034,4.529999999999999
3.95,803.0,2026-11-30,0.12818254638671872,761.6900024414062,2026-09-18,0.2,0.039779999256134034,4.3100000000000005
3.86,804.0,2026-11-30,0.12760271820068358,761.6900024414062,2026-09-18,0.2,0.039779999256134034,4.095000000000001
3.92,805.0,2026-11-30,0.1271602177429199,761.6900024414062,2026-09-18,0.2,0.039779999256134034,3.89
3.58,806.0,2026-11-30,0.12674823455810547,761.6900024414062,2026-09-18,0.2,0.039779999256134034,3.7
3.29,807.0,2026-11-30,0.12627521682739257,761.6900024414062,2026-09-18,0.2,0.039779999256134034,3.5149999999999997
2.82,808.0,2026-11-30,0.1259547854614258,761.6900024414062,2026-09-18,0.2,0.039779999256134034,3.34
2.84,809.0,2026-11-30,0.12555806091308597,761.6900024414062,2026-09-18,0.2,0.039779999256134034,3.17
2.81,810.0,2026-11-30,0.12506978454589845,761.6900024414062,2026-09-18,0.2,0.039779999256134034,3.005
2.79,811.0,2026-11-30,0.12476461181640625,761.6900024414062,2026-09-18,0.2,0.039779999256134034,2.85
1.9,812.0,2026-11-30,0.12439840454101564,761.6900024414062,2026-09-18,0.2,0.039779999256134034,2.705
2.34,813.0,2026-11-30,0.12407797317504884,761.6900024414062,2026-09-18,0.2,0.039779999256134034,2.565
2.12,814.0,2026-11-30,0.12381857635498048,761.6900024414062,2026-09-18,0.2,0.039779999256134034,2.43
1.95,815.0,2026-11-30,0.12348288635253907,761.6900024414062,2026-09-18,0.2,0.039779999256134034,2.3049999999999997
1.86,816.0,2026-11-30,0.12323874816894533,761.6900024414062,2026-09-18,0.2,0.039779999256134034,2.185
1.92,817.0,2026-11-30,0.1229030581665039,761.6900024414062,2026-09-18,0.2,0.039779999256134034,2.065
1.34,818.0,2026-11-30,0.12262840270996095,761.6900024414062,2026-09-18,0.2,0.039779999256134034,1.955
1.74,819.0,2026-11-30,0.12247581634521486,761.6900024414062,2026-09-18,0.2,0.039779999256134034,1.855
1.71,820.0,2026-11-30,0.12223167816162112,761.6900024414062,2026-09-18,0.2,0.039779999256134034,1.755
1.19,825.0,2026-11-30,0.12140771179199218,761.6900024414062,2026-09-18,0.2,0.039779999256134034,1.335
1.01,830.0,2026-11-30,0.12098046997070314,761.6900024414062,2026-09-18,0.2,0.039779999256134034,1.0150000000000001
0.7,835.0,2026-11-30,0.1209194354248047,761.6900024414062,2026-09-18,0.2,0.039779999256134034,0.78
0.51,840.0,2026-11-30,0.12152978088378906,761.6900024414062,2026-09-18,0.2,0.039779999256134034,0.61
0.47,845.0,2026-11-30,0.1223842645263672,761.6900024414062,2026-09-18,0.2,0.039779999256134034,0.48
0.35,850.0,2026-11-30,0.12342185180664064,761.6900024414062,2026-09-18,0.2,0.039779999256134034,0.38
0.26,855.0,2026-11-30,0.12500875,761.6900024414062,2026-09-18,0.2,0.039779999256134034,0.31
0.21,860.0,2026-11-30,0.12647357910156248,761.6900024414062,2026-09-18,0.2,0.039779999256134034,0.255
0.19,865.0,2026-11-30,0.12854875366210936,761.6900024414062,2026-09-18,0.2,0.039779999256134034,0.21000000000000002
0.15,870.0,2026-11-30,0.13086806640624998,761.6900024414062,2026-09-18,0.2,0.039779999256134034,0.18
0.14,875.0,2026-11-30,0.132821171875,761.6900024414062,2026-09-18,0.2,0.039779999256134034,0.15000000000000002
0.11,880.0,2026-11-30,0.13526255371093754,761.6900024414062,2026-09-18,0.2,0.039779999256134034,0.13
0.11,885.0,2026-11-30,0.13721565917968753,761.6900024414062,2026-09-18,0.2,0.039779999256134034,0.11499999999999999
0.07,890.0,2026-11-30,0.13868048828125001,761.6900024414062,2026-09-18,0.2,0.039779999256134034,0.095
0.08,895.0,2026-11-30,0.141610146484375,761.6900024414062,2026-09-18,0.2,0.039779999256134034,0.08499999999999999
0.07,900.0,2026-11-30,0.14405152832031248,761.6900024414062,2026-09-18,0.2,0.039779999256134034,0.07500000000000001
0.05,905.0,2026-11-30,0.14600463378906248,761.6900024414062,2026-09-18,0.2,0.039779999256134034,0.065
0.05,910.0,2026-11-30,0.14795773925781253,761.6900024414062,2026-09-18,0.2,0.039779999256134034,0.055
157.96,610.0,2026-12-18,0.4281368222045898,761.6900024414062,2026-09-18,0.2493150684931507,0.039779999256134034,161.185
153.12,615.0,2026-12-18,0.4189816403198242,761.6900024414062,2026-09-18,0.2493150684931507,0.039779999256134034,156.345
149.0,620.0,2026-12-18,0.41042154525756835,761.6900024414062,2026-09-18,0.2493150684931507,0.039779999256134034,151.53500000000003
145.15,625.0,2026-12-18,0.40154101882934573,761.6900024414062,2026-09-18,0.2493150684931507,0.039779999256134034,146.835
140.19,630.0,2026-12-18,0.3929504064941406,761.6900024414062,2026-09-18,0.2493150684931507,0.039779999256134034,142.04000000000002
135.32,635.0,2026-12-18,0.3840698800659179,761.6900024414062,2026-09-18,0.2493150684931507,0.039779999256134034,137.235
129.45,640.0,2026-12-18,0.37555556091308595,761.6900024414062,2026-09-18,0.2493150684931507,0.039779999256134034,132.46
127.75,645.0,2026-12-18,0.36694968994140625,761.6900024414062,2026-09-18,0.2493150684931507,0.039779999256134034,127.685
120.7,650.0,2026-12-18,0.3608004594421386,761.6900024414062,2026-09-18,0.2493150684931507,0.039779999256134034,123.03999999999999
114.61,655.0,2026-12-18,0.3519657089233398,761.6900024414062,2026-09-18,0.2493150684931507,0.039779999256134034,118.28
112.77,660.0,2026-12-18,0.343207251586914,761.6900024414062,2026-09-18,0.2493150684931507,0.039779999256134034,113.53999999999999
107.83,665.0,2026-12-18,0.33457086334228514,761.6900024414062,2026-09-18,0.2493150684931507,0.039779999256134034,108.82
101.09,670.0,2026-12-18,0.32598025100708,761.6900024414062,2026-09-18,0.2493150684931507,0.039779999256134034,104.11500000000001
97.89,675.0,2026-12-18,0.3174506732177734,761.6900024414062,2026-09-18,0.2493150684931507,0.039779999256134034,99.44
93.57,680.0,2026-12-18,0.30904316452026365,761.6900024414062,2026-09-18,0.2493150684931507,0.039779999256134034,94.785
88.96,685.0,2026-12-18,0.30063565582275387,761.6900024414062,2026-09-18,0.2493150684931507,0.039779999256134034,90.155
76.47,690.0,2026-12-18,0.29231969894409165,761.6900024414062,2026-09-18,0.2493150684931507,0.039779999256134034,85.55
79.52,695.0,2026-12-18,0.284064776611328,761.6900024414062,2026-09-18,0.2493150684931507,0.039779999256134034,80.985
75.53,700.0,2026-12-18,0.27590140609741204,761.6900024414062,2026-09-18,0.2493150684931507,0.039779999256134034,76.45500000000001
68.5,705.0,2026-12-18,0.2679058805847168,761.6900024414062,2026-09-18,0.2493150684931507,0.039779999256134034,71.97
66.27,710.0,2026-12-18,0.2599408723449707,761.6900024414062,2026-09-18,0.2493150684931507,0.039779999256134034,67.53
62.0,715.0,2026-12-18,0.25214370910644535,761.6900024414062,2026-09-18,0.2493150684931507,0.039779999256134034,63.144999999999996
56.72,720.0,2026-12-18,0.2443007699584961,761.6900024414062,2026-09-18,0.2493150684931507,0.039779999256134034,58.805
51.85,725.0,2026-12-18,0.23667145172119142,761.6900024414062,2026-09-18,0.2493150684931507,0.039779999256134034,54.54
47.81,730.0,2026-12-18,0.22922523712158205,761.6900024414062,2026-09-18,0.2493150684931507,0.039779999256134034,50.355000000000004
45.31,735.0,2026-12-18,0.22187057434082028,761.6900024414062,2026-09-18,0.2493150684931507,0.039779999256134034,46.254999999999995
39.9,740.0,2026-12-18,0.21143366699218746,761.6900024414062,2026-09-18,0.2493150684931507,0.039779999256134034,42.019999999999996
38.5,745.0,2026-12-18,0.20471223762512203,761.6900024414062,2026-09-18,0.2493150684931507,0.039779999256134034,38.14
34.79,750.0,2026-12-18,0.19113968048095703,761.6900024414062,2026-09-18,0.2493150684931507,0.039779999256134034,33.864999999999995
30.15,755.0,2026-12-18,0.185005708618164,761.6900024414062,2026-09-18,0.2493150684931507,0.039779999256134034,30.895000000000003
27.52,760.0,2026-12-18,0.17878018493652342,761.6900024414062,2026-09-18,0.2493150684931507,0.039779999256134034,27.45
24.27,765.0,2026-12-18,0.17040319351196292,761.6900024414062,2026-09-18,0.2493150684931507,0.039779999256134034,24.235
20.97,770.0,2026-12-18,0.16476512733459472,761.6900024414062,2026-09-18,0.2493150684931507,0.039779999256134034,21.145
17.57,775.0,2026-12-18,0.15947800979614257,761.6900024414062,2026-09-18,0.2493150684931507,0.039779999256134034,18.275
15.45,780.0,2026-12-18,0.15461050476074223,761.6900024414062,2026-09-18,0.2493150684931507,0.039779999256134034,15.64
12.63,785.0,2026-12-18,0.1500786897277832,761.6900024414062,2026-09-18,0.2493150684931507,0.039779999256134034,13.260000000000002
10.75,790.0,2026-12-18,0.14594359924316402,761.6900024414062,2026-09-18,0.2493150684931507,0.039779999256134034,11.125
9.25,795.0,2026-12-18,0.1422815264892578,761.6900024414062,2026-09-18,0.2493150684931507,0.039779999256134034,9.25
7.66,800.0,2026-12-18,0.13907721282958985,761.6900024414062,2026-09-18,0.2493150684931507,0.039779999256134034,7.62
6.24,805.0,2026-12-18,0.13614755462646483,761.6900024414062,2026-09-18,0.2493150684931507,0.039779999256134034,6.234999999999999
5.09,810.0,2026-12-18,0.13382824188232423,761.6900024414062,2026-09-18,0.2493150684931507,0.039779999256134034,5.0600000000000005
3.82,815.0,2026-12-18,0.131844619140625,761.6900024414062,2026-09-18,0.2493150684931507,0.039779999256134034,4.08
3.25,820.0,2026-12-18,0.1300441000366211,761.6900024414062,2026-09-18,0.2493150684931507,0.039779999256134034,3.2649999999999997
2.53,825.0,2026-12-18,0.12857927093505855,761.6900024414062,2026-09-18,0.2493150684931507,0.039779999256134034,2.5949999999999998
2.06,830.0,2026-12-18,0.12741961456298828,761.6900024414062,2026-09-18,0.2493150684931507,0.039779999256134034,2.0599999999999996
1.61,835.0,2026-12-18,0.12656513092041016,761.6900024414062,2026-09-18,0.2493150684931507,0.039779999256134034,1.63
1.16,840.0,2026-12-18,0.12604633728027342,761.6900024414062,2026-09-18,0.2493150684931507,0.039779999256134034,1.29
0.93,845.0,2026-12-18,0.12568013000488282,761.6900024414062,2026-09-18,0.2493150684931507,0.039779999256134034,1.02
0.76,850.0,2026-12-18,0.12592426818847657,761.6900024414062,2026-09-18,0.2493150684931507,0.039779999256134034,0.8200000000000001
0.61,855.0,2026-12-18,0.12629047546386718,761.6900024414062,2026-09-18,0.2493150684931507,0.039779999256134034,0.66
0.44,860.0,2026-12-18,0.12671771728515624,761.6900024414062,2026-09-18,0.2493150684931507,0.039779999256134034,0.535
0.37,865.0,2026-12-18,0.12787737365722657,761.6900024414062,2026-09-18,0.2493150684931507,0.039779999256134034,0.44
0.35,870.0,2026-12-18,0.1287928918457031,761.6900024414062,2026-09-18,0.2493150684931507,0.039779999256134034,0.365
0.26,875.0,2026-12-18,0.13001358276367186,761.6900024414062,2026-09-18,0.2493150684931507,0.039779999256134034,0.305
0.22,880.0,2026-12-18,0.13196668823242189,761.6900024414062,2026-09-18,0.2493150684931507,0.039779999256134034,0.265
0.2,885.0,2026-12-18,0.13343151733398437,761.6900024414062,2026-09-18,0.2493150684931507,0.039779999256134034,0.225
0.19,890.0,2026-12-18,0.13526255371093754,761.6900024414062,2026-09-18,0.2493150684931507,0.039779999256134034,0.195
0.16,895.0,2026-12-18,0.1374597973632813,761.6900024414062,2026-09-18,0.2493150684931507,0.039779999256134034,0.175
0.13,900.0,2026-12-18,0.139657041015625,761.6900024414062,2026-09-18,0.2493150684931507,0.039779999256134034,0.155
0.22,905.0,2026-12-18,0.14136600830078128,761.6900024414062,2026-09-18,0.2493150684931507,0.039779999256134034,0.135
0.1,910.0,2026-12-18,0.14405152832031248,761.6900024414062,2026-09-18,0.2493150684931507,0.039779999256134034,0.125
167.02,610.0,2026-12-31,0.4097349066162109,761.6900024414062,2026-09-18,0.28493150684931506,0.039779999256134034,161.75
155.33,615.0,2026-12-31,0.4004271383666992,761.6900024414062,2026-09-18,0.28493150684931506,0.039779999256134034,157.005
149.49,620.0,2026-12-31,0.3920043710327148,761.6900024414062,2026-09-18,0.28493150684931506,0.039779999256134034,152.19
137.76,624.0,2026-12-31,0.3653017572021484,761.6900024414062,2026-09-18,0.28493150684931506,0.039779999256134034,146.67000000000002
145.4,625.0,2026-12-31,0.38352056915283206,761.6900024414062,2026-09-18,0.28493150684931506,0.039779999256134034,147.385
145.51,628.0,2026-12-31,0.3785767709350586,761.6900024414062,2026-09-18,0.28493150684931506,0.039779999256134034,144.51
152.97,629.0,2026-12-31,0.3768983209228516,761.6900024414062,2026-09-18,0.28493150684931506,0.039779999256134034,143.555
149.79,630.0,2026-12-31,0.37520461227416996,761.6900024414062,2026-09-18,0.28493150684931506,0.039779999256134034,142.595
128.67,632.0,2026-12-31,0.3926147164916992,761.6900024414062,2026-09-18,0.28493150684931506,0.039779999256134034,142.915
133.6,633.0,2026-12-31,0.37023029678344727,761.6900024414062,2026-09-18,0.28493150684931506,0.039779999256134034,139.72500000000002
144.95,634.0,2026-12-31,0.3686281399536133,761.6900024414062,2026-09-18,0.28493150684931506,0.039779999256134034,138.76999999999998
133.98,635.0,2026-12-31,0.36693443130493164,761.6900024414062,2026-09-18,0.28493150684931506,0.039779999256134034,137.855
121.71,636.0,2026-12-31,0.38635867553710934,761.6900024414062,2026-09-18,0.28493150684931506,0.039779999256134034,139.16
111.3,637.0,2026-12-31,0.20948056152343747,761.6900024414062,2026-09-18,0.28493150684931506,0.039779999256134034,124.75999999999999
120.33,638.0,2026-12-31,0.4176846562194824,761.6900024414062,2026-09-18,0.28493150684931506,0.039779999256134034,140.72500000000002
136.94,639.0,2026-12-31,0.3603121830749511,761.6900024414062,2026-09-18,0.28493150684931506,0.039779999256134034,134.035
142.47,640.0,2026-12-31,0.35869476760864255,761.6900024414062,2026-09-18,0.28493150684931506,0.039779999256134034,133.04000000000002
145.58,641.0,2026-12-31,0.3570926107788086,761.6900024414062,2026-09-18,0.28493150684931506,0.039779999256134034,132.08999999999997
139.9,642.0,2026-12-31,0.3554599366760253,761.6900024414062,2026-09-18,0.28493150684931506,0.039779999256134034,131.14
139.39,643.0,2026-12-31,0.35384252120971676,761.6900024414062,2026-09-18,0.28493150684931506,0.039779999256134034,130.19
98.1,644.0,2026-12-31,0.2196122961425781,761.6900024414062,2026-09-18,0.28493150684931506,0.039779999256134034,118.75
137.71,645.0,2026-12-31,0.3505924316406249,761.6900024414062,2026-09-18,0.28493150684931506,0.039779999256134034,128.29
109.11,646.0,2026-12-31,0.341528801574707,761.6900024414062,2026-09-18,0.28493150684931506,0.039779999256134034,126.7
126.25,647.0,2026-12-31,0.4012663633728027,761.6900024414062,2026-09-18,0.28493150684931506,0.039779999256134034,132.2
135.04,648.0,2026-12-31,0.3456791506958008,761.6900024414062,2026-09-18,0.28493150684931506,0.039779999256134034,125.44
137.2,649.0,2026-12-31,0.3440312179565429,761.6900024414062,2026-09-18,0.28493150684931506,0.039779999256134034,124.49
117.18,650.0,2026-12-31,0.3423832852172851,761.6900024414062,2026-09-18,0.28493150684931506,0.039779999256134034,123.53999999999999
118.6,651.0,2026-12-31,0.3632570999145508,761.6900024414062,2026-09-18,0.28493150684931506,0.039779999256134034,125.19
124.58,652.0,2026-12-31,0.3391789715576171,761.6900024414062,2026-09-18,0.28493150684931506,0.039779999256134034,121.65
111.17,653.0,2026-12-31,0.3601290794372558,761.6900024414062,2026-09-18,0.28493150684931506,0.039779999256134034,123.325
109.02,655.0,2026-12-31,0.3343877597045898,761.6900024414062,2026-09-18,0.28493150684931506,0.039779999256134034,118.815
111.5,656.0,2026-12-31,0.3325262060546875,761.6900024414062,2026-09-18,0.28493150684931506,0.039779999256134034,118.67
88.53,657.0,2026-12-31,0.2294541166687012,761.6900024414062,2026-09-18,0.28493150684931506,0.039779999256134034,107.72999999999999
95.62,658.0,2026-12-31,0.381567463684082,761.6900024414062,2026-09-18,0.28493150684931506,0.039779999256134034,121.85
123.49,659.0,2026-12-31,0.3279791323852539,761.6900024414062,2026-09-18,0.28493150684931506,0.039779999256134034,115.04499999999999
110.88,660.0,2026-12-31,0.32637697555541995,761.6900024414062,2026-09-18,0.28493150684931506,0.039779999256134034,114.10499999999999
98.58,661.0,2026-12-31,0.3250494741821288,761.6900024414062,2026-09-18,0.28493150684931506,0.039779999256134034,113.315
104.43,662.0,2026-12-31,0.32392033508300777,761.6900024414062,2026-09-18,0.28493150684931506,0.039779999256134034,112.43
110.48,663.0,2026-12-31,0.3215705050659179,761.6900024414062,2026-09-18,0.28493150684931506,0.039779999256134034,111.285
116.63,664.0,2026-12-31,0.31995308959960933,761.6900024414062,2026-09-18,0.28493150684931506,0.039779999256134034,110.39
100.27,665.0,2026-12-31,0.31842722595214834,761.6900024414062,2026-09-18,0.28493150684931506,0.039779999256134034,109.455
103.66,666.0,2026-12-31,0.3168098104858398,761.6900024414062,2026-09-18,0.28493150684931506,0.039779999256134034,108.475
110.87,667.0,2026-12-31,0.3152839468383788,761.6900024414062,2026-09-18,0.28493150684931506,0.039779999256134034,107.54499999999999
91.32,668.0,2026-12-31,0.3174048973083496,761.6900024414062,2026-09-18,0.28493150684931506,0.039779999256134034,107.15
100.0,669.0,2026-12-31,0.3361577615356446,761.6900024414062,2026-09-18,0.28493150684931506,0.039779999256134034,108.65
104.07,670.0,2026-12-31,0.31055376953124997,761.6900024414062,2026-09-18,0.28493150684931506,0.039779999256134034,104.745
93.14,671.0,2026-12-31,0.3089973886108398,761.6900024414062,2026-09-18,0.28493150684931506,0.039779999256134034,103.815
86.78,672.0,2026-12-31,0.31355972091674805,761.6900024414062,2026-09-18,0.28493150684931506,0.039779999256134034,103.685
94.73,673.0,2026-12-31,0.3302526692199707,761.6900024414062,2026-09-18,0.28493150684931506,0.039779999256134034,105.015
97.65,674.0,2026-12-31,0.3288183573913574,761.6900024414062,2026-09-18,0.28493150684931506,0.039779999256134034,104.11500000000001
88.98,675.0,2026-12-31,0.3027871235656738,761.6900024414062,2026-09-18,0.28493150684931506,0.039779999256134034,100.10499999999999
99.4,676.0,2026-12-31,0.34998208618164056,761.6900024414062,2026-09-18,0.28493150684931506,0.039779999256134034,105.105
111.54,677.0,2026-12-31,0.29968962036132807,761.6900024414062,2026-09-18,0.28493150684931506,0.039779999256134034,98.25
97.08,678.0,2026-12-31,0.29808746353149407,761.6900024414062,2026-09-18,0.28493150684931506,0.039779999256134034,97.32499999999999
91.83,679.0,2026-12-31,0.29656159988403313,761.6900024414062,2026-09-18,0.28493150684931506,0.039779999256134034,96.405
93.68,680.0,2026-12-31,0.29503573623657225,761.6900024414062,2026-09-18,0.28493150684931506,0.039779999256134034,95.47999999999999
93.56,681.0,2026-12-31,0.29349461395263665,761.6900024414062,2026-09-18,0.28493150684931506,0.039779999256134034,94.56
101.53,682.0,2026-12-31,0.29195349166870105,761.6900024414062,2026-09-18,0.28493150684931506,0.039779999256134034,93.64
91.71,683.0,2026-12-31,0.29041236938476556,761.6900024414062,2026-09-18,0.28493150684931506,0.039779999256134034,92.72
104.6,684.0,2026-12-31,0.28885598846435534,761.6900024414062,2026-09-18,0.28493150684931506,0.039779999256134034,91.805
88.1,685.0,2026-12-31,0.2873759007263183,761.6900024414062,2026-09-18,0.28493150684931506,0.039779999256134034,90.89
78.89,686.0,2026-12-31,0.3112861840820312,761.6900024414062,2026-09-18,0.28493150684931506,0.039779999256134034,93.315
92.72,687.0,2026-12-31,0.2843089147949218,761.6900024414062,2026-09-18,0.28493150684931506,0.039779999256134034,89.06
77.64,688.0,2026-12-31,0.30837178451538083,761.6900024414062,2026-09-18,0.28493150684931506,0.039779999256134034,91.535
92.23,689.0,2026-12-31,0.2812877047729492,761.6900024414062,2026-09-18,0.28493150684931506,0.039779999256134034,87.24000000000001
84.15,690.0,2026-12-31,0.2797618411254882,761.6900024414062,2026-09-18,0.28493150684931506,0.039779999256134034,86.33
99.81,691.0,2026-12-31,0.278327529296875,761.6900024414062,2026-09-18,0.28493150684931506,0.039779999256134034,85.43
81.42,692.0,2026-12-31,0.2767864070129394,761.6900024414062,2026-09-18,0.28493150684931506,0.039779999256134034,84.52000000000001
84.56,693.0,2026-12-31,0.27532157791137696,761.6900024414062,2026-09-18,0.28493150684931506,0.039779999256134034,83.62
96.7,694.0,2026-12-31,0.2738414901733398,761.6900024414062,2026-09-18,0.28493150684931506,0.039779999256134034,82.715
71.73,695.0,2026-12-31,0.2722851092529296,761.6900024414062,2026-09-18,0.28493150684931506,0.039779999256134034,81.81
72.19,696.0,2026-12-31,0.27078976287841794,761.6900024414062,2026-09-18,0.28493150684931506,0.039779999256134034,80.91
90.28,697.0,2026-12-31,0.26937070968627924,761.6900024414062,2026-09-18,0.28493150684931506,0.039779999256134034,80.015
82.31,698.0,2026-12-31,0.267860104675293,761.6900024414062,2026-09-18,0.28493150684931506,0.039779999256134034,79.12
69.71,699.0,2026-12-31,0.26641053421020505,761.6900024414062,2026-09-18,0.28493150684931506,0.039779999256134034,78.225
73.3,700.0,2026-12-31,0.26496096374511713,761.6900024414062,2026-09-18,0.28493150684931506,0.039779999256134034,77.33500000000001
77.64,701.0,2026-12-31,0.2634961346435547,761.6900024414062,2026-09-18,0.28493150684931506,0.039779999256134034,76.445
74.66,702.0,2026-12-31,0.26201604690551755,761.6900024414062,2026-09-18,0.28493150684931506,0.039779999256134034,75.55000000000001
73.8,703.0,2026-12-31,0.2605359591674804,761.6900024414062,2026-09-18,0.28493150684931506,0.039779999256134034,74.66499999999999
87.43,704.0,2026-12-31,0.30263453720092776,761.6900024414062,2026-09-18,0.28493150684931506,0.039779999256134034,79.81
70.44,705.0,2026-12-31,0.25760630096435544,761.6900024414062,2026-09-18,0.28493150684931506,0.039779999256134034,72.895
69.0,706.0,2026-12-31,0.25617198913574224,761.6900024414062,2026-09-18,0.28493150684931506,0.039779999256134034,72.015
63.15,707.0,2026-12-31,0.2547224186706543,761.6900024414062,2026-09-18,0.28493150684931506,0.039779999256134034,71.135
69.49,708.0,2026-12-31,0.28003649658203117,761.6900024414062,2026-09-18,0.28493150684931506,0.039779999256134034,74.14500000000001
76.88,709.0,2026-12-31,0.25177750183105463,761.6900024414062,2026-09-18,0.28493150684931506,0.039779999256134034,69.375
66.93,710.0,2026-12-31,0.2503737072753906,761.6900024414062,2026-09-18,0.28493150684931506,0.039779999256134034,68.505
62.43,711.0,2026-12-31,0.24893939544677735,761.6900024414062,2026-09-18,0.28493150684931506,0.039779999256134034,67.635
64.97,712.0,2026-12-31,0.24750508361816403,761.6900024414062,2026-09-18,0.28493150684931506,0.039779999256134034,66.765
63.0,713.0,2026-12-31,0.24605551315307617,761.6900024414062,2026-09-18,0.28493150684931506,0.039779999256134034,65.895
63.05,714.0,2026-12-31,0.24466697723388675,761.6900024414062,2026-09-18,0.28493150684931506,0.039779999256134034,65.03
62.95,715.0,2026-12-31,0.2431868894958496,761.6900024414062,2026-09-18,0.28493150684931506,0.039779999256134034,64.165
60.4,716.0,2026-12-31,0.24177546562194827,761.6900024414062,2026-09-18,0.28493150684931506,0.039779999256134034,63.300000000000004
59.36,717.0,2026-12-31,0.24034878311157226,761.6900024414062,2026-09-18,0.28493150684931506,0.039779999256134034,62.435
58.69,718.0,2026-12-31,0.2389755058288574,761.6900024414062,2026-09-18,0.28493150684931506,0.039779999256134034,61.59
59.86,719.0,2026-12-31,0.23751067672729487,761.6900024414062,2026-09-18,0.28493150684931506,0.039779999256134034,60.730000000000004
58.5,720.0,2026-12-31,0.22617350982666018,761.6900024414062,2026-09-18,0.28493150684931506,0.039779999256134034,59.84
57.42,721.0,2026-12-31,0.2347641221618652,761.6900024414062,2026-09-18,0.28493150684931506,0.039779999256134034,59.04
54.1,722.0,2026-12-31,0.23334506896972657,761.6900024414062,2026-09-18,0.28493150684931506,0.039779999256134034,58.19
56.26,723.0,2026-12-31,0.2319565330505371,761.6900024414062,2026-09-18,0.28493150684931506,0.039779999256134034,57.35
55.6,724.0,2026-12-31,0.23056799713134768,761.6900024414062,2026-09-18,0.28493150684931506,0.039779999256134034,56.51
54.49,725.0,2026-12-31,0.22923286643981935,761.6900024414062,2026-09-18,0.28493150684931506,0.039779999256134034,55.675
48.43,730.0,2026-12-31,0.21244073699951171,761.6900024414062,2026-09-18,0.28493150684931506,0.039779999256134034,50.805
44.01,735.0,2026-12-31,0.21579000770568849,761.6900024414062,2026-09-18,0.28493150684931506,0.039779999256134034,47.5
41.45,740.0,2026-12-31,0.1995319305419922,761.6900024414062,2026-09-18,0.28493150684931506,0.039779999256134034,42.83
38.7,745.0,2026-12-31,0.2003558969116211,761.6900024414062,2026-09-18,0.28493150684931506,0.039779999256134034,39.510000000000005
34.95,750.0,2026-12-31,0.18672993453979492,761.6900024414062,2026-09-18,0.28493150684931506,0.039779999256134034,35.599999999999994
31.96,755.0,2026-12-31,0.1806493679046631,761.6900024414062,2026-09-18,0.28493150684931506,0.039779999256134034,32.225
28.14,760.0,2026-12-31,0.17594207855224608,761.6900024414062,2026-09-18,0.28493150684931506,0.039779999256134034,28.915
25.5,765.0,2026-12-31,0.16993017578125003,761.6900024414062,2026-09-18,0.28493150684931506,0.039779999256134034,25.61
22.55,770.0,2026-12-31,0.16346051391601565,761.6900024414062,2026-09-18,0.28493150684931506,0.039779999256134034,22.645
19.12,775.0,2026-12-31,0.15855486228942875,761.6900024414062,2026-09-18,0.28493150684931506,0.039779999256134034,19.77
17.2,780.0,2026-12-31,0.15404593521118165,761.6900024414062,2026-09-18,0.28493150684931506,0.039779999256134034,17.119999999999997
14.01,785.0,2026-12-31,0.14981929290771484,761.6900024414062,2026-09-18,0.28493150684931506,0.039779999256134034,14.695
12.05,790.0,2026-12-31,0.14598937515258786,761.6900024414062,2026-09-18,0.28493150684931506,0.039779999256134034,12.504999999999999
10.36,795.0,2026-12-31,0.14246463012695312,761.6900024414062,2026-09-18,0.28493150684931506,0.039779999256134034,10.55
8.75,800.0,2026-12-31,0.13935186828613283,761.6900024414062,2026-09-18,0.28493150684931506,0.039779999256134034,8.835
6.8,805.0,2026-12-31,0.13666634826660157,761.6900024414062,2026-09-18,0.28493150684931506,0.039779999256134034,7.345
6.06,810.0,2026-12-31,0.13414867324829105,761.6900024414062,2026-09-18,0.28493150684931506,0.039779999256134034,6.07
4.68,815.0,2026-12-31,0.13210401596069338,761.6900024414062,2026-09-18,0.28493150684931506,0.039779999256134034,4.98
3.97,820.0,2026-12-31,0.13044082458496092,761.6900024414062,2026-09-18,0.28493150684931506,0.039779999256134034,4.0649999999999995
3.2,825.0,2026-12-31,0.1289149609375,761.6900024414062,2026-09-18,0.28493150684931506,0.039779999256134034,3.3
2.37,830.0,2026-12-31,0.1276179768371582,761.6900024414062,2026-09-18,0.28493150684931506,0.039779999256134034,2.665
1.96,835.0,2026-12-31,0.12662616546630856,761.6900024414062,2026-09-18,0.28493150684931506,0.039779999256134034,2.145
1.58,840.0,2026-12-31,0.12589375091552735,761.6900024414062,2026-09-18,0.28493150684931506,0.039779999256134034,1.725
1.3,845.0,2026-12-31,0.12537495727539064,761.6900024414062,2026-09-18,0.28493150684931506,0.039779999256134034,1.385
1.02,850.0,2026-12-31,0.12513081909179688,761.6900024414062,2026-09-18,0.28493150684931506,0.039779999256134034,1.12
0.83,855.0,2026-12-31,0.12525288818359376,761.6900024414062,2026-09-18,0.28493150684931506,0.039779999256134034,0.905
0.7,860.0,2026-12-31,0.12543599182128906,761.6900024414062,2026-09-18,0.28493150684931506,0.039779999256134034,0.74
0.6,865.0,2026-12-31,0.12604633728027342,761.6900024414062,2026-09-18,0.28493150684931506,0.039779999256134034,0.61
0.5,870.0,2026-12-31,0.12659564819335936,761.6900024414062,2026-09-18,0.28493150684931506,0.039779999256134034,0.5
0.41,875.0,2026-12-31,0.12769427001953126,761.6900024414062,2026-09-18,0.28493150684931506,0.039779999256134034,0.42
0.33,880.0,2026-12-31,0.12854875366210936,761.6900024414062,2026-09-18,0.28493150684931506,0.039779999256134034,0.355
0.27,885.0,2026-12-31,0.13001358276367186,761.6900024414062,2026-09-18,0.28493150684931506,0.039779999256134034,0.305
0.25,890.0,2026-12-31,0.13160048095703125,761.6900024414062,2026-09-18,0.28493150684931506,0.039779999256134034,0.265
0.23,895.0,2026-12-31,0.13355358642578125,761.6900024414062,2026-09-18,0.28493150684931506,0.039779999256134034,0.22999999999999998
0.21,900.0,2026-12-31,0.13501841552734378,761.6900024414062,2026-09-18,0.28493150684931506,0.039779999256134034,0.20500000000000002
0.13,905.0,2026-12-31,0.13721565917968753,761.6900024414062,2026-09-18,0.28493150684931506,0.039779999256134034,0.18
0.15,910.0,2026-12-31,0.13916876464843753,761.6900024414062,2026-09-18,0.28493150684931506,0.039779999256134034,0.16
161.04,610.0,2027-01-15,0.39751273880004884,761.6900024414062,2026-09-18,0.32602739726027397,0.039779999256134034,163.255
154.07,615.0,2027-01-15,0.38966979965209964,761.6900024414062,2026-09-18,0.32602739726027397,0.039779999256134034,158.49
150.6,620.0,2027-01-15,0.38197944686889646,761.6900024414062,2026-09-18,0.32602739726027397,0.039779999256134034,153.71499999999997
147.44,625.0,2027-01-15,0.37422805953979493,761.6900024414062,2026-09-18,0.32602739726027397,0.039779999256134034,148.95499999999998
140.15,630.0,2027-01-15,0.3667055517578125,761.6900024414062,2026-09-18,0.32602739726027397,0.039779999256134034,144.22
137.59,635.0,2027-01-15,0.3590151989746094,761.6900024414062,2026-09-18,0.32602739726027397,0.039779999256134034,139.505
132.17,640.0,2027-01-15,0.3515232084655761,761.6900024414062,2026-09-18,0.32602739726027397,0.039779999256134034,134.79
128.23,645.0,2027-01-15,0.3440464765930175,761.6900024414062,2026-09-18,0.32602739726027397,0.039779999256134034,130.07999999999998
122.3,650.0,2027-01-15,0.3366460379028321,761.6900024414062,2026-09-18,0.32602739726027397,0.039779999256134034,125.4
117.0,655.0,2027-01-15,0.32923034057617184,761.6900024414062,2026-09-18,0.32602739726027397,0.039779999256134034,120.72999999999999
114.41,660.0,2027-01-15,0.3218909364318847,761.6900024414062,2026-09-18,0.32602739726027397,0.039779999256134034,116.065
108.0,665.0,2027-01-15,0.3145820495605468,761.6900024414062,2026-09-18,0.32602739726027397,0.039779999256134034,111.435
105.33,670.0,2027-01-15,0.30741049041748036,761.6900024414062,2026-09-18,0.32602739726027397,0.039779999256134034,106.83500000000001
98.77,675.0,2027-01-15,0.30023893127441403,761.6900024414062,2026-09-18,0.32602739726027397,0.039779999256134034,102.25
96.23,680.0,2027-01-15,0.2929910789489745,761.6900024414062,2026-09-18,0.32602739726027397,0.039779999256134034,97.69
90.53,685.0,2027-01-15,0.2860483993530273,761.6900024414062,2026-09-18,0.32602739726027397,0.039779999256134034,93.17
86.57,690.0,2027-01-15,0.2790599438476562,761.6900024414062,2026-09-18,0.32602739726027397,0.039779999256134034,88.695
83.01,695.0,2027-01-15,0.2721630401611328,761.6900024414062,2026-09-18,0.32602739726027397,0.039779999256134034,84.745
78.59,700.0,2027-01-15,0.26534242965698246,761.6900024414062,2026-09-18,0.32602739726027397,0.039779999256134034,79.81
74.14,705.0,2027-01-15,0.2585675950622559,761.6900024414062,2026-09-18,0.32602739726027397,0.039779999256134034,75.445
70.23,710.0,2027-01-15,0.2518690536499023,761.6900024414062,2026-09-18,0.32602739726027397,0.039779999256134034,71.12
66.32,715.0,2027-01-15,0.24517051223754882,761.6900024414062,2026-09-18,0.32602739726027397,0.039779999256134034,66.84
62.0,720.0,2027-01-15,0.23863981582641602,761.6900024414062,2026-09-18,0.32602739726027397,0.039779999256134034,62.63
57.44,725.0,2027-01-15,0.23221592987060546,761.6900024414062,2026-09-18,0.32602739726027397,0.039779999256134034,58.485
52.32,730.0,2027-01-15,0.22588359573364258,761.6900024414062,2026-09-18,0.32602739726027397,0.039779999256134034,54.41
50.57,735.0,2027-01-15,0.21720906089782713,761.6900024414062,2026-09-18,0.32602739726027397,0.039779999256134034,50.22
46.97,740.0,2027-01-15,0.21132685653686517,761.6900024414062,2026-09-18,0.32602739726027397,0.039779999256134034,46.405
40.12,745.0,2027-01-15,0.20533021240234373,761.6900024414062,2026-09-18,0.32602739726027397,0.039779999256134034,42.525000000000006
38.67,750.0,2027-01-15,0.19695322097778317,761.6900024414062,2026-09-18,0.32602739726027397,0.039779999256134034,39.04
34.51,755.0,2027-01-15,0.18743183181762696,761.6900024414062,2026-09-18,0.32602739726027397,0.039779999256134034,35.394999999999996
31.4,760.0,2027-01-15,0.18198449859619142,761.6900024414062,2026-09-18,0.32602739726027397,0.039779999256134034,31.965
29.0,765.0,2027-01-15,0.17665923446655274,761.6900024414062,2026-09-18,0.32602739726027397,0.039779999256134034,28.689999999999998
25.6,770.0,2027-01-15,0.1700217276000977,761.6900024414062,2026-09-18,0.32602739726027397,0.039779999256134034,25.630000000000003
22.8,775.0,2027-01-15,0.16529155029296877,761.6900024414062,2026-09-18,0.32602739726027397,0.039779999256134034,22.700000000000003
20.03,780.0,2027-01-15,0.1607444766235352,761.6900024414062,2026-09-18,0.32602739726027397,0.039779999256134034,19.945
16.7,785.0,2027-01-15,0.15651783432006838,761.6900024414062,2026-09-18,0.32602739726027397,0.039779999256134034,17.415
14.32,790.0,2027-01-15,0.15258110610961917,761.6900024414062,2026-09-18,0.32602739726027397,0.039779999256134034,15.085
12.0,795.0,2027-01-15,0.14898006790161133,761.6900024414062,2026-09-18,0.32602739726027397,0.039779999256134034,12.975
11.09,800.0,2027-01-15,0.14571471969604488,761.6900024414062,2026-09-18,0.32602739726027397,0.039779999256134034,11.09
8.9,805.0,2027-01-15,0.1427698028564453,761.6900024414062,2026-09-18,0.32602739726027397,0.039779999256134034,9.425
7.87,810.0,2027-01-15,0.14017583465576172,761.6900024414062,2026-09-18,0.32602739726027397,0.039779999256134034,7.945
6.59,815.0,2027-01-15,0.1377191941833496,761.6900024414062,2026-09-18,0.32602739726027397,0.039779999256134034,6.67
5.5,820.0,2027-01-15,0.13572031280517582,761.6900024414062,2026-09-18,0.32602739726027397,0.039779999256134034,5.57
4.66,825.0,2027-01-15,0.13401134552001953,761.6900024414062,2026-09-18,0.32602739726027397,0.039779999256134034,4.635
3.87,830.0,2027-01-15,0.1325007405090332,761.6900024414062,2026-09-18,0.32602739726027397,0.039779999256134034,3.835
2.95,835.0,2027-01-15,0.13126479095458982,761.6900024414062,2026-09-18,0.32602739726027397,0.039779999256134034,3.16
2.57,840.0,2027-01-15,0.1302577209472656,761.6900024414062,2026-09-18,0.32602739726027397,0.039779999256134034,2.6
2.0,845.0,2027-01-15,0.12937272003173828,761.6900024414062,2026-09-18,0.32602739726027397,0.039779999256134034,2.13
1.71,850.0,2027-01-15,0.12867082275390623,761.6900024414062,2026-09-18,0.32602739726027397,0.039779999256134034,1.745
1.31,855.0,2027-01-15,0.1281215118408203,761.6900024414062,2026-09-18,0.32602739726027397,0.039779999256134034,1.4249999999999998
1.08,860.0,2027-01-15,0.12799944274902342,761.6900024414062,2026-09-18,0.32602739726027397,0.039779999256134034,1.1749999999999998
0.84,865.0,2027-01-15,0.127938408203125,761.6900024414062,2026-09-18,0.32602739726027397,0.039779999256134034,0.965
0.77,870.0,2027-01-15,0.12799944274902342,761.6900024414062,2026-09-18,0.32602739726027397,0.039779999256134034,0.8
0.61,875.0,2027-01-15,0.12818254638671872,761.6900024414062,2026-09-18,0.32602739726027397,0.039779999256134034,0.66
0.54,880.0,2027-01-15,0.12903703002929687,761.6900024414062,2026-09-18,0.32602739726027397,0.039779999256134034,0.56
0.41,885.0,2027-01-15,0.12964737548828126,761.6900024414062,2026-09-18,0.32602739726027397,0.039779999256134034,0.47
0.37,890.0,2027-01-15,0.13050185913085935,761.6900024414062,2026-09-18,0.32602739726027397,0.039779999256134034,0.4
0.31,895.0,2027-01-15,0.13147841186523437,761.6900024414062,2026-09-18,0.32602739726027397,0.039779999256134034,0.345
0.29,900.0,2027-01-15,0.1324549645996094,761.6900024414062,2026-09-18,0.32602739726027397,0.039779999256134034,0.295
0.24,905.0,2027-01-15,0.13416393188476564,761.6900024414062,2026-09-18,0.32602739726027397,0.039779999256134034,0.26
0.21,910.0,2027-01-15,0.13575083007812502,761.6900024414062,2026-09-18,0.32602739726027397,0.039779999256134034,0.22999999999999998
162.98,610.0,2027-01-29,0.39076842147827145,761.6900024414062,2026-09-18,0.3643835616438356,0.039779999256134034,164.77499999999998
157.95,615.0,2027-01-29,0.3834290173339844,761.6900024414062,2026-09-18,0.3643835616438356,0.039779999256134034,160.03
158.27,630.0,2027-01-29,0.36151761535644533,761.6900024414062,2026-09-18,0.3643835616438356,0.039779999256134034,145.86
138.18,640.0,2027-01-29,0.3471439797973632,761.6900024414062,2026-09-18,0.3643835616438356,0.039779999256134034,136.48000000000002
146.06,645.0,2027-01-29,0.34001819656372073,761.6900024414062,2026-09-18,0.3643835616438356,0.039779999256134034,131.81
124.01,650.0,2027-01-29,0.33304499969482426,761.6900024414062,2026-09-18,0.3643835616438356,0.039779999256134034,127.16499999999999
119.96,655.0,2027-01-29,0.3259649923706054,761.6900024414062,2026-09-18,0.3643835616438356,0.039779999256134034,122.525
116.23,660.0,2027-01-29,0.31900705413818353,761.6900024414062,2026-09-18,0.3643835616438356,0.039779999256134034,117.91499999999999
111.4,665.0,2027-01-29,0.3120948918151855,761.6900024414062,2026-09-18,0.3643835616438356,0.039779999256134034,113.32499999999999
112.77,670.0,2027-01-29,0.3052132467651367,761.6900024414062,2026-09-18,0.3643835616438356,0.039779999256134034,108.755
99.43,671.0,2027-01-29,0.3038552281188965,761.6900024414062,2026-09-18,0.3643835616438356,0.039779999256134034,107.845
105.0,673.0,2027-01-29,0.29616487533569336,761.6900024414062,2026-09-18,0.3643835616438356,0.039779999256134034,106.195
102.5,674.0,2027-01-29,0.2970880228424072,761.6900024414062,2026-09-18,0.3643835616438356,0.039779999256134034,104.935
103.17,675.0,2027-01-29,0.29337254486083975,761.6900024414062,2026-09-18,0.3643835616438356,0.039779999256134034,104.38499999999999
106.87,676.0,2027-01-29,0.29585970260620115,761.6900024414062,2026-09-18,0.3643835616438356,0.039779999256134034,103.245
113.92,679.0,2027-01-29,0.28778788391113275,761.6900024414062,2026-09-18,0.3643835616438356,0.039779999256134034,100.76499999999999
88.4,680.0,2027-01-29,0.29161780166625967,761.6900024414062,2026-09-18,0.3643835616438356,0.039779999256134034,99.715
96.22,683.0,2027-01-29,0.28768107345581045,761.6900024414062,2026-09-18,0.3643835616438356,0.039779999256134034,97.025
91.83,684.0,2027-01-29,0.2808299456787109,761.6900024414062,2026-09-18,0.3643835616438356,0.039779999256134034,95.735
92.66,685.0,2027-01-29,0.2850108120727538,761.6900024414062,2026-09-18,0.3643835616438356,0.039779999256134034,95.235
93.03,686.0,2027-01-29,0.27803761520385745,761.6900024414062,2026-09-18,0.3643835616438356,0.039779999256134034,93.94
92.65,687.0,2027-01-29,0.2766795965576171,761.6900024414062,2026-09-18,0.3643835616438356,0.039779999256134034,93.03999999999999
103.53,688.0,2027-01-29,0.27530631927490234,761.6900024414062,2026-09-18,0.3643835616438356,0.039779999256134034,92.14500000000001
98.61,689.0,2027-01-29,0.27399407653808594,761.6900024414062,2026-09-18,0.3643835616438356,0.039779999256134034,91.255
87.12,690.0,2027-01-29,0.27260554061889647,761.6900024414062,2026-09-18,0.3643835616438356,0.039779999256134034,90.37
93.96,694.0,2027-01-29,0.2730556703948974,761.6900024414062,2026-09-18,0.3643835616438356,0.039779999256134034,87.235
78.4,695.0,2027-01-29,0.26583070602416997,761.6900024414062,2026-09-18,0.3643835616438356,0.039779999256134034,85.92
99.05,696.0,2027-01-29,0.2643963941955566,761.6900024414062,2026-09-18,0.3643835616438356,0.039779999256134034,85.03
79.09,697.0,2027-01-29,0.2630231169128418,761.6900024414062,2026-09-18,0.3643835616438356,0.039779999256134034,84.15
80.98,698.0,2027-01-29,0.2617108741760254,761.6900024414062,2026-09-18,0.3643835616438356,0.039779999256134034,83.27000000000001
81.48,700.0,2027-01-29,0.26538820556640624,761.6900024414062,2026-09-18,0.3643835616438356,0.039779999256134034,82.0
75.15,702.0,2027-01-29,0.2626416510009766,761.6900024414062,2026-09-18,0.3643835616438356,0.039779999256134034,80.245
96.11,703.0,2027-01-29,0.2550275914001466,761.6900024414062,2026-09-18,0.3643835616438356,0.039779999256134034,78.9
75.28,704.0,2027-01-29,0.26007057075500495,761.6900024414062,2026-09-18,0.3643835616438356,0.039779999256134034,78.525
75.02,705.0,2027-01-29,0.25893380233764657,761.6900024414062,2026-09-18,0.3643835616438356,0.039779999256134034,77.66
82.29,706.0,2027-01-29,0.25752237846374515,761.6900024414062,2026-09-18,0.3643835616438356,0.039779999256134034,76.78999999999999
73.43,707.0,2027-01-29,0.25623302368164064,761.6900024414062,2026-09-18,0.3643835616438356,0.039779999256134034,75.93
72.7,708.0,2027-01-29,0.2519453468322754,761.6900024414062,2026-09-18,0.3643835616438356,0.039779999256134034,74.84
71.94,709.0,2027-01-29,0.2536848313903809,761.6900024414062,2026-09-18,0.3643835616438356,0.039779999256134034,74.22
72.5,710.0,2027-01-29,0.2525556922912598,761.6900024414062,2026-09-18,0.3643835616438356,0.039779999256134034,73.38
68.08,713.0,2027-01-29,0.24879443840026857,761.6900024414062,2026-09-18,0.3643835616438356,0.039779999256134034,70.83500000000001
75.49,715.0,2027-01-29,0.2392501612854004,761.6900024414062,2026-09-18,0.3643835616438356,0.039779999256134034,68.58500000000001
61.2,716.0,2027-01-29,0.23796080650329585,761.6900024414062,2026-09-18,0.3643835616438356,0.039779999256134034,67.74
65.06,717.0,2027-01-29,0.2367172276306152,761.6900024414062,2026-09-18,0.3643835616438356,0.039779999256134034,66.9
82.59,718.0,2027-01-29,0.24250025085449217,761.6900024414062,2026-09-18,0.3643835616438356,0.039779999256134034,66.63499999999999
63.34,719.0,2027-01-29,0.24115749084472654,761.6900024414062,2026-09-18,0.3643835616438356,0.039779999256134034,65.795
63.66,720.0,2027-01-29,0.23990628265380853,761.6900024414062,2026-09-18,0.3643835616438356,0.039779999256134034,64.965
64.5,722.0,2027-01-29,0.23744964218139647,761.6900024414062,2026-09-18,0.3643835616438356,0.039779999256134034,63.315
79.66,723.0,2027-01-29,0.2706219178771973,761.6900024414062,2026-09-18,0.3643835616438356,0.039779999256134034,68.52000000000001
56.32,725.0,2027-01-29,0.2338180867004394,761.6900024414062,2026-09-18,0.3643835616438356,0.039779999256134034,60.86
65.34,726.0,2027-01-29,0.2326202837371826,761.6900024414062,2026-09-18,0.3643835616438356,0.039779999256134034,60.05
76.66,727.0,2027-01-29,0.2651288087463379,761.6900024414062,2026-09-18,0.3643835616438356,0.039779999256134034,65.23
54.43,728.0,2027-01-29,0.23024756576538086,761.6900024414062,2026-09-18,0.3643835616438356,0.039779999256134034,58.435
60.08,729.0,2027-01-29,0.22906502143859866,761.6900024414062,2026-09-18,0.3643835616438356,0.039779999256134034,57.635000000000005
50.12,730.0,2027-01-29,0.2278672184753418,761.6900024414062,2026-09-18,0.3643835616438356,0.039779999256134034,56.834999999999994
61.05,732.0,2027-01-29,0.2255021298217773,761.6900024414062,2026-09-18,0.3643835616438356,0.039779999256134034,55.245000000000005
60.39,733.0,2027-01-29,0.22431958549499506,761.6900024414062,2026-09-18,0.3643835616438356,0.039779999256134034,54.455
54.65,734.0,2027-01-29,0.2551344018554688,761.6900024414062,2026-09-18,0.3643835616438356,0.039779999256134034,59.53
62.0,735.0,2027-01-29,0.2219163502502441,761.6900024414062,2026-09-18,0.3643835616438356,0.039779999256134034,52.875
56.52,736.0,2027-01-29,0.22075669387817382,761.6900024414062,2026-09-18,0.3643835616438356,0.039779999256134034,52.095
56.48,737.0,2027-01-29,0.21750660430908203,761.6900024414062,2026-09-18,0.3643835616438356,0.039779999256134034,51.135000000000005
43.9,738.0,2027-01-29,0.21637746520996093,761.6900024414062,2026-09-18,0.3643835616438356,0.039779999256134034,50.364999999999995
54.88,739.0,2027-01-29,0.21517203292846682,761.6900024414062,2026-09-18,0.3643835616438356,0.039779999256134034,49.59
42.59,740.0,2027-01-29,0.2140581524658203,761.6900024414062,2026-09-18,0.3643835616438356,0.039779999256134034,48.825
53.33,741.0,2027-01-29,0.21304345314025877,761.6900024414062,2026-09-18,0.3643835616438356,0.039779999256134034,48.075
49.17,742.0,2027-01-29,0.21190668472290036,761.6900024414062,2026-09-18,0.3643835616438356,0.039779999256134034,47.315
49.0,743.0,2027-01-29,0.21073939903259278,761.6900024414062,2026-09-18,0.3643835616438356,0.039779999256134034,46.555
44.5,745.0,2027-01-29,0.20853452606201167,761.6900024414062,2026-09-18,0.3643835616438356,0.039779999256134034,45.06
56.5,746.0,2027-01-29,0.24034878311157226,761.6900024414062,2026-09-18,0.3643835616438356,0.039779999256134034,50.269999999999996
39.9,747.0,2027-01-29,0.23759459922790524,761.6900024414062,2026-09-18,0.3643835616438356,0.039779999256134034,49.425
36.18,748.0,2027-01-29,0.23600007171630855,761.6900024414062,2026-09-18,0.3643835616438356,0.039779999256134034,48.665
35.27,749.0,2027-01-29,0.23500826034545896,761.6900024414062,2026-09-18,0.3643835616438356,0.039779999256134034,47.94
40.77,750.0,2027-01-29,0.19639628074645996,761.6900024414062,2026-09-18,0.3643835616438356,0.039779999256134034,41.254999999999995
37.88,752.0,2027-01-29,0.19478649459838865,761.6900024414062,2026-09-18,0.3643835616438356,0.039779999256134034,40.055
38.0,753.0,2027-01-29,0.19675485870361326,761.6900024414062,2026-09-18,0.3643835616438356,0.039779999256134034,39.35
33.16,754.0,2027-01-29,0.19567149551391605,761.6900024414062,2026-09-18,0.3643835616438356,0.039779999256134034,38.644999999999996
36.98,755.0,2027-01-29,0.1908192491149902,761.6900024414062,2026-09-18,0.3643835616438356,0.039779999256134034,37.864999999999995
31.05,756.0,2027-01-29,0.19068192138671874,761.6900024414062,2026-09-18,0.3643835616438356,0.039779999256134034,37.26
35.91,757.0,2027-01-29,0.1894307131958008,761.6900024414062,2026-09-18,0.3643835616438356,0.039779999256134034,36.555
33.56,758.0,2027-01-29,0.18842364318847654,761.6900024414062,2026-09-18,0.3643835616438356,0.039779999256134034,35.855000000000004
34.22,759.0,2027-01-29,0.18734027999877928,761.6900024414062,2026-09-18,0.3643835616438356,0.039779999256134034,35.19
34.35,760.0,2027-01-29,0.18689015022277833,761.6900024414062,2026-09-18,0.3643835616438356,0.039779999256134034,34.57
33.87,761.0,2027-01-29,0.18526510543823238,761.6900024414062,2026-09-18,0.3643835616438356,0.039779999256134034,33.845
32.51,762.0,2027-01-29,0.1842732940673828,761.6900024414062,2026-09-18,0.3643835616438356,0.039779999256134034,33.19
31.86,763.0,2027-01-29,0.1834798449707031,761.6900024414062,2026-09-18,0.3643835616438356,0.039779999256134034,32.55
28.84,764.0,2027-01-29,0.18238885246276856,761.6900024414062,2026-09-18,0.3643835616438356,0.039779999256134034,31.89
31.36,765.0,2027-01-29,0.18122156677246093,761.6900024414062,2026-09-18,0.3643835616438356,0.039779999256134034,31.235
28.92,766.0,2027-01-29,0.18023738471984865,761.6900024414062,2026-09-18,0.3643835616438356,0.039779999256134034,30.595
30.11,767.0,2027-01-29,0.17928371994018555,761.6900024414062,2026-09-18,0.3643835616438356,0.039779999256134034,29.935000000000002
28.04,768.0,2027-01-29,0.17825376197814943,761.6900024414062,2026-09-18,0.3643835616438356,0.039779999256134034,29.335
27.26,769.0,2027-01-29,0.17566742309570313,761.6900024414062,2026-09-18,0.3643835616438356,0.039779999256134034,28.785
26.72,770.0,2027-01-29,0.17479768081665042,761.6900024414062,2026-09-18,0.3643835616438356,0.039779999256134034,28.175
25.84,771.0,2027-01-29,0.17384401603698732,761.6900024414062,2026-09-18,0.3643835616438356,0.039779999256134034,27.560000000000002
26.1,772.0,2027-01-29,0.17286746330261232,761.6900024414062,2026-09-18,0.3643835616438356,0.039779999256134034,26.96
25.0,773.0,2027-01-29,0.1719672037506104,761.6900024414062,2026-09-18,0.3643835616438356,0.039779999256134034,26.37
26.61,774.0,2027-01-29,0.17104405624389651,761.6900024414062,2026-09-18,0.3643835616438356,0.039779999256134034,25.78
24.3,775.0,2027-01-29,0.17014379669189456,761.6900024414062,2026-09-18,0.3643835616438356,0.039779999256134034,25.2
24.02,776.0,2027-01-29,0.16921301986694337,761.6900024414062,2026-09-18,0.3643835616438356,0.039779999256134034,24.615000000000002
23.05,777.0,2027-01-29,0.16835853622436525,761.6900024414062,2026-09-18,0.3643835616438356,0.039779999256134034,24.06
22.06,778.0,2027-01-29,0.1674735353088379,761.6900024414062,2026-09-18,0.3643835616438356,0.039779999256134034,23.5
22.36,779.0,2027-01-29,0.1665580171203614,761.6900024414062,2026-09-18,0.3643835616438356,0.039779999256134034,22.945
21.58,780.0,2027-01-29,0.16573405075073244,761.6900024414062,2026-09-18,0.3643835616438356,0.039779999256134034,22.4
18.4,785.0,2027-01-29,0.1615226670837402,761.6900024414062,2026-09-18,0.3643835616438356,0.039779999256134034,19.785
16.77,790.0,2027-01-29,0.1576164561462402,761.6900024414062,2026-09-18,0.3643835616438356,0.039779999256134034,17.365000000000002
12.98,795.0,2027-01-29,0.1539849006652832,761.6900024414062,2026-09-18,0.3643835616438356,0.039779999256134034,15.145
12.65,800.0,2027-01-29,0.15062800064086918,761.6900024414062,2026-09-18,0.3643835616438356,0.039779999256134034,13.125
10.39,805.0,2027-01-29,0.14754575607299808,761.6900024414062,2026-09-18,0.3643835616438356,0.039779999256134034,11.309999999999999
9.44,810.0,2027-01-29,0.14478394287109375,761.6900024414062,2026-09-18,0.3643835616438356,0.039779999256134034,9.695
7.39,815.0,2027-01-29,0.14232730239868163,761.6900024414062,2026-09-18,0.3643835616438356,0.039779999256134034,8.27
6.62,820.0,2027-01-29,0.13993169647216797,761.6900024414062,2026-09-18,0.3643835616438356,0.039779999256134034,7.015000000000001
5.44,825.0,2027-01-29,0.13807014282226562,761.6900024414062,2026-09-18,0.3643835616438356,0.039779999256134034,5.9350000000000005
4.51,830.0,2027-01-29,0.13637643417358397,761.6900024414062,2026-09-18,0.3643835616438356,0.039779999256134034,4.994999999999999
3.97,835.0,2027-01-29,0.1348658291625977,761.6900024414062,2026-09-18,0.3643835616438356,0.039779999256134034,4.1850000000000005
3.44,840.0,2027-01-29,0.13358410369873047,761.6900024414062,2026-09-18,0.3643835616438356,0.039779999256134034,3.5
2.72,845.0,2027-01-29,0.13254651641845705,761.6900024414062,2026-09-18,0.3643835616438356,0.039779999256134034,2.92
2.13,850.0,2027-01-29,0.1315394464111328,761.6900024414062,2026-09-18,0.3643835616438356,0.039779999256134034,2.42
1.72,855.0,2027-01-29,0.13080703186035153,761.6900024414062,2026-09-18,0.3643835616438356,0.039779999256134034,2.01
1.64,860.0,2027-01-29,0.13031875549316402,761.6900024414062,2026-09-18,0.3643835616438356,0.039779999256134034,1.67
1.22,865.0,2027-01-29,0.12979996185302733,761.6900024414062,2026-09-18,0.3643835616438356,0.039779999256134034,1.385
1.0,870.0,2027-01-29,0.12967789276123048,761.6900024414062,2026-09-18,0.3643835616438356,0.039779999256134034,1.1549999999999998
0.85,875.0,2027-01-29,0.12967789276123048,761.6900024414062,2026-09-18,0.3643835616438356,0.039779999256134034,0.965
0.73,880.0,2027-01-29,0.12973892730712888,761.6900024414062,2026-09-18,0.3643835616438356,0.039779999256134034,0.81
0.6,885.0,2027-01-29,0.1299525482177734,761.6900024414062,2026-09-18,0.3643835616438356,0.039779999256134034,0.6799999999999999
0.52,890.0,2027-01-29,0.13062392822265623,761.6900024414062,2026-09-18,0.3643835616438356,0.039779999256134034,0.58
0.56,895.0,2027-01-29,0.1310511700439453,761.6900024414062,2026-09-18,0.3643835616438356,0.039779999256134034,0.49
0.4,900.0,2027-01-29,0.131844619140625,761.6900024414062,2026-09-18,0.3643835616438356,0.039779999256134034,0.425
0.32,905.0,2027-01-29,0.13306531005859373,761.6900024414062,2026-09-18,0.3643835616438356,0.039779999256134034,0.37
0.28,910.0,2027-01-29,0.13404186279296876,761.6900024414062,2026-09-18,0.3643835616438356,0.039779999256134034,0.32
145.88,630.0,2027-02-26,0.3555362298583984,761.6900024414062,2026-09-18,0.4410958904109589,0.039779999256134034,149.325
127.65,650.0,2027-02-26,0.3293676683044433,761.6900024414062,2026-09-18,0.4410958904109589,0.039779999256134034,130.885
118.61,660.0,2027-02-26,0.3165961895751953,761.6900024414062,2026-09-18,0.4410958904109589,0.039779999256134034,121.78
96.41,685.0,2027-02-26,0.2853922779846191,761.6900024414062,2026-09-18,0.4410958904109589,0.039779999256134034,99.47
94.5,690.0,2027-02-26,0.2793345993041991,761.6900024414062,2026-09-18,0.4410958904109589,0.039779999256134034,95.1
93.6,696.0,2027-02-26,0.266608896484375,761.6900024414062,2026-09-18,0.4410958904109589,0.039779999256134034,89.44
85.01,700.0,2027-02-26,0.26735656967163085,761.6900024414062,2026-09-18,0.4410958904109589,0.039779999256134034,86.44
74.02,710.0,2027-02-26,0.2555311264038086,761.6900024414062,2026-09-18,0.4410958904109589,0.039779999256134034,77.975
67.9,720.0,2027-02-26,0.24411766632080079,761.6900024414062,2026-09-18,0.4410958904109589,0.039779999256134034,69.725
67.91,725.0,2027-02-26,0.23853300537109373,761.6900024414062,2026-09-18,0.4410958904109589,0.039779999256134034,65.69
62.25,728.0,2027-02-26,0.23519899330139157,761.6900024414062,2026-09-18,0.4410958904109589,0.039779999256134034,63.3
60.26,730.0,2027-02-26,0.23293308578491212,761.6900024414062,2026-09-18,0.4410958904109589,0.039779999256134034,61.715
57.38,735.0,2027-02-26,0.2275696750640869,761.6900024414062,2026-09-18,0.4410958904109589,0.039779999256134034,57.825
53.21,740.0,2027-02-26,0.22220626434326168,761.6900024414062,2026-09-18,0.4410958904109589,0.039779999256134034,54.03
47.65,745.0,2027-02-26,0.21690388816833497,761.6900024414062,2026-09-18,0.4410958904109589,0.039779999256134034,50.260000000000005
51.18,746.0,2027-02-26,0.21584341293334958,761.6900024414062,2026-09-18,0.4410958904109589,0.039779999256134034,49.525
45.66,750.0,2027-02-26,0.20420107330322262,761.6900024414062,2026-09-18,0.4410958904109589,0.039779999256134034,45.92
37.0,755.0,2027-02-26,0.20266758033752438,761.6900024414062,2026-09-18,0.4410958904109589,0.039779999256134034,43.010000000000005
35.05,757.0,2027-02-26,0.2007221041870117,761.6900024414062,2026-09-18,0.4410958904109589,0.039779999256134034,41.635
38.78,759.0,2027-02-26,0.19567912483215333,761.6900024414062,2026-09-18,0.4410958904109589,0.039779999256134034,40.260000000000005
39.17,760.0,2027-02-26,0.19475597732543942,761.6900024414062,2026-09-18,0.4410958904109589,0.039779999256134034,39.6
35.47,763.0,2027-02-26,0.19487804641723633,761.6900024414062,2026-09-18,0.4410958904109589,0.039779999256134034,37.595
38.25,764.0,2027-02-26,0.19268080276489258,761.6900024414062,2026-09-18,0.4410958904109589,0.039779999256134034,36.815
35.42,765.0,2027-02-26,0.1900181707000733,761.6900024414062,2026-09-18,0.4410958904109589,0.039779999256134034,36.3
34.66,766.0,2027-02-26,0.18902635932922365,761.6900024414062,2026-09-18,0.4410958904109589,0.039779999256134034,35.64
34.0,767.0,2027-02-26,0.19107864593505858,761.6900024414062,2026-09-18,0.4410958904109589,0.039779999256134034,35.0
32.88,768.0,2027-02-26,0.1871724349975586,761.6900024414062,2026-09-18,0.4410958904109589,0.039779999256134034,34.365
32.72,769.0,2027-02-26,0.18626454612731932,761.6900024414062,2026-09-18,0.4410958904109589,0.039779999256134034,33.739999999999995
32.4,770.0,2027-02-26,0.18534139862060545,761.6900024414062,2026-09-18,0.4410958904109589,0.039779999256134034,33.120000000000005
35.91,771.0,2027-02-26,0.18741657318115235,761.6900024414062,2026-09-18,0.4410958904109589,0.039779999256134034,32.5
30.21,772.0,2027-02-26,0.1818319122314453,761.6900024414062,2026-09-18,0.4410958904109589,0.039779999256134034,31.93
31.6,773.0,2027-02-26,0.18093165267944333,761.6900024414062,2026-09-18,0.4410958904109589,0.039779999256134034,31.31
29.59,774.0,2027-02-26,0.18006953971862794,761.6900024414062,2026-09-18,0.4410958904109589,0.039779999256134034,30.72
28.49,775.0,2027-02-26,0.17917690948486326,761.6900024414062,2026-09-18,0.4410958904109589,0.039779999256134034,30.11
27.77,776.0,2027-02-26,0.17831479652404789,761.6900024414062,2026-09-18,0.4410958904109589,0.039779999256134034,29.52
27.13,777.0,2027-02-26,0.17742979560852049,761.6900024414062,2026-09-18,0.4410958904109589,0.039779999256134034,28.945
26.49,778.0,2027-02-26,0.17656768264770512,761.6900024414062,2026-09-18,0.4410958904109589,0.039779999256134034,28.365000000000002
26.08,779.0,2027-02-26,0.17574371627807617,761.6900024414062,2026-09-18,0.4410958904109589,0.039779999256134034,27.795
25.36,780.0,2027-02-26,0.17488160331726074,761.6900024414062,2026-09-18,0.4410958904109589,0.039779999256134034,27.225
25.52,781.0,2027-02-26,0.17405000762939454,761.6900024414062,2026-09-18,0.4410958904109589,0.039779999256134034,26.665
26.24,782.0,2027-02-26,0.17324892921447752,761.6900024414062,2026-09-18,0.4410958904109589,0.039779999256134034,26.115000000000002
25.43,783.0,2027-02-26,0.17241733352661137,761.6900024414062,2026-09-18,0.4410958904109589,0.039779999256134034,25.564999999999998
25.2,784.0,2027-02-26,0.17161625511169434,761.6900024414062,2026-09-18,0.4410958904109589,0.039779999256134034,25.025
23.72,785.0,2027-02-26,0.17083043533325198,761.6900024414062,2026-09-18,0.4410958904109589,0.039779999256134034,24.495
24.14,786.0,2027-02-26,0.170029356918335,761.6900024414062,2026-09-18,0.4410958904109589,0.039779999256134034,23.965
23.59,787.0,2027-02-26,0.1692511664581299,761.6900024414062,2026-09-18,0.4410958904109589,0.039779999256134034,23.445
23.07,788.0,2027-02-26,0.16849586395263677,761.6900024414062,2026-09-18,0.4410958904109589,0.039779999256134034,22.935000000000002
22.64,789.0,2027-02-26,0.16771767349243166,761.6900024414062,2026-09-18,0.4410958904109589,0.039779999256134034,22.425
20.16,790.0,2027-02-26,0.16696237098693853,761.6900024414062,2026-09-18,0.4410958904109589,0.039779999256134034,21.925
21.51,791.0,2027-02-26,0.16617655120849611,761.6900024414062,2026-09-18,0.4410958904109589,0.039779999256134034,21.43
20.25,792.0,2027-02-26,0.16547465393066407,761.6900024414062,2026-09-18,0.4410958904109589,0.039779999256134034,20.945
20.44,793.0,2027-02-26,0.1647346100616455,761.6900024414062,2026-09-18,0.4410958904109589,0.039779999256134034,20.465
20.22,794.0,2027-02-26,0.16397930755615236,761.6900024414062,2026-09-18,0.4410958904109589,0.039779999256134034,19.990000000000002
16.1,795.0,2027-02-26,0.16329266891479494,761.6900024414062,2026-09-18,0.4410958904109589,0.039779999256134034,19.525
19.11,796.0,2027-02-26,0.16257551300048828,761.6900024414062,2026-09-18,0.4410958904109589,0.039779999256134034,19.064999999999998
18.75,797.0,2027-02-26,0.16188887435913085,761.6900024414062,2026-09-18,0.4410958904109589,0.039779999256134034,18.615000000000002
18.4,798.0,2027-02-26,0.1611717184448242,761.6900024414062,2026-09-18,0.4410958904109589,0.039779999256134034,18.17
16.79,799.0,2027-02-26,0.16047745048522952,761.6900024414062,2026-09-18,0.4410958904109589,0.039779999256134034,17.73
16.16,800.0,2027-02-26,0.15981369979858395,761.6900024414062,2026-09-18,0.4410958904109589,0.039779999256134034,17.3
15.84,801.0,2027-02-26,0.1591652077484131,761.6900024414062,2026-09-18,0.4410958904109589,0.039779999256134034,16.88
16.55,802.0,2027-02-26,0.1584938277435303,761.6900024414062,2026-09-18,0.4410958904109589,0.039779999256134034,16.46
15.64,803.0,2027-02-26,0.15795214614868164,761.6900024414062,2026-09-18,0.4410958904109589,0.039779999256134034,16.065
17.61,804.0,2027-02-26,0.15721973159790043,761.6900024414062,2026-09-18,0.4410958904109589,0.039779999256134034,15.655000000000001
15.25,805.0,2027-02-26,0.15662464477539065,761.6900024414062,2026-09-18,0.4410958904109589,0.039779999256134034,15.26
16.56,806.0,2027-02-26,0.15599904067993164,761.6900024414062,2026-09-18,0.4410958904109589,0.039779999256134034,14.875
16.28,807.0,2027-02-26,0.1553963245391846,761.6900024414062,2026-09-18,0.4410958904109589,0.039779999256134034,14.495000000000001
13.79,808.0,2027-02-26,0.15482412567138676,761.6900024414062,2026-09-18,0.4410958904109589,0.039779999256134034,14.120000000000001
13.0,809.0,2027-02-26,0.15421378021240234,761.6900024414062,2026-09-18,0.4410958904109589,0.039779999256134034,13.75
12.72,810.0,2027-02-26,0.1536339520263672,761.6900024414062,2026-09-18,0.4410958904109589,0.039779999256134034,13.4
10.61,815.0,2027-02-26,0.15091791473388677,761.6900024414062,2026-09-18,0.4410958904109589,0.039779999256134034,11.705
9.73,820.0,2027-02-26,0.14849179153442382,761.6900024414062,2026-09-18,0.4410958904109589,0.039779999256134034,10.195
7.33,830.0,2027-02-26,0.14409730422973632,761.6900024414062,2026-09-18,0.4410958904109589,0.039779999256134034,7.65
5.54,840.0,2027-02-26,0.1408014387512207,761.6900024414062,2026-09-18,0.4410958904109589,0.039779999256134034,5.675000000000001
4.06,850.0,2027-02-26,0.13803962554931642,761.6900024414062,2026-09-18,0.4410958904109589,0.039779999256134034,4.145
2.79,860.0,2027-02-26,0.13599496826171875,761.6900024414062,2026-09-18,0.4410958904109589,0.039779999256134034,3.005
1.86,870.0,2027-02-26,0.1343775527954102,761.6900024414062,2026-09-18,0.4410958904109589,0.039779999256134034,2.16
1.31,880.0,2027-02-26,0.13337048278808594,761.6900024414062,2026-09-18,0.4410958904109589,0.039779999256134034,1.55
0.95,890.0,2027-02-26,0.13276013732910158,761.6900024414062,2026-09-18,0.4410958904109589,0.039779999256134034,1.115
0.8,900.0,2027-02-26,0.13294324096679688,761.6900024414062,2026-09-18,0.4410958904109589,0.039779999256134034,0.815
0.52,910.0,2027-02-26,0.1333094482421875,761.6900024414062,2026-09-18,0.4410958904109589,0.039779999256134034,0.6
166.38,610.0,2027-03-19,0.37637952728271484,761.6900024414062,2026-09-18,0.4986301369863014,0.039779999256134034,170.22
166.77,615.0,2027-03-19,0.3680025358581543,761.6900024414062,2026-09-18,0.4986301369863014,0.039779999256134034,165.43
157.09,620.0,2027-03-19,0.36159390853881834,761.6900024414062,2026-09-18,0.4986301369863014,0.039779999256134034,160.785
153.4,625.0,2027-03-19,0.35597873031616206,761.6900024414062,2026-09-18,0.4986301369863014,0.039779999256134034,156.20999999999998
148.35,630.0,2027-03-19,0.3493641114044189,761.6900024414062,2026-09-18,0.4986301369863014,0.039779999256134034,151.57
144.12,635.0,2027-03-19,0.3433140620422363,761.6900024414062,2026-09-18,0.4986301369863014,0.039779999256134034,146.99
138.82,640.0,2027-03-19,0.3374547456359864,761.6900024414062,2026-09-18,0.4986301369863014,0.039779999256134034,142.435
131.58,645.0,2027-03-19,0.33138180831909175,761.6900024414062,2026-09-18,0.4986301369863014,0.039779999256134034,137.88
132.08,650.0,2027-03-19,0.32529361236572263,761.6900024414062,2026-09-18,0.4986301369863014,0.039779999256134034,133.34
125.79,655.0,2027-03-19,0.3194266666412353,761.6900024414062,2026-09-18,0.4986301369863014,0.039779999256134034,128.84
120.86,660.0,2027-03-19,0.3135215743255615,761.6900024414062,2026-09-18,0.4986301369863014,0.039779999256134034,124.35
108.58,665.0,2027-03-19,0.30763936996459956,761.6900024414062,2026-09-18,0.4986301369863014,0.039779999256134034,119.88499999999999
112.3,670.0,2027-03-19,0.30187923469543465,761.6900024414062,2026-09-18,0.4986301369863014,0.039779999256134034,115.45
108.08,675.0,2027-03-19,0.29624116851806637,761.6900024414062,2026-09-18,0.4986301369863014,0.039779999256134034,111.06
105.0,680.0,2027-03-19,0.2905802143859863,761.6900024414062,2026-09-18,0.4986301369863014,0.039779999256134034,106.67500000000001
100.99,685.0,2027-03-19,0.28484296707153317,761.6900024414062,2026-09-18,0.4986301369863014,0.039779999256134034,102.33
96.68,690.0,2027-03-19,0.27912860771179193,761.6900024414062,2026-09-18,0.4986301369863014,0.039779999256134034,97.99000000000001
92.42,695.0,2027-03-19,0.2734829122161865,761.6900024414062,2026-09-18,0.4986301369863014,0.039779999256134034,93.71000000000001
86.13,700.0,2027-03-19,0.2678906219482422,761.6900024414062,2026-09-18,0.4986301369863014,0.039779999256134034,89.465
83.57,705.0,2027-03-19,0.2623441075897217,761.6900024414062,2026-09-18,0.4986301369863014,0.039779999256134034,85.265
78.21,710.0,2027-03-19,0.2556684541320801,761.6900024414062,2026-09-18,0.4986301369863014,0.039779999256134034,80.995
74.44,715.0,2027-03-19,0.2503203020477295,761.6900024414062,2026-09-18,0.4986301369863014,0.039779999256134034,76.89500000000001
70.31,720.0,2027-03-19,0.24506370178222658,761.6900024414062,2026-09-18,0.4986301369863014,0.039779999256134034,72.855
67.69,725.0,2027-03-19,0.23983761878967283,761.6900024414062,2026-09-18,0.4986301369863014,0.039779999256134034,68.87
63.6,730.0,2027-03-19,0.23465731170654297,761.6900024414062,2026-09-18,0.4986301369863014,0.039779999256134034,64.95
58.57,735.0,2027-03-19,0.22956092712402343,761.6900024414062,2026-09-18,0.4986301369863014,0.039779999256134034,61.095
55.8,740.0,2027-03-19,0.22457135299682612,761.6900024414062,2026-09-18,0.4986301369863014,0.039779999256134034,57.315
52.48,745.0,2027-03-19,0.21881121772766113,761.6900024414062,2026-09-18,0.4986301369863014,0.039779999256134034,53.525
49.5,750.0,2027-03-19,0.2140276351928711,761.6900024414062,2026-09-18,0.4986301369863014,0.039779999256134034,49.91
45.74,755.0,2027-03-19,0.2043384010314941,761.6900024414062,2026-09-18,0.4986301369863014,0.039779999256134034,46.47
41.94,760.0,2027-03-19,0.1997150341796875,761.6900024414062,2026-09-18,0.4986301369863014,0.039779999256134034,43.06
38.68,765.0,2027-03-19,0.19368024345397952,761.6900024414062,2026-09-18,0.4986301369863014,0.039779999256134034,39.59
35.04,770.0,2027-03-19,0.19066666275024413,761.6900024414062,2026-09-18,0.4986301369863014,0.039779999256134034,36.545
32.51,775.0,2027-03-19,0.18441062179565426,761.6900024414062,2026-09-18,0.4986301369863014,0.039779999256134034,33.525000000000006
30.4,780.0,2027-03-19,0.1802755313110352,761.6900024414062,2026-09-18,0.4986301369863014,0.039779999256134034,30.58
26.92,785.0,2027-03-19,0.17629302719116213,761.6900024414062,2026-09-18,0.4986301369863014,0.039779999256134034,27.79
24.55,790.0,2027-03-19,0.17253177330017092,761.6900024414062,2026-09-18,0.4986301369863014,0.039779999256134034,25.14
22.0,795.0,2027-03-19,0.16892310577392583,761.6900024414062,2026-09-18,0.4986301369863014,0.039779999256134034,22.66
20.32,800.0,2027-03-19,0.16545939529418946,761.6900024414062,2026-09-18,0.4986301369863014,0.039779999256134034,20.325000000000003
18.0,805.0,2027-03-19,0.16227034027099607,761.6900024414062,2026-09-18,0.4986301369863014,0.039779999256134034,18.165
15.62,810.0,2027-03-19,0.1592186129760742,761.6900024414062,2026-09-18,0.4986301369863014,0.039779999256134034,16.155
13.82,815.0,2027-03-19,0.1564110238647461,761.6900024414062,2026-09-18,0.4986301369863014,0.039779999256134034,14.32
12.19,820.0,2027-03-19,0.15385520225524904,761.6900024414062,2026-09-18,0.4986301369863014,0.039779999256134034,12.655000000000001
10.5,825.0,2027-03-19,0.1514824842834473,761.6900024414062,2026-09-18,0.4986301369863014,0.039779999256134034,11.135
9.82,830.0,2027-03-19,0.149247094039917,761.6900024414062,2026-09-18,0.4986301369863014,0.039779999256134034,9.780000000000001
8.11,835.0,2027-03-19,0.14731687652587894,761.6900024414062,2026-09-18,0.4986301369863014,0.039779999256134034,8.559999999999999
7.06,840.0,2027-03-19,0.1455010987854004,761.6900024414062,2026-09-18,0.4986301369863014,0.039779999256134034,7.465
6.14,845.0,2027-03-19,0.14397523513793942,761.6900024414062,2026-09-18,0.4986301369863014,0.039779999256134034,6.505000000000001
5.4,850.0,2027-03-19,0.14254092330932616,761.6900024414062,2026-09-18,0.4986301369863014,0.039779999256134034,5.645
4.45,855.0,2027-03-19,0.1412134219360352,761.6900024414062,2026-09-18,0.4986301369863014,0.039779999256134034,4.885
4.05,860.0,2027-03-19,0.14002324829101562,761.6900024414062,2026-09-18,0.4986301369863014,0.039779999256134034,4.220000000000001
3.49,865.0,2027-03-19,0.13900091964721684,761.6900024414062,2026-09-18,0.4986301369863014,0.039779999256134034,3.64
2.9,870.0,2027-03-19,0.13803962554931642,761.6900024414062,2026-09-18,0.4986301369863014,0.039779999256134034,3.13
2.37,875.0,2027-03-19,0.13724617645263676,761.6900024414062,2026-09-18,0.4986301369863014,0.039779999256134034,2.6950000000000003
2.16,880.0,2027-03-19,0.13657479644775394,761.6900024414062,2026-09-18,0.4986301369863014,0.039779999256134034,2.315
1.91,885.0,2027-03-19,0.13596445098876953,761.6900024414062,2026-09-18,0.4986301369863014,0.039779999256134034,1.9849999999999999
1.5,890.0,2027-03-19,0.13553720916748052,761.6900024414062,2026-09-18,0.4986301369863014,0.039779999256134034,1.705
1.36,895.0,2027-03-19,0.13520151916503909,761.6900024414062,2026-09-18,0.4986301369863014,0.039779999256134034,1.4649999999999999
1.12,900.0,2027-03-19,0.13507945007324224,761.6900024414062,2026-09-18,0.4986301369863014,0.039779999256134034,1.2650000000000001
0.96,905.0,2027-03-19,0.13483531188964848,761.6900024414062,2026-09-18,0.4986301369863014,0.039779999256134034,1.09
0.85,910.0,2027-03-19,0.13480479461669925,761.6900024414062,2026-09-18,0.4986301369863014,0.039779999256134034,0.94
170.62,610.0,2027-03-31,0.3672090867614746,761.6900024414062,2026-09-18,0.5315068493150685,0.039779999256134034,170.58499999999998
154.05,611.0,2027-03-31,0.3794007373046875,761.6900024414062,2026-09-18,0.5315068493150685,0.039779999256134034,171.83999999999997
183.37,612.0,2027-03-31,0.36472192901611333,761.6900024414062,2026-09-18,0.5315068493150685,0.039779999256134034,168.725
168.73,615.0,2027-03-31,0.398992826538086,761.6900024414062,2026-09-18,0.5315068493150685,0.039779999256134034,171.655
168.02,616.0,2027-03-31,0.3976042906188965,761.6900024414062,2026-09-18,0.5315068493150685,0.039779999256134034,170.73000000000002
144.97,617.0,2027-03-31,0.26389285919189454,761.6900024414062,2026-09-18,0.5315068493150685,0.039779999256134034,151.89
166.9,619.0,2027-03-31,0.3561465753173828,761.6900024414062,2026-09-18,0.5315068493150685,0.039779999256134034,162.25
165.01,620.0,2027-03-31,0.3549411430358886,761.6900024414062,2026-09-18,0.5315068493150685,0.039779999256134034,161.32999999999998
174.0,621.0,2027-03-31,0.3537509693908691,761.6900024414062,2026-09-18,0.5315068493150685,0.039779999256134034,160.405
146.08,622.0,2027-03-31,0.3433293206787109,761.6900024414062,2026-09-18,0.5315068493150685,0.039779999256134034,158.875
100.94,624.0,2027-03-31,0.2723919197082519,761.6900024414062,2026-09-18,0.5315068493150685,0.039779999256134034,147.25
169.52,625.0,2027-03-31,0.34886820571899413,761.6900024414062,2026-09-18,0.5315068493150685,0.039779999256134034,156.72
147.14,626.0,2027-03-31,0.34180345703125,761.6900024414062,2026-09-18,0.5315068493150685,0.039779999256134034,155.05
128.74,627.0,2027-03-31,0.2628705305480958,761.6900024414062,2026-09-18,0.5315068493150685,0.039779999256134034,143.46
140.99,628.0,2027-03-31,0.35979338943481437,761.6900024414062,2026-09-18,0.5315068493150685,0.039779999256134034,156.43
165.2,629.0,2027-03-31,0.34401595932006834,761.6900024414062,2026-09-18,0.5315068493150685,0.039779999256134034,153.04000000000002
141.81,630.0,2027-03-31,0.34287156158447263,761.6900024414062,2026-09-18,0.5315068493150685,0.039779999256134034,152.125
131.01,631.0,2027-03-31,0.37772228729248036,761.6900024414062,2026-09-18,0.5315068493150685,0.039779999256134034,156.94
163.64,632.0,2027-03-31,0.34049121429443363,761.6900024414062,2026-09-18,0.5315068493150685,0.039779999256134034,150.29500000000002
162.68,633.0,2027-03-31,0.3392552647399902,761.6900024414062,2026-09-18,0.5315068493150685,0.039779999256134034,149.375
156.44,634.0,2027-03-31,0.3380269445037841,761.6900024414062,2026-09-18,0.5315068493150685,0.039779999256134034,148.45999999999998
150.68,635.0,2027-03-31,0.33685965881347657,761.6900024414062,2026-09-18,0.5315068493150685,0.039779999256134034,147.54500000000002
148.15,638.0,2027-03-31,0.3333349137878418,761.6900024414062,2026-09-18,0.5315068493150685,0.039779999256134034,144.815
138.95,639.0,2027-03-31,0.34729656616210935,761.6900024414062,2026-09-18,0.5315068493150685,0.039779999256134034,146.565
145.12,640.0,2027-03-31,0.3309850837707519,761.6900024414062,2026-09-18,0.5315068493150685,0.039779999256134034,142.995
146.72,641.0,2027-03-31,0.36472192901611333,761.6900024414062,2026-09-18,0.5315068493150685,0.039779999256134034,147.79000000000002
145.76,642.0,2027-03-31,0.3286047364807128,761.6900024414062,2026-09-18,0.5315068493150685,0.039779999256134034,141.175
142.46,643.0,2027-03-31,0.32741456283569337,761.6900024414062,2026-09-18,0.5315068493150685,0.039779999256134034,140.265
134.17,644.0,2027-03-31,0.3608614939880371,761.6900024414062,2026-09-18,0.5315068493150685,0.039779999256134034,145.115
135.0,645.0,2027-03-31,0.32507999145507804,761.6900024414062,2026-09-18,0.5315068493150685,0.039779999256134034,138.45499999999998
137.68,647.0,2027-03-31,0.322676756210327,761.6900024414062,2026-09-18,0.5315068493150685,0.039779999256134034,137.4
144.62,648.0,2027-03-31,0.3216010223388671,761.6900024414062,2026-09-18,0.5315068493150685,0.039779999256134034,135.74
132.64,649.0,2027-03-31,0.22867592620849608,761.6900024414062,2026-09-18,0.5315068493150685,0.039779999256134034,121.50999999999999
131.01,650.0,2027-03-31,0.3192359336853026,761.6900024414062,2026-09-18,0.5315068493150685,0.039779999256134034,133.935
117.03,651.0,2027-03-31,0.3198005032348632,761.6900024414062,2026-09-18,0.5315068493150685,0.039779999256134034,133.44
120.57,652.0,2027-03-31,0.2572858695983887,761.6900024414062,2026-09-18,0.5315068493150685,0.039779999256134034,122.84
136.86,653.0,2027-03-31,0.3157569645690917,761.6900024414062,2026-09-18,0.5315068493150685,0.039779999256134034,131.24
122.04,654.0,2027-03-31,0.3171455004882812,761.6900024414062,2026-09-18,0.5315068493150685,0.039779999256134034,130.845
132.4,655.0,2027-03-31,0.3134681690979004,761.6900024414062,2026-09-18,0.5315068493150685,0.039779999256134034,129.45
141.0,656.0,2027-03-31,0.31235428863525383,761.6900024414062,2026-09-18,0.5315068493150685,0.039779999256134034,128.555
104.52,657.0,2027-03-31,0.25583629913330086,761.6900024414062,2026-09-18,0.5315068493150685,0.039779999256134034,118.81
125.59,658.0,2027-03-31,0.31005786384582523,761.6900024414062,2026-09-18,0.5315068493150685,0.039779999256134034,126.765
126.11,659.0,2027-03-31,0.22638713073730468,761.6900024414062,2026-09-18,0.5315068493150685,0.039779999256134034,113.215
124.25,660.0,2027-03-31,0.30774618041992186,761.6900024414062,2026-09-18,0.5315068493150685,0.039779999256134034,124.975
95.28,661.0,2027-03-31,0.2546003495788575,761.6900024414062,2026-09-18,0.5315068493150685,0.039779999256134034,115.61000000000001
80.08,662.0,2027-03-31,0.26489992919921873,761.6900024414062,2026-09-18,0.5315068493150685,0.039779999256134034,116.46000000000001
121.6,663.0,2027-03-31,0.3043282458496094,761.6900024414062,2026-09-18,0.5315068493150685,0.039779999256134034,122.305
109.58,664.0,2027-03-31,0.2250138534545898,761.6900024414062,2026-09-18,0.5315068493150685,0.039779999256134034,109.11500000000001
116.47,665.0,2027-03-31,0.301963157196045,761.6900024414062,2026-09-18,0.5315068493150685,0.039779999256134034,120.52
108.82,667.0,2027-03-31,0.2525709509277344,761.6900024414062,2026-09-18,0.5315068493150685,0.039779999256134034,110.84
113.97,668.0,2027-03-31,0.2985452226257324,761.6900024414062,2026-09-18,0.5315068493150685,0.039779999256134034,117.86500000000001
113.6,669.0,2027-03-31,0.2974923767089843,761.6900024414062,2026-09-18,0.5315068493150685,0.039779999256134034,116.985
112.76,670.0,2027-03-31,0.2963784962463379,761.6900024414062,2026-09-18,0.5315068493150685,0.039779999256134034,116.11500000000001
114.95,671.0,2027-03-31,0.29525698646545406,761.6900024414062,2026-09-18,0.5315068493150685,0.039779999256134034,115.215
107.78,672.0,2027-03-31,0.2941354766845703,761.6900024414062,2026-09-18,0.5315068493150685,0.039779999256134034,114.355
109.64,673.0,2027-03-31,0.29300633758544914,761.6900024414062,2026-09-18,0.5315068493150685,0.039779999256134034,113.455
108.15,674.0,2027-03-31,0.3016122085571289,761.6900024414062,2026-09-18,0.5315068493150685,0.039779999256134034,115.095
108.52,675.0,2027-03-31,0.28137925659179686,761.6900024414062,2026-09-18,0.5315068493150685,0.039779999256134034,110.88
107.76,676.0,2027-03-31,0.28958840301513666,761.6900024414062,2026-09-18,0.5315068493150685,0.039779999256134034,110.82499999999999
111.34,677.0,2027-03-31,0.2885508157348632,761.6900024414062,2026-09-18,0.5315068493150685,0.039779999256134034,109.955
107.1,678.0,2027-03-31,0.28745219390869137,761.6900024414062,2026-09-18,0.5315068493150685,0.039779999256134034,109.08500000000001
105.05,679.0,2027-03-31,0.28634594276428227,761.6900024414062,2026-09-18,0.5315068493150685,0.039779999256134034,108.215
103.93,680.0,2027-03-31,0.2835078363800049,761.6900024414062,2026-09-18,0.5315068493150685,0.039779999256134034,107.19
99.38,685.0,2027-03-31,0.27813679634094235,761.6900024414062,2026-09-18,0.5315068493150685,0.039779999256134034,102.87
101.07,690.0,2027-03-31,0.27417718017578124,761.6900024414062,2026-09-18,0.5315068493150685,0.039779999256134034,98.71000000000001
92.36,695.0,2027-03-31,0.26891295059204096,761.6900024414062,2026-09-18,0.5315068493150685,0.039779999256134034,94.465
88.59,700.0,2027-03-31,0.2635876864624024,761.6900024414062,2026-09-18,0.5315068493150685,0.039779999256134034,90.255
84.12,705.0,2027-03-31,0.25820138778686524,761.6900024414062,2026-09-18,0.5315068493150685,0.039779999256134034,86.075
80.12,710.0,2027-03-31,0.25298293411254885,761.6900024414062,2026-09-18,0.5315068493150685,0.039779999256134034,81.94999999999999
76.13,715.0,2027-03-31,0.24782551498413086,761.6900024414062,2026-09-18,0.5315068493150685,0.039779999256134034,77.875
72.05,720.0,2027-03-31,0.24280542358398435,761.6900024414062,2026-09-18,0.5315068493150685,0.039779999256134034,73.86500000000001
67.81,725.0,2027-03-31,0.2377166683197021,761.6900024414062,2026-09-18,0.5315068493150685,0.039779999256134034,69.905
65.1,730.0,2027-03-31,0.23281864601135252,761.6900024414062,2026-09-18,0.5315068493150685,0.039779999256134034,66.015
59.9,735.0,2027-03-31,0.22795877029418943,761.6900024414062,2026-09-18,0.5315068493150685,0.039779999256134034,62.19
57.14,740.0,2027-03-31,0.2230683773040771,761.6900024414062,2026-09-18,0.5315068493150685,0.039779999256134034,58.425
52.3,745.0,2027-03-31,0.21669026725769042,761.6900024414062,2026-09-18,0.5315068493150685,0.039779999256134034,54.565
48.7,750.0,2027-03-31,0.20669586036682122,761.6900024414062,2026-09-18,0.5315068493150685,0.039779999256134034,50.385000000000005
46.67,755.0,2027-03-31,0.20601685104370115,761.6900024414062,2026-09-18,0.5315068493150685,0.039779999256134034,47.57
43.22,760.0,2027-03-31,0.19850960189819333,761.6900024414062,2026-09-18,0.5315068493150685,0.039779999256134034,44.185
40.03,765.0,2027-03-31,0.19404645072937013,761.6900024414062,2026-09-18,0.5315068493150685,0.039779999256134034,40.875
37.0,770.0,2027-03-31,0.19000291206359868,761.6900024414062,2026-09-18,0.5315068493150685,0.039779999256134034,37.715
32.64,775.0,2027-03-31,0.18385368156433105,761.6900024414062,2026-09-18,0.5315068493150685,0.039779999256134034,34.675
30.82,780.0,2027-03-31,0.1798788067626953,761.6900024414062,2026-09-18,0.5315068493150685,0.039779999256134034,31.735
27.25,785.0,2027-03-31,0.17610992355346683,761.6900024414062,2026-09-18,0.5315068493150685,0.039779999256134034,28.945
25.52,790.0,2027-03-31,0.1724402214813233,761.6900024414062,2026-09-18,0.5315068493150685,0.039779999256134034,26.285
22.77,795.0,2027-03-31,0.16893073509216314,761.6900024414062,2026-09-18,0.5315068493150685,0.039779999256134034,23.78
20.49,800.0,2027-03-31,0.1656348696136475,761.6900024414062,2026-09-18,0.5315068493150685,0.039779999256134034,21.43
18.75,805.0,2027-03-31,0.16252973709106444,761.6900024414062,2026-09-18,0.5315068493150685,0.039779999256134034,19.235
16.74,810.0,2027-03-31,0.1595848202514648,761.6900024414062,2026-09-18,0.5315068493150685,0.039779999256134034,17.200000000000003
14.68,815.0,2027-03-31,0.1568306363677979,761.6900024414062,2026-09-18,0.5315068493150685,0.039779999256134034,15.33
12.89,820.0,2027-03-31,0.1542977027130127,761.6900024414062,2026-09-18,0.5315068493150685,0.039779999256134034,13.61
11.46,825.0,2027-03-31,0.15200127792358398,761.6900024414062,2026-09-18,0.5315068493150685,0.039779999256134034,12.05
10.12,830.0,2027-03-31,0.14991847404479983,761.6900024414062,2026-09-18,0.5315068493150685,0.039779999256134034,10.64
9.0,835.0,2027-03-31,0.14778989425659184,761.6900024414062,2026-09-18,0.5315068493150685,0.039779999256134034,9.370000000000001
7.44,840.0,2027-03-31,0.14605803901672362,761.6900024414062,2026-09-18,0.5315068493150685,0.039779999256134034,8.23
6.53,845.0,2027-03-31,0.14449402877807616,761.6900024414062,2026-09-18,0.5315068493150685,0.039779999256134034,7.21
6.25,850.0,2027-03-31,0.14313601013183597,761.6900024414062,2026-09-18,0.5315068493150685,0.039779999256134034,6.3100000000000005
5.14,855.0,2027-03-31,0.1418237673950195,761.6900024414062,2026-09-18,0.5315068493150685,0.039779999256134034,5.5
4.25,860.0,2027-03-31,0.1406183351135254,761.6900024414062,2026-09-18,0.5315068493150685,0.039779999256134034,4.785
3.01,865.0,2027-03-31,0.13958074783325197,761.6900024414062,2026-09-18,0.5315068493150685,0.039779999256134034,4.154999999999999
3.46,870.0,2027-03-31,0.13868048828125001,761.6900024414062,2026-09-18,0.5315068493150685,0.039779999256134034,3.605
2.9,875.0,2027-03-31,0.13779548736572267,761.6900024414062,2026-09-18,0.5315068493150685,0.039779999256134034,3.115
2.5,880.0,2027-03-31,0.13710884872436524,761.6900024414062,2026-09-18,0.5315068493150685,0.039779999256134034,2.6950000000000003
2.17,885.0,2027-03-31,0.13645272735595704,761.6900024414062,2026-09-18,0.5315068493150685,0.039779999256134034,2.33
1.94,890.0,2027-03-31,0.13591867507934574,761.6900024414062,2026-09-18,0.5315068493150685,0.039779999256134034,2.01
1.59,895.0,2027-03-31,0.13556772644042972,761.6900024414062,2026-09-18,0.5315068493150685,0.039779999256134034,1.74
1.41,900.0,2027-03-31,0.13520151916503909,761.6900024414062,2026-09-18,0.5315068493150685,0.039779999256134034,1.5
1.14,905.0,2027-03-31,0.135048932800293,761.6900024414062,2026-09-18,0.5315068493150685,0.039779999256134034,1.3
1.08,910.0,2027-03-31,0.13483531188964848,761.6900024414062,2026-09-18,0.5315068493150685,0.039779999256134034,1.125
176.97,610.0,2027-06-17,0.3603045537567138,761.6900024414062,2026-09-18,0.7452054794520548,0.039779999256134034,179.26
170.82,615.0,2027-06-17,0.3550937294006347,761.6900024414062,2026-09-18,0.7452054794520548,0.039779999256134034,174.775
169.48,620.0,2027-06-17,0.3499515689086914,761.6900024414062,2026-09-18,0.7452054794520548,0.039779999256134034,170.305
164.28,625.0,2027-06-17,0.3448551843261719,761.6900024414062,2026-09-18,0.7452054794520548,0.039779999256134034,165.85
155.49,630.0,2027-06-17,0.3398122049713135,761.6900024414062,2026-09-18,0.7452054794520548,0.039779999256134034,161.42000000000002
154.31,635.0,2027-06-17,0.33480737220764156,761.6900024414062,2026-09-18,0.7452054794520548,0.039779999256134034,157.01
144.3,640.0,2027-06-17,0.3298406860351562,761.6900024414062,2026-09-18,0.7452054794520548,0.039779999256134034,152.62
148.18,645.0,2027-06-17,0.32495029304504386,761.6900024414062,2026-09-18,0.7452054794520548,0.039779999256134034,148.255
142.12,650.0,2027-06-17,0.3200904173278808,761.6900024414062,2026-09-18,0.7452054794520548,0.039779999256134034,143.91
137.96,655.0,2027-06-17,0.3152458002471923,761.6900024414062,2026-09-18,0.7452054794520548,0.039779999256134034,139.59
129.5,660.0,2027-06-17,0.3104164418029785,761.6900024414062,2026-09-18,0.7452054794520548,0.039779999256134034,135.295
125.34,665.0,2027-06-17,0.30573966972351074,761.6900024414062,2026-09-18,0.7452054794520548,0.039779999256134034,131.035
123.19,670.0,2027-06-17,0.2962869444274902,761.6900024414062,2026-09-18,0.7452054794520548,0.039779999256134034,126.285
111.72,675.0,2027-06-17,0.2963403496551513,761.6900024414062,2026-09-18,0.7452054794520548,0.039779999256134034,122.58500000000001
116.93,680.0,2027-06-17,0.2917398707580565,761.6900024414062,2026-09-18,0.7452054794520548,0.039779999256134034,118.41
111.52,685.0,2027-06-17,0.28712413322448727,761.6900024414062,2026-09-18,0.7452054794520548,0.039779999256134034,114.265
108.63,690.0,2027-06-17,0.2826152061462402,761.6900024414062,2026-09-18,0.7452054794520548,0.039779999256134034,110.16
103.45,695.0,2027-06-17,0.2780757617950439,761.6900024414062,2026-09-18,0.7452054794520548,0.039779999256134034,106.08500000000001
101.8,700.0,2027-06-17,0.26674622421264654,761.6900024414062,2026-09-18,0.7452054794520548,0.039779999256134034,101.25
94.56,705.0,2027-06-17,0.26930967514038084,761.6900024414062,2026-09-18,0.7452054794520548,0.039779999256134034,98.07499999999999
92.03,710.0,2027-06-17,0.2649304464721679,761.6900024414062,2026-09-18,0.7452054794520548,0.039779999256134034,94.12
87.28,715.0,2027-06-17,0.26058173507690424,761.6900024414062,2026-09-18,0.7452054794520548,0.039779999256134034,90.21000000000001
84.32,720.0,2027-06-17,0.2562787995910644,761.6900024414062,2026-09-18,0.7452054794520548,0.039779999256134034,86.35
80.94,725.0,2027-06-17,0.2514646997833252,761.6900024414062,2026-09-18,0.7452054794520548,0.039779999256134034,82.465
77.65,730.0,2027-06-17,0.2477721097564697,761.6900024414062,2026-09-18,0.7452054794520548,0.039779999256134034,78.77000000000001
73.47,735.0,2027-06-17,0.24358361404418943,761.6900024414062,2026-09-18,0.7452054794520548,0.039779999256134034,75.055
69.17,740.0,2027-06-17,0.23940274765014646,761.6900024414062,2026-09-18,0.7452054794520548,0.039779999256134034,71.395
65.0,745.0,2027-06-17,0.23531343307495117,761.6900024414062,2026-09-18,0.7452054794520548,0.039779999256134034,67.805
61.13,750.0,2027-06-17,0.23122411849975588,761.6900024414062,2026-09-18,0.7452054794520548,0.039779999256134034,64.265
58.63,755.0,2027-06-17,0.2267991139221191,761.6900024414062,2026-09-18,0.7452054794520548,0.039779999256134034,61.010000000000005
56.75,760.0,2027-06-17,0.22216811775207515,761.6900024414062,2026-09-18,0.7452054794520548,0.039779999256134034,57.7
52.91,765.0,2027-06-17,0.21447776496887205,761.6900024414062,2026-09-18,0.7452054794520548,0.039779999256134034,54.035
49.63,770.0,2027-06-17,0.2089312506103515,761.6900024414062,2026-09-18,0.7452054794520548,0.039779999256134034,50.555
46.5,775.0,2027-06-17,0.20681792945861813,761.6900024414062,2026-09-18,0.7452054794520548,0.039779999256134034,47.685
43.7,780.0,2027-06-17,0.20142400146484374,761.6900024414062,2026-09-18,0.7452054794520548,0.039779999256134034,44.675
40.52,785.0,2027-06-17,0.19783822189331057,761.6900024414062,2026-09-18,0.7452054794520548,0.039779999256134034,41.715
38.16,790.0,2027-06-17,0.1942982182312012,761.6900024414062,2026-09-18,0.7452054794520548,0.039779999256134034,38.849999999999994
34.98,795.0,2027-06-17,0.19089554229736327,761.6900024414062,2026-09-18,0.7452054794520548,0.039779999256134034,36.099999999999994
33.32,800.0,2027-06-17,0.18756153022766112,761.6900024414062,2026-09-18,0.7452054794520548,0.039779999256134034,33.455
29.85,805.0,2027-06-17,0.18435721656799317,761.6900024414062,2026-09-18,0.7452054794520548,0.039779999256134034,30.925
27.52,810.0,2027-06-17,0.18127497200012205,761.6900024414062,2026-09-18,0.7452054794520548,0.039779999256134034,28.515
25.26,815.0,2027-06-17,0.17829953788757327,761.6900024414062,2026-09-18,0.7452054794520548,0.039779999256134034,26.225
23.19,820.0,2027-06-17,0.1754843194580078,761.6900024414062,2026-09-18,0.7452054794520548,0.039779999256134034,24.064999999999998
21.85,825.0,2027-06-17,0.17278354080200198,761.6900024414062,2026-09-18,0.7452054794520548,0.039779999256134034,22.03
19.28,830.0,2027-06-17,0.17028112442016607,761.6900024414062,2026-09-18,0.7452054794520548,0.039779999256134034,20.125
17.26,835.0,2027-06-17,0.16780922531127934,761.6900024414062,2026-09-18,0.7452054794520548,0.039779999256134034,18.335
15.92,840.0,2027-06-17,0.16555857643127445,761.6900024414062,2026-09-18,0.7452054794520548,0.039779999256134034,16.685000000000002
14.06,845.0,2027-06-17,0.16349103118896485,761.6900024414062,2026-09-18,0.7452054794520548,0.039779999256134034,15.15
12.56,850.0,2027-06-17,0.16158370162963864,761.6900024414062,2026-09-18,0.7452054794520548,0.039779999256134034,13.74
11.89,855.0,2027-06-17,0.15965348411560057,761.6900024414062,2026-09-18,0.7452054794520548,0.039779999256134034,12.445
10.78,860.0,2027-06-17,0.1580208100128174,761.6900024414062,2026-09-18,0.7452054794520548,0.039779999256134034,11.26
10.11,865.0,2027-06-17,0.15645679977416993,761.6900024414062,2026-09-18,0.7452054794520548,0.039779999256134034,10.16
8.71,870.0,2027-06-17,0.15510641044616702,761.6900024414062,2026-09-18,0.7452054794520548,0.039779999256134034,9.17
7.8,875.0,2027-06-17,0.15375602111816405,761.6900024414062,2026-09-18,0.7452054794520548,0.039779999256134034,8.254999999999999
7.05,880.0,2027-06-17,0.15255821815490725,761.6900024414062,2026-09-18,0.7452054794520548,0.039779999256134034,7.425000000000001
6.09,885.0,2027-06-17,0.15141382041931153,761.6900024414062,2026-09-18,0.7452054794520548,0.039779999256134034,6.665
5.39,890.0,2027-06-17,0.1503533451843262,761.6900024414062,2026-09-18,0.7452054794520548,0.039779999256134034,5.975
4.89,895.0,2027-06-17,0.1494073097229004,761.6900024414062,2026-09-18,0.7452054794520548,0.039779999256134034,5.355
4.76,900.0,2027-06-17,0.1484612742614746,761.6900024414062,2026-09-18,0.7452054794520548,0.039779999256134034,4.785
3.92,905.0,2027-06-17,0.14753049743652347,761.6900024414062,2026-09-18,0.7452054794520548,0.039779999256134034,4.27
3.64,910.0,2027-06-17,0.14675230697631836,761.6900024414062,2026-09-18,0.7452054794520548,0.039779999256134034,3.81
182.57,610.0,2027-06-30,0.3559405837249755,761.6900024414062,2026-09-18,0.7808219178082192,0.039779999256134034,179.74
183.05,615.0,2027-06-30,0.35095863891601553,761.6900024414062,2026-09-18,0.7808219178082192,0.039779999256134034,175.28
168.97,620.0,2027-06-30,0.3460148406982422,761.6900024414062,2026-09-18,0.7808219178082192,0.039779999256134034,170.925
165.03,625.0,2027-06-30,0.3410786717987061,761.6900024414062,2026-09-18,0.7808219178082192,0.039779999256134034,166.41
156.0,630.0,2027-06-30,0.33628745994567866,761.6900024414062,2026-09-18,0.7808219178082192,0.039779999256134034,162.01
150.96,635.0,2027-06-30,0.33148861877441405,761.6900024414062,2026-09-18,0.7808219178082192,0.039779999256134034,157.635
156.65,640.0,2027-06-30,0.3266668896484375,761.6900024414062,2026-09-18,0.7808219178082192,0.039779999256134034,153.265
151.83,645.0,2027-06-30,0.321822272567749,761.6900024414062,2026-09-18,0.7808219178082192,0.039779999256134034,148.92000000000002
145.51,650.0,2027-06-30,0.31729045753479,761.6900024414062,2026-09-18,0.7808219178082192,0.039779999256134034,144.72
152.35,655.0,2027-06-30,0.3125373922729492,761.6900024414062,2026-09-18,0.7808219178082192,0.039779999256134034,140.32
137.67,660.0,2027-06-30,0.3079445426940917,761.6900024414062,2026-09-18,0.7808219178082192,0.039779999256134034,136.16500000000002
139.65,664.0,2027-06-30,0.304244323348999,761.6900024414062,2026-09-18,0.7808219178082192,0.039779999256134034,132.66
128.35,665.0,2027-06-30,0.30289393402099607,761.6900024414062,2026-09-18,0.7808219178082192,0.039779999256134034,131.76999999999998
145.8,666.0,2027-06-30,0.301963157196045,761.6900024414062,2026-09-18,0.7808219178082192,0.039779999256134034,130.92000000000002
120.66,668.0,2027-06-30,0.31469648933410643,761.6900024414062,2026-09-18,0.7808219178082192,0.039779999256134034,132.035
120.0,669.0,2027-06-30,0.299262378540039,761.6900024414062,2026-09-18,0.7808219178082192,0.039779999256134034,128.39499999999998
119.52,670.0,2027-06-30,0.29836211898803705,761.6900024414062,2026-09-18,0.7808219178082192,0.039779999256134034,127.57499999999999
143.87,671.0,2027-06-30,0.2974466007995605,761.6900024414062,2026-09-18,0.7808219178082192,0.039779999256134034,126.73499999999999
138.66,672.0,2027-06-30,0.29653108261108396,761.6900024414062,2026-09-18,0.7808219178082192,0.039779999256134034,125.875
139.19,673.0,2027-06-30,0.3196631755065917,761.6900024414062,2026-09-18,0.7808219178082192,0.039779999256134034,130.04
135.89,674.0,2027-06-30,0.31797709617614744,761.6900024414062,2026-09-18,0.7808219178082192,0.039779999256134034,129.125
121.42,675.0,2027-06-30,0.29386082122802726,761.6900024414062,2026-09-18,0.7808219178082192,0.039779999256134034,123.37
123.99,676.0,2027-06-30,0.31678692253112783,761.6900024414062,2026-09-18,0.7808219178082192,0.039779999256134034,127.53999999999999
123.11,677.0,2027-06-30,0.31509321388244627,761.6900024414062,2026-09-18,0.7808219178082192,0.039779999256134034,126.625
116.34,680.0,2027-06-30,0.2893900407409667,761.6900024414062,2026-09-18,0.7808219178082192,0.039779999256134034,119.235
110.48,681.0,2027-06-30,0.3018182001495362,761.6900024414062,2026-09-18,0.7808219178082192,0.039779999256134034,121.235
127.92,685.0,2027-06-30,0.28494977752685535,761.6900024414062,2026-09-18,0.7808219178082192,0.039779999256134034,115.11500000000001
108.06,687.0,2027-06-30,0.28322555160522456,761.6900024414062,2026-09-18,0.7808219178082192,0.039779999256134034,113.47999999999999
109.2,688.0,2027-06-30,0.2823710679626465,761.6900024414062,2026-09-18,0.7808219178082192,0.039779999256134034,112.66999999999999
108.61,689.0,2027-06-30,0.2814784377288818,761.6900024414062,2026-09-18,0.7808219178082192,0.039779999256134034,111.85
108.31,690.0,2027-06-30,0.2806163247680663,761.6900024414062,2026-09-18,0.7808219178082192,0.039779999256134034,111.025
121.89,691.0,2027-06-30,0.2797542118072509,761.6900024414062,2026-09-18,0.7808219178082192,0.039779999256134034,110.22999999999999
120.3,693.0,2027-06-30,0.27801472724914555,761.6900024414062,2026-09-18,0.7808219178082192,0.039779999256134034,108.61
118.67,694.0,2027-06-30,0.2771373556518554,761.6900024414062,2026-09-18,0.7808219178082192,0.039779999256134034,107.80000000000001
108.41,695.0,2027-06-30,0.27629813064575187,761.6900024414062,2026-09-18,0.7808219178082192,0.039779999256134034,106.995
117.31,696.0,2027-06-30,0.2745281288146973,761.6900024414062,2026-09-18,0.7808219178082192,0.039779999256134034,106.065
100.23,697.0,2027-06-30,0.2740551110839844,761.6900024414062,2026-09-18,0.7808219178082192,0.039779999256134034,105.31
116.09,698.0,2027-06-30,0.27315485153198243,761.6900024414062,2026-09-18,0.7808219178082192,0.039779999256134034,104.5
115.23,699.0,2027-06-30,0.27246821289062495,761.6900024414062,2026-09-18,0.7808219178082192,0.039779999256134034,103.745
101.43,700.0,2027-06-30,0.2698132101440429,761.6900024414062,2026-09-18,0.7808219178082192,0.039779999256134034,102.73
111.0,701.0,2027-06-30,0.2707287283325196,761.6900024414062,2026-09-18,0.7808219178082192,0.039779999256134034,102.13499999999999
112.02,704.0,2027-06-30,0.26854674331665035,761.6900024414062,2026-09-18,0.7808219178082192,0.039779999256134034,99.8
95.98,705.0,2027-06-30,0.26769988899230956,761.6900024414062,2026-09-18,0.7808219178082192,0.039779999256134034,99.00999999999999
110.46,706.0,2027-06-30,0.26684540534973145,761.6900024414062,2026-09-18,0.7808219178082192,0.039779999256134034,98.22
92.33,707.0,2027-06-30,0.265983292388916,761.6900024414062,2026-09-18,0.7808219178082192,0.039779999256134034,97.435
108.79,708.0,2027-06-30,0.2651593260192871,761.6900024414062,2026-09-18,0.7808219178082192,0.039779999256134034,96.65
107.0,709.0,2027-06-30,0.2643277303314209,761.6900024414062,2026-09-18,0.7808219178082192,0.039779999256134034,95.86500000000001
106.36,710.0,2027-06-30,0.26345035873413086,761.6900024414062,2026-09-18,0.7808219178082192,0.039779999256134034,95.08
91.26,711.0,2027-06-30,0.26261113372802736,761.6900024414062,2026-09-18,0.7808219178082192,0.039779999256134034,94.3
95.37,712.0,2027-06-30,0.2618024259948731,761.6900024414062,2026-09-18,0.7808219178082192,0.039779999256134034,93.525
97.49,713.0,2027-06-30,0.26094794235229496,761.6900024414062,2026-09-18,0.7808219178082192,0.039779999256134034,92.72999999999999
86.12,715.0,2027-06-30,0.2593076389312745,761.6900024414062,2026-09-18,0.7808219178082192,0.039779999256134034,91.2
88.66,716.0,2027-06-30,0.2584760432434083,761.6900024414062,2026-09-18,0.7808219178082192,0.039779999256134034,90.43
85.99,717.0,2027-06-30,0.25763681823730467,761.6900024414062,2026-09-18,0.7808219178082192,0.039779999256134034,89.645
102.07,718.0,2027-06-30,0.2568357398223877,761.6900024414062,2026-09-18,0.7808219178082192,0.039779999256134034,88.895
84.73,719.0,2027-06-30,0.2559888854980469,761.6900024414062,2026-09-18,0.7808219178082192,0.039779999256134034,88.13
86.3,720.0,2027-06-30,0.25517254844665527,761.6900024414062,2026-09-18,0.7808219178082192,0.039779999256134034,87.355
90.63,722.0,2027-06-30,0.2535322450256348,761.6900024414062,2026-09-18,0.7808219178082192,0.039779999256134034,85.845
96.46,723.0,2027-06-30,0.25273879592895504,761.6900024414062,2026-09-18,0.7808219178082192,0.039779999256134034,85.095
84.65,724.0,2027-06-30,0.25189957092285153,761.6900024414062,2026-09-18,0.7808219178082192,0.039779999256134034,84.33500000000001
81.92,725.0,2027-06-30,0.25109086318969726,761.6900024414062,2026-09-18,0.7808219178082192,0.039779999256134034,83.57
80.32,726.0,2027-06-30,0.250282155456543,761.6900024414062,2026-09-18,0.7808219178082192,0.039779999256134034,82.83000000000001
93.65,727.0,2027-06-30,0.24945818908691403,761.6900024414062,2026-09-18,0.7808219178082192,0.039779999256134034,82.08000000000001
88.45,728.0,2027-06-30,0.2486342227172852,761.6900024414062,2026-09-18,0.7808219178082192,0.039779999256134034,81.33000000000001
92.2,729.0,2027-06-30,0.24780262702941894,761.6900024414062,2026-09-18,0.7808219178082192,0.039779999256134034,80.595
77.36,730.0,2027-06-30,0.24700154861450196,761.6900024414062,2026-09-18,0.7808219178082192,0.039779999256134034,79.84
76.17,731.0,2027-06-30,0.261100528717041,761.6900024414062,2026-09-18,0.7808219178082192,0.039779999256134034,82.71000000000001
75.97,732.0,2027-06-30,0.24538413314819335,761.6900024414062,2026-09-18,0.7808219178082192,0.039779999256134034,78.355
82.31,733.0,2027-06-30,0.24456779609680177,761.6900024414062,2026-09-18,0.7808219178082192,0.039779999256134034,77.61500000000001
74.2,734.0,2027-06-30,0.24377434700012207,761.6900024414062,2026-09-18,0.7808219178082192,0.039779999256134034,76.9
83.0,735.0,2027-06-30,0.24294275131225584,761.6900024414062,2026-09-18,0.7808219178082192,0.039779999256134034,76.13499999999999
82.0,736.0,2027-06-30,0.24214167289733887,761.6900024414062,2026-09-18,0.7808219178082192,0.039779999256134034,75.41499999999999
90.0,737.0,2027-06-30,0.24137111175537107,761.6900024414062,2026-09-18,0.7808219178082192,0.039779999256134034,74.69
70.0,738.0,2027-06-30,0.24055477470397948,761.6900024414062,2026-09-18,0.7808219178082192,0.039779999256134034,73.975
70.96,739.0,2027-06-30,0.23973080833435054,761.6900024414062,2026-09-18,0.7808219178082192,0.039779999256134034,73.22
70.26,740.0,2027-06-30,0.23893735923767087,761.6900024414062,2026-09-18,0.7808219178082192,0.039779999256134034,72.5
81.79,741.0,2027-06-30,0.2577817752838135,761.6900024414062,2026-09-18,0.7808219178082192,0.039779999256134034,76.525
75.65,742.0,2027-06-30,0.2373733489990234,761.6900024414062,2026-09-18,0.7808219178082192,0.039779999256134034,71.07499999999999
71.04,743.0,2027-06-30,0.25588207504272464,761.6900024414062,2026-09-18,0.7808219178082192,0.039779999256134034,75.05
66.93,744.0,2027-06-30,0.25205978660583495,761.6900024414062,2026-09-18,0.7808219178082192,0.039779999256134034,73.64500000000001
64.0,745.0,2027-06-30,0.23498537239074707,761.6900024414062,2026-09-18,0.7808219178082192,0.039779999256134034,68.91999999999999
65.58,746.0,2027-06-30,0.23418429397583007,761.6900024414062,2026-09-18,0.7808219178082192,0.039779999256134034,68.21000000000001
74.52,747.0,2027-06-30,0.2334137328338623,761.6900024414062,2026-09-18,0.7808219178082192,0.039779999256134034,67.52000000000001
82.11,748.0,2027-06-30,0.232605025100708,761.6900024414062,2026-09-18,0.7808219178082192,0.039779999256134034,66.81
63.72,749.0,2027-06-30,0.2318192053222656,761.6900024414062,2026-09-18,0.7808219178082192,0.039779999256134034,66.1
63.0,750.0,2027-06-30,0.23102575622558597,761.6900024414062,2026-09-18,0.7808219178082192,0.039779999256134034,65.4
57.35,751.0,2027-06-30,0.23026282440185547,761.6900024414062,2026-09-18,0.7808219178082192,0.039779999256134034,64.705
61.51,752.0,2027-06-30,0.2294541166687012,761.6900024414062,2026-09-18,0.7808219178082192,0.039779999256134034,64.00999999999999
65.13,753.0,2027-06-30,0.22867592620849608,761.6900024414062,2026-09-18,0.7808219178082192,0.039779999256134034,63.35
60.6,754.0,2027-06-30,0.22789010643005372,761.6900024414062,2026-09-18,0.7808219178082192,0.039779999256134034,62.63
61.0,755.0,2027-06-30,0.22378553321838376,761.6900024414062,2026-09-18,0.7808219178082192,0.039779999256134034,61.519999999999996
59.7,756.0,2027-06-30,0.2263642427825928,761.6900024414062,2026-09-18,0.7808219178082192,0.039779999256134034,61.265
58.6,757.0,2027-06-30,0.225593681640625,761.6900024414062,2026-09-18,0.7808219178082192,0.039779999256134034,60.584999999999994
57.49,758.0,2027-06-30,0.22480786186218257,761.6900024414062,2026-09-18,0.7808219178082192,0.039779999256134034,59.92
56.5,759.0,2027-06-30,0.22402204208374016,761.6900024414062,2026-09-18,0.7808219178082192,0.039779999256134034,59.230000000000004
56.72,760.0,2027-06-30,0.22325911026000977,761.6900024414062,2026-09-18,0.7808219178082192,0.039779999256134034,58.56
55.66,761.0,2027-06-30,0.2166826379394531,761.6900024414062,2026-09-18,0.7808219178082192,0.039779999256134034,57.775
54.72,762.0,2027-06-30,0.21904772659301758,761.6900024414062,2026-09-18,0.7808219178082192,0.039779999256134034,57.095
56.23,763.0,2027-06-30,0.2183000534057617,761.6900024414062,2026-09-18,0.7808219178082192,0.039779999256134034,56.435
55.97,764.0,2027-06-30,0.21753712158203126,761.6900024414062,2026-09-18,0.7808219178082192,0.039779999256134034,55.78
53.73,765.0,2027-06-30,0.21680470703125,761.6900024414062,2026-09-18,0.7808219178082192,0.039779999256134034,55.125
52.96,766.0,2027-06-30,0.21602651657104488,761.6900024414062,2026-09-18,0.7808219178082192,0.039779999256134034,54.474999999999994
52.74,767.0,2027-06-30,0.21527884338378905,761.6900024414062,2026-09-18,0.7808219178082192,0.039779999256134034,53.825
50.46,768.0,2027-06-30,0.2145616874694824,761.6900024414062,2026-09-18,0.7808219178082192,0.039779999256134034,53.185
50.04,769.0,2027-06-30,0.2106554765319824,761.6900024414062,2026-09-18,0.7808219178082192,0.039779999256134034,52.55
47.74,770.0,2027-06-30,0.20991543266296384,761.6900024414062,2026-09-18,0.7808219178082192,0.039779999256134034,51.91
48.49,775.0,2027-06-30,0.20625335990905758,761.6900024414062,2026-09-18,0.7808219178082192,0.039779999256134034,48.765
43.64,780.0,2027-06-30,0.20265995101928708,761.6900024414062,2026-09-18,0.7808219178082192,0.039779999256134034,45.72
36.27,785.0,2027-06-30,0.19753304916381836,761.6900024414062,2026-09-18,0.7808219178082192,0.039779999256134034,42.85
39.26,790.0,2027-06-30,0.19412655857086186,761.6900024414062,2026-09-18,0.7808219178082192,0.039779999256134034,39.99
30.69,795.0,2027-06-30,0.19079636116027832,761.6900024414062,2026-09-18,0.7808219178082192,0.039779999256134034,37.235
28.0,800.0,2027-06-30,0.18757678886413573,761.6900024414062,2026-09-18,0.7808219178082192,0.039779999256134034,34.585
30.48,805.0,2027-06-30,0.1844563977050781,761.6900024414062,2026-09-18,0.7808219178082192,0.039779999256134034,32.045
26.54,810.0,2027-06-30,0.18141992904663085,761.6900024414062,2026-09-18,0.7808219178082192,0.039779999256134034,29.615000000000002
25.6,815.0,2027-06-30,0.1785131587982178,761.6900024414062,2026-09-18,0.7808219178082192,0.039779999256134034,27.31
24.5,820.0,2027-06-30,0.17575897491455078,761.6900024414062,2026-09-18,0.7808219178082192,0.039779999256134034,25.125
21.6,825.0,2027-06-30,0.17308871353149413,761.6900024414062,2026-09-18,0.7808219178082192,0.039779999256134034,23.06
19.82,830.0,2027-06-30,0.17057103851318361,761.6900024414062,2026-09-18,0.7808219178082192,0.039779999256134034,21.12
19.0,835.0,2027-06-30,0.16819069122314456,761.6900024414062,2026-09-18,0.7808219178082192,0.039779999256134034,19.310000000000002
16.46,840.0,2027-06-30,0.16593241302490236,761.6900024414062,2026-09-18,0.7808219178082192,0.039779999256134034,17.615000000000002
14.98,845.0,2027-06-30,0.16386486778259282,761.6900024414062,2026-09-18,0.7808219178082192,0.039779999256134034,16.04
14.05,850.0,2027-06-30,0.1619575382232666,761.6900024414062,2026-09-18,0.7808219178082192,0.039779999256134034,14.59
12.17,855.0,2027-06-30,0.16017990707397461,761.6900024414062,2026-09-18,0.7808219178082192,0.039779999256134034,13.26
12.77,860.0,2027-06-30,0.15834887069702147,761.6900024414062,2026-09-18,0.7808219178082192,0.039779999256134034,12.02
8.21,865.0,2027-06-30,0.1568382656860352,761.6900024414062,2026-09-18,0.7808219178082192,0.039779999256134034,10.89
7.11,870.0,2027-06-30,0.1554192124938965,761.6900024414062,2026-09-18,0.7808219178082192,0.039779999256134034,9.855
8.03,875.0,2027-06-30,0.15412222839355472,761.6900024414062,2026-09-18,0.7808219178082192,0.039779999256134034,8.905
7.48,880.0,2027-06-30,0.152901537475586,761.6900024414062,2026-09-18,0.7808219178082192,0.039779999256134034,8.035
6.74,885.0,2027-06-30,0.15180291564941406,761.6900024414062,2026-09-18,0.7808219178082192,0.039779999256134034,7.245
6.31,890.0,2027-06-30,0.15070429382324224,761.6900024414062,2026-09-18,0.7808219178082192,0.039779999256134034,6.52
5.24,895.0,2027-06-30,0.1497124824523926,761.6900024414062,2026-09-18,0.7808219178082192,0.039779999256134034,5.859999999999999
4.69,900.0,2027-06-30,0.14879696426391603,761.6900024414062,2026-09-18,0.7808219178082192,0.039779999256134034,5.26
4.19,905.0,2027-06-30,0.14797299789428714,761.6900024414062,2026-09-18,0.7808219178082192,0.039779999256134034,4.720000000000001
3.95,910.0,2027-06-30,0.14710325561523438,761.6900024414062,2026-09-18,0.7808219178082192,0.039779999256134034,4.225
181.84,610.0,2027-09-17,0.35529972099304186,761.6900024414062,2026-09-18,0.9972602739726028,0.039779999256134034,188.16
192.08,615.0,2027-09-17,0.3521030366516113,761.6900024414062,2026-09-18,0.9972602739726028,0.039779999256134034,183.99
166.97,620.0,2027-09-17,0.34713635047912594,761.6900024414062,2026-09-18,0.9972602739726028,0.039779999256134034,179.6
169.84,625.0,2027-09-17,0.3434971656799316,761.6900024414062,2026-09-18,0.9972602739726028,0.039779999256134034,175.435
167.54,630.0,2027-09-17,0.33875172973632806,761.6900024414062,2026-09-18,0.9972602739726028,0.039779999256134034,171.08499999999998
164.59,635.0,2027-09-17,0.3350286224365234,761.6900024414062,2026-09-18,0.9972602739726028,0.039779999256134034,166.94
159.0,640.0,2027-09-17,0.33013822944641114,761.6900024414062,2026-09-18,0.9972602739726028,0.039779999256134034,162.62
155.53,645.0,2027-09-17,0.326705036239624,761.6900024414062,2026-09-18,0.9972602739726028,0.039779999256134034,158.495
152.73,650.0,2027-09-17,0.32130347892761224,761.6900024414062,2026-09-18,0.9972602739726028,0.039779999256134034,154.17000000000002
138.47,655.0,2027-09-17,0.31780925117492675,761.6900024414062,2026-09-18,0.9972602739726028,0.039779999256134034,150.12
141.8,660.0,2027-09-17,0.3142234716033935,761.6900024414062,2026-09-18,0.9972602739726028,0.039779999256134034,146.04500000000002
138.66,665.0,2027-09-17,0.3104851056671143,761.6900024414062,2026-09-18,0.9972602739726028,0.039779999256134034,141.99
136.82,670.0,2027-09-17,0.3065026015472412,761.6900024414062,2026-09-18,0.9972602739726028,0.039779999256134034,137.95999999999998
131.57,675.0,2027-09-17,0.3025200974273682,761.6900024414062,2026-09-18,0.9972602739726028,0.039779999256134034,133.94
127.5,680.0,2027-09-17,0.2986520330810546,761.6900024414062,2026-09-18,0.9972602739726028,0.039779999256134034,129.945
125.49,685.0,2027-09-17,0.29476871009826655,761.6900024414062,2026-09-18,0.9972602739726028,0.039779999256134034,125.96
121.52,690.0,2027-09-17,0.29090827507019035,761.6900024414062,2026-09-18,0.9972602739726028,0.039779999256134034,121.99000000000001
112.57,695.0,2027-09-17,0.2868113311767577,761.6900024414062,2026-09-18,0.9972602739726028,0.039779999256134034,118.05
112.0,700.0,2027-09-17,0.2825465422821044,761.6900024414062,2026-09-18,0.9972602739726028,0.039779999256134034,114.11500000000001
106.45,705.0,2027-09-17,0.2781978308868408,761.6900024414062,2026-09-18,0.9972602739726028,0.039779999256134034,110.205
105.0,710.0,2027-09-17,0.27553901348114007,761.6900024414062,2026-09-18,0.9972602739726028,0.039779999256134034,106.545
100.77,715.0,2027-09-17,0.26745575080871586,761.6900024414062,2026-09-18,0.9972602739726028,0.039779999256134034,102.16
96.25,720.0,2027-09-17,0.26808898422241206,761.6900024414062,2026-09-18,0.9972602739726028,0.039779999256134034,99.06
94.0,725.0,2027-09-17,0.2646786789703369,761.6900024414062,2026-09-18,0.9972602739726028,0.039779999256134034,95.445
81.85,730.0,2027-09-17,0.2601850105285644,761.6900024414062,2026-09-18,0.9972602739726028,0.039779999256134034,91.64
83.0,735.0,2027-09-17,0.25691203300476073,761.6900024414062,2026-09-18,0.9972602739726028,0.039779999256134034,88.075
81.92,740.0,2027-09-17,0.2535017277526856,761.6900024414062,2026-09-18,0.9972602739726028,0.039779999256134034,84.555
72.95,745.0,2027-09-17,0.24996172409057615,761.6900024414062,2026-09-18,0.9972602739726028,0.039779999256134034,81.03999999999999
76.19,750.0,2027-09-17,0.246276763381958,761.6900024414062,2026-09-18,0.9972602739726028,0.039779999256134034,77.555
73.08,755.0,2027-09-17,0.24245447494506833,761.6900024414062,2026-09-18,0.9972602739726028,0.039779999256134034,74.1
70.79,760.0,2027-09-17,0.23957822196960446,761.6900024414062,2026-09-18,0.9972602739726028,0.039779999256134034,70.91499999999999
67.39,765.0,2027-09-17,0.23601533035278316,761.6900024414062,2026-09-18,0.9972602739726028,0.039779999256134034,68.25
63.56,770.0,2027-09-17,0.2267380793762207,761.6900024414062,2026-09-18,0.9972602739726028,0.039779999256134034,64.145
60.08,775.0,2027-09-17,0.22338117935180662,761.6900024414062,2026-09-18,0.9972602739726028,0.039779999256134034,60.980000000000004
49.51,780.0,2027-09-17,0.22004716728210447,761.6900024414062,2026-09-18,0.9972602739726028,0.039779999256134034,57.879999999999995
53.52,785.0,2027-09-17,0.21678944839477537,761.6900024414062,2026-09-18,0.9972602739726028,0.039779999256134034,54.85
50.84,790.0,2027-09-17,0.21161677062988277,761.6900024414062,2026-09-18,0.9972602739726028,0.039779999256134034,52.03
47.96,795.0,2027-09-17,0.2084506035614013,761.6900024414062,2026-09-18,0.9972602739726028,0.039779999256134034,49.155
45.25,800.0,2027-09-17,0.20533784172058103,761.6900024414062,2026-09-18,0.9972602739726028,0.039779999256134034,46.355000000000004
42.41,805.0,2027-09-17,0.20230518772125244,761.6900024414062,2026-09-18,0.9972602739726028,0.039779999256134034,43.644999999999996
40.08,810.0,2027-09-17,0.19931830963134767,761.6900024414062,2026-09-18,0.9972602739726028,0.039779999256134034,41.019999999999996
37.3,815.0,2027-09-17,0.19639628074645996,761.6900024414062,2026-09-18,0.9972602739726028,0.039779999256134034,38.480000000000004
34.07,820.0,2027-09-17,0.19357343299865723,761.6900024414062,2026-09-18,0.9972602739726028,0.039779999256134034,36.040000000000006
31.73,825.0,2027-09-17,0.19078110252380373,761.6900024414062,2026-09-18,0.9972602739726028,0.039779999256134034,33.68000000000001
29.83,830.0,2027-09-17,0.18814898773193356,761.6900024414062,2026-09-18,0.9972602739726028,0.039779999256134034,31.44
28.1,835.0,2027-09-17,0.18553213157653806,761.6900024414062,2026-09-18,0.9972602739726028,0.039779999256134034,29.285
26.32,840.0,2027-09-17,0.18308312042236324,761.6900024414062,2026-09-18,0.9972602739726028,0.039779999256134034,27.235
24.02,845.0,2027-09-17,0.1806798851776123,761.6900024414062,2026-09-18,0.9972602739726028,0.039779999256134034,25.295
22.73,850.0,2027-09-17,0.17841397766113282,761.6900024414062,2026-09-18,0.9972602739726028,0.039779999256134034,23.465
20.72,855.0,2027-09-17,0.176239621963501,761.6900024414062,2026-09-18,0.9972602739726028,0.039779999256134034,21.715
18.71,860.0,2027-09-17,0.17421022331237795,761.6900024414062,2026-09-18,0.9972602739726028,0.039779999256134034,20.1
17.83,865.0,2027-09-17,0.17229526443481447,761.6900024414062,2026-09-18,0.9972602739726028,0.039779999256134034,18.564999999999998
16.47,870.0,2027-09-17,0.1704947453308106,761.6900024414062,2026-09-18,0.9972602739726028,0.039779999256134034,17.145
14.67,875.0,2027-09-17,0.16883155395507815,761.6900024414062,2026-09-18,0.9972602739726028,0.039779999256134034,15.815000000000001
14.49,880.0,2027-09-17,0.1670920693969727,761.6900024414062,2026-09-18,0.9972602739726028,0.039779999256134034,14.57
12.92,885.0,2027-09-17,0.16564249893188482,761.6900024414062,2026-09-18,0.9972602739726028,0.039779999256134034,13.415
11.31,890.0,2027-09-17,0.16423870437622073,761.6900024414062,2026-09-18,0.9972602739726028,0.039779999256134034,12.34
10.93,895.0,2027-09-17,0.16298749618530273,761.6900024414062,2026-09-18,0.9972602739726028,0.039779999256134034,11.350000000000001
10.3,900.0,2027-09-17,0.16175154663085936,761.6900024414062,2026-09-18,0.9972602739726028,0.039779999256134034,10.42
8.98,905.0,2027-09-17,0.1606529248046875,761.6900024414062,2026-09-18,0.9972602739726028,0.039779999256134034,9.57
8.37,910.0,2027-09-17,0.1595466736602783,761.6900024414062,2026-09-18,0.9972602739726028,0.039779999256134034,8.77
189.63,610.0,2027-12-17,0.3517597173309326,761.6900024414062,2026-09-18,1.2465753424657535,0.039779999256134034,196.6
202.52,615.0,2027-12-17,0.34850199844360347,761.6900024414062,2026-09-18,1.2465753424657535,0.039779999256134034,192.48000000000002
185.02,620.0,2027-12-17,0.3435734588623046,761.6900024414062,2026-09-18,1.2465753424657535,0.039779999256134034,188.16500000000002
177.39,625.0,2027-12-17,0.3403691452026367,761.6900024414062,2026-09-18,1.2465753424657535,0.039779999256134034,184.10500000000002
178.25,630.0,2027-12-17,0.3371037969970704,761.6900024414062,2026-09-18,1.2465753424657535,0.039779999256134034,180.03
177.39,635.0,2027-12-17,0.3335561640167237,761.6900024414062,2026-09-18,1.2465753424657535,0.039779999256134034,175.97
170.06,640.0,2027-12-17,0.32987883262634266,761.6900024414062,2026-09-18,1.2465753424657535,0.039779999256134034,171.93
165.17,645.0,2027-12-17,0.3251333966827392,761.6900024414062,2026-09-18,1.2465753424657535,0.039779999256134034,167.66500000000002
162.5,650.0,2027-12-17,0.3216544275665283,761.6900024414062,2026-09-18,1.2465753424657535,0.039779999256134034,163.65
157.1,655.0,2027-12-17,0.3181067945861816,761.6900024414062,2026-09-18,1.2465753424657535,0.039779999256134034,159.655
155.87,660.0,2027-12-17,0.3144981270599364,761.6900024414062,2026-09-18,1.2465753424657535,0.039779999256134034,155.655
150.68,665.0,2027-12-17,0.31083605430603023,761.6900024414062,2026-09-18,1.2465753424657535,0.039779999256134034,151.675
146.76,670.0,2027-12-17,0.30710913234710685,761.6900024414062,2026-09-18,1.2465753424657535,0.039779999256134034,147.70499999999998
142.68,675.0,2027-12-17,0.3049462206268311,761.6900024414062,2026-09-18,1.2465753424657535,0.039779999256134034,143.995
136.4,680.0,2027-12-17,0.3011468201446533,761.6900024414062,2026-09-18,1.2465753424657535,0.039779999256134034,140.075
133.5,685.0,2027-12-17,0.2972177212524414,761.6900024414062,2026-09-18,1.2465753424657535,0.039779999256134034,136.14
130.64,690.0,2027-12-17,0.2946390116882324,761.6900024414062,2026-09-18,1.2465753424657535,0.039779999256134034,132.465
122.51,695.0,2027-12-17,0.2907976499557494,761.6900024414062,2026-09-18,1.2465753424657535,0.039779999256134034,128.595
121.2,700.0,2027-12-17,0.2866587448120117,761.6900024414062,2026-09-18,1.2465753424657535,0.039779999256134034,124.705
118.03,705.0,2027-12-17,0.28405714729309073,761.6900024414062,2026-09-18,1.2465753424657535,0.039779999256134034,121.1
111.67,710.0,2027-12-17,0.28123048488616936,761.6900024414062,2026-09-18,1.2465753424657535,0.039779999256134034,117.47999999999999
108.37,715.0,2027-12-17,0.27699239860534663,761.6900024414062,2026-09-18,1.2465753424657535,0.039779999256134034,113.66
106.14,720.0,2027-12-17,0.2741123309707642,761.6900024414062,2026-09-18,1.2465753424657535,0.039779999256134034,110.10499999999999
107.66,725.0,2027-12-17,0.27017941741943363,761.6900024414062,2026-09-18,1.2465753424657535,0.039779999256134034,106.41499999999999
102.0,730.0,2027-12-17,0.26806609626770017,761.6900024414062,2026-09-18,1.2465753424657535,0.039779999256134034,103.02000000000001
99.77,735.0,2027-12-17,0.2648922998809814,761.6900024414062,2026-09-18,1.2465753424657535,0.039779999256134034,99.50999999999999
93.76,740.0,2027-12-17,0.26162313701629636,761.6900024414062,2026-09-18,1.2465753424657535,0.039779999256134034,96.03
90.45,745.0,2027-12-17,0.2582509783554077,761.6900024414062,2026-09-18,1.2465753424657535,0.039779999256134034,92.55
86.5,750.0,2027-12-17,0.25477582389831543,761.6900024414062,2026-09-18,1.2465753424657535,0.039779999256134034,89.1
84.27,755.0,2027-12-17,0.25119004432678227,761.6900024414062,2026-09-18,1.2465753424657535,0.039779999256134034,85.675
81.75,760.0,2027-12-17,0.24285119949340817,761.6900024414062,2026-09-18,1.2465753424657535,0.039779999256134034,81.52
77.79,765.0,2027-12-17,0.24517814155578613,761.6900024414062,2026-09-18,1.2465753424657535,0.039779999256134034,79.14500000000001
75.38,770.0,2027-12-17,0.24272913040161131,761.6900024414062,2026-09-18,1.2465753424657535,0.039779999256134034,76.03999999999999
71.2,775.0,2027-12-17,0.23989102401733392,761.6900024414062,2026-09-18,1.2465753424657535,0.039779999256134034,72.955
66.85,780.0,2027-12-17,0.23246769737243653,761.6900024414062,2026-09-18,1.2465753424657535,0.039779999256134034,69.7
61.81,785.0,2027-12-17,0.23013312599182126,761.6900024414062,2026-09-18,1.2465753424657535,0.039779999256134034,66.775
62.8,790.0,2027-12-17,0.2271042866516113,761.6900024414062,2026-09-18,1.2465753424657535,0.039779999256134034,63.785
59.3,795.0,2027-12-17,0.22377790390014646,761.6900024414062,2026-09-18,1.2465753424657535,0.039779999256134034,60.8
56.79,800.0,2027-12-17,0.21838397590637204,761.6900024414062,2026-09-18,1.2465753424657535,0.039779999256134034,58.035
53.93,805.0,2027-12-17,0.21560690406799318,761.6900024414062,2026-09-18,1.2465753424657535,0.039779999256134034,55.254999999999995
51.26,810.0,2027-12-17,0.21287560813903808,761.6900024414062,2026-09-18,1.2465753424657535,0.039779999256134034,52.55
48.63,815.0,2027-12-17,0.2101595708465576,761.6900024414062,2026-09-18,1.2465753424657535,0.039779999256134034,49.900000000000006
46.09,820.0,2027-12-17,0.2075427146911621,761.6900024414062,2026-09-18,1.2465753424657535,0.039779999256134034,47.34
44.0,825.0,2027-12-17,0.20495637580871578,761.6900024414062,2026-09-18,1.2465753424657535,0.039779999256134034,44.849999999999994
41.23,830.0,2027-12-17,0.20240818351745601,761.6900024414062,2026-09-18,1.2465753424657535,0.039779999256134034,42.43
38.47,835.0,2027-12-17,0.19995154304504395,761.6900024414062,2026-09-18,1.2465753424657535,0.039779999256134034,40.114999999999995
36.01,840.0,2027-12-17,0.19752541984558106,761.6900024414062,2026-09-18,1.2465753424657535,0.039779999256134034,37.855000000000004
35.02,845.0,2027-12-17,0.19518321914672854,761.6900024414062,2026-09-18,1.2465753424657535,0.039779999256134034,35.675
32.76,850.0,2027-12-17,0.19290205299377441,761.6900024414062,2026-09-18,1.2465753424657535,0.039779999256134034,33.6
29.63,855.0,2027-12-17,0.19067429206848144,761.6900024414062,2026-09-18,1.2465753424657535,0.039779999256134034,31.59
25.99,860.0,2027-12-17,0.18856860023498537,761.6900024414062,2026-09-18,1.2465753424657535,0.039779999256134034,29.685
28.69,865.0,2027-12-17,0.18655446022033692,761.6900024414062,2026-09-18,1.2465753424657535,0.039779999256134034,27.854999999999997
24.55,870.0,2027-12-17,0.18449454429626463,761.6900024414062,2026-09-18,1.2465753424657535,0.039779999256134034,26.1
23.19,875.0,2027-12-17,0.1826024733734131,761.6900024414062,2026-09-18,1.2465753424657535,0.039779999256134034,24.439999999999998
21.6,880.0,2027-12-17,0.18077906631469726,761.6900024414062,2026-09-18,1.2465753424657535,0.039779999256134034,22.865000000000002
20.31,885.0,2027-12-17,0.1790624697113037,761.6900024414062,2026-09-18,1.2465753424657535,0.039779999256134034,21.38
19.74,890.0,2027-12-17,0.17738401969909667,761.6900024414062,2026-09-18,1.2465753424657535,0.039779999256134034,19.96
17.85,895.0,2027-12-17,0.17586578536987307,761.6900024414062,2026-09-18,1.2465753424657535,0.039779999256134034,18.64
16.71,900.0,2027-12-17,0.17436280967712406,761.6900024414062,2026-09-18,1.2465753424657535,0.039779999256134034,17.384999999999998
13.72,905.0,2027-12-17,0.1727987994384766,761.6900024414062,2026-09-18,1.2465753424657535,0.039779999256134034,16.205
14.26,910.0,2027-12-17,0.17146366874694827,761.6900024414062,2026-09-18,1.2465753424657535,0.039779999256134034,15.100000000000001
201.15,610.0,2028-01-21,0.34841044662475584,761.6900024414062,2026-09-18,1.3424657534246576,0.039779999256134034,199.14
199.14,615.0,2028-01-21,0.3452976847839356,761.6900024414062,2026-09-18,1.3424657534246576,0.039779999256134034,195.075
182.9,620.0,2028-01-21,0.3421238883972168,761.6900024414062,2026-09-18,1.3424657534246576,0.039779999256134034,191.015
181.68,625.0,2028-01-21,0.3385762554168701,761.6900024414062,2026-09-18,1.3424657534246576,0.039779999256134034,186.95499999999998
179.43,630.0,2028-01-21,0.33504388107299804,761.6900024414062,2026-09-18,1.3424657534246576,0.039779999256134034,182.92000000000002
175.94,635.0,2028-01-21,0.330512066040039,761.6900024414062,2026-09-18,1.3424657534246576,0.039779999256134034,178.655
171.96,640.0,2028-01-21,0.3271475366973877,761.6900024414062,2026-09-18,1.3424657534246576,0.039779999256134034,174.64
182.38,645.0,2028-01-21,0.337546297454834,761.6900024414062,2026-09-18,1.3424657534246576,0.039779999256134034,174.595
165.01,650.0,2028-01-21,0.3202506330108642,761.6900024414062,2026-09-18,1.3424657534246576,0.039779999256134034,166.64
157.54,655.0,2028-01-21,0.3167182586669921,761.6900024414062,2026-09-18,1.3424657534246576,0.039779999256134034,162.66
147.66,660.0,2028-01-21,0.313132479095459,761.6900024414062,2026-09-18,1.3424657534246576,0.039779999256134034,158.69
151.0,665.0,2028-01-21,0.31095049407958975,761.6900024414062,2026-09-18,1.3424657534246576,0.039779999256134034,154.97
148.5,670.0,2028-01-21,0.3074410076904296,761.6900024414062,2026-09-18,1.3424657534246576,0.039779999256134034,151.035
145.52,675.0,2028-01-21,0.3036721244812011,761.6900024414062,2026-09-18,1.3424657534246576,0.039779999256134034,147.115
142.17,680.0,2028-01-21,0.2998498360443115,761.6900024414062,2026-09-18,1.3424657534246576,0.039779999256134034,143.20999999999998
137.32,685.0,2028-01-21,0.2975686698913574,761.6900024414062,2026-09-18,1.3424657534246576,0.039779999256134034,139.54500000000002
133.25,690.0,2028-01-21,0.29361668304443356,761.6900024414062,2026-09-18,1.3424657534246576,0.039779999256134034,135.64
130.08,695.0,2028-01-21,0.291175301208496,761.6900024414062,2026-09-18,1.3424657534246576,0.039779999256134034,132.015
128.05,700.0,2028-01-21,0.28709361595153804,761.6900024414062,2026-09-18,1.3424657534246576,0.039779999256134034,128.155
122.0,705.0,2028-01-21,0.2844882037734984,761.6900024414062,2026-09-18,1.3424657534246576,0.039779999256134034,124.56
112.34,710.0,2028-01-21,0.28158524818420405,761.6900024414062,2026-09-18,1.3424657534246576,0.039779999256134034,120.965
115.71,715.0,2028-01-21,0.2775035629272461,761.6900024414062,2026-09-18,1.3424657534246576,0.039779999256134034,117.16499999999999
112.11,720.0,2028-01-21,0.27465019790649414,761.6900024414062,2026-09-18,1.3424657534246576,0.039779999256134034,113.61500000000001
108.59,725.0,2028-01-21,0.2717129103851318,761.6900024414062,2026-09-18,1.3424657534246576,0.039779999256134034,110.08500000000001
98.75,730.0,2028-01-21,0.2686764417266846,761.6900024414062,2026-09-18,1.3424657534246576,0.039779999256134034,106.575
102.39,735.0,2028-01-21,0.2649685930633544,761.6900024414062,2026-09-18,1.3424657534246576,0.039779999256134034,102.975
96.93,740.0,2028-01-21,0.2623441075897217,761.6900024414062,2026-09-18,1.3424657534246576,0.039779999256134034,99.61
94.1,745.0,2028-01-21,0.2590406127929688,761.6900024414062,2026-09-18,1.3424657534246576,0.039779999256134034,96.14
91.18,750.0,2028-01-21,0.2556379368591309,761.6900024414062,2026-09-18,1.3424657534246576,0.039779999256134034,92.705
88.51,755.0,2028-01-21,0.25357802093505866,761.6900024414062,2026-09-18,1.3424657534246576,0.039779999256134034,89.55
85.25,760.0,2028-01-21,0.24997698272705077,761.6900024414062,2026-09-18,1.3424657534246576,0.039779999256134034,86.14500000000001
81.86,765.0,2028-01-21,0.2476996312332153,761.6900024414062,2026-09-18,1.3424657534246576,0.039779999256134034,83.025
77.36,770.0,2028-01-21,0.24388115745544434,761.6900024414062,2026-09-18,1.3424657534246576,0.039779999256134034,79.68
74.35,775.0,2028-01-21,0.24137874107360838,761.6900024414062,2026-09-18,1.3424657534246576,0.039779999256134034,76.60499999999999
71.84,780.0,2028-01-21,0.23602677433013913,761.6900024414062,2026-09-18,1.3424657534246576,0.039779999256134034,73.435
69.34,785.0,2028-01-21,0.233230629196167,761.6900024414062,2026-09-18,1.3424657534246576,0.039779999256134034,70.41
65.9,790.0,2028-01-21,0.2304764453125,761.6900024414062,2026-09-18,1.3424657534246576,0.039779999256134034,67.43
62.63,795.0,2028-01-21,0.2277375200653076,761.6900024414062,2026-09-18,1.3424657534246576,0.039779999256134034,64.565
61.33,800.0,2028-01-21,0.22105042263031005,761.6900024414062,2026-09-18,1.3424657534246576,0.039779999256134034,61.17
57.61,805.0,2028-01-21,0.21945589511871338,761.6900024414062,2026-09-18,1.3424657534246576,0.039779999256134034,59.045
55.09,810.0,2028-01-21,0.21680852169036863,761.6900024414062,2026-09-18,1.3424657534246576,0.039779999256134034,56.315
52.26,815.0,2028-01-21,0.2142107388305664,761.6900024414062,2026-09-18,1.3424657534246576,0.039779999256134034,53.655
49.82,820.0,2028-01-21,0.21166636119842525,761.6900024414062,2026-09-18,1.3424657534246576,0.039779999256134034,51.065
47.06,825.0,2028-01-21,0.20916775947570795,761.6900024414062,2026-09-18,1.3424657534246576,0.039779999256134034,48.545
44.84,830.0,2028-01-21,0.20671111900329583,761.6900024414062,2026-09-18,1.3424657534246576,0.039779999256134034,46.099999999999994
42.31,835.0,2028-01-21,0.20429643978118894,761.6900024414062,2026-09-18,1.3424657534246576,0.039779999256134034,43.724999999999994
40.63,840.0,2028-01-21,0.20195042442321778,761.6900024414062,2026-09-18,1.3424657534246576,0.039779999256134034,41.425
37.33,845.0,2028-01-21,0.19966925827026366,761.6900024414062,2026-09-18,1.3424657534246576,0.039779999256134034,39.205
35.99,850.0,2028-01-21,0.1974300533676147,761.6900024414062,2026-09-18,1.3424657534246576,0.039779999256134034,37.06
33.79,855.0,2028-01-21,0.19528240028381347,761.6900024414062,2026-09-18,1.3424657534246576,0.039779999256134034,35.0
31.57,860.0,2028-01-21,0.1931767084503174,761.6900024414062,2026-09-18,1.3424657534246576,0.039779999256134034,33.019999999999996
29.1,865.0,2028-01-21,0.19113205116271972,761.6900024414062,2026-09-18,1.3424657534246576,0.039779999256134034,31.115000000000002
27.98,870.0,2028-01-21,0.1891560577392578,761.6900024414062,2026-09-18,1.3424657534246576,0.039779999256134034,29.29
25.75,875.0,2028-01-21,0.18724872817993166,761.6900024414062,2026-09-18,1.3424657534246576,0.039779999256134034,27.549999999999997
24.72,880.0,2028-01-21,0.1854100624847412,761.6900024414062,2026-09-18,1.3424657534246576,0.039779999256134034,25.89
21.44,885.0,2028-01-21,0.18364768997192382,761.6900024414062,2026-09-18,1.3424657534246576,0.039779999256134034,24.310000000000002
21.7,890.0,2028-01-21,0.1819692399597168,761.6900024414062,2026-09-18,1.3424657534246576,0.039779999256134034,22.805
21.0,895.0,2028-01-21,0.18034038051605222,761.6900024414062,2026-09-18,1.3424657534246576,0.039779999256134034,21.38
19.75,900.0,2028-01-21,0.1787649263000488,761.6900024414062,2026-09-18,1.3424657534246576,0.039779999256134034,20.020000000000003
17.3,905.0,2028-01-21,0.17732298515319825,761.6900024414062,2026-09-18,1.3424657534246576,0.039779999256134034,18.744999999999997
16.2,910.0,2028-01-21,0.17572082832336425,761.6900024414062,2026-09-18,1.3424657534246576,0.039779999256134034,17.509999999999998
209.11,610.0,2028-06-16,0.35105400539398185,761.6900024414062,2026-09-18,1.7452054794520548,0.039779999256134034,213.18
198.0,615.0,2028-06-16,0.34779247184753415,761.6900024414062,2026-09-18,1.7452054794520548,0.039779999256134034,209.195
202.01,620.0,2028-06-16,0.3444966063690186,761.6900024414062,2026-09-18,1.7452054794520548,0.039779999256134034,205.22
196.35,625.0,2028-06-16,0.3411625942993164,761.6900024414062,2026-09-18,1.7452054794520548,0.039779999256134034,201.255
197.23,630.0,2028-06-16,0.33780187961578373,761.6900024414062,2026-09-18,1.7452054794520548,0.039779999256134034,197.3
190.81,635.0,2028-06-16,0.3359288819885254,761.6900024414062,2026-09-18,1.7452054794520548,0.039779999256134034,193.60500000000002
180.0,640.0,2028-06-16,0.3324804301452637,761.6900024414062,2026-09-18,1.7452054794520548,0.039779999256134034,189.68
188.79,645.0,2028-06-16,0.3290052756881713,761.6900024414062,2026-09-18,1.7452054794520548,0.039779999256134034,185.755
182.0,650.0,2028-06-16,0.3254919746398925,761.6900024414062,2026-09-18,1.7452054794520548,0.039779999256134034,181.825
175.48,655.0,2028-06-16,0.3234091707611083,761.6900024414062,2026-09-18,1.7452054794520548,0.039779999256134034,178.185
171.74,660.0,2028-06-16,0.31981957653045645,761.6900024414062,2026-09-18,1.7452054794520548,0.039779999256134034,174.28
167.85,665.0,2028-06-16,0.3176261475372314,761.6900024414062,2026-09-18,1.7452054794520548,0.039779999256134034,170.64499999999998
163.05,670.0,2028-06-16,0.31395263080596925,761.6900024414062,2026-09-18,1.7452054794520548,0.039779999256134034,166.785
160.3,675.0,2028-06-16,0.31165239135742184,761.6900024414062,2026-09-18,1.7452054794520548,0.039779999256134034,163.175
154.24,680.0,2028-06-16,0.3078987667846679,761.6900024414062,2026-09-18,1.7452054794520548,0.039779999256134034,159.32999999999998
152.93,685.0,2028-06-16,0.30548790222167965,761.6900024414062,2026-09-18,1.7452054794520548,0.039779999256134034,155.75
150.31,690.0,2028-06-16,0.30302363243103025,761.6900024414062,2026-09-18,1.7452054794520548,0.039779999256134034,152.17000000000002
145.65,695.0,2028-06-16,0.2991326801300048,761.6900024414062,2026-09-18,1.7452054794520548,0.039779999256134034,148.35
145.0,700.0,2028-06-16,0.29656159988403313,761.6900024414062,2026-09-18,1.7452054794520548,0.039779999256134034,144.8
137.8,705.0,2028-06-16,0.29392567043304435,761.6900024414062,2026-09-18,1.7452054794520548,0.039779999256134034,141.265
134.92,710.0,2028-06-16,0.2912325210952758,761.6900024414062,2026-09-18,1.7452054794520548,0.039779999256134034,137.765
130.02,715.0,2028-06-16,0.28847833721160876,761.6900024414062,2026-09-18,1.7452054794520548,0.039779999256134034,134.25
129.0,720.0,2028-06-16,0.2856631187820434,761.6900024414062,2026-09-18,1.7452054794520548,0.039779999256134034,130.76
128.44,725.0,2028-06-16,0.2827906804656982,761.6900024414062,2026-09-18,1.7452054794520548,0.039779999256134034,127.285
121.24,730.0,2028-06-16,0.27985339294433587,761.6900024414062,2026-09-18,1.7452054794520548,0.039779999256134034,123.82
125.82,735.0,2028-06-16,0.27685507087707517,761.6900024414062,2026-09-18,1.7452054794520548,0.039779999256134034,120.375
113.42,740.0,2028-06-16,0.27507743972778315,761.6900024414062,2026-09-18,1.7452054794520548,0.039779999256134034,117.185
110.03,745.0,2028-06-16,0.27194560459136957,761.6900024414062,2026-09-18,1.7452054794520548,0.039779999256134034,113.775
108.36,750.0,2028-06-16,0.26874892024993896,761.6900024414062,2026-09-18,1.7452054794520548,0.039779999256134034,110.38
103.79,755.0,2028-06-16,0.2667538535308839,761.6900024414062,2026-09-18,1.7452054794520548,0.039779999256134034,107.245
100.89,760.0,2028-06-16,0.263416026802063,761.6900024414062,2026-09-18,1.7452054794520548,0.039779999256134034,103.875
99.18,765.0,2028-06-16,0.2612683737182617,761.6900024414062,2026-09-18,1.7452054794520548,0.039779999256134034,100.785
92.32,770.0,2028-06-16,0.2590406127929688,761.6900024414062,2026-09-18,1.7452054794520548,0.039779999256134034,97.71000000000001
90.21,775.0,2028-06-16,0.2567365586853027,761.6900024414062,2026-09-18,1.7452054794520548,0.039779999256134034,94.64500000000001
89.0,780.0,2028-06-16,0.25434476741790774,761.6900024414062,2026-09-18,1.7452054794520548,0.039779999256134034,91.61500000000001
82.75,785.0,2028-06-16,0.25187286830902095,761.6900024414062,2026-09-18,1.7452054794520548,0.039779999256134034,88.6
83.84,790.0,2028-06-16,0.24931704669952393,761.6900024414062,2026-09-18,1.7452054794520548,0.039779999256134034,85.6
80.51,795.0,2028-06-16,0.2466734879302979,761.6900024414062,2026-09-18,1.7452054794520548,0.039779999256134034,82.63
77.41,800.0,2028-06-16,0.24277109165191652,761.6900024414062,2026-09-18,1.7452054794520548,0.039779999256134034,79.71000000000001
79.51,805.0,2028-06-16,0.24039837368011469,761.6900024414062,2026-09-18,1.7452054794520548,0.039779999256134034,76.985
72.75,810.0,2028-06-16,0.23835371639251707,761.6900024414062,2026-09-18,1.7452054794520548,0.039779999256134034,74.16499999999999
69.0,815.0,2028-06-16,0.2356948989868164,761.6900024414062,2026-09-18,1.7452054794520548,0.039779999256134034,71.475
61.76,820.0,2028-06-16,0.2294541166687012,761.6900024414062,2026-09-18,1.7452054794520548,0.039779999256134034,68.75999999999999
64.4,825.0,2028-06-16,0.22711191596984862,761.6900024414062,2026-09-18,1.7452054794520548,0.039779999256134034,66.11500000000001
62.17,830.0,2028-06-16,0.22481167652130124,761.6900024414062,2026-09-18,1.7452054794520548,0.039779999256134034,63.525000000000006
59.25,835.0,2028-06-16,0.22253051036834715,761.6900024414062,2026-09-18,1.7452054794520548,0.039779999256134034,60.99
57.2,840.0,2028-06-16,0.22029130546569822,761.6900024414062,2026-09-18,1.7452054794520548,0.039779999256134034,58.51
52.85,845.0,2028-06-16,0.21809406181335447,761.6900024414062,2026-09-18,1.7452054794520548,0.039779999256134034,56.09
51.89,850.0,2028-06-16,0.21591207679748534,761.6900024414062,2026-09-18,1.7452054794520548,0.039779999256134034,53.72
57.2,855.0,2028-06-16,0.21379112632751465,761.6900024414062,2026-09-18,1.7452054794520548,0.039779999256134034,51.42
46.6,860.0,2028-06-16,0.21170832244873045,761.6900024414062,2026-09-18,1.7452054794520548,0.039779999256134034,49.18
48.93,865.0,2028-06-16,0.20960644527435301,761.6900024414062,2026-09-18,1.7452054794520548,0.039779999256134034,46.985
43.17,870.0,2028-06-16,0.20761900787353516,761.6900024414062,2026-09-18,1.7452054794520548,0.039779999256134034,44.875
40.12,875.0,2028-06-16,0.20564301445007324,761.6900024414062,2026-09-18,1.7452054794520548,0.039779999256134034,42.815
39.37,880.0,2028-06-16,0.20369753829956055,761.6900024414062,2026-09-18,1.7452054794520548,0.039779999256134034,40.815
43.4,885.0,2028-06-16,0.20181309669494626,761.6900024414062,2026-09-18,1.7452054794520548,0.039779999256134034,38.89
34.61,890.0,2028-06-16,0.19996680168151856,761.6900024414062,2026-09-18,1.7452054794520548,0.039779999256134034,37.025
33.69,895.0,2028-06-16,0.19818154121398926,761.6900024414062,2026-09-18,1.7452054794520548,0.039779999256134034,35.225
31.8,900.0,2028-06-16,0.19642679801940918,761.6900024414062,2026-09-18,1.7452054794520548,0.039779999256134034,33.489999999999995
30.44,905.0,2028-06-16,0.1947407186889648,761.6900024414062,2026-09-18,1.7452054794520548,0.039779999256134034,31.82
31.46,910.0,2028-06-16,0.19309278594970702,761.6900024414062,2026-09-18,1.7452054794520548,0.039779999256134034,30.215
223.75,610.0,2028-12-15,0.35156898437499995,761.6900024414062,2026-09-18,2.243835616438356,0.039779999256134034,228.365
218.9,615.0,2028-12-15,0.3496425815200805,761.6900024414062,2026-09-18,2.243835616438356,0.039779999256134034,224.725
227.25,620.0,2028-12-15,0.34630856945037836,761.6900024414062,2026-09-18,2.243835616438356,0.039779999256134034,220.84
220.22,625.0,2028-12-15,0.34430587341308594,761.6900024414062,2026-09-18,2.243835616438356,0.039779999256134034,217.215
206.72,630.0,2028-12-15,0.34092227077484133,761.6900024414062,2026-09-18,2.243835616438356,0.039779999256134034,213.35500000000002
207.56,635.0,2028-12-15,0.3388470962142944,761.6900024414062,2026-09-18,2.243835616438356,0.039779999256134034,209.75
204.43,640.0,2028-12-15,0.3354139030075073,761.6900024414062,2026-09-18,2.243835616438356,0.039779999256134034,205.9
194.36,645.0,2028-12-15,0.3332662499237061,761.6900024414062,2026-09-18,2.243835616438356,0.039779999256134034,202.315
197.38,650.0,2028-12-15,0.3310766355895996,761.6900024414062,2026-09-18,2.243835616438356,0.039779999256134034,198.74
193.34,655.0,2028-12-15,0.3275633345413208,761.6900024414062,2026-09-18,2.243835616438356,0.039779999256134034,194.92000000000002
189.5,660.0,2028-12-15,0.3253012416839599,761.6900024414062,2026-09-18,2.243835616438356,0.039779999256134034,191.365
185.0,665.0,2028-12-15,0.3229971875762938,761.6900024414062,2026-09-18,2.243835616438356,0.039779999256134034,187.815
177.8,670.0,2028-12-15,0.3206511722183227,761.6900024414062,2026-09-18,2.243835616438356,0.039779999256134034,184.28
179.5,675.0,2028-12-15,0.31826701026916504,761.6900024414062,2026-09-18,2.243835616438356,0.039779999256134034,180.755
173.0,680.0,2028-12-15,0.31584470172882073,761.6900024414062,2026-09-18,2.243835616438356,0.039779999256134034,177.24
170.79,685.0,2028-12-15,0.3133766172790527,761.6900024414062,2026-09-18,2.243835616438356,0.039779999256134034,173.735
167.91,690.0,2028-12-15,0.3096611392974854,761.6900024414062,2026-09-18,2.243835616438356,0.039779999256134034,169.985
160.49,695.0,2028-12-15,0.3083298232650757,761.6900024414062,2026-09-18,2.243835616438356,0.039779999256134034,166.755
160.55,700.0,2028-12-15,0.30574348438262944,761.6900024414062,2026-09-18,2.243835616438356,0.039779999256134034,163.28
156.54,705.0,2028-12-15,0.3031189989089966,761.6900024414062,2026-09-18,2.243835616438356,0.039779999256134034,159.82
153.62,710.0,2028-12-15,0.3004525521850586,761.6900024414062,2026-09-18,2.243835616438356,0.039779999256134034,156.37
150.82,715.0,2028-12-15,0.2977441442108153,761.6900024414062,2026-09-18,2.243835616438356,0.039779999256134034,152.935
147.09,720.0,2028-12-15,0.2949975896453857,761.6900024414062,2026-09-18,2.243835616438356,0.039779999256134034,149.51
143.5,725.0,2028-12-15,0.2933687302017211,761.6900024414062,2026-09-18,2.243835616438356,0.039779999256134034,146.345
139.34,730.0,2028-12-15,0.2905306238174438,761.6900024414062,2026-09-18,2.243835616438356,0.039779999256134034,142.945
136.5,735.0,2028-12-15,0.28765055618286123,761.6900024414062,2026-09-18,2.243835616438356,0.039779999256134034,139.555
135.06,740.0,2028-12-15,0.2858691103744507,761.6900024414062,2026-09-18,2.243835616438356,0.039779999256134034,136.43
130.93,745.0,2028-12-15,0.28289749092102046,761.6900024414062,2026-09-18,2.243835616438356,0.039779999256134034,133.07
128.24,750.0,2028-12-15,0.2810130493164062,761.6900024414062,2026-09-18,2.243835616438356,0.039779999256134034,129.975
118.31,755.0,2028-12-15,0.27828175338745115,761.6900024414062,2026-09-18,2.243835616438356,0.039779999256134034,126.71000000000001
123.14,760.0,2028-12-15,0.27595481132507316,761.6900024414062,2026-09-18,2.243835616438356,0.039779999256134034,123.56
119.62,765.0,2028-12-15,0.2739063393783569,761.6900024414062,2026-09-18,2.243835616438356,0.039779999256134034,120.505
115.0,770.0,2028-12-15,0.27180446220397947,761.6900024414062,2026-09-18,2.243835616438356,0.039779999256134034,117.465
111.92,775.0,2028-12-15,0.2696453651428223,761.6900024414062,2026-09-18,2.243835616438356,0.039779999256134034,114.435
109.29,780.0,2028-12-15,0.2674290481948853,761.6900024414062,2026-09-18,2.243835616438356,0.039779999256134034,111.42
106.3,785.0,2028-12-15,0.26515551136016846,761.6900024414062,2026-09-18,2.243835616438356,0.039779999256134034,108.425
103.39,790.0,2028-12-15,0.26282475463867194,761.6900024414062,2026-09-18,2.243835616438356,0.039779999256134034,105.45
100.45,795.0,2028-12-15,0.2615353998565674,761.6900024414062,2026-09-18,2.243835616438356,0.039779999256134034,102.735
98.0,800.0,2028-12-15,0.25577907924652105,761.6900024414062,2026-09-18,2.243835616438356,0.039779999256134034,99.035
91.67,805.0,2028-12-15,0.2565687136840821,761.6900024414062,2026-09-18,2.243835616438356,0.039779999256134034,96.86
92.87,810.0,2028-12-15,0.25508862594604503,761.6900024414062,2026-09-18,2.243835616438356,0.039779999256134034,94.205
87.51,815.0,2028-12-15,0.2524488818359375,761.6900024414062,2026-09-18,2.243835616438356,0.039779999256134034,91.315
85.54,820.0,2028-12-15,0.25028978477478026,761.6900024414062,2026-09-18,2.243835616438356,0.039779999256134034,88.81
84.2,825.0,2028-12-15,0.24824131282806394,761.6900024414062,2026-09-18,2.243835616438356,0.039779999256134034,86.14
82.0,830.0,2028-12-15,0.24619284088134769,761.6900024414062,2026-09-18,2.243835616438356,0.039779999256134034,83.5
78.38,835.0,2028-12-15,0.24413673961639404,761.6900024414062,2026-09-18,2.243835616438356,0.039779999256134034,80.89
75.87,840.0,2028-12-15,0.2421225996017456,761.6900024414062,2026-09-18,2.243835616438356,0.039779999256134034,78.33
73.86,845.0,2028-12-15,0.23625565387725828,761.6900024414062,2026-09-18,2.243835616438356,0.039779999256134034,75.78999999999999
71.75,850.0,2028-12-15,0.23424151386260988,761.6900024414062,2026-09-18,2.243835616438356,0.039779999256134034,73.30000000000001
67.98,855.0,2028-12-15,0.2322197445297241,761.6900024414062,2026-09-18,2.243835616438356,0.039779999256134034,70.845
65.58,860.0,2028-12-15,0.2302513804244995,761.6900024414062,2026-09-18,2.243835616438356,0.039779999256134034,68.445
67.85,865.0,2028-12-15,0.22831353359222412,761.6900024414062,2026-09-18,2.243835616438356,0.039779999256134034,66.095
61.83,870.0,2028-12-15,0.22638713073730468,761.6900024414062,2026-09-18,2.243835616438356,0.039779999256134034,63.785
59.61,875.0,2028-12-15,0.2244721718597412,761.6900024414062,2026-09-18,2.243835616438356,0.039779999256134034,61.515
57.15,880.0,2028-12-15,0.22260680355072016,761.6900024414062,2026-09-18,2.243835616438356,0.039779999256134034,59.305
55.6,885.0,2028-12-15,0.22077195251464843,761.6900024414062,2026-09-18,2.243835616438356,0.039779999256134034,57.144999999999996
53.4,890.0,2028-12-15,0.21894473079681392,761.6900024414062,2026-09-18,2.243835616438356,0.039779999256134034,55.025
48.0,895.0,2028-12-15,0.21714802635192873,761.6900024414062,2026-09-18,2.243835616438356,0.039779999256134034,52.959999999999994
49.39,900.0,2028-12-15,0.21540091247558596,761.6900024414062,2026-09-18,2.243835616438356,0.039779999256134034,50.95
43.04,905.0,2028-12-15,0.21368050121307375,761.6900024414062,2026-09-18,2.243835616438356,0.039779999256134034,48.989999999999995
41.01,910.0,2028-12-15,0.21196771926879882,761.6900024414062,2026-09-18,2.243835616438356,0.039779999256134034,47.07
