contractSymbol,lastTradeDate,strike,lastPrice,bid,ask,change,percentChange,volume,openInterest,impliedVolatility,inTheMoney,contractSize,currency,expiry,underlying_last,quote_date
SPY260918C00300000,2026-09-18 19:38:57+00:00,300.0,461.14,462.4,463.2,-1.6799927,-0.3629905,15.0,1.0,8.244145472412107,True,REGULAR,USD,2026-09-18,761.6900024414062,2026-09-18 23:53:39.265099
SPY260918C00305000,2026-09-18 18:21:00+00:00,305.0,455.19,457.27,458.22,-2.9500122,-0.64391065,44.0,38.0,8.050786218261717,True,REGULAR,USD,2026-09-18,761.6900024414062,2026-09-18 23:53:39.265099
SPY260918C00310000,2026-09-18 13:54:09+00:00,310.0,450.7,452.28,453.22,-2.3199768,-0.5121136,2.0,0.0,7.921875097656249,True,REGULAR,USD,2026-09-18,761.6900024414062,2026-09-18 23:53:39.265099
SPY260918C00315000,2026-09-18 16:49:33+00:00,315.0,444.03,447.27,448.19,-4.0799866,-0.9104878,6.0,0.0,7.769531538085937,True,REGULAR,USD,2026-09-18,761.6900024414062,2026-09-18 23:53:39.265099
SPY260918C00320000,2026-09-18 13:53:34+00:00,320.0,440.79,442.28,443.22,-2.2200012,-0.50111765,2.0,0.0,7.662109797363281,True,REGULAR,USD,2026-09-18,761.6900024414062,2026-09-18 23:53:39.265099
SPY260918C00325000,2026-09-18 18:53:33+00:00,325.0,436.65,437.27,438.2,-1.4700012,-0.3355248,1.0,0.0,7.521484973144532,True,REGULAR,USD,2026-09-18,761.6900024414062,2026-09-18 23:53:39.265099
SPY260918C00330000,2026-09-18 17:13:41+00:00,330.0,429.26,432.3,433.19,-3.5599976,-0.82251227,16.0,0.0,7.4062507421875,True,REGULAR,USD,2026-09-18,761.6900024414062,2026-09-18 23:53:39.265099
SPY260918C00335000,2026-09-18 15:10:07+00:00,335.0,424.84,427.28,428.37,-3.269989,-0.7638198,22.0,0.0,7.361328923339843,True,REGULAR,USD,2026-09-18,761.6900024414062,2026-09-18 23:53:39.265099
SPY260918C00340000,2026-09-18 18:35:59+00:00,340.0,420.51,422.28,423.37,-2.5899963,-0.61214757,46.0,0.0,7.238282202148438,True,REGULAR,USD,2026-09-18,761.6900024414062,2026-09-18 23:53:39.265099
SPY260918C00345000,2026-09-18 18:46:12+00:00,345.0,415.92,416.99,418.37,-2.1999817,-0.52616036,48.0,0.0,6.980470024414062,True,REGULAR,USD,2026-09-18,761.6900024414062,2026-09-18 23:53:39.265099
SPY260918C00350000,2026-09-18 16:11:44+00:00,350.0,409.04,412.29,413.37,-3.9799805,-0.963629,213.0,0.0,7.003907495117188,True,REGULAR,USD,2026-09-18,761.6900024414062,2026-09-18 23:53:39.265099
SPY260918C00355000,2026-09-18 16:11:44+00:00,355.0,404.04,407.28,408.37,-3.9899902,-0.9778669,212.0,0.0,6.882813896484375,True,REGULAR,USD,2026-09-18,761.6900024414062,2026-09-18 23:53:39.265099
SPY260918C00360000,2026-09-18 18:55:47+00:00,360.0,401.35,402.26,403.37,-1.4499817,-0.3599756,19.0,0.0,6.759767175292969,True,REGULAR,USD,2026-09-18,761.6900024414062,2026-09-18 23:53:39.265099
SPY260918C00365000,2026-09-18 18:55:47+00:00,365.0,396.35,397.12,398.37,-1.7399902,-0.43708465,96.0,0.0,6.583986145019533,True,REGULAR,USD,2026-09-18,761.6900024414062,2026-09-18 23:53:39.265099
SPY260918C00370000,2026-09-18 18:59:58+00:00,370.0,391.21,391.97,393.37,-1.980011,-0.5035761,173.0,0.0,6.4042988696289065,True,REGULAR,USD,2026-09-18,761.6900024414062,2026-09-18 23:53:39.265099
SPY260918C00375000,2026-09-18 18:59:58+00:00,375.0,386.21,387.28,388.37,-1.960022,-0.504939,119.0,0.0,6.431642585449219,True,REGULAR,USD,2026-09-18,761.6900024414062,2026-09-18 23:53:39.265099
SPY260918C00380000,2026-09-18 18:55:26+00:00,380.0,381.34,382.04,383.37,-1.8600159,-0.48539034,32.0,0.0,6.2207053491210935,True,REGULAR,USD,2026-09-18,761.6900024414062,2026-09-18 23:53:39.265099
SPY260918C00385000,2026-09-18 18:55:26+00:00,385.0,376.34,377.32,378.22,-1.769989,-0.46811485,26.0,0.0,6.169924162597655,True,REGULAR,USD,2026-09-18,761.6900024414062,2026-09-18 23:53:39.265099
SPY260918C00390000,2026-09-18 18:11:26+00:00,390.0,369.68,372.02,373.37,-3.5200195,-0.9431992,80.0,0.0,6.0000025,True,REGULAR,USD,2026-09-18,761.6900024414062,2026-09-18 23:53:39.265099
SPY260918C00395000,2026-09-18 17:22:57+00:00,395.0,364.43,367.28,368.37,-3.6700134,-0.9970153,173.0,0.0,6.001955622558594,True,REGULAR,USD,2026-09-18,761.6900024414062,2026-09-18 23:53:39.265099
SPY260918C00400000,2026-09-18 16:27:07+00:00,400.0,358.23,362.28,363.22,-4.5899963,-1.265089,18.0,0.0,5.839846450195314,True,REGULAR,USD,2026-09-18,761.6900024414062,2026-09-18 23:53:39.265099
SPY260918C00405000,2026-09-18 18:58:22+00:00,405.0,356.36,357.3,358.37,-1.8300171,-0.5109068,150.0,0.0,5.8037136828613285,True,REGULAR,USD,2026-09-18,761.6900024414062,2026-09-18 23:53:39.265099
SPY260918C00410000,2026-09-18 18:58:22+00:00,410.0,351.36,352.02,353.37,-1.8400269,-0.5209589,148.0,0.0,5.5937530078124995,True,REGULAR,USD,2026-09-18,761.6900024414062,2026-09-18 23:53:39.265099
SPY260918C00415000,2026-09-18 17:36:50+00:00,415.0,344.62,347.28,348.22,-3.580017,-1.0281496,2.0,0.0,5.53711245361328,True,REGULAR,USD,2026-09-18,761.6900024414062,2026-09-18 23:53:39.265099
SPY260918C00420000,2026-09-18 19:45:04+00:00,420.0,341.46,342.27,343.19,-1.6800232,-0.48960283,189.0,5.0,5.423831345214842,True,REGULAR,USD,2026-09-18,761.6900024414062,2026-09-18 23:53:39.265099
SPY260918C00425000,2026-09-18 18:57:07+00:00,425.0,336.27,336.96,338.37,-1.8500061,-0.54714483,63.0,1.0,5.277347153320312,True,REGULAR,USD,2026-09-18,761.6900024414062,2026-09-18 23:53:39.265099
SPY260918C00430000,2026-09-18 18:22:33+00:00,430.0,330.39,332.27,333.19,-2.5299988,-0.75994194,22.0,0.0,5.2314487731933585,True,REGULAR,USD,2026-09-18,761.6900024414062,2026-09-18 23:53:39.265099
SPY260918C00435000,2026-09-18 19:01:59+00:00,435.0,326.19,327.3,328.37,-1.9199829,-0.5851644,79.0,0.0,5.210940986328124,True,REGULAR,USD,2026-09-18,761.6900024414062,2026-09-18 23:53:39.265099
SPY260918C00440000,2026-09-18 19:01:59+00:00,440.0,321.21,321.55,323.37,-1.8999939,-0.5880332,77.0,0.0,4.828128964843749,True,REGULAR,USD,2026-09-18,761.6900024414062,2026-09-18 23:53:39.265099
SPY260918C00445000,2026-09-18 18:54:52+00:00,445.0,316.6,317.3,318.37,-1.5599976,-0.49031857,122.0,0.0,5.022464659423829,True,REGULAR,USD,2026-09-18,761.6900024414062,2026-09-18 23:53:39.265099
SPY260918C00450000,2026-09-18 19:07:04+00:00,450.0,311.18,312.27,313.22,-1.6600037,-0.53062385,117.0,0.0,4.869144538574218,True,REGULAR,USD,2026-09-18,761.6900024414062,2026-09-18 23:53:39.265099
SPY260918C00455000,2026-09-18 19:30:40+00:00,455.0,305.81,307.45,308.31,-2.2900085,-0.74326795,28.0,0.0,4.866214854736327,True,REGULAR,USD,2026-09-18,761.6900024414062,2026-09-18 23:53:39.265099
SPY260918C00460000,2026-09-18 19:30:40+00:00,460.0,300.81,302.32,303.22,-2.2900085,-0.75552905,30.0,0.0,4.704105682373047,True,REGULAR,USD,2026-09-18,761.6900024414062,2026-09-18 23:53:39.265099
SPY260918C00465000,2026-09-18 19:00:49+00:00,465.0,296.25,297.3,298.37,-1.8399963,-0.617262,33.0,0.0,4.6562541796875,True,REGULAR,USD,2026-09-18,761.6900024414062,2026-09-18 23:53:39.265099
SPY260918C00470000,2026-09-18 19:21:22+00:00,470.0,291.22,292.28,293.22,-1.8800049,-0.64142096,16.0,0.0,4.512699671630859,True,REGULAR,USD,2026-09-18,761.6900024414062,2026-09-18 23:53:39.265099
SPY260918C00475000,2026-09-18 18:59:36+00:00,475.0,286.17,287.46,288.19,-2.0899963,-0.7250386,61.0,0.0,4.472660659179686,True,REGULAR,USD,2026-09-18,761.6900024414062,2026-09-18 23:53:39.265099
SPY260918C00480000,2026-09-18 18:53:33+00:00,480.0,281.65,282.29,283.37,-1.4400024,-0.508673,123.0,1.0,4.3876998278808585,True,REGULAR,USD,2026-09-18,761.6900024414062,2026-09-18 23:53:39.265099
SPY260918C00485000,2026-09-18 16:30:11+00:00,485.0,273.74,277.27,278.37,-4.369995,-1.571319,115.0,1.0,4.294926506347656,True,REGULAR,USD,2026-09-18,761.6900024414062,2026-09-18 23:53:39.265099
SPY260918C00490000,2026-09-17 19:55:47+00:00,490.0,273.19,272.3,273.22,0.0,0.0,710.0,0.0,4.172856346435546,True,REGULAR,USD,2026-09-18,761.6900024414062,2026-09-18 23:53:39.265099
SPY260918C00495000,2026-09-18 13:41:38+00:00,495.0,266.25,267.28,268.22,-1.9400024,-0.72336864,2.0,1.0,4.082036147460938,True,REGULAR,USD,2026-09-18,761.6900024414062,2026-09-18 23:53:39.265099
SPY260918C00500000,2026-09-18 17:33:30+00:00,500.0,259.23,262.36,263.22,-3.619995,-1.3772094,34.0,1.0,4.021489348144532,True,REGULAR,USD,2026-09-18,761.6900024414062,2026-09-18 23:53:39.265099
SPY260918C00505000,2026-09-18 19:29:29+00:00,505.0,255.88,257.27,258.37,-2.169983,-0.84091574,31.0,6.0,3.9550782373046873,True,REGULAR,USD,2026-09-18,761.6900024414062,2026-09-18 23:53:39.265099
SPY260918C00510000,2026-09-18 15:32:49+00:00,510.0,249.64,252.32,253.22,-3.4600067,-1.3670512,8.0,0.0,3.8447269506835937,True,REGULAR,USD,2026-09-18,761.6900024414062,2026-09-18 23:53:39.265099
SPY260918C00515000,2026-09-18 19:53:05+00:00,515.0,246.38,247.35,248.2,-1.2399902,-0.50076336,56.0,0.0,3.7656255859375003,True,REGULAR,USD,2026-09-18,761.6900024414062,2026-09-18 23:53:39.265099
SPY260918C00520000,2026-09-18 14:12:45+00:00,520.0,239.61,242.31,243.22,-3.649994,-1.5004497,6.0,0.0,3.6787117407226564,True,REGULAR,USD,2026-09-18,761.6900024414062,2026-09-18 23:53:39.265099
SPY260918C00525000,2026-09-18 19:07:11+00:00,525.0,236.14,237.26,238.22,-1.6699982,-0.7022405,22.0,0.0,3.5849619750976567,True,REGULAR,USD,2026-09-18,761.6900024414062,2026-09-18 23:53:39.265099
SPY260918C00530000,2026-09-18 19:55:57+00:00,530.0,231.59,232.4,233.22,-1.4900055,-0.63926786,108.0,0.0,3.5419933325195307,True,REGULAR,USD,2026-09-18,761.6900024414062,2026-09-18 23:53:39.265099
SPY260918C00535000,2026-09-18 19:30:42+00:00,535.0,225.76,227.27,228.22,-2.1900024,-0.96073806,54.0,0.0,3.4287123657226566,True,REGULAR,USD,2026-09-18,761.6900024414062,2026-09-18 23:53:39.265099
SPY260918C00540000,2026-09-18 18:38:50+00:00,540.0,220.22,222.35,223.22,-3.0399933,-1.3616382,35.0,0.0,3.3701187622070305,True,REGULAR,USD,2026-09-18,761.6900024414062,2026-09-18 23:53:39.265099
SPY260918C00545000,2026-09-18 19:47:07+00:00,545.0,216.53,217.41,218.2,-1.5400085,-0.70619917,73.0,0.0,3.301759558105468,True,REGULAR,USD,2026-09-18,761.6900024414062,2026-09-18 23:53:39.265099
SPY260918C00550000,2026-09-18 16:47:05+00:00,550.0,208.85,212.35,213.22,-3.7899933,-1.782352,6.0,11.0,3.2148457128906243,True,REGULAR,USD,2026-09-18,761.6900024414062,2026-09-18 23:53:39.265099
SPY260918C00555000,2026-09-18 16:41:50+00:00,555.0,203.93,207.27,208.22,-4.1400146,-1.989722,8.0,8.0,3.118166267089843,True,REGULAR,USD,2026-09-18,761.6900024414062,2026-09-18 23:53:39.265099
SPY260918C00560000,2026-09-18 18:11:26+00:00,560.0,199.68,202.46,203.22,-3.4200134,-1.6839061,2.0,0.0,3.0859397851562496,True,REGULAR,USD,2026-09-18,761.6900024414062,2026-09-18 23:53:39.265099
SPY260918C00565000,2026-09-18 18:53:25+00:00,565.0,196.55,197.39,198.22,-1.0699921,-0.5414392,196.0,1.0,2.9931665795898432,True,REGULAR,USD,2026-09-18,761.6900024414062,2026-09-18 23:53:39.265099
SPY260918C00570000,2026-09-18 14:49:14+00:00,570.0,189.37,192.31,193.22,-3.7000122,-1.9164096,3.0,0.0,2.8994168139648435,True,REGULAR,USD,2026-09-18,761.6900024414062,2026-09-18 23:53:39.265099
SPY260918C00575000,2026-09-18 19:31:01+00:00,575.0,185.84,187.25,188.22,-2.3300018,-1.238243,4.0,6.0,2.8115264086914067,True,REGULAR,USD,2026-09-18,761.6900024414062,2026-09-18 23:53:39.265099
SPY260918C00580000,2026-09-18 19:31:34+00:00,580.0,180.86,182.33,183.21,-2.3300018,-1.2719045,11.0,8.0,2.7524445251464846,True,REGULAR,USD,2026-09-18,761.6900024414062,2026-09-18 23:53:39.265099
SPY260918C00585000,2026-09-17 19:56:04+00:00,585.0,178.03,177.27,178.22,0.0,0.0,2228.0,0.0,2.6679720800781253,True,REGULAR,USD,2026-09-18,761.6900024414062,2026-09-18 23:53:39.265099
SPY260918C00590000,2026-09-18 19:32:08+00:00,590.0,170.79,172.27,173.22,-2.4700012,-1.4256039,36.0,8.0,2.593753515625,True,REGULAR,USD,2026-09-18,761.6900024414062,2026-09-18 23:53:39.265099
SPY260918C00595000,2026-09-18 18:55:03+00:00,595.0,166.43,167.24,168.22,-1.5,-0.89322937,12.0,0.0,2.5146521508789057,True,REGULAR,USD,2026-09-18,761.6900024414062,2026-09-18 23:53:39.265099
SPY260918C00600000,2026-09-18 19:32:29+00:00,600.0,160.89,162.28,163.22,-1.7200012,-1.0577463,11.0,4.0,2.4501991870117186,True,REGULAR,USD,2026-09-18,761.6900024414062,2026-09-18 23:53:39.265099
SPY260918C00601000,2026-09-18 16:25:32+00:00,601.0,157.01,161.29,162.37,-5.060013,-3.1221156,4.0,2.0,2.4668007080078125,True,REGULAR,USD,2026-09-18,761.6900024414062,2026-09-18 23:53:39.265099
SPY260918C00602000,2026-09-18 17:38:07+00:00,602.0,157.57,160.28,161.37,-3.5,-2.1729681,9.0,0.0,2.4501991870117186,True,REGULAR,USD,2026-09-18,761.6900024414062,2026-09-18 23:53:39.265099
SPY260918C00604000,2026-09-18 14:05:12+00:00,604.0,154.9,158.29,159.37,-4.1900024,-2.633731,1.0,1.0,2.4228555053710936,True,REGULAR,USD,2026-09-18,761.6900024414062,2026-09-18 23:53:39.265099
SPY260918C00605000,2026-09-18 15:32:08+00:00,605.0,154.72,157.28,158.22,-3.399994,-2.1502619,2.0,0.0,2.377933742675781,True,REGULAR,USD,2026-09-18,761.6900024414062,2026-09-18 23:53:39.265099
SPY260918C00610000,2026-09-18 16:44:27+00:00,610.0,149.1,152.45,153.22,-3.649994,-2.3895214,3.0,13.0,2.3378947802734364,True,REGULAR,USD,2026-09-18,761.6900024414062,2026-09-18 23:53:39.265099
SPY260918C00611000,2026-09-18 17:25:49+00:00,611.0,148.54,151.14,152.22,-3.630005,-2.385493,16.0,0.0,2.264652775878906,True,REGULAR,USD,2026-09-18,761.6900024414062,2026-09-18 23:53:39.265099
SPY260918C00612000,2026-09-18 19:22:14+00:00,612.0,149.11,150.27,151.37,-2.0899963,-1.3822727,63.0,0.0,2.303226898193359,True,REGULAR,USD,2026-09-18,761.6900024414062,2026-09-18 23:53:39.265099
SPY260918C00613000,2026-09-18 16:00:56+00:00,613.0,146.0,149.28,150.37,-4.199997,-2.7962697,9.0,0.0,2.29053161743164,True,REGULAR,USD,2026-09-18,761.6900024414062,2026-09-18 23:53:39.265099
SPY260918C00614000,2026-09-18 17:15:56+00:00,614.0,145.4,148.28,149.22,-3.800003,-2.5469189,5.0,0.0,2.248539534912109,True,REGULAR,USD,2026-09-18,761.6900024414062,2026-09-18 23:53:39.265099
SPY260918C00615000,2026-09-18 17:03:39+00:00,615.0,144.34,147.33,148.22,-3.7799988,-2.551984,27.0,25.0,2.243168454589843,True,REGULAR,USD,2026-09-18,761.6900024414062,2026-09-18 23:53:39.265099
SPY260918C00616000,2026-09-18 17:15:56+00:00,616.0,143.35,146.28,147.37,-3.8499908,-2.615483,25.0,0.0,2.247074694824218,True,REGULAR,USD,2026-09-18,761.6900024414062,2026-09-18 23:53:39.265099
SPY260918C00617000,2026-09-18 16:04:42+00:00,617.0,141.93,145.28,146.22,-4.1600037,-2.8475623,10.0,0.0,2.205570892333984,True,REGULAR,USD,2026-09-18,761.6900024414062,2026-09-18 23:53:39.265099
SPY260918C00618000,2026-09-18 14:24:29+00:00,618.0,141.24,144.31,145.22,-3.8499908,-2.6535192,3.0,0.0,2.1967818518066404,True,REGULAR,USD,2026-09-18,761.6900024414062,2026-09-18 23:53:39.265099
SPY260918C00619000,2026-09-18 18:53:47+00:00,619.0,142.7,143.29,144.37,-1.5599976,-1.0813792,6.0,0.0,2.2060591723632808,True,REGULAR,USD,2026-09-18,761.6900024414062,2026-09-18 23:53:39.265099
SPY260918C00620000,2026-09-18 19:57:17+00:00,620.0,141.7,142.25,143.22,-1.4000092,-0.9783432,6.0,12.0,2.1572311694335937,True,REGULAR,USD,2026-09-18,761.6900024414062,2026-09-18 23:53:39.265099
SPY260918C00621000,2026-09-18 19:30:42+00:00,621.0,139.76,141.46,142.22,-2.3300018,-1.6398071,44.0,0.0,2.1806686108398434,True,REGULAR,USD,2026-09-18,761.6900024414062,2026-09-18 23:53:39.265099
SPY260918C00622000,2026-09-18 15:39:28+00:00,622.0,137.5,140.3,141.37,-3.5700073,-2.5306635,4.0,0.0,2.16406708984375,True,REGULAR,USD,2026-09-18,761.6900024414062,2026-09-18 23:53:39.265099
SPY260918C00623000,2026-09-18 16:36:27+00:00,623.0,136.05,139.28,140.37,-4.0200043,-2.8699965,5.0,0.0,2.1464890087890627,True,REGULAR,USD,2026-09-18,761.6900024414062,2026-09-18 23:53:39.265099
SPY260918C00624000,2026-09-18 16:07:02+00:00,624.0,135.02,138.32,139.22,-3.9400024,-2.83535,10.0,0.0,2.113285966796875,True,REGULAR,USD,2026-09-18,761.6900024414062,2026-09-18 23:53:39.265099
SPY260918C00625000,2026-09-18 19:52:10+00:00,625.0,136.21,137.33,138.33,-1.8899994,-1.368573,46.0,0.0,2.1196336071777337,True,REGULAR,USD,2026-09-18,761.6900024414062,2026-09-18 23:53:39.265099
SPY260918C00626000,2026-09-18 19:58:30+00:00,626.0,135.45,136.31,137.19,-1.6200104,-1.1818854,187.0,0.0,2.0776415246582025,True,REGULAR,USD,2026-09-18,761.6900024414062,2026-09-18 23:53:39.265099
SPY260918C00627000,2026-09-18 14:16:11+00:00,627.0,132.2,135.25,136.22,-3.8899994,-2.8584023,1.0,0.0,2.058110323486328,True,REGULAR,USD,2026-09-18,761.6900024414062,2026-09-18 23:53:39.265099
SPY260918C00628000,2026-09-18 19:55:57+00:00,628.0,133.59,134.33,135.22,-1.480011,-1.0957363,36.0,0.0,2.058110323486328,True,REGULAR,USD,2026-09-18,761.6900024414062,2026-09-18 23:53:39.265099
SPY260918C00629000,2026-09-18 14:18:12+00:00,629.0,130.03,133.44,134.36,-4.149994,-3.092856,5.0,0.0,2.0854540051269526,True,REGULAR,USD,2026-09-18,761.6900024414062,2026-09-18 23:53:39.265099
SPY260918C00630000,2026-09-18 19:55:57+00:00,630.0,131.59,132.38,133.33,-1.5100098,-1.1344926,33.0,16.0,2.0566454833984373,True,REGULAR,USD,2026-09-18,761.6900024414062,2026-09-18 23:53:39.265099
SPY260918C00631000,2026-09-18 17:51:27+00:00,631.0,128.79,131.27,132.37,-3.180008,-2.4096446,17.0,0.0,2.030278361816406,True,REGULAR,USD,2026-09-18,761.6900024414062,2026-09-18 23:53:39.265099
SPY260918C00632000,2026-09-18 16:35:28+00:00,632.0,127.08,130.28,131.37,-4.119995,-3.1402402,12.0,0.0,2.0180713610839844,True,REGULAR,USD,2026-09-18,761.6900024414062,2026-09-18 23:53:39.265099
SPY260918C00635000,2026-09-18 19:30:42+00:00,635.0,125.76,127.26,128.22,-2.340004,-1.8267009,48.0,4.0,1.9472658886718752,True,REGULAR,USD,2026-09-18,761.6900024414062,2026-09-18 23:53:39.265099
SPY260918C00637000,2026-09-18 16:36:27+00:00,637.0,122.05,125.28,126.37,-4.0599976,-3.2194097,19.0,0.0,1.9467776098632816,True,REGULAR,USD,2026-09-18,761.6900024414062,2026-09-18 23:53:39.265099
SPY260918C00640000,2026-09-18 19:57:30+00:00,640.0,121.75,122.46,123.22,-0.8600006,-0.7014115,11.0,4.0,1.9091801416015626,True,REGULAR,USD,2026-09-18,761.6900024414062,2026-09-18 23:53:39.265099
SPY260918C00641000,2026-09-18 16:37:47+00:00,641.0,118.11,121.28,122.37,-4.0,-3.275735,15.0,0.0,1.8901372680664061,True,REGULAR,USD,2026-09-18,761.6900024414062,2026-09-18 23:53:39.265099
SPY260918C00643000,2026-09-18 19:22:58+00:00,643.0,118.09,119.28,120.37,-2.1700058,-1.8044286,38.0,0.0,1.8618170971679686,True,REGULAR,USD,2026-09-18,761.6900024414062,2026-09-18 23:53:39.265099
SPY260918C00644000,2026-09-18 15:18:33+00:00,644.0,115.6,118.15,119.37,-3.5100021,-2.9468577,3.0,0.0,1.8271493017578124,True,REGULAR,USD,2026-09-18,761.6900024414062,2026-09-18 23:53:39.265099
SPY260918C00645000,2026-09-18 19:10:56+00:00,645.0,116.27,117.46,118.22,-1.3199997,-1.1225442,42.0,3.0,1.8383797143554683,True,REGULAR,USD,2026-09-18,761.6900024414062,2026-09-18 23:53:39.265099
SPY260918C00646000,2026-09-18 17:05:39+00:00,646.0,113.3,116.29,117.37,-3.659996,-3.1292715,5.0,0.0,1.8212899560546876,True,REGULAR,USD,2026-09-18,761.6900024414062,2026-09-18 23:53:39.265099
SPY260918C00647000,2026-09-18 17:05:39+00:00,647.0,112.36,115.28,116.37,-3.75,-3.229696,5.0,0.0,1.8056650341796874,True,REGULAR,USD,2026-09-18,761.6900024414062,2026-09-18 23:53:39.265099
SPY260918C00648000,2026-09-18 16:34:07+00:00,648.0,111.18,114.28,115.37,-3.9300003,-3.414126,25.0,0.0,1.791016669921875,True,REGULAR,USD,2026-09-18,761.6900024414062,2026-09-18 23:53:39.265099
SPY260918C00649000,2026-09-18 16:23:37+00:00,649.0,109.5,113.27,114.37,-4.580002,-4.014728,4.0,0.0,1.7753917480468748,True,REGULAR,USD,2026-09-18,761.6900024414062,2026-09-18 23:53:39.265099
SPY260918C00650000,2026-09-18 20:06:31+00:00,650.0,112.58,112.35,113.19,-0.069999695,-0.062139098,154.0,26.0,1.7465832983398437,True,REGULAR,USD,2026-09-18,761.6900024414062,2026-09-18 23:53:39.265099
SPY260918C00651000,2026-09-18 16:34:45+00:00,651.0,108.2,111.28,112.37,-3.6399994,-3.2546492,17.0,0.0,1.7490246923828123,True,REGULAR,USD,2026-09-18,761.6900024414062,2026-09-18 23:53:39.265099
SPY260918C00652000,2026-09-18 16:34:45+00:00,652.0,107.22,110.27,111.37,-3.8899994,-3.5010345,5.0,0.0,1.7333997705078126,True,REGULAR,USD,2026-09-18,761.6900024414062,2026-09-18 23:53:39.265099
SPY260918C00653000,2026-09-18 19:53:06+00:00,653.0,108.41,109.4,110.22,-1.7799988,-1.6153904,94.0,0.0,1.7163100122070314,True,REGULAR,USD,2026-09-18,761.6900024414062,2026-09-18 23:53:39.265099
SPY260918C00654000,2026-09-18 18:53:14+00:00,654.0,107.42,108.47,109.37,-1.4199982,-1.3046658,11.0,0.0,1.7338880493164064,True,REGULAR,USD,2026-09-18,761.6900024414062,2026-09-18 23:53:39.265099
SPY260918C00655000,2026-09-18 19:53:06+00:00,655.0,106.41,107.32,108.2,-1.2399979,-1.1518791,51.0,2.0,1.673829755859375,True,REGULAR,USD,2026-09-18,761.6900024414062,2026-09-18 23:53:39.265099
SPY260918C00656000,2026-09-18 19:26:25+00:00,656.0,105.0,106.43,107.37,-1.7300034,-1.6209157,15.0,0.0,1.699708532714844,True,REGULAR,USD,2026-09-18,761.6900024414062,2026-09-18 23:53:39.265099
SPY260918C00657000,2026-09-18 14:15:36+00:00,657.0,102.33,105.3,106.37,-3.5499954,-3.352848,1.0,0.0,1.6674821313476564,True,REGULAR,USD,2026-09-18,761.6900024414062,2026-09-18 23:53:39.265099
SPY260918C00659000,2026-09-18 19:58:15+00:00,659.0,102.55,103.47,104.37,-1.5599976,-1.4984127,12.0,0.0,1.6625993432617188,True,REGULAR,USD,2026-09-18,761.6900024414062,2026-09-18 23:53:39.265099
SPY260918C00660000,2026-09-18 19:58:00+00:00,660.0,101.81,102.33,103.22,-0.84000397,-0.8183185,20.0,113.0,1.6084003955078123,True,REGULAR,USD,2026-09-18,761.6900024414062,2026-09-18 23:53:39.265099
SPY260918C00661000,2026-09-18 14:56:22+00:00,661.0,98.68,100.47,102.45,-3.4300003,-3.3591228,7.0,0.0,1.4951197119140622,True,REGULAR,USD,2026-09-18,761.6900024414062,2026-09-18 23:53:39.265099
SPY260918C00662000,2026-09-18 16:32:08+00:00,662.0,96.78,100.44,101.37,-4.330002,-4.2824664,31.0,0.0,1.6162128564453124,True,REGULAR,USD,2026-09-18,761.6900024414062,2026-09-18 23:53:39.265099
SPY260918C00663000,2026-09-18 16:34:03+00:00,663.0,96.18,99.21,100.37,-3.9300003,-3.925682,15.0,0.0,1.5708029272460937,True,REGULAR,USD,2026-09-18,761.6900024414062,2026-09-18 23:53:39.265099
SPY260918C00664000,2026-09-18 15:09:59+00:00,664.0,95.73,98.28,99.37,-3.3799973,-3.4103494,12.0,0.0,1.5664084179687499,True,REGULAR,USD,2026-09-18,761.6900024414062,2026-09-18 23:53:39.265099
SPY260918C00665000,2026-09-18 19:58:12+00:00,665.0,96.59,97.27,98.22,-1.0600052,-1.0855148,45.0,15.0,1.5302757861328122,True,REGULAR,USD,2026-09-18,761.6900024414062,2026-09-18 23:53:39.265099
SPY260918C00666000,2026-09-18 15:54:29+00:00,666.0,92.92,96.28,97.37,-4.1900024,-4.3146973,7.0,0.0,1.5385765258789061,True,REGULAR,USD,2026-09-18,761.6900024414062,2026-09-18 23:53:39.265099
SPY260918C00667000,2026-09-18 18:30:25+00:00,667.0,93.32,95.28,96.37,-2.790001,-2.9029248,66.0,0.0,1.5244164404296874,True,REGULAR,USD,2026-09-18,761.6900024414062,2026-09-18 23:53:39.265099
SPY260918C00668000,2026-09-18 18:57:07+00:00,668.0,93.27,94.14,95.37,-1.800003,-1.893345,212.0,0.0,1.4912134814453122,True,REGULAR,USD,2026-09-18,761.6900024414062,2026-09-18 23:53:39.265099
SPY260918C00669000,2026-09-18 18:53:14+00:00,669.0,92.42,93.28,94.37,-1.4199982,-1.5132121,53.0,1.0,1.4960962695312499,True,REGULAR,USD,2026-09-18,761.6900024414062,2026-09-18 23:53:39.265099
SPY260918C00670000,2026-09-18 20:11:45+00:00,670.0,93.08,92.4,93.25,0.4300003,0.46411258,396.0,509.0,1.482424462890625,True,REGULAR,USD,2026-09-18,761.6900024414062,2026-09-18 23:53:39.265099
SPY260918C00671000,2026-09-17 19:56:31+00:00,671.0,92.06,91.29,92.37,0.0,0.0,5.0,0.0,1.4697292138671876,True,REGULAR,USD,2026-09-18,761.6900024414062,2026-09-18 23:53:39.265099
SPY260918C00672000,2026-09-18 19:13:42+00:00,672.0,89.22,90.28,91.18,-1.8199997,-1.999121,46.0,0.0,1.429202072753906,True,REGULAR,USD,2026-09-18,761.6900024414062,2026-09-18 23:53:39.265099
SPY260918C00673000,2026-09-18 14:38:47+00:00,673.0,86.31,89.27,90.37,-3.75,-4.163891,1.0,0.0,1.4389676489257814,True,REGULAR,USD,2026-09-18,761.6900024414062,2026-09-18 23:53:39.265099
SPY260918C00674000,2026-09-18 18:54:35+00:00,674.0,87.59,88.28,89.37,-1.4700012,-1.6505741,5.0,0.0,1.4262723999023437,True,REGULAR,USD,2026-09-18,761.6900024414062,2026-09-18 23:53:39.265099
SPY260918C00675000,2026-09-18 18:53:14+00:00,675.0,86.39,87.32,88.22,-1.3300018,-1.5161899,54.0,157.0,1.3984405078125,True,REGULAR,USD,2026-09-18,761.6900024414062,2026-09-18 23:53:39.265099
SPY260918C00676000,2026-09-18 14:54:49+00:00,676.0,83.65,86.08,87.37,-3.409996,-3.9168346,3.0,0.0,1.372561730957031,True,REGULAR,USD,2026-09-18,761.6900024414062,2026-09-18 23:53:39.265099
SPY260918C00677000,2026-09-18 17:04:58+00:00,677.0,82.28,85.08,86.37,-3.790001,-4.4033937,2.0,0.0,1.3584016455078123,True,REGULAR,USD,2026-09-18,761.6900024414062,2026-09-18 23:53:39.265099
SPY260918C00678000,2026-09-18 19:58:12+00:00,678.0,83.56,84.27,85.37,-1.5,-1.7634611,468.0,0.0,1.369143779296875,True,REGULAR,USD,2026-09-18,761.6900024414062,2026-09-18 23:53:39.265099
SPY260918C00679000,2026-09-18 19:39:15+00:00,679.0,82.17,83.28,84.37,-1.8800049,-2.2367697,42.0,0.0,1.3564485302734375,True,REGULAR,USD,2026-09-18,761.6900024414062,2026-09-18 23:53:39.265099
SPY260918C00680000,2026-09-18 18:46:30+00:00,680.0,80.98,82.46,83.2,-1.4300003,-1.7352266,302.0,119.0,1.3437532812499997,True,REGULAR,USD,2026-09-18,761.6900024414062,2026-09-18 23:53:39.265099
SPY260918C00681000,2026-09-18 16:59:04+00:00,681.0,78.38,81.29,82.37,-3.6700058,-4.4728894,2.0,0.0,1.329593195800781,True,REGULAR,USD,2026-09-18,761.6900024414062,2026-09-18 23:53:39.265099
SPY260918C00682000,2026-09-18 18:53:14+00:00,682.0,79.42,80.26,81.37,-1.75,-2.155969,6.0,0.0,1.312015158691406,True,REGULAR,USD,2026-09-18,761.6900024414062,2026-09-18 23:53:39.265099
SPY260918C00683000,2026-09-18 15:50:44+00:00,683.0,76.26,79.32,80.4,-3.9700012,-4.948275,39.0,0.0,1.3085972070312497,True,REGULAR,USD,2026-09-18,761.6900024414062,2026-09-18 23:53:39.265099
SPY260918C00684000,2026-09-18 18:30:25+00:00,684.0,76.32,78.4,79.19,-2.3300018,-2.9624944,311.0,0.0,1.2793004785156248,True,REGULAR,USD,2026-09-18,761.6900024414062,2026-09-18 23:53:39.265099
SPY260918C00685000,2026-09-18 19:16:01+00:00,685.0,76.18,77.41,78.19,-1.2300034,-1.5889462,131.0,11.0,1.2666052294921872,True,REGULAR,USD,2026-09-18,761.6900024414062,2026-09-18 23:53:39.265099
SPY260918C00686000,2026-09-18 20:02:12+00:00,686.0,76.47,76.2,77.2,-0.58000183,-0.7527603,196.0,0.0,1.2280312036132814,True,REGULAR,USD,2026-09-18,761.6900024414062,2026-09-18 23:53:39.265099
SPY260918C00687000,2026-09-18 18:43:33+00:00,687.0,73.46,75.33,76.19,-2.3099976,-3.048697,152.0,0.0,1.2290077612304686,True,REGULAR,USD,2026-09-18,761.6900024414062,2026-09-18 23:53:39.265099
SPY260918C00688000,2026-09-18 18:34:59+00:00,688.0,72.46,74.33,75.22,-2.590004,-3.451038,29.0,0.0,1.21875390625,True,REGULAR,USD,2026-09-18,761.6900024414062,2026-09-18 23:53:39.265099
SPY260918C00689000,2026-09-18 18:59:36+00:00,689.0,72.17,73.37,74.19,-1.7099991,-2.314563,179.0,0.0,1.2058145178222657,True,REGULAR,USD,2026-09-18,761.6900024414062,2026-09-18 23:53:39.265099
SPY260918C00690000,2026-09-18 19:45:57+00:00,690.0,71.43,72.32,73.22,-0.94999695,-1.3125131,124.0,88.0,1.189457177734375,True,REGULAR,USD,2026-09-18,761.6900024414062,2026-09-18 23:53:39.265099
SPY260918C00691000,2026-09-18 18:55:10+00:00,691.0,70.32,71.38,72.22,-2.0,-2.7654867,10.0,0.0,1.1826212744140623,True,REGULAR,USD,2026-09-18,761.6900024414062,2026-09-18 23:53:39.265099
SPY260918C00692000,2026-09-18 18:29:16+00:00,692.0,68.37,70.37,71.31,-2.7199936,-3.826127,38.0,0.0,1.1772502075195312,True,REGULAR,USD,2026-09-18,761.6900024414062,2026-09-18 23:53:39.265099
SPY260918C00693000,2026-09-18 18:06:21+00:00,693.0,66.8,69.32,70.22,-3.399994,-4.8432965,94.0,0.0,1.1477093395996092,True,REGULAR,USD,2026-09-18,761.6900024414062,2026-09-18 23:53:39.265099
SPY260918C00694000,2026-09-18 17:34:20+00:00,694.0,65.43,68.23,69.22,-3.800003,-5.488954,32.0,0.0,1.1235395385742186,True,REGULAR,USD,2026-09-18,761.6900024414062,2026-09-18 23:53:39.265099
SPY260918C00695000,2026-09-18 19:00:38+00:00,695.0,66.32,67.36,68.22,-1.0599976,-1.5731635,11.0,70.0,1.1240278173828124,True,REGULAR,USD,2026-09-18,761.6900024414062,2026-09-18 23:53:39.265099
SPY260918C00696000,2026-09-18 19:06:49+00:00,696.0,65.23,66.46,67.22,-1.5599976,-2.3356752,60.0,0.0,1.12109814453125,True,REGULAR,USD,2026-09-18,761.6900024414062,2026-09-18 23:53:39.265099
SPY260918C00697000,2026-09-18 19:53:06+00:00,697.0,64.41,65.38,66.19,-1.6699982,-2.527237,63.0,0.0,1.0952193676757815,True,REGULAR,USD,2026-09-18,761.6900024414062,2026-09-18 23:53:39.265099
SPY260918C00698000,2026-09-18 19:30:45+00:00,698.0,62.72,64.46,65.22,-2.0599976,-3.17999,36.0,0.0,1.0927779736328125,True,REGULAR,USD,2026-09-18,761.6900024414062,2026-09-18 23:53:39.265099
SPY260918C00699000,2026-09-18 19:49:05+00:00,699.0,62.65,63.31,64.2,-1.0699997,-1.679221,69.0,0.0,1.0605515722656251,True,REGULAR,USD,2026-09-18,761.6900024414062,2026-09-18 23:53:39.265099
SPY260918C00700000,2026-09-18 19:45:11+00:00,700.0,61.44,62.38,63.19,-1.3900032,-2.212324,299.0,28.0,1.0529832507324217,True,REGULAR,USD,2026-09-18,761.6900024414062,2026-09-18 23:53:39.265099
SPY260918C00701000,2026-09-18 16:58:10+00:00,701.0,58.4,61.15,62.22,-3.829998,-6.154585,16.0,0.0,1.017583037109375,True,REGULAR,USD,2026-09-18,761.6900024414062,2026-09-18 23:53:39.265099
SPY260918C00702000,2026-09-18 19:47:07+00:00,702.0,59.53,60.38,61.19,-1.5900002,-2.6014402,172.0,0.0,1.0249072192382815,True,REGULAR,USD,2026-09-18,761.6900024414062,2026-09-18 23:53:39.265099
SPY260918C00703000,2026-09-18 18:45:28+00:00,703.0,57.68,59.46,60.22,-2.3499985,-3.914707,7.0,0.0,1.0219775463867187,True,REGULAR,USD,2026-09-18,761.6900024414062,2026-09-18 23:53:39.265099
SPY260918C00704000,2026-09-18 20:10:14+00:00,704.0,58.7,58.35,59.2,-0.32999802,-0.5590344,596.0,0.0,0.9946289599609376,True,REGULAR,USD,2026-09-18,761.6900024414062,2026-09-18 23:53:39.265099
SPY260918C00705000,2026-09-18 19:53:05+00:00,705.0,56.38,57.15,58.22,-1.3799973,-2.389192,527.0,12.0,0.9619144433593749,True,REGULAR,USD,2026-09-18,761.6900024414062,2026-09-18 23:53:39.265099
SPY260918C00706000,2026-09-18 19:36:34+00:00,706.0,54.91,56.34,57.22,-2.0900002,-3.666667,84.0,0.0,0.9672854833984376,True,REGULAR,USD,2026-09-18,761.6900024414062,2026-09-18 23:53:39.265099
SPY260918C00707000,2026-09-18 18:53:32+00:00,707.0,54.65,55.41,56.33,-0.09000015,-0.16441387,5.0,0.0,0.9709475561523437,True,REGULAR,USD,2026-09-18,761.6900024414062,2026-09-18 23:53:39.265099
SPY260918C00708000,2026-09-18 19:49:05+00:00,708.0,53.65,54.23,55.19,-0.12999725,-0.24172045,453.0,0.0,0.9252937158203125,True,REGULAR,USD,2026-09-18,761.6900024414062,2026-09-18 23:53:39.265099
SPY260918C00709000,2026-09-18 19:39:21+00:00,709.0,52.19,53.45,54.22,-1.7800026,-3.2981334,284.0,1.0,0.9355475195312499,True,REGULAR,USD,2026-09-18,761.6900024414062,2026-09-18 23:53:39.265099
SPY260918C00710000,2026-09-18 19:44:02+00:00,710.0,51.33,52.22,53.22,-1.5299988,-2.894436,402.0,441.0,0.8989267919921874,True,REGULAR,USD,2026-09-18,761.6900024414062,2026-09-18 23:53:39.265099
SPY260918C00711000,2026-09-18 19:43:28+00:00,711.0,50.28,51.24,52.22,-1.7900009,-3.437682,121.0,0.0,0.8869640209960936,True,REGULAR,USD,2026-09-18,761.6900024414062,2026-09-18 23:53:39.265099
SPY260918C00712000,2026-09-18 19:39:15+00:00,712.0,49.17,50.22,51.22,-1.9100037,-3.7392397,164.0,0.0,0.8710950390625,True,REGULAR,USD,2026-09-18,761.6900024414062,2026-09-18 23:53:39.265099
SPY260918C00713000,2026-09-18 20:11:06+00:00,713.0,49.97,49.46,50.22,1.2200012,2.5025666,525.0,1.0,0.8793957373046875,True,REGULAR,USD,2026-09-18,761.6900024414062,2026-09-18 23:53:39.265099
SPY260918C00714000,2026-09-18 20:11:29+00:00,714.0,49.03,48.4,49.21,1.25,2.6161575,316.0,0.0,0.858399853515625,True,REGULAR,USD,2026-09-18,761.6900024414062,2026-09-18 23:53:39.265099
SPY260918C00715000,2026-09-18 20:01:00+00:00,715.0,47.18,47.15,48.22,0.36999893,0.7904271,49.0,15.0,0.8217791259765624,True,REGULAR,USD,2026-09-18,761.6900024414062,2026-09-18 23:53:39.265099
SPY260918C00716000,2026-09-18 19:58:12+00:00,716.0,45.56,46.17,47.32,-0.23999786,-0.5240128,3.0,0.0,0.8188494677734374,True,REGULAR,USD,2026-09-18,761.6900024414062,2026-09-18 23:53:39.265099
SPY260918C00717000,2026-09-18 19:58:11+00:00,717.0,44.63,45.21,46.2,-2.8999977,-6.1014047,401.0,0.0,0.7973653076171875,True,REGULAR,USD,2026-09-18,761.6900024414062,2026-09-18 23:53:39.265099
SPY260918C00718000,2026-09-18 19:58:00+00:00,718.0,43.81,44.39,45.22,-2.7799988,-5.9669433,38.0,0.0,0.8010273803710937,True,REGULAR,USD,2026-09-18,761.6900024414062,2026-09-18 23:53:39.265099
SPY260918C00719000,2026-09-18 19:55:51+00:00,719.0,42.68,43.23,44.24,-1.2399979,-2.8233104,697.0,0.0,0.7744163183593751,True,REGULAR,USD,2026-09-18,761.6900024414062,2026-09-18 23:53:39.265099
SPY260918C00720000,2026-09-18 20:14:08+00:00,720.0,42.86,42.46,43.22,0.47999954,1.1326087,1057.0,1020.0,0.7780783911132813,True,REGULAR,USD,2026-09-18,761.6900024414062,2026-09-18 23:53:39.265099
SPY260918C00721000,2026-09-18 19:55:51+00:00,721.0,40.68,41.23,42.19,-1.0099983,-2.4226394,966.0,0.0,0.7412135253906249,True,REGULAR,USD,2026-09-18,761.6900024414062,2026-09-18 23:53:39.265099
SPY260918C00722000,2026-09-18 19:16:23+00:00,722.0,39.22,40.32,41.22,-1.7799988,-4.34146,133.0,0.0,0.737307314453125,True,REGULAR,USD,2026-09-18,761.6900024414062,2026-09-18 23:53:39.265099
SPY260918C00723000,2026-09-18 19:58:12+00:00,723.0,38.59,39.32,40.22,-1.5299988,-3.8135564,68.0,0.0,0.7226590234375,True,REGULAR,USD,2026-09-18,761.6900024414062,2026-09-18 23:53:39.265099
SPY260918C00724000,2026-09-18 19:55:51+00:00,724.0,37.68,38.46,39.22,-1.7200012,-4.365485,75.0,2.0,0.7194852270507812,True,REGULAR,USD,2026-09-18,761.6900024414062,2026-09-18 23:53:39.265099
SPY260918C00725000,2026-09-18 18:49:44+00:00,725.0,36.21,37.45,38.22,-1.6500015,-4.3581657,72.0,15.0,0.7041045214843751,True,REGULAR,USD,2026-09-18,761.6900024414062,2026-09-18 23:53:39.265099
SPY260918C00726000,2026-09-18 19:58:04+00:00,726.0,35.73,36.4,37.22,-1.5200005,-4.0805383,111.0,0.0,0.6853058813476562,True,REGULAR,USD,2026-09-18,761.6900024414062,2026-09-18 23:53:39.265099
SPY260918C00727000,2026-09-18 19:50:25+00:00,727.0,34.38,35.44,36.22,-1.5399971,-4.2872972,183.0,0.0,0.6735872485351564,True,REGULAR,USD,2026-09-18,761.6900024414062,2026-09-18 23:53:39.265099
SPY260918C00728000,2026-09-18 19:11:53+00:00,728.0,33.3,34.19,35.22,-1.7000008,-4.857145,48.0,0.0,0.6391637646484375,True,REGULAR,USD,2026-09-18,761.6900024414062,2026-09-18 23:53:39.265099
SPY260918C00729000,2026-09-18 19:55:57+00:00,729.0,32.57,33.47,34.19,-1.6500015,-4.821746,392.0,1.0,0.6440465283203125,True,REGULAR,USD,2026-09-18,761.6900024414062,2026-09-18 23:53:39.265099
SPY260918C00730000,2026-09-18 20:03:27+00:00,730.0,32.3,32.47,33.22,-0.5600014,-1.7042037,348.0,31.0,0.6313513427734375,True,REGULAR,USD,2026-09-18,761.6900024414062,2026-09-18 23:53:39.265099
SPY260918C00731000,2026-09-18 20:00:55+00:00,731.0,31.2,31.33,32.22,-0.7199993,-2.255637,342.0,1.0,0.6059609716796877,True,REGULAR,USD,2026-09-18,761.6900024414062,2026-09-18 23:53:39.265099
SPY260918C00732000,2026-09-18 19:59:51+00:00,732.0,29.52,30.38,31.19,-1.6599998,-5.323925,332.0,1.0,0.5925333715820313,True,REGULAR,USD,2026-09-18,761.6900024414062,2026-09-18 23:53:39.265099
SPY260918C00733000,2026-09-18 20:02:26+00:00,733.0,29.58,29.32,30.22,-0.3899994,-1.3012993,157.0,2.0,0.5751995605468749,True,REGULAR,USD,2026-09-18,761.6900024414062,2026-09-18 23:53:39.265099
SPY260918C00734000,2026-09-18 20:10:19+00:00,734.0,28.74,28.38,29.22,-0.2800007,-0.9648542,607.0,51.0,0.5644574804687501,True,REGULAR,USD,2026-09-18,761.6900024414062,2026-09-18 23:53:39.265099
SPY260918C00735000,2026-09-18 19:53:06+00:00,735.0,26.53,27.52,28.24,-0.80999947,-2.96269,744.0,17.0,0.5603071313476562,True,REGULAR,USD,2026-09-18,761.6900024414062,2026-09-18 23:53:39.265099
SPY260918C00736000,2026-09-18 20:00:54+00:00,736.0,26.18,26.52,27.22,-0.35000038,-1.3192626,502.0,1.0,0.5434615966796876,True,REGULAR,USD,2026-09-18,761.6900024414062,2026-09-18 23:53:39.265099
SPY260918C00737000,2026-09-18 20:10:21+00:00,737.0,25.82,25.52,26.23,0.29999924,1.1755456,915.0,6.0,0.5285691674804689,True,REGULAR,USD,2026-09-18,761.6900024414062,2026-09-18 23:53:39.265099
SPY260918C00738000,2026-09-18 20:11:45+00:00,738.0,25.08,24.81,25.24,0.1800003,0.7228928,540.0,1.0,0.5317429638671876,True,REGULAR,USD,2026-09-18,761.6900024414062,2026-09-18 23:53:39.265099
SPY260918C00739000,2026-09-18 19:39:05+00:00,739.0,22.53,23.81,23.92,-1.2600002,-5.296344,884.0,6.0,0.5029346582031251,True,REGULAR,USD,2026-09-18,761.6900024414062,2026-09-18 23:53:39.265099
SPY260918C00740000,2026-09-18 19:59:51+00:00,740.0,21.54,22.81,22.92,-1.6999989,-7.314969,785.0,90.0,0.4870656762695313,True,REGULAR,USD,2026-09-18,761.6900024414062,2026-09-18 23:53:39.265099
SPY260918C00741000,2026-09-18 20:02:18+00:00,741.0,21.55,21.81,21.92,0.03999901,0.1859554,490.0,1.0,0.47119669433593747,True,REGULAR,USD,2026-09-18,761.6900024414062,2026-09-18 23:53:39.265099
SPY260918C00742000,2026-09-18 20:02:00+00:00,742.0,20.37,20.81,20.92,-0.34999847,-1.6891819,1184.0,8.0,0.45508357421875,True,REGULAR,USD,2026-09-18,761.6900024414062,2026-09-18 23:53:39.265099
SPY260918C00743000,2026-09-18 20:02:03+00:00,743.0,19.39,19.81,19.92,-0.11000061,-0.5641057,350.0,2.0,0.43897045410156255,True,REGULAR,USD,2026-09-18,761.6900024414062,2026-09-18 23:53:39.265099
SPY260918C00744000,2026-09-18 20:09:48+00:00,744.0,18.49,18.81,18.92,0.069999695,0.38002005,558.0,1.0,0.4226131958007812,True,REGULAR,USD,2026-09-18,761.6900024414062,2026-09-18 23:53:39.265099
SPY260918C00745000,2026-09-18 20:05:08+00:00,745.0,17.5,17.81,17.92,0.049999237,0.28652856,918.0,54.0,0.40601179931640624,True,REGULAR,USD,2026-09-18,761.6900024414062,2026-09-18 23:53:39.265099
SPY260918C00746000,2026-09-18 20:02:24+00:00,746.0,16.58,16.81,16.92,0.14999962,0.9129618,906.0,4.0,0.38941040283203127,True,REGULAR,USD,2026-09-18,761.6900024414062,2026-09-18 23:53:39.265099
SPY260918C00747000,2026-09-18 20:02:22+00:00,747.0,15.55,15.81,15.92,-0.09000015,-0.5754485,838.0,13.0,0.3726869372558594,True,REGULAR,USD,2026-09-18,761.6900024414062,2026-09-18 23:53:39.265099
SPY260918C00748000,2026-09-18 20:01:59+00:00,748.0,14.35,14.81,14.92,-0.21000004,-1.442308,985.0,4.0,0.3557193334960937,True,REGULAR,USD,2026-09-18,761.6900024414062,2026-09-18 23:53:39.265099
SPY260918C00749000,2026-09-18 20:02:25+00:00,749.0,13.57,13.81,13.92,0.069999695,0.51851624,704.0,3.0,0.3386296606445312,True,REGULAR,USD,2026-09-18,761.6900024414062,2026-09-18 23:53:39.265099
SPY260918C00750000,2026-09-18 20:10:34+00:00,750.0,12.9,12.81,12.89,0.21999931,1.7350103,2296.0,266.0,0.3182441223144531,True,REGULAR,USD,2026-09-18,761.6900024414062,2026-09-18 23:53:39.265099
SPY260918C00751000,2026-09-18 20:12:20+00:00,751.0,12.0,11.81,11.89,0.5600004,4.8951087,902.0,40.0,0.3007882421875,True,REGULAR,USD,2026-09-18,761.6900024414062,2026-09-18 23:53:39.265099
SPY260918C00752000,2026-09-18 20:06:22+00:00,752.0,10.62,10.81,10.89,0.3199997,3.1067932,1621.0,18.0,0.28284408569335934,True,REGULAR,USD,2026-09-18,761.6900024414062,2026-09-18 23:53:39.265099
SPY260918C00753000,2026-09-18 20:10:00+00:00,753.0,9.6,9.81,9.89,0.20000076,2.1276677,2056.0,68.0,0.264655791015625,True,REGULAR,USD,2026-09-18,761.6900024414062,2026-09-18 23:53:39.265099
SPY260918C00754000,2026-09-18 20:02:43+00:00,754.0,8.39,8.81,8.89,0.07999992,0.9626946,3394.0,2056.0,0.2461012890625,True,REGULAR,USD,2026-09-18,761.6900024414062,2026-09-18 23:53:39.265099
SPY260918C00755000,2026-09-18 20:10:17+00:00,755.0,7.68,7.83,7.87,0.7399998,10.662821,12875.0,4257.0,0.225593681640625,True,REGULAR,USD,2026-09-18,761.6900024414062,2026-09-18 23:53:39.265099
SPY260918C00756000,2026-09-18 20:14:55+00:00,756.0,6.88,6.82,6.89,0.3800001,5.8461556,14192.0,161.0,0.20777159423828123,True,REGULAR,USD,2026-09-18,761.6900024414062,2026-09-18 23:53:39.265099
SPY260918C00757000,2026-09-18 20:13:10+00:00,757.0,6.01,5.83,5.87,0.62000036,11.50279,42235.0,763.0,0.1860432958984375,True,REGULAR,USD,2026-09-18,761.6900024414062,2026-09-18 23:53:39.265099
SPY260918C00758000,2026-09-18 20:13:21+00:00,758.0,5.05,4.83,4.87,0.6300001,14.253396,94581.0,471.0,0.16529155029296877,True,REGULAR,USD,2026-09-18,761.6900024414062,2026-09-18 23:53:39.265099
SPY260918C00759000,2026-09-18 20:14:18+00:00,759.0,3.9,3.83,3.87,0.31000018,8.635103,387065.0,7008.0,0.14331911376953127,True,REGULAR,USD,2026-09-18,761.6900024414062,2026-09-18 23:53:39.265099
SPY260918C00760000,2026-09-18 20:14:57+00:00,760.0,2.86,2.84,2.87,0.22999978,8.745238,815132.0,30193.0,0.12000391723632811,True,REGULAR,USD,2026-09-18,761.6900024414062,2026-09-18 23:53:39.265099
SPY260918C00761000,2026-09-18 20:14:50+00:00,761.0,1.89,1.84,1.87,-0.15999997,-7.8048763,578824.0,9647.0,0.09436940795898438,True,REGULAR,USD,2026-09-18,761.6900024414062,2026-09-18 23:53:39.265099
SPY260918C00762000,2026-09-18 20:14:55+00:00,762.0,0.86,0.85,0.89,-0.71000004,-45.222927,732848.0,15502.0,0.06519489501953124,False,REGULAR,USD,2026-09-18,761.6900024414062,2026-09-18 23:53:39.265099
SPY260918C00763000,2026-09-18 20:14:57+00:00,763.0,0.13,0.12,0.13,-1.02,-88.695656,318281.0,16622.0,0.034921760253906246,False,REGULAR,USD,2026-09-18,761.6900024414062,2026-09-18 23:53:39.265099
SPY260918C00764000,2026-09-18 20:14:39+00:00,764.0,0.01,0.0,0.01,-0.8,-98.765434,191533.0,14410.0,0.02930658203125,False,REGULAR,USD,2026-09-18,761.6900024414062,2026-09-18 23:53:39.265099
SPY260918C00765000,2026-09-18 20:13:26+00:00,765.0,0.01,0.0,0.01,-0.53000003,-98.14815,96747.0,31045.0,0.039072109375,False,REGULAR,USD,2026-09-18,761.6900024414062,2026-09-18 23:53:39.265099
SPY260918C00766000,2026-09-18 20:14:35+00:00,766.0,0.01,0.0,0.01,-0.36,-97.297295,33036.0,9386.0,0.04883763671875,False,REGULAR,USD,2026-09-18,761.6900024414062,2026-09-18 23:53:39.265099
SPY260918C00767000,2026-09-18 20:13:51+00:00,767.0,0.01,0.0,0.01,-0.22,-95.652176,28809.0,19321.0,0.058603164062500004,False,REGULAR,USD,2026-09-18,761.6900024414062,2026-09-18 23:53:39.265099
SPY260918C00768000,2026-09-18 20:12:51+00:00,768.0,0.01,0.0,0.01,-0.14,-93.33333,14252.0,10951.0,0.06836869140625002,False,REGULAR,USD,2026-09-18,761.6900024414062,2026-09-18 23:53:39.265099
SPY260918C00769000,2026-09-18 20:10:47+00:00,769.0,0.01,0.0,0.01,-0.080000006,-88.88889,9157.0,11069.0,0.07813421875000001,False,REGULAR,USD,2026-09-18,761.6900024414062,2026-09-18 23:53:39.265099
SPY260918C00770000,2026-09-18 20:11:45+00:00,770.0,0.01,0.0,0.01,-0.060000002,-85.71429,13277.0,34479.0,0.08594664062500001,False,REGULAR,USD,2026-09-18,761.6900024414062,2026-09-18 23:53:39.265099
SPY260918C00771000,2026-09-18 20:10:47+00:00,771.0,0.01,0.0,0.01,-0.04,-80.00001,5327.0,12246.0,0.09571216796875001,False,REGULAR,USD,2026-09-18,761.6900024414062,2026-09-18 23:53:39.265099
SPY260918C00772000,2026-09-18 20:10:56+00:00,772.0,0.01,0.0,0.01,-0.02,-66.66667,4236.0,14097.0,0.1054776953125,False,REGULAR,USD,2026-09-18,761.6900024414062,2026-09-18 23:53:39.265099
SPY260918C00773000,2026-09-18 20:09:49+00:00,773.0,0.01,0.0,0.01,-0.01,-50.0,3825.0,11354.0,0.1132901171875,False,REGULAR,USD,2026-09-18,761.6900024414062,2026-09-18 23:53:39.265099
SPY260918C00774000,2026-09-18 19:57:17+00:00,774.0,0.01,0.0,0.01,-0.02,-66.66667,16200.0,8617.0,0.12305564453125001,False,REGULAR,USD,2026-09-18,761.6900024414062,2026-09-18 23:53:39.265099
SPY260918C00775000,2026-09-18 19:47:10+00:00,775.0,0.01,0.0,0.01,-0.01,-50.0,34636.0,44130.0,0.132821171875,False,REGULAR,USD,2026-09-18,761.6900024414062,2026-09-18 23:53:39.265099
SPY260918C00776000,2026-09-18 20:02:56+00:00,776.0,0.01,0.0,0.01,0.0,0.0,2574.0,5289.0,0.14063359375,False,REGULAR,USD,2026-09-18,761.6900024414062,2026-09-18 23:53:39.265099
SPY260918C00777000,2026-09-18 20:07:55+00:00,777.0,0.01,0.0,0.01,0.0,0.0,265.0,6087.0,0.148446015625,False,REGULAR,USD,2026-09-18,761.6900024414062,2026-09-18 23:53:39.265099
SPY260918C00778000,2026-09-18 20:01:38+00:00,778.0,0.01,0.0,0.01,0.0,0.0,84.0,5333.0,0.1562584375,False,REGULAR,USD,2026-09-18,761.6900024414062,2026-09-18 23:53:39.265099
SPY260918C00779000,2026-09-18 19:45:21+00:00,779.0,0.21,0.0,0.01,0.17999999,600.0,32.0,40094.0,0.16407085937500002,False,REGULAR,USD,2026-09-18,761.6900024414062,2026-09-18 23:53:39.265099
SPY260918C00780000,2026-09-18 20:14:47+00:00,780.0,0.06,0.0,0.01,0.049999997,499.99988,1320.0,31500.0,0.17383638671875,False,REGULAR,USD,2026-09-18,761.6900024414062,2026-09-18 23:53:39.265099
SPY260918C00781000,2026-09-18 19:49:22+00:00,781.0,0.01,0.0,0.01,0.0,0.0,63.0,3698.0,0.18360191406249998,False,REGULAR,USD,2026-09-18,761.6900024414062,2026-09-18 23:53:39.265099
SPY260918C00782000,2026-09-18 19:58:52+00:00,782.0,0.01,0.0,0.01,0.0,0.0,43.0,9367.0,0.1914143359375,False,REGULAR,USD,2026-09-18,761.6900024414062,2026-09-18 23:53:39.265099
SPY260918C00783000,2026-09-18 19:39:47+00:00,783.0,0.01,0.0,0.01,0.0,0.0,24.0,3328.0,0.1992267578125,False,REGULAR,USD,2026-09-18,761.6900024414062,2026-09-18 23:53:39.265099
SPY260918C00784000,2026-09-18 19:46:21+00:00,784.0,0.01,0.0,0.01,0.0,0.0,34.0,6393.0,0.20703917968749996,False,REGULAR,USD,2026-09-18,761.6900024414062,2026-09-18 23:53:39.265099
SPY260918C00785000,2026-09-18 19:43:16+00:00,785.0,0.01,0.0,0.01,-0.01,-50.0,1130.0,20751.0,0.2148516015625,False,REGULAR,USD,2026-09-18,761.6900024414062,2026-09-18 23:53:39.265099
SPY260918C00786000,2026-09-18 19:28:03+00:00,786.0,0.01,0.0,0.01,0.0,0.0,2.0,3443.0,0.22266402343749997,False,REGULAR,USD,2026-09-18,761.6900024414062,2026-09-18 23:53:39.265099
SPY260918C00787000,2026-09-18 19:01:20+00:00,787.0,0.01,0.0,0.01,0.0,0.0,5.0,8321.0,0.2304764453125,False,REGULAR,USD,2026-09-18,761.6900024414062,2026-09-18 23:53:39.265099
SPY260918C00788000,2026-09-18 19:45:09+00:00,788.0,0.01,0.0,0.01,-0.01,-50.0,7.0,8298.0,0.23828886718749998,False,REGULAR,USD,2026-09-18,761.6900024414062,2026-09-18 23:53:39.265099
SPY260918C00789000,2026-09-18 17:49:28+00:00,789.0,0.01,0.0,0.01,0.0,0.0,13.0,10119.0,0.2461012890625,False,REGULAR,USD,2026-09-18,761.6900024414062,2026-09-18 23:53:39.265099
SPY260918C00790000,2026-09-18 19:27:34+00:00,790.0,0.01,0.0,0.01,0.0,0.0,146.0,58554.0,0.257819921875,False,REGULAR,USD,2026-09-18,761.6900024414062,2026-09-18 23:53:39.265099
SPY260918C00791000,2026-09-18 19:45:25+00:00,791.0,0.01,0.0,0.01,0.0,0.0,22.0,12664.0,0.26563234375,False,REGULAR,USD,2026-09-18,761.6900024414062,2026-09-18 23:53:39.265099
SPY260918C00792000,2026-09-17 19:48:57+00:00,792.0,0.01,0.0,0.01,0.0,0.0,677.0,12298.0,0.273444765625,False,REGULAR,USD,2026-09-18,761.6900024414062,2026-09-18 23:53:39.265099
SPY260918C00793000,2026-09-18 20:11:24+00:00,793.0,0.01,0.0,0.01,0.0,0.0,5.0,28304.0,0.28125718749999995,False,REGULAR,USD,2026-09-18,761.6900024414062,2026-09-18 23:53:39.265099
SPY260918C00794000,2026-09-17 20:06:36+00:00,794.0,0.01,0.0,0.01,0.0,0.0,41.0,23393.0,0.2890696093749999,False,REGULAR,USD,2026-09-18,761.6900024414062,2026-09-18 23:53:39.265099
SPY260918C00795000,2026-09-18 17:41:31+00:00,795.0,0.01,0.0,0.01,0.0,0.0,8.0,13030.0,0.29688203124999996,False,REGULAR,USD,2026-09-18,761.6900024414062,2026-09-18 23:53:39.265099
SPY260918C00796000,2026-09-18 13:30:09+00:00,796.0,0.01,0.0,0.01,0.0,0.0,1.0,5345.0,0.304694453125,False,REGULAR,USD,2026-09-18,761.6900024414062,2026-09-18 23:53:39.265099
SPY260918C00797000,2026-09-17 15:33:20+00:00,797.0,0.01,0.0,0.01,0.0,0.0,136.0,5934.0,0.31250687499999996,False,REGULAR,USD,2026-09-18,761.6900024414062,2026-09-18 23:53:39.265099
SPY260918C00798000,2026-09-18 13:32:42+00:00,798.0,0.02,0.0,0.01,0.01,100.0,1.0,5279.0,0.32031929687499994,False,REGULAR,USD,2026-09-18,761.6900024414062,2026-09-18 23:53:39.265099
SPY260918C00799000,2026-09-18 15:35:32+00:00,799.0,0.01,0.0,0.01,0.0,0.0,14.0,5088.0,0.32813171874999997,False,REGULAR,USD,2026-09-18,761.6900024414062,2026-09-18 23:53:39.265099
SPY260918C00800000,2026-09-18 19:59:00+00:00,800.0,0.01,0.0,0.01,0.0,0.0,48.0,33553.0,0.335944140625,False,REGULAR,USD,2026-09-18,761.6900024414062,2026-09-18 23:53:39.265099
SPY260918C00801000,2026-09-18 19:49:01+00:00,801.0,0.01,0.0,0.01,0.0,0.0,25.0,8404.0,0.3437565625,False,REGULAR,USD,2026-09-18,761.6900024414062,2026-09-18 23:53:39.265099
SPY260918C00802000,2026-09-17 19:49:06+00:00,802.0,0.01,0.0,0.01,0.0,0.0,1.0,8493.0,0.35156898437499995,False,REGULAR,USD,2026-09-18,761.6900024414062,2026-09-18 23:53:39.265099
SPY260918C00803000,2026-09-17 15:34:26+00:00,803.0,0.01,0.0,0.01,0.0,0.0,2.0,16139.0,0.35938140625,False,REGULAR,USD,2026-09-18,761.6900024414062,2026-09-18 23:53:39.265099
SPY260918C00804000,2026-09-17 13:30:04+00:00,804.0,0.01,0.0,0.01,0.0,0.0,1.0,13583.0,0.367193828125,False,REGULAR,USD,2026-09-18,761.6900024414062,2026-09-18 23:53:39.265099
SPY260918C00805000,2026-09-17 17:04:15+00:00,805.0,0.03,0.0,0.01,0.02,200.0,1.0,8975.0,0.3711000390625,False,REGULAR,USD,2026-09-18,761.6900024414062,2026-09-18 23:53:39.265099
SPY260918C00806000,2026-09-16 19:36:57+00:00,806.0,0.01,0.0,0.01,0.0,0.0,20.0,2025.0,0.3789124609375,False,REGULAR,USD,2026-09-18,761.6900024414062,2026-09-18 23:53:39.265099
SPY260918C00807000,2026-09-17 14:46:28+00:00,807.0,0.01,0.0,0.01,0.0,0.0,3.0,1290.0,0.38672488281249995,False,REGULAR,USD,2026-09-18,761.6900024414062,2026-09-18 23:53:39.265099
SPY260918C00808000,2026-09-16 19:37:13+00:00,808.0,0.01,0.0,0.01,0.0,0.0,10.0,976.0,0.39063109375,False,REGULAR,USD,2026-09-18,761.6900024414062,2026-09-18 23:53:39.265099
SPY260918C00809000,2026-09-17 14:44:29+00:00,809.0,0.01,0.0,0.01,0.0,0.0,3.0,1732.0,0.398443515625,False,REGULAR,USD,2026-09-18,761.6900024414062,2026-09-18 23:53:39.265099
SPY260918C00810000,2026-09-18 17:35:28+00:00,810.0,0.01,0.0,0.01,0.0,0.0,8.0,10132.0,0.4062559375,False,REGULAR,USD,2026-09-18,761.6900024414062,2026-09-18 23:53:39.265099
SPY260918C00811000,2026-09-18 13:31:01+00:00,811.0,0.01,0.0,0.01,-0.01,-50.0,1.0,1092.0,0.414068359375,False,REGULAR,USD,2026-09-18,761.6900024414062,2026-09-18 23:53:39.265099
SPY260918C00812000,2026-09-17 15:18:29+00:00,812.0,0.01,0.0,0.01,0.0,0.0,1.0,1246.0,0.42188078125,False,REGULAR,USD,2026-09-18,761.6900024414062,2026-09-18 23:53:39.265099
SPY260918C00813000,2026-09-16 14:09:07+00:00,813.0,0.01,0.0,0.01,0.0,0.0,3.0,4365.0,0.42969320312500003,False,REGULAR,USD,2026-09-18,761.6900024414062,2026-09-18 23:53:39.265099
SPY260918C00814000,2026-09-16 19:56:36+00:00,814.0,0.01,0.0,0.01,0.0,0.0,492.0,1745.0,0.437505625,False,REGULAR,USD,2026-09-18,761.6900024414062,2026-09-18 23:53:39.265099
SPY260918C00815000,2026-09-17 19:55:56+00:00,815.0,0.01,0.0,0.01,0.0,0.0,1.0,13547.0,0.445318046875,False,REGULAR,USD,2026-09-18,761.6900024414062,2026-09-18 23:53:39.265099
SPY260918C00816000,2026-09-17 13:32:07+00:00,816.0,0.01,0.0,0.01,0.0,0.0,2.0,2122.0,0.45313046875,False,REGULAR,USD,2026-09-18,761.6900024414062,2026-09-18 23:53:39.265099
SPY260918C00817000,2026-09-17 13:30:02+00:00,817.0,0.01,0.0,0.01,0.0,0.0,1.0,1641.0,0.46094289062500005,False,REGULAR,USD,2026-09-18,761.6900024414062,2026-09-18 23:53:39.265099
SPY260918C00818000,2026-09-16 15:31:49+00:00,818.0,0.01,0.0,0.01,0.0,0.0,76.0,4049.0,0.4687553125,False,REGULAR,USD,2026-09-18,761.6900024414062,2026-09-18 23:53:39.265099
SPY260918C00819000,2026-09-16 18:36:32+00:00,819.0,0.01,0.0,0.01,0.0,0.0,184.0,965.0,0.476567734375,False,REGULAR,USD,2026-09-18,761.6900024414062,2026-09-18 23:53:39.265099
SPY260918C00820000,2026-09-18 19:49:49+00:00,820.0,0.01,0.0,0.01,0.0,0.0,5.0,32608.0,0.48438015625,False,REGULAR,USD,2026-09-18,761.6900024414062,2026-09-18 23:53:39.265099
SPY260918C00821000,2026-09-17 13:32:07+00:00,821.0,0.01,0.0,0.01,0.0,0.0,2.0,759.0,0.49219257812500006,False,REGULAR,USD,2026-09-18,761.6900024414062,2026-09-18 23:53:39.265099
SPY260918C00822000,2026-09-16 18:04:34+00:00,822.0,0.01,0.0,0.01,0.0,0.0,90.0,1643.0,0.500005,False,REGULAR,USD,2026-09-18,761.6900024414062,2026-09-18 23:53:39.265099
SPY260918C00823000,2026-09-16 18:04:05+00:00,823.0,0.01,0.0,0.01,0.0,0.0,130.0,19417.0,0.500005,False,REGULAR,USD,2026-09-18,761.6900024414062,2026-09-18 23:53:39.265099
SPY260918C00824000,2026-09-16 16:56:16+00:00,824.0,0.01,0.0,0.01,0.0,0.0,305.0,19184.0,0.507817421875,False,REGULAR,USD,2026-09-18,761.6900024414062,2026-09-18 23:53:39.265099
SPY260918C00825000,2026-09-17 19:34:04+00:00,825.0,0.01,0.0,0.01,0.0,0.0,13.0,20998.0,0.51562984375,False,REGULAR,USD,2026-09-18,761.6900024414062,2026-09-18 23:53:39.265099
SPY260918C00830000,2026-09-18 19:22:27+00:00,830.0,0.01,0.0,0.01,0.0,0.0,81.0,12941.0,0.51562984375,False,REGULAR,USD,2026-09-18,761.6900024414062,2026-09-18 23:53:39.265099
SPY260918C00835000,2026-09-18 18:04:43+00:00,835.0,0.01,0.0,0.01,0.0,0.0,2.0,5071.0,0.5625043750000001,False,REGULAR,USD,2026-09-18,761.6900024414062,2026-09-18 23:53:39.265099
SPY260918C00840000,2026-09-17 15:04:42+00:00,840.0,0.01,0.0,0.01,0.0,0.0,3.0,5580.0,0.5937540625000001,False,REGULAR,USD,2026-09-18,761.6900024414062,2026-09-18 23:53:39.265099
SPY260918C00845000,2026-09-11 18:40:32+00:00,845.0,0.01,0.0,0.01,0.0,0.0,24.0,11045.0,0.6250037500000001,False,REGULAR,USD,2026-09-18,761.6900024414062,2026-09-18 23:53:39.265099
SPY260918C00850000,2026-09-17 14:13:00+00:00,850.0,0.01,0.0,0.01,0.0,0.0,1.0,9509.0,0.6562534375000001,False,REGULAR,USD,2026-09-18,761.6900024414062,2026-09-18 23:53:39.265099
SPY260918C00855000,2026-09-09 20:08:59+00:00,855.0,0.02,0.0,0.01,0.0,0.0,2.0,3427.0,0.6875031250000001,False,REGULAR,USD,2026-09-18,761.6900024414062,2026-09-18 23:53:39.265099
SPY260918C00860000,2026-09-09 19:02:43+00:00,860.0,0.01,0.0,0.01,0.0,0.0,4.0,5134.0,0.7187528125,False,REGULAR,USD,2026-09-18,761.6900024414062,2026-09-18 23:53:39.265099
SPY260918C00865000,2026-09-14 13:53:40+00:00,865.0,0.01,0.0,0.01,0.0,0.0,20.0,3659.0,0.7500025,False,REGULAR,USD,2026-09-18,761.6900024414062,2026-09-18 23:53:39.265099
SPY260918C00870000,2026-09-10 13:44:10+00:00,870.0,0.01,0.0,0.01,0.0,0.0,22.0,1307.0,0.7812521875,False,REGULAR,USD,2026-09-18,761.6900024414062,2026-09-18 23:53:39.265099
SPY260918C00875000,2026-09-10 15:25:17+00:00,875.0,0.01,0.0,0.01,0.0,0.0,5.0,4631.0,0.8125018749999999,False,REGULAR,USD,2026-09-18,761.6900024414062,2026-09-18 23:53:39.265099
SPY260918C00880000,2026-09-04 16:40:50+00:00,880.0,0.01,0.0,0.01,0.0,0.0,24.0,6261.0,0.8437515624999999,False,REGULAR,USD,2026-09-18,761.6900024414062,2026-09-18 23:53:39.265099
SPY260918C00885000,2026-09-08 18:22:08+00:00,885.0,0.01,0.0,0.01,0.0,0.0,2.0,6154.0,0.87500125,False,REGULAR,USD,2026-09-18,761.6900024414062,2026-09-18 23:53:39.265099
SPY260918C00890000,2026-08-28 20:01:20+00:00,890.0,0.01,0.0,0.01,0.0,0.0,3383.0,3266.0,0.9062509375,False,REGULAR,USD,2026-09-18,761.6900024414062,2026-09-18 23:53:39.265099
SPY260918C00895000,2026-08-14 19:54:02+00:00,895.0,0.02,0.0,0.01,0.0,0.0,10.0,8578.0,0.937500625,False,REGULAR,USD,2026-09-18,761.6900024414062,2026-09-18 23:53:39.265099
SPY260918C00900000,2026-09-15 14:17:55+00:00,900.0,0.01,0.0,0.01,0.0,0.0,1.0,16702.0,0.9687503125,False,REGULAR,USD,2026-09-18,761.6900024414062,2026-09-18 23:53:39.265099
SPY260918C00905000,2026-08-26 13:35:59+00:00,905.0,0.01,0.0,0.01,0.0,0.0,4.0,4049.0,0.98437515625,False,REGULAR,USD,2026-09-18,761.6900024414062,2026-09-18 23:53:39.265099
SPY260918C00910000,2026-08-26 18:31:39+00:00,910.0,0.01,0.0,0.01,0.0,0.0,50.0,3197.0,1.0312548437500002,False,REGULAR,USD,2026-09-18,761.6900024414062,2026-09-18 23:53:39.265099
SPY260918C00915000,2026-08-26 13:30:01+00:00,915.0,0.01,0.0,0.01,0.0,0.0,1.0,5515.0,1.0625046875000002,False,REGULAR,USD,2026-09-18,761.6900024414062,2026-09-18 23:53:39.265099
SPY260918C00920000,2026-08-26 16:44:44+00:00,920.0,0.01,0.0,0.01,0.0,0.0,5.0,5527.0,1.0625046875000002,False,REGULAR,USD,2026-09-18,761.6900024414062,2026-09-18 23:53:39.265099
SPY260918C00925000,2026-08-25 14:02:53+00:00,925.0,0.01,0.0,0.01,0.0,0.0,490.0,14020.0,1.09375453125,False,REGULAR,USD,2026-09-18,761.6900024414062,2026-09-18 23:53:39.265099
SPY260918C00930000,2026-08-25 13:42:31+00:00,930.0,0.01,0.0,0.01,0.0,0.0,202.0,6436.0,1.125004375,False,REGULAR,USD,2026-09-18,761.6900024414062,2026-09-18 23:53:39.265099
SPY260918C00935000,2026-08-21 18:48:55+00:00,935.0,0.01,0.0,0.01,0.0,0.0,1439.0,2713.0,1.15625421875,False,REGULAR,USD,2026-09-18,761.6900024414062,2026-09-18 23:53:39.265099
SPY260918C00940000,2026-08-25 14:02:50+00:00,940.0,0.01,0.0,0.01,0.0,0.0,817.0,3661.0,1.1875040625,False,REGULAR,USD,2026-09-18,761.6900024414062,2026-09-18 23:53:39.265099
SPY260918C00945000,2026-08-20 13:50:45+00:00,945.0,0.01,0.0,0.01,0.0,0.0,40.0,3736.0,1.21875390625,False,REGULAR,USD,2026-09-18,761.6900024414062,2026-09-18 23:53:39.265099
SPY260918C00950000,2026-09-10 18:45:37+00:00,950.0,0.01,0.0,0.01,0.0,0.0,11.0,3026.0,1.2500037499999999,False,REGULAR,USD,2026-09-18,761.6900024414062,2026-09-18 23:53:39.265099
SPY260918C00955000,2026-09-14 13:30:03+00:00,955.0,0.01,0.0,0.01,0.0,0.0,5.0,3258.0,1.2812535937499998,False,REGULAR,USD,2026-09-18,761.6900024414062,2026-09-18 23:53:39.265099
SPY260918C00960000,2026-08-19 15:16:48+00:00,960.0,0.01,0.0,0.01,0.0,0.0,15.0,2177.0,1.3125034374999998,False,REGULAR,USD,2026-09-18,761.6900024414062,2026-09-18 23:53:39.265099
SPY260918C00965000,2026-08-14 18:15:10+00:00,965.0,0.01,0.0,0.01,0.0,0.0,1.0,3222.0,1.3125034374999998,False,REGULAR,USD,2026-09-18,761.6900024414062,2026-09-18 23:53:39.265099
SPY260918C00970000,2026-08-14 13:40:23+00:00,970.0,0.01,0.0,0.01,0.0,0.0,10.0,3688.0,1.3437532812499997,False,REGULAR,USD,2026-09-18,761.6900024414062,2026-09-18 23:53:39.265099
SPY260918C00975000,2026-08-04 16:05:08+00:00,975.0,0.02,0.0,0.01,0.0,0.0,7034.0,8632.0,1.3750031249999999,False,REGULAR,USD,2026-09-18,761.6900024414062,2026-09-18 23:53:39.265099
SPY260918C00980000,2026-08-06 16:41:20+00:00,980.0,0.01,0.0,0.01,0.0,0.0,1.0,4173.0,1.40625296875,False,REGULAR,USD,2026-09-18,761.6900024414062,2026-09-18 23:53:39.265099
SPY260918C00985000,2026-08-06 13:31:31+00:00,985.0,0.02,0.0,0.01,0.0,0.0,1.0,2927.0,1.4375028125,False,REGULAR,USD,2026-09-18,761.6900024414062,2026-09-18 23:53:39.265099
SPY260918C00990000,2026-08-13 15:30:23+00:00,990.0,0.01,0.0,0.01,0.0,0.0,12.0,17224.0,1.4375028125,False,REGULAR,USD,2026-09-18,761.6900024414062,2026-09-18 23:53:39.265099
SPY260918C00995000,2026-08-13 14:30:39+00:00,995.0,0.02,0.0,0.01,0.0,0.0,1.0,3865.0,1.5000025,False,REGULAR,USD,2026-09-18,761.6900024414062,2026-09-18 23:53:39.265099
SPY260918C01000000,2026-09-16 20:02:08+00:00,1000.0,0.01,0.0,0.01,0.0,0.0,10.0,8572.0,1.5000025,False,REGULAR,USD,2026-09-18,761.6900024414062,2026-09-18 23:53:39.265099
SPY260921C00610000,2026-09-14 13:44:23+00:00,610.0,149.57,150.92,154.83,0.0,0.0,6.0,0.0,1.1760295104980467,True,REGULAR,USD,2026-09-21,761.6900024414062,2026-09-18 23:53:39.265099
SPY260921C00630000,2026-09-10 14:24:40+00:00,630.0,130.51,130.99,134.83,0.0,0.0,,0.0,1.0371141894531253,True,REGULAR,USD,2026-09-21,761.6900024414062,2026-09-18 23:53:39.265099
SPY260921C00695000,2026-09-18 19:43:41+00:00,695.0,66.46,65.94,69.85,-1.0999985,-1.6281801,70.0,0.0,0.5734905932617188,True,REGULAR,USD,2026-09-21,761.6900024414062,2026-09-18 23:53:39.265099
SPY260921C00705000,2026-09-18 19:42:17+00:00,705.0,56.46,56.11,58.36,-1.1100006,-1.9280887,44.0,1.0,0.5434615966796876,True,REGULAR,USD,2026-09-21,761.6900024414062,2026-09-18 23:53:39.265099
SPY260921C00710000,2026-09-18 19:44:01+00:00,710.0,51.42,51.11,53.36,-1.1500015,-2.1875625,123.0,0.0,0.5056201782226561,True,REGULAR,USD,2026-09-21,761.6900024414062,2026-09-18 23:53:39.265099
SPY260921C00715000,2026-09-18 19:52:04+00:00,715.0,45.47,45.95,49.88,-2.0999985,-4.4145436,305.0,0.0,0.565556102294922,True,REGULAR,USD,2026-09-21,761.6900024414062,2026-09-18 23:53:39.265099
SPY260921C00718000,2026-09-18 19:55:37+00:00,718.0,43.91,43.12,45.92,-0.670002,-1.5029205,154.0,0.0,0.48242705078125003,True,REGULAR,USD,2026-09-21,761.6900024414062,2026-09-18 23:53:39.265099
SPY260921C00720000,2026-09-18 19:39:47+00:00,720.0,41.26,41.12,43.34,-1.3200035,-3.100055,128.0,0.0,0.4274959594726563,True,REGULAR,USD,2026-09-21,761.6900024414062,2026-09-18 23:53:39.265099
SPY260921C00725000,2026-09-18 19:07:00+00:00,725.0,35.5,36.12,38.34,-2.0800018,-5.5348635,407.0,0.0,0.3885559191894531,True,REGULAR,USD,2026-09-21,761.6900024414062,2026-09-18 23:53:39.265099
SPY260921C00730000,2026-09-18 19:56:42+00:00,730.0,31.66,31.13,33.36,-0.23999977,-0.7523504,217.0,1.0,0.35034829345703117,True,REGULAR,USD,2026-09-21,761.6900024414062,2026-09-18 23:53:39.265099
SPY260921C00735000,2026-09-18 17:58:21+00:00,735.0,24.88,27.89,27.99,-3.6100006,-12.671115,93.0,0.0,0.2873606420898437,True,REGULAR,USD,2026-09-21,761.6900024414062,2026-09-18 23:53:39.265099
SPY260921C00738000,2026-09-18 19:12:43+00:00,738.0,23.39,24.89,25.0,-4.33,-15.620491,64.0,0.0,0.26428958374023437,True,REGULAR,USD,2026-09-21,761.6900024414062,2026-09-18 23:53:39.265099
SPY260921C00740000,2026-09-18 19:47:10+00:00,740.0,21.77,22.9,23.0,-0.4699993,-2.1133063,105.0,14.0,0.24829853271484376,True,REGULAR,USD,2026-09-21,761.6900024414062,2026-09-18 23:53:39.265099
SPY260921C00741000,2026-09-18 19:22:40+00:00,741.0,20.25,21.9,22.0,-0.40999985,-1.9845104,128.0,0.0,0.24024197265624997,True,REGULAR,USD,2026-09-21,761.6900024414062,2026-09-18 23:53:39.265099
SPY260921C00742000,2026-09-18 19:34:49+00:00,742.0,18.92,20.9,21.01,-1.7600002,-8.510639,43.0,0.0,0.23267368896484375,True,REGULAR,USD,2026-09-21,761.6900024414062,2026-09-18 23:53:39.265099
SPY260921C00744000,2026-09-18 19:02:24+00:00,744.0,17.33,18.91,19.01,-1.0799999,-5.8663764,464.0,0.0,0.2161943615722656,True,REGULAR,USD,2026-09-21,761.6900024414062,2026-09-18 23:53:39.265099
SPY260921C00745000,2026-09-18 20:07:22+00:00,745.0,17.74,17.92,18.02,0.40999985,2.3658388,266.0,2.0,0.20838193969726557,True,REGULAR,USD,2026-09-21,761.6900024414062,2026-09-18 23:53:39.265099
SPY260921C00746000,2026-09-18 20:14:18+00:00,746.0,17.0,16.93,17.03,0.55999947,3.4063227,487.0,0.0,0.20050848327636717,True,REGULAR,USD,2026-09-21,761.6900024414062,2026-09-18 23:53:39.265099
SPY260921C00747000,2026-09-18 19:26:31+00:00,747.0,14.21,15.94,16.04,-1.8200006,-11.353715,215.0,1.0,0.1925129577636719,True,REGULAR,USD,2026-09-21,761.6900024414062,2026-09-18 23:53:39.265099
SPY260921C00749000,2026-09-18 19:55:27+00:00,749.0,13.01,13.96,14.06,-1.1799994,-8.315711,1036.0,12.0,0.17609466491699222,True,REGULAR,USD,2026-09-21,761.6900024414062,2026-09-18 23:53:39.265099
SPY260921C00750000,2026-09-18 20:13:03+00:00,750.0,13.18,12.98,13.07,0.4800005,3.7795315,2725.0,90.0,0.16767189758300782,True,REGULAR,USD,2026-09-21,761.6900024414062,2026-09-18 23:53:39.265099
SPY260921C00751000,2026-09-18 20:03:29+00:00,751.0,11.6,12.01,12.09,1.0700006,10.161449,1934.0,54.0,0.1595543029785156,True,REGULAR,USD,2026-09-21,761.6900024414062,2026-09-18 23:53:39.265099
SPY260921C00752000,2026-09-18 20:14:34+00:00,752.0,11.15,11.03,11.12,1.04,10.286845,1822.0,10.0,0.15174188110351564,True,REGULAR,USD,2026-09-21,761.6900024414062,2026-09-18 23:53:39.265099
SPY260921C00753000,2026-09-18 20:11:02+00:00,753.0,10.12,10.07,10.15,0.72000027,7.659578,1764.0,17.0,0.143563251953125,True,REGULAR,USD,2026-09-21,761.6900024414062,2026-09-18 23:53:39.265099
SPY260921C00754000,2026-09-18 20:12:25+00:00,754.0,9.27,9.11,9.19,0.59000015,6.7972364,2481.0,40.0,0.13562876098632815,True,REGULAR,USD,2026-09-21,761.6900024414062,2026-09-18 23:53:39.265099
SPY260921C00755000,2026-09-18 20:11:04+00:00,755.0,8.25,8.17,8.25,1.25,17.857143,2925.0,1212.0,0.12806047729492187,True,REGULAR,USD,2026-09-21,761.6900024414062,2026-09-18 23:53:39.265099
SPY260921C00756000,2026-09-18 20:14:59+00:00,756.0,7.31,7.24,7.31,0.4699998,6.8713417,2771.0,380.0,0.12012598632812499,True,REGULAR,USD,2026-09-21,761.6900024414062,2026-09-18 23:53:39.265099
SPY260921C00757000,2026-09-18 20:14:46+00:00,757.0,6.43,6.33,6.39,0.7999997,14.209586,7300.0,2223.0,0.11237459899902343,True,REGULAR,USD,2026-09-21,761.6900024414062,2026-09-18 23:53:39.265099
SPY260921C00758000,2026-09-18 20:13:53+00:00,758.0,5.59,5.44,5.5,0.6800003,13.849294,12529.0,1378.0,0.10511148803710937,True,REGULAR,USD,2026-09-21,761.6900024414062,2026-09-18 23:53:39.265099
SPY260921C00759000,2026-09-18 20:14:43+00:00,759.0,4.69,4.59,4.64,0.3499999,8.064514,39348.0,1843.0,0.0979704461669922,True,REGULAR,USD,2026-09-21,761.6900024414062,2026-09-18 23:53:39.265099
SPY260921C00760000,2026-09-18 20:14:59+00:00,760.0,3.78,3.78,3.82,0.23000002,6.4788737,75144.0,4628.0,0.0911345770263672,True,REGULAR,USD,2026-09-21,761.6900024414062,2026-09-18 23:53:39.265099
SPY260921C00761000,2026-09-18 20:14:58+00:00,761.0,3.04,3.04,3.06,0.109999895,3.7542624,56689.0,2374.0,0.08490905334472658,True,REGULAR,USD,2026-09-21,761.6900024414062,2026-09-18 23:53:39.265099
SPY260921C00762000,2026-09-18 20:14:58+00:00,762.0,2.38,2.36,2.38,-0.03999996,-1.6528909,62520.0,2399.0,0.07953801330566407,False,REGULAR,USD,2026-09-21,761.6900024414062,2026-09-18 23:53:39.265099
SPY260921C00763000,2026-09-18 20:14:59+00:00,763.0,1.77,1.77,1.79,-0.18000007,-9.230773,43495.0,2046.0,0.0750214569091797,False,REGULAR,USD,2026-09-21,761.6900024414062,2026-09-18 23:53:39.265099
SPY260921C00764000,2026-09-18 20:14:57+00:00,764.0,1.28,1.28,1.3,-0.26,-16.883118,24576.0,1667.0,0.07123731506347657,False,REGULAR,USD,2026-09-21,761.6900024414062,2026-09-18 23:53:39.265099
SPY260921C00765000,2026-09-18 20:14:59+00:00,765.0,0.9,0.88,0.9,-0.30000007,-25.000006,36214.0,7650.0,0.06788041503906252,False,REGULAR,USD,2026-09-21,761.6900024414062,2026-09-18 23:53:39.265099
SPY260921C00766000,2026-09-18 20:14:58+00:00,766.0,0.58,0.58,0.59,-0.33000004,-36.26374,24270.0,1721.0,0.06482868774414063,False,REGULAR,USD,2026-09-21,761.6900024414062,2026-09-18 23:53:39.265099
SPY260921C00767000,2026-09-18 20:14:58+00:00,767.0,0.36,0.36,0.38,-0.32,-47.058823,15203.0,2082.0,0.0629976513671875,False,REGULAR,USD,2026-09-21,761.6900024414062,2026-09-18 23:53:39.265099
SPY260921C00768000,2026-09-18 20:14:58+00:00,768.0,0.23,0.22,0.23,-0.26,-53.061222,18494.0,1876.0,0.06128868408203126,False,REGULAR,USD,2026-09-21,761.6900024414062,2026-09-18 23:53:39.265099
SPY260921C00769000,2026-09-18 20:14:58+00:00,769.0,0.14,0.13,0.14,-0.19000001,-57.57576,11797.0,1257.0,0.060556269531250005,False,REGULAR,USD,2026-09-21,761.6900024414062,2026-09-18 23:53:39.265099
SPY260921C00770000,2026-09-18 20:14:59+00:00,770.0,0.09,0.08,0.09,-0.14999999,-62.499996,58171.0,31504.0,0.06104454589843751,False,REGULAR,USD,2026-09-21,761.6900024414062,2026-09-18 23:53:39.265099
SPY260921C00771000,2026-09-18 20:14:58+00:00,771.0,0.05,0.04,0.05,-0.11,-68.75,4485.0,3569.0,0.0600679931640625,False,REGULAR,USD,2026-09-21,761.6900024414062,2026-09-18 23:53:39.265099
SPY260921C00772000,2026-09-18 20:14:16+00:00,772.0,0.03,0.02,0.03,-0.089999996,-75.0,4171.0,2009.0,0.060556269531250005,False,REGULAR,USD,2026-09-21,761.6900024414062,2026-09-18 23:53:39.265099
SPY260921C00773000,2026-09-18 20:14:47+00:00,773.0,0.02,0.01,0.02,-0.07000001,-77.77779,3234.0,2529.0,0.06202109863281251,False,REGULAR,USD,2026-09-21,761.6900024414062,2026-09-18 23:53:39.265099
SPY260921C00774000,2026-09-18 20:12:53+00:00,774.0,0.01,0.01,0.02,-0.049999997,-83.333336,2094.0,1604.0,0.06641558593750001,False,REGULAR,USD,2026-09-21,761.6900024414062,2026-09-18 23:53:39.265099
SPY260921C00775000,2026-09-18 20:14:29+00:00,775.0,0.01,0.01,0.02,-0.04,-80.00001,1360.0,1931.0,0.071298349609375,False,REGULAR,USD,2026-09-21,761.6900024414062,2026-09-18 23:53:39.265099
SPY260921C00776000,2026-09-18 20:14:59+00:00,776.0,0.01,0.0,0.01,-0.03,-75.0,555.0,926.0,0.07032179687500001,False,REGULAR,USD,2026-09-21,761.6900024414062,2026-09-18 23:53:39.265099
SPY260921C00777000,2026-09-18 19:33:15+00:00,777.0,0.02,0.0,0.01,0.0,0.0,619.0,2275.0,0.07422800781250001,False,REGULAR,USD,2026-09-21,761.6900024414062,2026-09-18 23:53:39.265099
SPY260921C00778000,2026-09-18 19:51:43+00:00,778.0,0.01,0.0,0.01,-0.02,-66.66667,614.0,644.0,0.07813421875000001,False,REGULAR,USD,2026-09-21,761.6900024414062,2026-09-18 23:53:39.265099
SPY260921C00779000,2026-09-18 16:10:44+00:00,779.0,0.01,0.0,0.01,-0.01,-50.0,675.0,234.0,0.08204042968750001,False,REGULAR,USD,2026-09-21,761.6900024414062,2026-09-18 23:53:39.265099
SPY260921C00780000,2026-09-18 20:14:47+00:00,780.0,0.01,0.0,0.01,-0.01,-50.0,153.0,2196.0,0.08692319335937501,False,REGULAR,USD,2026-09-21,761.6900024414062,2026-09-18 23:53:39.265099
SPY260921C00781000,2026-09-18 19:21:49+00:00,781.0,0.01,0.0,0.01,-0.01,-50.0,209.0,1074.0,0.09180595703125,False,REGULAR,USD,2026-09-21,761.6900024414062,2026-09-18 23:53:39.265099
SPY260921C00782000,2026-09-18 20:04:43+00:00,782.0,0.01,0.0,0.01,-0.02,-66.66667,31.0,581.0,0.09571216796875001,False,REGULAR,USD,2026-09-21,761.6900024414062,2026-09-18 23:53:39.265099
SPY260921C00783000,2026-09-18 19:54:00+00:00,783.0,0.01,0.0,0.01,-0.01,-50.0,480.0,2070.0,0.09961837890625,False,REGULAR,USD,2026-09-21,761.6900024414062,2026-09-18 23:53:39.265099
SPY260921C00784000,2026-09-18 13:34:21+00:00,784.0,0.01,0.0,0.01,-0.01,-50.0,201.0,376.0,0.10352458984374999,False,REGULAR,USD,2026-09-21,761.6900024414062,2026-09-18 23:53:39.265099
SPY260921C00785000,2026-09-18 20:12:27+00:00,785.0,0.01,0.0,0.01,-0.01,-50.0,14.0,491.0,0.10743080078125,False,REGULAR,USD,2026-09-21,761.6900024414062,2026-09-18 23:53:39.265099
SPY260921C00786000,2026-09-18 13:36:57+00:00,786.0,0.01,0.0,0.01,-0.01,-50.0,120.0,1659.0,0.11133701171874999,False,REGULAR,USD,2026-09-21,761.6900024414062,2026-09-18 23:53:39.265099
SPY260921C00787000,2026-09-18 13:35:56+00:00,787.0,0.01,0.0,0.01,0.0,0.0,120.0,1400.0,0.11524322265625,False,REGULAR,USD,2026-09-21,761.6900024414062,2026-09-18 23:53:39.265099
SPY260921C00788000,2026-09-18 13:36:19+00:00,788.0,0.01,0.0,0.01,0.0,0.0,200.0,1010.0,0.11914943359374999,False,REGULAR,USD,2026-09-21,761.6900024414062,2026-09-18 23:53:39.265099
SPY260921C00789000,2026-09-16 19:41:47+00:00,789.0,0.02,0.0,0.01,0.0,0.0,120.0,6906.0,0.12305564453125001,False,REGULAR,USD,2026-09-21,761.6900024414062,2026-09-18 23:53:39.265099
SPY260921C00790000,2026-09-18 16:33:35+00:00,790.0,0.01,0.0,0.01,-0.01,-50.0,5.0,6747.0,0.1289149609375,False,REGULAR,USD,2026-09-21,761.6900024414062,2026-09-18 23:53:39.265099
SPY260921C00791000,2026-09-16 19:52:35+00:00,791.0,0.02,0.0,0.01,0.0,0.0,100.0,221.0,0.132821171875,False,REGULAR,USD,2026-09-21,761.6900024414062,2026-09-18 23:53:39.265099
SPY260921C00792000,2026-09-16 20:10:26+00:00,792.0,0.01,0.0,0.01,0.0,0.0,470.0,485.0,0.13672738281250002,False,REGULAR,USD,2026-09-21,761.6900024414062,2026-09-18 23:53:39.265099
SPY260921C00793000,2026-09-16 19:16:52+00:00,793.0,0.01,0.0,0.01,0.0,0.0,34.0,26.0,0.14063359375,False,REGULAR,USD,2026-09-21,761.6900024414062,2026-09-18 23:53:39.265099
SPY260921C00794000,2026-09-17 18:30:44+00:00,794.0,0.01,0.0,0.01,0.0,0.0,10.0,530.0,0.1445398046875,False,REGULAR,USD,2026-09-21,761.6900024414062,2026-09-18 23:53:39.265099
SPY260921C00795000,2026-09-16 19:24:49+00:00,795.0,0.02,0.0,0.01,0.0,0.0,52.0,543.0,0.148446015625,False,REGULAR,USD,2026-09-21,761.6900024414062,2026-09-18 23:53:39.265099
SPY260921C00797000,2026-09-16 17:58:58+00:00,797.0,0.02,0.0,0.01,0.0,0.0,10.0,170.0,0.1562584375,False,REGULAR,USD,2026-09-21,761.6900024414062,2026-09-18 23:53:39.265099
SPY260921C00798000,2026-09-14 15:32:29+00:00,798.0,0.02,0.0,0.01,0.0,0.0,1.0,115.0,0.1601646484375,False,REGULAR,USD,2026-09-21,761.6900024414062,2026-09-18 23:53:39.265099
SPY260921C00800000,2026-09-17 14:47:54+00:00,800.0,0.01,0.0,0.01,0.0,0.0,135.0,935.0,0.16797707031250003,False,REGULAR,USD,2026-09-21,761.6900024414062,2026-09-18 23:53:39.265099
SPY260921C00801000,2026-09-17 19:25:22+00:00,801.0,0.01,0.0,0.01,0.0,0.0,218.0,242.0,0.17188328125000002,False,REGULAR,USD,2026-09-21,761.6900024414062,2026-09-18 23:53:39.265099
SPY260921C00806000,2026-09-17 13:34:27+00:00,806.0,0.01,0.0,0.01,0.0,0.0,480.0,483.0,0.18946123046875002,False,REGULAR,USD,2026-09-21,761.6900024414062,2026-09-18 23:53:39.265099
SPY260921C00808000,2026-09-14 19:47:30+00:00,808.0,0.01,0.0,0.01,0.0,0.0,2.0,114.0,0.195320546875,False,REGULAR,USD,2026-09-21,761.6900024414062,2026-09-18 23:53:39.265099
SPY260921C00809000,2026-09-16 19:06:54+00:00,809.0,0.01,0.0,0.01,0.0,0.0,30.0,323.0,0.1992267578125,False,REGULAR,USD,2026-09-21,761.6900024414062,2026-09-18 23:53:39.265099
SPY260921C00810000,2026-09-16 18:56:50+00:00,810.0,0.01,0.0,0.01,0.0,0.0,10.0,1156.0,0.20313296874999998,False,REGULAR,USD,2026-09-21,761.6900024414062,2026-09-18 23:53:39.265099
SPY260921C00815000,2026-09-16 18:55:34+00:00,815.0,0.01,0.0,0.01,0.0,0.0,30.0,47.0,0.22266402343749997,False,REGULAR,USD,2026-09-21,761.6900024414062,2026-09-18 23:53:39.265099
SPY260921C00830000,2026-09-16 18:16:48+00:00,830.0,0.01,0.0,0.01,0.0,0.0,46.0,20.0,0.27735097656249996,False,REGULAR,USD,2026-09-21,761.6900024414062,2026-09-18 23:53:39.265099
SPY260921C00835000,2026-09-16 17:58:40+00:00,835.0,0.01,0.0,0.01,0.0,0.0,66.0,21.0,0.2929758203124999,False,REGULAR,USD,2026-09-21,761.6900024414062,2026-09-18 23:53:39.265099
SPY260921C00845000,2026-09-11 19:29:20+00:00,845.0,0.01,,0.01,0.0,0.0,,87.0,0.32813171874999997,False,REGULAR,USD,2026-09-21,761.6900024414062,2026-09-18 23:53:39.265099
SPY260921C00865000,2026-09-10 18:47:39+00:00,865.0,0.01,,0.01,0.0,0.0,,100.0,0.398443515625,False,REGULAR,USD,2026-09-21,761.6900024414062,2026-09-18 23:53:39.265099
SPY260921C00870000,2026-09-10 18:46:57+00:00,870.0,0.01,,0.01,0.0,0.0,,902.0,0.414068359375,False,REGULAR,USD,2026-09-21,761.6900024414062,2026-09-18 23:53:39.265099
SPY260921C00875000,2026-09-10 13:45:22+00:00,875.0,0.01,,0.01,0.0,0.0,,374.0,0.42969320312500003,False,REGULAR,USD,2026-09-21,761.6900024414062,2026-09-18 23:53:39.265099
SPY260921C00880000,2026-09-10 13:48:21+00:00,880.0,0.01,,0.01,0.0,0.0,,32.0,0.445318046875,False,REGULAR,USD,2026-09-21,761.6900024414062,2026-09-18 23:53:39.265099
SPY260922C00700000,2026-09-18 19:12:22+00:00,700.0,61.48,61.19,64.33,-1.0800018,-1.7263457,334.0,1.0,0.5864299169921875,True,REGULAR,USD,2026-09-22,761.6900024414062,2026-09-18 23:53:39.265099
SPY260922C00705000,2026-09-18 19:09:54+00:00,705.0,56.36,56.2,58.42,-1.5,-2.5924644,214.0,0.0,0.4903615417480469,True,REGULAR,USD,2026-09-22,761.6900024414062,2026-09-18 23:53:39.265099
SPY260922C00710000,2026-09-18 19:33:12+00:00,710.0,50.89,51.21,53.43,-1.6500015,-3.1404672,109.0,0.0,0.45703667968750006,True,REGULAR,USD,2026-09-22,761.6900024414062,2026-09-18 23:53:39.265099
SPY260922C00715000,2026-09-18 19:30:32+00:00,715.0,46.0,46.21,48.43,-1.5400009,-3.2393792,84.0,2.0,0.42273526489257807,True,REGULAR,USD,2026-09-22,761.6900024414062,2026-09-18 23:53:39.265099
SPY260922C00718000,2026-09-18 19:39:52+00:00,718.0,43.38,43.22,45.44,-1.4399986,-3.2128484,246.0,0.0,0.40259386474609377,True,REGULAR,USD,2026-09-22,761.6900024414062,2026-09-18 23:53:39.265099
SPY260922C00720000,2026-09-18 17:33:17+00:00,720.0,39.47,42.97,43.08,-3.0699997,-7.2167363,14.0,0.0,0.36511865356445317,True,REGULAR,USD,2026-09-22,761.6900024414062,2026-09-18 23:53:39.265099
SPY260922C00722000,2026-09-10 18:10:07+00:00,722.0,37.09,40.98,41.08,0.0,0.0,,0.0,0.35169105346679685,True,REGULAR,USD,2026-09-22,761.6900024414062,2026-09-18 23:53:39.265099
SPY260922C00724000,2026-09-18 16:30:51+00:00,724.0,35.08,38.98,39.09,-3.619999,-9.354002,4.0,0.0,0.33875172973632806,True,REGULAR,USD,2026-09-22,761.6900024414062,2026-09-18 23:53:39.265099
SPY260922C00725000,2026-09-18 18:22:45+00:00,725.0,35.65,37.98,38.09,-1.8599968,-4.958669,22.0,0.0,0.3320379296875,True,REGULAR,USD,2026-09-22,761.6900024414062,2026-09-18 23:53:39.265099
SPY260922C00726000,2026-09-14 15:45:25+00:00,726.0,36.39,36.98,37.09,0.0,0.0,2.0,0.0,0.32520206054687495,True,REGULAR,USD,2026-09-22,761.6900024414062,2026-09-18 23:53:39.265099
SPY260922C00729000,2026-09-18 20:10:22+00:00,729.0,34.0,33.99,34.1,5.3600006,18.715086,55.0,2.0,0.3051827294921875,True,REGULAR,USD,2026-09-22,761.6900024414062,2026-09-18 23:53:39.265099
SPY260922C00730000,2026-09-18 19:59:24+00:00,730.0,31.86,32.99,33.1,-0.65999985,-2.0295198,198.0,0.0,0.29822479125976553,True,REGULAR,USD,2026-09-22,761.6900024414062,2026-09-18 23:53:39.265099
SPY260922C00735000,2026-09-18 18:04:41+00:00,735.0,25.11,28.01,28.11,-2.8099995,-10.064467,31.0,1.0,0.26380130737304686,True,REGULAR,USD,2026-09-22,761.6900024414062,2026-09-18 23:53:39.265099
SPY260922C00740000,2026-09-18 18:02:29+00:00,740.0,20.18,23.05,23.15,-2.2799988,-10.151375,281.0,1.0,0.2298660998535156,True,REGULAR,USD,2026-09-22,761.6900024414062,2026-09-18 23:53:39.265099
SPY260922C00744000,2026-09-18 18:13:54+00:00,744.0,16.21,19.11,19.2,-2.4400005,-13.083114,98.0,0.0,0.2024005541992187,True,REGULAR,USD,2026-09-22,761.6900024414062,2026-09-18 23:53:39.265099
SPY260922C00745000,2026-09-18 18:13:16+00:00,745.0,15.2,18.13,18.22,-2.1400003,-12.341409,195.0,0.0,0.19568675415039063,True,REGULAR,USD,2026-09-22,761.6900024414062,2026-09-18 23:53:39.265099
SPY260922C00748000,2026-09-18 18:07:56+00:00,748.0,12.4,15.21,15.3,-1.6400003,-11.680914,74.0,0.0,0.1756063885498047,True,REGULAR,USD,2026-09-22,761.6900024414062,2026-09-18 23:53:39.265099
SPY260922C00750000,2026-09-18 19:56:06+00:00,750.0,12.24,13.29,13.37,-0.5600004,-4.3750033,1669.0,7.0,0.16211775390625,True,REGULAR,USD,2026-09-22,761.6900024414062,2026-09-18 23:53:39.265099
SPY260922C00751000,2026-09-18 19:41:36+00:00,751.0,10.75,12.34,12.42,-0.53999996,-4.7829933,60.0,0.0,0.15570912658691405,True,REGULAR,USD,2026-09-22,761.6900024414062,2026-09-18 23:53:39.265099
SPY260922C00753000,2026-09-18 20:14:02+00:00,753.0,10.55,10.47,10.54,0.2300005,2.228687,105.0,207.0,0.1427698028564453,True,REGULAR,USD,2026-09-22,761.6900024414062,2026-09-18 23:53:39.265099
SPY260922C00754000,2026-09-18 20:01:31+00:00,754.0,8.93,9.55,9.62,-0.17000008,-1.8681326,114.0,286.0,0.13654427917480472,True,REGULAR,USD,2026-09-22,761.6900024414062,2026-09-18 23:53:39.265099
SPY260922C00755000,2026-09-18 20:11:06+00:00,755.0,8.76,8.65,8.71,0.9100003,11.5923605,502.0,1271.0,0.1302577209472656,True,REGULAR,USD,2026-09-22,761.6900024414062,2026-09-18 23:53:39.265099
SPY260922C00756000,2026-09-18 20:12:45+00:00,756.0,7.96,7.77,7.83,0.3000002,3.9164517,417.0,290.0,0.1245204736328125,True,REGULAR,USD,2026-09-22,761.6900024414062,2026-09-18 23:53:39.265099
SPY260922C00757000,2026-09-18 20:03:35+00:00,757.0,6.67,6.91,6.96,0.28999996,4.545454,740.0,474.0,0.11860012268066406,True,REGULAR,USD,2026-09-22,761.6900024414062,2026-09-18 23:53:39.265099
SPY260922C00758000,2026-09-18 20:02:27+00:00,758.0,5.87,6.08,6.12,0.17000008,2.9824576,2086.0,502.0,0.11292390991210938,True,REGULAR,USD,2026-09-22,761.6900024414062,2026-09-18 23:53:39.265099
SPY260922C00759000,2026-09-18 20:14:56+00:00,759.0,5.31,5.28,5.32,0.38999987,7.926826,8724.0,527.0,0.1077359735107422,True,REGULAR,USD,2026-09-22,761.6900024414062,2026-09-18 23:53:39.265099
SPY260922C00760000,2026-09-18 20:14:49+00:00,760.0,4.58,4.52,4.55,0.23000002,5.287357,8447.0,860.0,0.10254803710937499,True,REGULAR,USD,2026-09-22,761.6900024414062,2026-09-18 23:53:39.265099
SPY260922C00761000,2026-09-18 20:14:58+00:00,761.0,3.79,3.81,3.83,0.21000004,5.865923,7258.0,1188.0,0.09772630798339844,True,REGULAR,USD,2026-09-22,761.6900024414062,2026-09-18 23:53:39.265099
SPY260922C00762000,2026-09-18 20:14:58+00:00,762.0,3.15,3.15,3.17,0.09000015,2.9411814,8443.0,1127.0,0.09339285522460938,False,REGULAR,USD,2026-09-22,761.6900024414062,2026-09-18 23:53:39.265099
SPY260922C00763000,2026-09-18 20:14:58+00:00,763.0,2.55,2.55,2.57,0.0,0.0,7369.0,1030.0,0.0893645751953125,False,REGULAR,USD,2026-09-22,761.6900024414062,2026-09-18 23:53:39.265099
SPY260922C00764000,2026-09-18 20:14:12+00:00,764.0,2.05,2.02,2.04,-0.03999996,-1.9138739,4612.0,1351.0,0.08582457153320314,False,REGULAR,USD,2026-09-22,761.6900024414062,2026-09-18 23:53:39.265099
SPY260922C00765000,2026-09-18 20:14:58+00:00,765.0,1.56,1.56,1.58,-0.120000005,-7.1428576,8865.0,1625.0,0.08258974060058595,False,REGULAR,USD,2026-09-22,761.6900024414062,2026-09-18 23:53:39.265099
SPY260922C00766000,2026-09-18 20:14:58+00:00,766.0,1.19,1.18,1.2,-0.15999997,-11.851849,4265.0,1266.0,0.07996525512695313,False,REGULAR,USD,2026-09-22,761.6900024414062,2026-09-18 23:53:39.265099
SPY260922C00767000,2026-09-18 20:14:52+00:00,767.0,0.89,0.86,0.88,-0.16999996,-16.037733,2752.0,900.0,0.07727973510742189,False,REGULAR,USD,2026-09-22,761.6900024414062,2026-09-18 23:53:39.265099
SPY260922C00768000,2026-09-18 20:14:55+00:00,768.0,0.63,0.62,0.64,-0.19,-23.170732,3164.0,1070.0,0.07557076782226566,False,REGULAR,USD,2026-09-22,761.6900024414062,2026-09-18 23:53:39.265099
SPY260922C00769000,2026-09-18 20:14:59+00:00,769.0,0.45,0.43,0.45,-0.16000003,-26.229511,2413.0,677.0,0.07386180053710939,False,REGULAR,USD,2026-09-22,761.6900024414062,2026-09-18 23:53:39.265099
SPY260922C00770000,2026-09-18 20:14:59+00:00,770.0,0.3,0.3,0.31,-0.14999998,-33.33333,7594.0,1672.0,0.07251904052734376,False,REGULAR,USD,2026-09-22,761.6900024414062,2026-09-18 23:53:39.265099
SPY260922C00771000,2026-09-18 20:14:59+00:00,771.0,0.2,0.2,0.21,-0.14,-41.17647,1432.0,567.0,0.07154248779296876,False,REGULAR,USD,2026-09-22,761.6900024414062,2026-09-18 23:53:39.265099
SPY260922C00772000,2026-09-18 20:14:59+00:00,772.0,0.14,0.13,0.14,-0.11,-44.0,4256.0,3326.0,0.07081007324218751,False,REGULAR,USD,2026-09-22,761.6900024414062,2026-09-18 23:53:39.265099
SPY260922C00773000,2026-09-18 20:14:41+00:00,773.0,0.09,0.09,0.1,-0.09,-49.999996,1297.0,1909.0,0.071298349609375,False,REGULAR,USD,2026-09-22,761.6900024414062,2026-09-18 23:53:39.265099
SPY260922C00774000,2026-09-18 20:14:36+00:00,774.0,0.06,0.06,0.07,-0.06,-50.0,888.0,878.0,0.0717866259765625,False,REGULAR,USD,2026-09-22,761.6900024414062,2026-09-18 23:53:39.265099
SPY260922C00775000,2026-09-18 20:14:57+00:00,775.0,0.05,0.04,0.05,-0.05,-50.0,2104.0,1346.0,0.0727631787109375,False,REGULAR,USD,2026-09-22,761.6900024414062,2026-09-18 23:53:39.265099
SPY260922C00776000,2026-09-18 20:13:07+00:00,776.0,0.03,0.02,0.03,-0.03,-50.0,881.0,2068.0,0.0717866259765625,False,REGULAR,USD,2026-09-22,761.6900024414062,2026-09-18 23:53:39.265099
SPY260922C00777000,2026-09-18 20:14:52+00:00,777.0,0.01,0.02,0.03,-0.049999997,-83.333336,2088.0,1822.0,0.07618111328125002,False,REGULAR,USD,2026-09-22,761.6900024414062,2026-09-18 23:53:39.265099
SPY260922C00778000,2026-09-18 20:14:28+00:00,778.0,0.02,0.01,0.02,-0.02,-50.0,2527.0,875.0,0.07618111328125002,False,REGULAR,USD,2026-09-22,761.6900024414062,2026-09-18 23:53:39.265099
SPY260922C00779000,2026-09-18 20:14:31+00:00,779.0,0.02,0.01,0.02,-0.02,-50.0,101.0,1230.0,0.08008732421875,False,REGULAR,USD,2026-09-22,761.6900024414062,2026-09-18 23:53:39.265099
SPY260922C00780000,2026-09-18 20:12:48+00:00,780.0,0.01,0.0,0.01,-0.02,-66.66667,2511.0,1031.0,0.07813421875000001,False,REGULAR,USD,2026-09-22,761.6900024414062,2026-09-18 23:53:39.265099
SPY260922C00781000,2026-09-18 19:38:08+00:00,781.0,0.01,0.0,0.01,-0.03,-75.0,4404.0,307.0,0.08204042968750001,False,REGULAR,USD,2026-09-22,761.6900024414062,2026-09-18 23:53:39.265099
SPY260922C00782000,2026-09-18 19:02:41+00:00,782.0,0.01,0.0,0.01,-0.03,-75.0,1200.0,601.0,0.08594664062500001,False,REGULAR,USD,2026-09-22,761.6900024414062,2026-09-18 23:53:39.265099
SPY260922C00783000,2026-09-18 16:37:46+00:00,783.0,0.01,0.0,0.01,-0.02,-66.66667,4326.0,269.0,0.088876298828125,False,REGULAR,USD,2026-09-22,761.6900024414062,2026-09-18 23:53:39.265099
SPY260922C00784000,2026-09-18 19:24:39+00:00,784.0,0.01,0.0,0.01,-0.02,-66.66667,2513.0,446.0,0.09180595703125,False,REGULAR,USD,2026-09-22,761.6900024414062,2026-09-18 23:53:39.265099
SPY260922C00785000,2026-09-18 18:43:12+00:00,785.0,0.01,0.0,0.01,-0.01,-50.0,1444.0,949.0,0.09571216796875001,False,REGULAR,USD,2026-09-22,761.6900024414062,2026-09-18 23:53:39.265099
SPY260922C00786000,2026-09-18 14:06:26+00:00,786.0,0.01,0.0,0.01,-0.01,-50.0,1040.0,1132.0,0.09961837890625,False,REGULAR,USD,2026-09-22,761.6900024414062,2026-09-18 23:53:39.265099
SPY260922C00787000,2026-09-18 14:06:19+00:00,787.0,0.01,0.0,0.01,-0.01,-50.0,1322.0,1584.0,0.10352458984374999,False,REGULAR,USD,2026-09-22,761.6900024414062,2026-09-18 23:53:39.265099
SPY260922C00788000,2026-09-18 14:03:07+00:00,788.0,0.01,0.0,0.01,-0.01,-50.0,1221.0,11577.0,0.10743080078125,False,REGULAR,USD,2026-09-22,761.6900024414062,2026-09-18 23:53:39.265099
SPY260922C00789000,2026-09-18 13:59:41+00:00,789.0,0.01,0.0,0.01,-0.01,-50.0,1540.0,13215.0,0.11133701171874999,False,REGULAR,USD,2026-09-22,761.6900024414062,2026-09-18 23:53:39.265099
SPY260922C00790000,2026-09-18 19:51:56+00:00,790.0,0.01,0.0,0.01,-0.01,-50.0,1048.0,821.0,0.1132901171875,False,REGULAR,USD,2026-09-22,761.6900024414062,2026-09-18 23:53:39.265099
SPY260922C00791000,2026-09-18 13:40:33+00:00,791.0,0.01,0.0,0.01,0.0,0.0,120.0,74.0,0.117196328125,False,REGULAR,USD,2026-09-22,761.6900024414062,2026-09-18 23:53:39.265099
SPY260922C00792000,2026-09-18 13:40:25+00:00,792.0,0.01,0.0,0.01,-0.01,-50.0,40.0,197.0,0.1211025390625,False,REGULAR,USD,2026-09-22,761.6900024414062,2026-09-18 23:53:39.265099
SPY260922C00793000,2026-09-17 18:35:57+00:00,793.0,0.02,0.0,0.01,0.0,0.0,14.0,413.0,0.12500875,False,REGULAR,USD,2026-09-22,761.6900024414062,2026-09-18 23:53:39.265099
SPY260922C00794000,2026-09-17 15:41:37+00:00,794.0,0.01,0.0,0.01,0.0,0.0,15.0,247.0,0.1289149609375,False,REGULAR,USD,2026-09-22,761.6900024414062,2026-09-18 23:53:39.265099
SPY260922C00795000,2026-09-17 16:04:00+00:00,795.0,0.01,0.0,0.01,0.0,0.0,12.0,190.0,0.132821171875,False,REGULAR,USD,2026-09-22,761.6900024414062,2026-09-18 23:53:39.265099
SPY260922C00796000,2026-09-17 15:16:26+00:00,796.0,0.02,0.0,0.01,0.0,0.0,20.0,127.0,0.13477427734375003,False,REGULAR,USD,2026-09-22,761.6900024414062,2026-09-18 23:53:39.265099
SPY260922C00797000,2026-09-18 13:34:07+00:00,797.0,0.01,0.0,0.01,-0.01,-50.0,240.0,75.0,0.13868048828125001,False,REGULAR,USD,2026-09-22,761.6900024414062,2026-09-18 23:53:39.265099
SPY260922C00800000,2026-09-17 14:58:11+00:00,800.0,0.02,0.0,0.01,0.0,0.0,1.0,760.0,0.148446015625,False,REGULAR,USD,2026-09-22,761.6900024414062,2026-09-18 23:53:39.265099
SPY260922C00801000,2026-09-17 13:32:14+00:00,801.0,0.02,0.0,0.01,0.0,0.0,1.0,133.0,0.15235222656250003,False,REGULAR,USD,2026-09-22,761.6900024414062,2026-09-18 23:53:39.265099
SPY260922C00803000,2026-09-16 19:11:40+00:00,803.0,0.01,0.0,0.01,0.0,0.0,2951.0,2891.0,0.1601646484375,False,REGULAR,USD,2026-09-22,761.6900024414062,2026-09-18 23:53:39.265099
SPY260922C00804000,2026-09-16 14:49:28+00:00,804.0,0.02,0.0,0.01,0.0,0.0,3062.0,3086.0,0.16407085937500002,False,REGULAR,USD,2026-09-22,761.6900024414062,2026-09-18 23:53:39.265099
SPY260922C00805000,2026-09-18 13:45:54+00:00,805.0,0.01,0.0,0.01,-0.01,-50.0,40.0,191.0,0.16602396484375004,False,REGULAR,USD,2026-09-22,761.6900024414062,2026-09-18 23:53:39.265099
SPY260922C00806000,2026-09-11 15:52:39+00:00,806.0,0.04,0.0,0.01,0.0,0.0,,1.0,0.16797707031250003,False,REGULAR,USD,2026-09-22,761.6900024414062,2026-09-18 23:53:39.265099
SPY260922C00810000,2026-09-17 19:53:49+00:00,810.0,0.01,0.0,0.01,0.0,0.0,19.0,162.0,0.18360191406249998,False,REGULAR,USD,2026-09-22,761.6900024414062,2026-09-18 23:53:39.265099
SPY260922C00815000,2026-09-17 18:57:49+00:00,815.0,0.01,0.0,0.01,0.0,0.0,452.0,502.0,0.1992267578125,False,REGULAR,USD,2026-09-22,761.6900024414062,2026-09-18 23:53:39.265099
SPY260922C00830000,2026-09-10 13:56:55+00:00,830.0,0.02,0.0,0.01,0.0,0.0,,3.0,0.2461012890625,False,REGULAR,USD,2026-09-22,761.6900024414062,2026-09-18 23:53:39.265099
SPY260922C00835000,2026-09-16 14:54:50+00:00,835.0,0.01,0.0,0.01,0.0,0.0,110.0,163.0,0.2617261328125,False,REGULAR,USD,2026-09-22,761.6900024414062,2026-09-18 23:53:39.265099
SPY260922C00840000,2026-09-11 19:51:19+00:00,840.0,0.01,0.0,0.01,0.0,0.0,,1.0,0.27735097656249996,False,REGULAR,USD,2026-09-22,761.6900024414062,2026-09-18 23:53:39.265099
SPY260922C00865000,2026-09-10 18:48:19+00:00,865.0,0.02,,0.01,0.0,0.0,,200.0,0.35156898437499995,False,REGULAR,USD,2026-09-22,761.6900024414062,2026-09-18 23:53:39.265099
SPY260922C00870000,2026-09-10 14:21:52+00:00,870.0,0.01,,0.01,0.0,0.0,,600.0,0.367193828125,False,REGULAR,USD,2026-09-22,761.6900024414062,2026-09-18 23:53:39.265099
SPY260922C00875000,2026-09-10 13:31:16+00:00,875.0,0.01,,0.01,0.0,0.0,,408.0,0.38281867187499996,False,REGULAR,USD,2026-09-22,761.6900024414062,2026-09-18 23:53:39.265099
SPY260923C00685000,2026-09-10 18:10:08+00:00,685.0,73.4,76.17,79.98,0.0,0.0,,0.0,0.5422409057617189,True,REGULAR,USD,2026-09-23,761.6900024414062,2026-09-18 23:53:39.265099
SPY260923C00690000,2026-09-17 19:55:12+00:00,690.0,72.73,71.18,74.99,0.0,0.0,20.0,0.0,0.5134326000976561,True,REGULAR,USD,2026-09-23,761.6900024414062,2026-09-18 23:53:39.265099
SPY260923C00700000,2026-09-18 19:58:58+00:00,700.0,61.8,61.2,65.0,-3.7500038,-5.720829,2.0,0.0,0.5717816259765626,True,REGULAR,USD,2026-09-23,761.6900024414062,2026-09-18 23:53:39.265099
SPY260923C00705000,2026-09-18 19:58:23+00:00,705.0,56.88,56.16,60.01,2.9700012,5.5091844,16.0,0.0,0.5377243493652344,True,REGULAR,USD,2026-09-23,761.6900024414062,2026-09-18 23:53:39.265099
SPY260923C00715000,2026-09-18 19:54:14+00:00,715.0,46.63,48.06,48.18,-1.5099983,-3.1366813,6.0,0.0,0.37036762451171873,True,REGULAR,USD,2026-09-23,761.6900024414062,2026-09-18 23:53:39.265099
SPY260923C00720000,2026-09-18 16:42:58+00:00,720.0,39.36,43.08,43.19,-3.790001,-8.783316,8.0,0.0,0.34009448974609374,True,REGULAR,USD,2026-09-23,761.6900024414062,2026-09-18 23:53:39.265099
SPY260923C00725000,2026-09-18 19:17:13+00:00,725.0,36.46,38.09,38.2,-1.6800003,-4.404825,11.0,0.0,0.3094551477050781,True,REGULAR,USD,2026-09-23,761.6900024414062,2026-09-18 23:53:39.265099
SPY260923C00730000,2026-09-18 19:10:27+00:00,730.0,31.59,33.11,33.23,-1.5499992,-4.677125,113.0,2.0,0.27930408203124996,True,REGULAR,USD,2026-09-23,761.6900024414062,2026-09-18 23:53:39.265099
SPY260923C00742000,2026-09-18 18:06:25+00:00,742.0,18.41,21.27,21.37,4.7699995,34.97067,164.0,0.0,0.2059405578613281,True,REGULAR,USD,2026-09-23,761.6900024414062,2026-09-18 23:53:39.265099
SPY260923C00743000,2026-09-18 18:35:16+00:00,743.0,18.06,20.29,20.39,3.999999,28.449495,272.0,0.0,0.19977606872558595,True,REGULAR,USD,2026-09-23,761.6900024414062,2026-09-18 23:53:39.265099
SPY260923C00744000,2026-09-18 18:09:59+00:00,744.0,16.45,19.32,19.42,-2.4399986,-12.916881,676.0,0.0,0.19391675231933597,True,REGULAR,USD,2026-09-23,761.6900024414062,2026-09-18 23:53:39.265099
SPY260923C00745000,2026-09-18 19:17:13+00:00,745.0,16.79,18.36,18.45,-0.23999977,-1.4092764,1795.0,1.0,0.18793536682128903,True,REGULAR,USD,2026-09-23,761.6900024414062,2026-09-18 23:53:39.265099
SPY260923C00746000,2026-09-18 16:51:18+00:00,746.0,14.1,17.39,17.49,-2.6099987,-15.619383,1530.0,0.0,0.18225915405273438,True,REGULAR,USD,2026-09-23,761.6900024414062,2026-09-18 23:53:39.265099
SPY260923C00747000,2026-09-18 17:01:48+00:00,747.0,13.23,16.44,16.53,3.29,33.098595,134.0,20.0,0.1763998376464844,True,REGULAR,USD,2026-09-23,761.6900024414062,2026-09-18 23:53:39.265099
SPY260923C00749000,2026-09-18 19:59:24+00:00,749.0,13.41,14.54,14.63,-0.40999985,-2.966714,72.0,10.0,0.16492534301757814,True,REGULAR,USD,2026-09-23,761.6900024414062,2026-09-18 23:53:39.265099
SPY260923C00750000,2026-09-18 20:01:37+00:00,750.0,13.08,13.6,13.69,0.14999962,1.1600899,195.0,203.0,0.15931016479492188,True,REGULAR,USD,2026-09-23,761.6900024414062,2026-09-18 23:53:39.265099
SPY260923C00753000,2026-09-18 19:55:06+00:00,753.0,10.04,10.86,10.92,-0.119999886,-1.1811012,372.0,140.0,0.14246463012695312,True,REGULAR,USD,2026-09-23,761.6900024414062,2026-09-18 23:53:39.265099
SPY260923C00754000,2026-09-18 19:20:18+00:00,754.0,8.51,9.97,10.03,-0.67999935,-7.3993406,69.0,227.0,0.1373377282714844,True,REGULAR,USD,2026-09-23,761.6900024414062,2026-09-18 23:53:39.265099
SPY260923C00755000,2026-09-18 20:06:49+00:00,755.0,8.92,9.1,9.16,0.5799999,6.9544353,516.0,263.0,0.13239393005371097,True,REGULAR,USD,2026-09-23,761.6900024414062,2026-09-18 23:53:39.265099
SPY260923C00756000,2026-09-18 20:14:46+00:00,756.0,8.33,8.25,8.3,0.26000023,3.221812,163.0,230.0,0.12732806274414063,True,REGULAR,USD,2026-09-23,761.6900024414062,2026-09-18 23:53:39.265099
SPY260923C00757000,2026-09-18 20:06:49+00:00,757.0,7.25,7.42,7.47,0.28999996,4.166666,718.0,521.0,0.12256736816406251,True,REGULAR,USD,2026-09-23,761.6900024414062,2026-09-18 23:53:39.265099
SPY260923C00758000,2026-09-18 20:08:49+00:00,758.0,6.41,6.62,6.66,0.28999996,4.7385616,633.0,645.0,0.11783719085693359,True,REGULAR,USD,2026-09-23,761.6900024414062,2026-09-18 23:53:39.265099
SPY260923C00759000,2026-09-18 20:14:04+00:00,759.0,6.02,5.85,5.89,0.42999983,7.6923046,4147.0,533.0,0.11353425537109374,True,REGULAR,USD,2026-09-23,761.6900024414062,2026-09-18 23:53:39.265099
SPY260923C00760000,2026-09-18 20:14:34+00:00,760.0,5.19,5.12,5.15,0.46000004,9.72516,11033.0,2790.0,0.10923131988525389,True,REGULAR,USD,2026-09-23,761.6900024414062,2026-09-18 23:53:39.265099
SPY260923C00761000,2026-09-18 20:10:11+00:00,761.0,4.3,4.42,4.45,-0.029999733,-0.6928345,2435.0,669.0,0.10517252258300781,True,REGULAR,USD,2026-09-23,761.6900024414062,2026-09-18 23:53:39.265099
SPY260923C00762000,2026-09-18 20:14:46+00:00,762.0,3.81,3.78,3.8,0.17999983,4.958673,6403.0,1465.0,0.10144941528320311,False,REGULAR,USD,2026-09-23,761.6900024414062,2026-09-18 23:53:39.265099
SPY260923C00763000,2026-09-18 20:14:54+00:00,763.0,3.21,3.18,3.2,0.16000009,5.2459044,3061.0,365.0,0.09790941162109376,False,REGULAR,USD,2026-09-23,761.6900024414062,2026-09-18 23:53:39.265099
SPY260923C00764000,2026-09-18 20:14:56+00:00,764.0,2.65,2.63,2.65,0.05000019,1.9230844,1650.0,502.0,0.0945525115966797,False,REGULAR,USD,2026-09-23,761.6900024414062,2026-09-18 23:53:39.265099
SPY260923C00765000,2026-09-18 20:14:39+00:00,765.0,2.2,2.14,2.17,-0.119999886,-5.172409,4764.0,1216.0,0.09180595703125,False,REGULAR,USD,2026-09-23,761.6900024414062,2026-09-18 23:53:39.265099
SPY260923C00766000,2026-09-18 20:14:53+00:00,766.0,1.75,1.72,1.74,-0.120000005,-6.4171124,1270.0,650.0,0.08899836791992188,False,REGULAR,USD,2026-09-23,761.6900024414062,2026-09-18 23:53:39.265099
SPY260923C00767000,2026-09-18 20:14:55+00:00,767.0,1.37,1.35,1.37,-0.17999995,-11.6129,1965.0,491.0,0.08649595153808595,False,REGULAR,USD,2026-09-23,761.6900024414062,2026-09-18 23:53:39.265099
SPY260923C00768000,2026-09-18 20:14:51+00:00,768.0,1.07,1.04,1.06,-0.109999895,-9.322025,2791.0,329.0,0.08429870788574222,False,REGULAR,USD,2026-09-23,761.6900024414062,2026-09-18 23:53:39.265099
SPY260923C00769000,2026-09-18 20:14:39+00:00,769.0,0.83,0.79,0.81,-0.120000005,-12.631579,1366.0,673.0,0.08252870605468751,False,REGULAR,USD,2026-09-23,761.6900024414062,2026-09-18 23:53:39.265099
SPY260923C00770000,2026-09-18 20:14:37+00:00,770.0,0.61,0.59,0.61,-0.13999999,-18.666664,3265.0,1606.0,0.081063876953125,False,REGULAR,USD,2026-09-23,761.6900024414062,2026-09-18 23:53:39.265099
SPY260923C00771000,2026-09-18 20:14:59+00:00,771.0,0.45,0.43,0.45,-0.15000004,-25.000006,1505.0,317.0,0.07972111694335937,False,REGULAR,USD,2026-09-23,761.6900024414062,2026-09-18 23:53:39.265099
SPY260923C00772000,2026-09-18 20:14:59+00:00,772.0,0.31,0.31,0.32,-0.13999999,-31.111107,2122.0,1263.0,0.07813421875000001,False,REGULAR,USD,2026-09-23,761.6900024414062,2026-09-18 23:53:39.265099
SPY260923C00773000,2026-09-18 20:14:54+00:00,773.0,0.23,0.22,0.23,-0.11,-32.35294,1432.0,711.0,0.07740180419921877,False,REGULAR,USD,2026-09-23,761.6900024414062,2026-09-18 23:53:39.265099
SPY260923C00774000,2026-09-18 20:14:45+00:00,774.0,0.16,0.15,0.16,-0.09,-36.0,1808.0,1149.0,0.07642525146484377,False,REGULAR,USD,2026-09-23,761.6900024414062,2026-09-18 23:53:39.265099
SPY260923C00775000,2026-09-18 20:14:31+00:00,775.0,0.11,0.11,0.12,-0.09,-45.0,1367.0,1882.0,0.07691352783203126,False,REGULAR,USD,2026-09-23,761.6900024414062,2026-09-18 23:53:39.265099
SPY260923C00776000,2026-09-18 20:13:05+00:00,776.0,0.08,0.07,0.08,-0.060000002,-42.857143,374.0,1396.0,0.07593697509765626,False,REGULAR,USD,2026-09-23,761.6900024414062,2026-09-18 23:53:39.265099
SPY260923C00777000,2026-09-18 20:13:18+00:00,777.0,0.06,0.05,0.06,-0.05,-45.454544,140.0,1127.0,0.07666938964843752,False,REGULAR,USD,2026-09-23,761.6900024414062,2026-09-18 23:53:39.265099
SPY260923C00778000,2026-09-18 20:14:30+00:00,778.0,0.03,0.03,0.04,-0.049999997,-62.499996,751.0,1791.0,0.07618111328125002,False,REGULAR,USD,2026-09-23,761.6900024414062,2026-09-18 23:53:39.265099
SPY260923C00779000,2026-09-18 20:14:15+00:00,779.0,0.03,0.02,0.03,-0.049999997,-62.499996,2555.0,753.0,0.07715766601562501,False,REGULAR,USD,2026-09-23,761.6900024414062,2026-09-18 23:53:39.265099
SPY260923C00780000,2026-09-18 20:13:04+00:00,780.0,0.03,0.01,0.02,-0.020000001,-40.000004,2729.0,1368.0,0.07715766601562501,False,REGULAR,USD,2026-09-23,761.6900024414062,2026-09-18 23:53:39.265099
SPY260923C00781000,2026-09-18 19:56:14+00:00,781.0,0.01,0.01,0.02,-0.04,-80.00001,178.0,333.0,0.08008732421875,False,REGULAR,USD,2026-09-23,761.6900024414062,2026-09-18 23:53:39.265099
SPY260923C00782000,2026-09-18 19:58:48+00:00,782.0,0.01,0.01,0.02,-0.02,-66.66667,119.0,1074.0,0.08399353515625002,False,REGULAR,USD,2026-09-23,761.6900024414062,2026-09-18 23:53:39.265099
SPY260923C00783000,2026-09-18 20:01:30+00:00,783.0,0.01,0.01,0.02,-0.03,-75.0,888.0,1064.0,0.08789974609375001,False,REGULAR,USD,2026-09-23,761.6900024414062,2026-09-18 23:53:39.265099
SPY260923C00784000,2026-09-18 20:02:16+00:00,784.0,0.01,0.01,0.02,-0.03,-75.0,12.0,1264.0,0.090829404296875,False,REGULAR,USD,2026-09-23,761.6900024414062,2026-09-18 23:53:39.265099
SPY260923C00785000,2026-09-18 20:00:07+00:00,785.0,0.01,0.01,0.02,-0.03,-75.0,242.0,1054.0,0.09473561523437501,False,REGULAR,USD,2026-09-23,761.6900024414062,2026-09-18 23:53:39.265099
SPY260923C00786000,2026-09-18 20:07:25+00:00,786.0,0.01,0.01,0.02,-0.02,-66.66667,6.0,57.0,0.098641826171875,False,REGULAR,USD,2026-09-23,761.6900024414062,2026-09-18 23:53:39.265099
SPY260923C00787000,2026-09-18 19:38:51+00:00,787.0,0.01,0.01,0.02,-0.02,-66.66667,22.0,122.0,0.10157148437499999,False,REGULAR,USD,2026-09-23,761.6900024414062,2026-09-18 23:53:39.265099
SPY260923C00788000,2026-09-18 19:35:24+00:00,788.0,0.01,0.0,0.01,-0.02,-66.66667,105.0,333.0,0.0976652734375,False,REGULAR,USD,2026-09-23,761.6900024414062,2026-09-18 23:53:39.265099
SPY260923C00789000,2026-09-17 16:19:55+00:00,789.0,0.03,0.0,0.01,0.0,0.0,1.0,241.0,0.10157148437499999,False,REGULAR,USD,2026-09-23,761.6900024414062,2026-09-18 23:53:39.265099
SPY260923C00790000,2026-09-18 19:47:49+00:00,790.0,0.01,0.0,0.01,0.0,0.0,10.0,483.0,0.10352458984374999,False,REGULAR,USD,2026-09-23,761.6900024414062,2026-09-18 23:53:39.265099
SPY260923C00791000,2026-09-18 19:50:38+00:00,791.0,0.01,0.0,0.01,-0.02,-66.66667,456.0,57.0,0.10743080078125,False,REGULAR,USD,2026-09-23,761.6900024414062,2026-09-18 23:53:39.265099
SPY260923C00792000,2026-09-18 18:24:09+00:00,792.0,0.01,0.0,0.01,-0.02,-66.66667,528.0,35.0,0.11133701171874999,False,REGULAR,USD,2026-09-23,761.6900024414062,2026-09-18 23:53:39.265099
SPY260923C00793000,2026-09-18 18:02:54+00:00,793.0,0.01,0.0,0.01,-0.01,-50.0,35.0,387.0,0.1132901171875,False,REGULAR,USD,2026-09-23,761.6900024414062,2026-09-18 23:53:39.265099
SPY260923C00794000,2026-09-18 18:10:57+00:00,794.0,0.01,0.0,0.01,-0.01,-50.0,475.0,252.0,0.117196328125,False,REGULAR,USD,2026-09-23,761.6900024414062,2026-09-18 23:53:39.265099
SPY260923C00795000,2026-09-18 18:07:12+00:00,795.0,0.01,0.0,0.01,-0.02,-66.66667,9.0,48.0,0.1211025390625,False,REGULAR,USD,2026-09-23,761.6900024414062,2026-09-18 23:53:39.265099
SPY260923C00796000,2026-09-18 15:11:12+00:00,796.0,0.01,0.0,0.01,-0.02,-66.66667,5.0,44.0,0.12305564453125001,False,REGULAR,USD,2026-09-23,761.6900024414062,2026-09-18 23:53:39.265099
SPY260923C00797000,2026-09-18 15:10:41+00:00,797.0,0.01,0.0,0.01,-0.01,-50.0,10.0,64.0,0.12696185546875,False,REGULAR,USD,2026-09-23,761.6900024414062,2026-09-18 23:53:39.265099
SPY260923C00798000,2026-09-18 14:01:39+00:00,798.0,0.01,0.0,0.01,-0.01,-50.0,240.0,348.0,0.1289149609375,False,REGULAR,USD,2026-09-23,761.6900024414062,2026-09-18 23:53:39.265099
SPY260923C00800000,2026-09-17 16:18:55+00:00,800.0,0.03,0.0,0.01,0.0,0.0,19.0,46.0,0.13672738281250002,False,REGULAR,USD,2026-09-23,761.6900024414062,2026-09-18 23:53:39.265099
SPY260923C00801000,2026-09-17 15:29:32+00:00,801.0,0.02,0.0,0.01,0.0,0.0,10.0,25.0,0.13868048828125001,False,REGULAR,USD,2026-09-23,761.6900024414062,2026-09-18 23:53:39.265099
SPY260923C00803000,2026-09-18 13:38:26+00:00,803.0,0.01,0.0,0.01,-0.01,-50.0,204.0,44.0,0.1445398046875,False,REGULAR,USD,2026-09-23,761.6900024414062,2026-09-18 23:53:39.265099
SPY260923C00806000,2026-09-18 13:33:49+00:00,806.0,0.01,0.0,0.01,-0.03,-75.0,202.0,24.0,0.15430533203125002,False,REGULAR,USD,2026-09-23,761.6900024414062,2026-09-18 23:53:39.265099
SPY260923C00807000,2026-09-17 19:59:31+00:00,807.0,0.01,0.0,0.01,0.0,0.0,10.0,5378.0,0.15821154296875,False,REGULAR,USD,2026-09-23,761.6900024414062,2026-09-18 23:53:39.265099
SPY260923C00810000,2026-09-15 15:18:03+00:00,810.0,0.01,0.0,0.01,0.0,0.0,1.0,24.0,0.16797707031250003,False,REGULAR,USD,2026-09-23,761.6900024414062,2026-09-18 23:53:39.265099
SPY260923C00820000,2026-09-17 18:24:26+00:00,820.0,0.02,0.0,0.01,0.0,0.0,8.0,9.0,0.195320546875,False,REGULAR,USD,2026-09-23,761.6900024414062,2026-09-18 23:53:39.265099
SPY260923C00840000,2026-09-16 13:43:25+00:00,840.0,0.01,0.0,0.01,0.0,0.0,1.0,43.0,0.25391371093750004,False,REGULAR,USD,2026-09-23,761.6900024414062,2026-09-18 23:53:39.265099
SPY260923C00870000,2026-09-10 18:46:16+00:00,870.0,0.01,,0.01,0.0,0.0,,429.0,0.335944140625,False,REGULAR,USD,2026-09-23,761.6900024414062,2026-09-18 23:53:39.265099
SPY260923C00885000,2026-09-10 13:37:44+00:00,885.0,0.01,,0.01,0.0,0.0,,1.0,0.37500625,False,REGULAR,USD,2026-09-23,761.6900024414062,2026-09-18 23:53:39.265099
SPY260923C00950000,2026-09-11 14:06:44+00:00,950.0,0.01,,0.01,0.0,0.0,,1.0,0.5312546875,False,REGULAR,USD,2026-09-23,761.6900024414062,2026-09-18 23:53:39.265099
SPY260924C00685000,2026-09-11 13:45:54+00:00,685.0,80.63,76.19,79.13,0.0,0.0,,0.0,0.5749554223632812,True,REGULAR,USD,2026-09-24,761.6900024414062,2026-09-18 23:53:39.265099
SPY260924C00695000,2026-09-18 17:00:16+00:00,695.0,65.3,66.21,70.07,-2.0899963,-3.1013448,2.0,0.0,0.564579549560547,True,REGULAR,USD,2026-09-24,761.6900024414062,2026-09-18 23:53:39.265099
SPY260924C00700000,2026-09-18 16:58:44+00:00,700.0,60.34,61.22,65.08,-2.1500015,-3.440553,8.0,0.0,0.53320779296875,True,REGULAR,USD,2026-09-24,761.6900024414062,2026-09-18 23:53:39.265099
SPY260924C00720000,2026-09-18 19:13:30+00:00,720.0,41.66,41.43,43.73,-0.8199997,-1.9303194,42.0,0.0,0.343207251586914,True,REGULAR,USD,2026-09-24,761.6900024414062,2026-09-18 23:53:39.265099
SPY260924C00746000,2026-09-18 19:07:26+00:00,746.0,16.08,16.16,18.18,-1.6499996,-9.306259,68.0,23.0,0.1922077850341797,True,REGULAR,USD,2026-09-24,761.6900024414062,2026-09-18 23:53:39.265099
SPY260924C00749000,2026-09-18 20:02:01+00:00,749.0,14.48,14.18,16.0,1.8799992,14.920628,28.0,9.0,0.1947102014160156,True,REGULAR,USD,2026-09-24,761.6900024414062,2026-09-18 23:53:39.265099
SPY260924C00750000,2026-09-18 20:00:28+00:00,750.0,12.92,13.28,14.41,0.03999996,0.3105587,161.0,174.0,0.1695639685058594,True,REGULAR,USD,2026-09-24,761.6900024414062,2026-09-18 23:53:39.265099
SPY260924C00751000,2026-09-18 19:56:30+00:00,751.0,12.0,12.68,13.53,0.90999985,8.205589,68.0,764.0,0.16529155029296877,True,REGULAR,USD,2026-09-24,761.6900024414062,2026-09-18 23:53:39.265099
SPY260924C00752000,2026-09-18 20:06:22+00:00,752.0,11.96,11.86,12.61,0.4499998,3.909642,215.0,114.0,0.15961533752441404,True,REGULAR,USD,2026-09-24,761.6900024414062,2026-09-18 23:53:39.265099
SPY260924C00753000,2026-09-18 19:31:16+00:00,753.0,9.52,10.92,11.72,-1.0599995,-10.018899,190.0,73.0,0.15454947021484378,True,REGULAR,USD,2026-09-24,761.6900024414062,2026-09-18 23:53:39.265099
SPY260924C00754000,2026-09-18 19:43:53+00:00,754.0,9.15,10.08,10.8,-0.6000004,-6.15385,548.0,100.0,0.14835446380615236,True,REGULAR,USD,2026-09-24,761.6900024414062,2026-09-18 23:53:39.265099
SPY260924C00755000,2026-09-18 19:59:00+00:00,755.0,8.46,9.3,10.0,-0.8100004,-8.737868,722.0,385.0,0.14505859832763673,True,REGULAR,USD,2026-09-24,761.6900024414062,2026-09-18 23:53:39.265099
SPY260924C00756000,2026-09-18 20:11:29+00:00,756.0,8.89,8.54,9.16,0.5500002,6.5947266,639.0,135.0,0.14026738647460937,True,REGULAR,USD,2026-09-24,761.6900024414062,2026-09-18 23:53:39.265099
SPY260924C00757000,2026-09-18 19:52:10+00:00,757.0,6.99,7.8,8.34,-0.7000003,-9.102735,259.0,239.0,0.13562876098632815,True,REGULAR,USD,2026-09-24,761.6900024414062,2026-09-18 23:53:39.265099
SPY260924C00758000,2026-09-18 20:05:38+00:00,758.0,6.8,7.06,7.55,-0.03999996,-0.58479476,691.0,674.0,0.13123427368164062,True,REGULAR,USD,2026-09-24,761.6900024414062,2026-09-18 23:53:39.265099
SPY260924C00759000,2026-09-18 20:08:45+00:00,759.0,6.11,6.35,6.67,0.059999943,0.99173456,985.0,1965.0,0.12412374908447266,True,REGULAR,USD,2026-09-24,761.6900024414062,2026-09-18 23:53:39.265099
SPY260924C00760000,2026-09-18 20:14:04+00:00,760.0,5.82,5.64,5.93,0.52,9.81132,1776.0,1732.0,0.11988184814453123,True,REGULAR,USD,2026-09-24,761.6900024414062,2026-09-18 23:53:39.265099
SPY260924C00761000,2026-09-18 20:13:47+00:00,761.0,5.3,4.9,5.26,0.37000036,7.505079,1045.0,1142.0,0.11664701721191406,True,REGULAR,USD,2026-09-24,761.6900024414062,2026-09-18 23:53:39.265099
SPY260924C00762000,2026-09-18 20:14:35+00:00,762.0,4.45,4.26,4.49,0.21999979,5.2009406,1542.0,780.0,0.11029942443847655,False,REGULAR,USD,2026-09-24,761.6900024414062,2026-09-18 23:53:39.265099
SPY260924C00763000,2026-09-18 20:14:52+00:00,763.0,3.81,3.77,3.81,0.099999905,2.6954153,601.0,502.0,0.10526407440185548,False,REGULAR,USD,2026-09-24,761.6900024414062,2026-09-18 23:53:39.265099
SPY260924C00764000,2026-09-18 20:14:19+00:00,764.0,3.24,3.22,3.26,0.13000011,4.180068,787.0,341.0,0.10242596801757811,False,REGULAR,USD,2026-09-24,761.6900024414062,2026-09-18 23:53:39.265099
SPY260924C00765000,2026-09-18 20:14:09+00:00,765.0,2.71,2.71,2.75,0.049999952,1.8796974,1165.0,1807.0,0.09955734436035156,False,REGULAR,USD,2026-09-24,761.6900024414062,2026-09-18 23:53:39.265099
SPY260924C00766000,2026-09-18 20:14:32+00:00,766.0,2.29,2.25,2.29,0.029999971,1.3274324,659.0,294.0,0.09687182434082033,False,REGULAR,USD,2026-09-24,761.6900024414062,2026-09-18 23:53:39.265099
SPY260924C00767000,2026-09-18 20:14:02+00:00,767.0,1.89,1.85,1.89,-0.00999999,-0.5263153,805.0,366.0,0.09461354614257814,False,REGULAR,USD,2026-09-24,761.6900024414062,2026-09-18 23:53:39.265099
SPY260924C00768000,2026-09-18 20:14:53+00:00,768.0,1.54,1.5,1.53,-0.05000007,-3.1446586,487.0,356.0,0.0922942333984375,False,REGULAR,USD,2026-09-24,761.6900024414062,2026-09-18 23:53:39.265099
SPY260924C00769000,2026-09-18 20:14:37+00:00,769.0,1.24,1.2,1.22,-0.120000005,-8.823529,794.0,527.0,0.09009698974609376,False,REGULAR,USD,2026-09-24,761.6900024414062,2026-09-18 23:53:39.265099
SPY260924C00770000,2026-09-18 20:14:34+00:00,770.0,0.97,0.95,0.97,-0.100000024,-9.345796,1829.0,1209.0,0.08857112609863281,False,REGULAR,USD,2026-09-24,761.6900024414062,2026-09-18 23:53:39.265099
SPY260924C00771000,2026-09-18 20:14:28+00:00,771.0,0.75,0.73,0.75,-0.17000002,-18.478262,5387.0,438.0,0.08667905517578126,False,REGULAR,USD,2026-09-24,761.6900024414062,2026-09-18 23:53:39.265099
SPY260924C00772000,2026-09-18 20:14:35+00:00,772.0,0.58,0.56,0.58,-0.110000014,-15.942032,590.0,715.0,0.08545836425781252,False,REGULAR,USD,2026-09-24,761.6900024414062,2026-09-18 23:53:39.265099
SPY260924C00773000,2026-09-18 20:14:40+00:00,773.0,0.45,0.42,0.44,-0.110000014,-19.64286,908.0,1438.0,0.08423767333984378,False,REGULAR,USD,2026-09-24,761.6900024414062,2026-09-18 23:53:39.265099
SPY260924C00774000,2026-09-18 20:14:45+00:00,774.0,0.33,0.31,0.32,-0.109999985,-24.999996,469.0,493.0,0.08252870605468751,False,REGULAR,USD,2026-09-24,761.6900024414062,2026-09-18 23:53:39.265099
SPY260924C00775000,2026-09-18 20:14:27+00:00,775.0,0.24,0.23,0.25,-0.09000002,-27.272732,297.0,766.0,0.08265077514648439,False,REGULAR,USD,2026-09-24,761.6900024414062,2026-09-18 23:53:39.265099
SPY260924C00776000,2026-09-18 20:14:05+00:00,776.0,0.18,0.17,0.18,-0.09,-33.333332,185.0,625.0,0.08155215332031251,False,REGULAR,USD,2026-09-24,761.6900024414062,2026-09-18 23:53:39.265099
SPY260924C00777000,2026-09-18 20:04:24+00:00,777.0,0.1,0.12,0.13,-0.10999999,-52.38095,726.0,583.0,0.08081973876953125,False,REGULAR,USD,2026-09-24,761.6900024414062,2026-09-18 23:53:39.265099
SPY260924C00778000,2026-09-18 20:13:00+00:00,778.0,0.1,0.08,0.09,-0.050000004,-33.333336,588.0,654.0,0.07984318603515625,False,REGULAR,USD,2026-09-24,761.6900024414062,2026-09-18 23:53:39.265099
SPY260924C00779000,2026-09-18 20:14:03+00:00,779.0,0.06,0.06,0.07,-0.08,-57.142857,530.0,511.0,0.0805756005859375,False,REGULAR,USD,2026-09-24,761.6900024414062,2026-09-18 23:53:39.265099
SPY260924C00780000,2026-09-18 20:14:37+00:00,780.0,0.04,0.04,0.05,-0.060000002,-60.0,566.0,881.0,0.08008732421875,False,REGULAR,USD,2026-09-24,761.6900024414062,2026-09-18 23:53:39.265099
SPY260924C00781000,2026-09-18 20:05:47+00:00,781.0,0.04,0.03,0.04,-0.04,-50.0,1030.0,129.0,0.08155215332031251,False,REGULAR,USD,2026-09-24,761.6900024414062,2026-09-18 23:53:39.265099
SPY260924C00782000,2026-09-18 20:12:27+00:00,782.0,0.03,0.02,0.03,-0.03,-50.0,453.0,263.0,0.08204042968750001,False,REGULAR,USD,2026-09-24,761.6900024414062,2026-09-18 23:53:39.265099
SPY260924C00783000,2026-09-18 19:41:43+00:00,783.0,0.02,0.02,0.03,-0.04,-66.66667,132.0,507.0,0.08497008789062502,False,REGULAR,USD,2026-09-24,761.6900024414062,2026-09-18 23:53:39.265099
SPY260924C00784000,2026-09-18 20:07:36+00:00,784.0,0.02,0.01,0.02,-0.030000001,-60.0,83.0,551.0,0.08399353515625002,False,REGULAR,USD,2026-09-24,761.6900024414062,2026-09-18 23:53:39.265099
SPY260924C00785000,2026-09-18 16:55:49+00:00,785.0,0.02,0.01,0.02,-0.01,-33.333336,27.0,166.0,0.08789974609375001,False,REGULAR,USD,2026-09-24,761.6900024414062,2026-09-18 23:53:39.265099
SPY260924C00786000,2026-09-18 19:37:41+00:00,786.0,0.02,0.01,0.02,-0.02,-50.0,69.0,685.0,0.090829404296875,False,REGULAR,USD,2026-09-24,761.6900024414062,2026-09-18 23:53:39.265099
SPY260924C00787000,2026-09-18 19:45:11+00:00,787.0,0.01,0.01,0.02,-0.049999997,-83.333336,2.0,174.0,0.0937590625,False,REGULAR,USD,2026-09-24,761.6900024414062,2026-09-18 23:53:39.265099
SPY260924C00788000,2026-09-17 19:06:02+00:00,788.0,0.03,0.01,0.02,0.0,0.0,5.0,286.0,0.0976652734375,False,REGULAR,USD,2026-09-24,761.6900024414062,2026-09-18 23:53:39.265099
SPY260924C00789000,2026-09-18 17:27:55+00:00,789.0,0.01,0.01,0.02,-0.02,-66.66667,3.0,70.0,0.100594931640625,False,REGULAR,USD,2026-09-24,761.6900024414062,2026-09-18 23:53:39.265099
SPY260924C00790000,2026-09-18 16:12:01+00:00,790.0,0.01,0.01,0.02,-0.01,-50.0,9.0,150.0,0.10352458984374999,False,REGULAR,USD,2026-09-24,761.6900024414062,2026-09-18 23:53:39.265099
SPY260924C00791000,2026-09-17 19:40:57+00:00,791.0,0.02,0.01,0.02,0.0,0.0,64.0,131.0,0.10743080078125,False,REGULAR,USD,2026-09-24,761.6900024414062,2026-09-18 23:53:39.265099
SPY260924C00792000,2026-09-17 19:40:57+00:00,792.0,0.02,0.01,0.02,0.0,0.0,71.0,270.0,0.11036045898437499,False,REGULAR,USD,2026-09-24,761.6900024414062,2026-09-18 23:53:39.265099
SPY260924C00793000,2026-09-17 19:52:57+00:00,793.0,0.02,0.01,0.02,0.0,0.0,130.0,226.0,0.1132901171875,False,REGULAR,USD,2026-09-24,761.6900024414062,2026-09-18 23:53:39.265099
SPY260924C00794000,2026-09-18 20:07:49+00:00,794.0,0.01,0.01,0.02,-0.01,-50.0,34.0,618.0,0.117196328125,False,REGULAR,USD,2026-09-24,761.6900024414062,2026-09-18 23:53:39.265099
SPY260924C00795000,2026-09-18 19:59:54+00:00,795.0,0.01,0.01,0.02,-0.01,-50.0,7.0,1245.0,0.11914943359374999,False,REGULAR,USD,2026-09-24,761.6900024414062,2026-09-18 23:53:39.265099
SPY260924C00796000,2026-09-18 19:42:31+00:00,796.0,0.01,0.0,0.01,-0.01,-50.0,5.0,1275.0,0.1132901171875,False,REGULAR,USD,2026-09-24,761.6900024414062,2026-09-18 23:53:39.265099
SPY260924C00797000,2026-09-18 19:42:57+00:00,797.0,0.01,0.0,0.01,-0.01,-50.0,25.0,127.0,0.117196328125,False,REGULAR,USD,2026-09-24,761.6900024414062,2026-09-18 23:53:39.265099
SPY260924C00798000,2026-09-17 13:41:44+00:00,798.0,0.03,0.0,0.01,0.0,0.0,2.0,40.0,0.1211025390625,False,REGULAR,USD,2026-09-24,761.6900024414062,2026-09-18 23:53:39.265099
SPY260924C00799000,2026-09-17 13:51:26+00:00,799.0,0.02,0.0,0.01,0.0,0.0,1.0,42.0,0.12305564453125001,False,REGULAR,USD,2026-09-24,761.6900024414062,2026-09-18 23:53:39.265099
SPY260924C00800000,2026-09-17 14:29:01+00:00,800.0,0.03,0.0,0.01,0.0,0.0,21.0,45.0,0.12500875,False,REGULAR,USD,2026-09-24,761.6900024414062,2026-09-18 23:53:39.265099
SPY260924C00801000,2026-09-11 15:34:28+00:00,801.0,0.07,0.0,0.01,0.0,0.0,,46.0,0.1289149609375,False,REGULAR,USD,2026-09-24,761.6900024414062,2026-09-18 23:53:39.265099
SPY260924C00804000,2026-09-18 18:02:35+00:00,804.0,0.01,0.0,0.01,-0.01,-50.0,256.0,2429.0,0.13672738281250002,False,REGULAR,USD,2026-09-24,761.6900024414062,2026-09-18 23:53:39.265099
SPY260924C00805000,2026-09-18 18:02:35+00:00,805.0,0.01,0.0,0.01,-0.02,-66.66667,11.0,2431.0,0.14063359375,False,REGULAR,USD,2026-09-24,761.6900024414062,2026-09-18 23:53:39.265099
SPY260924C00807000,2026-09-17 19:47:08+00:00,807.0,0.02,0.0,0.01,0.0,0.0,8.0,30.0,0.14649291015625,False,REGULAR,USD,2026-09-24,761.6900024414062,2026-09-18 23:53:39.265099
SPY260924C00810000,2026-09-17 13:31:23+00:00,810.0,0.02,0.0,0.01,0.0,0.0,2.0,55.0,0.15430533203125002,False,REGULAR,USD,2026-09-24,761.6900024414062,2026-09-18 23:53:39.265099
SPY260924C00820000,2026-09-11 13:38:42+00:00,820.0,0.02,0.0,0.01,0.0,0.0,,1.0,0.18360191406249998,False,REGULAR,USD,2026-09-24,761.6900024414062,2026-09-18 23:53:39.265099
SPY260924C00825000,2026-09-17 17:51:46+00:00,825.0,0.01,0.0,0.01,0.0,0.0,4.0,7.0,0.195320546875,False,REGULAR,USD,2026-09-24,761.6900024414062,2026-09-18 23:53:39.265099
SPY260924C00870000,2026-09-11 18:08:36+00:00,870.0,0.01,,0.01,0.0,0.0,,3.0,0.31250687499999996,False,REGULAR,USD,2026-09-24,761.6900024414062,2026-09-18 23:53:39.265099
SPY260924C00875000,2026-09-11 18:11:21+00:00,875.0,0.01,,0.01,0.0,0.0,,192.0,0.3242255078124999,False,REGULAR,USD,2026-09-24,761.6900024414062,2026-09-18 23:53:39.265099
SPY260925C00500000,2026-09-17 19:56:55+00:00,500.0,263.12,261.14,265.04,0.0,0.0,10.0,0.0,1.478518232421875,True,REGULAR,USD,2026-09-25,761.6900024414062,2026-09-18 23:53:39.265099
SPY260925C00520000,2026-09-17 19:56:55+00:00,520.0,243.12,241.16,245.06,0.0,0.0,10.0,0.0,1.361331318359375,True,REGULAR,USD,2026-09-25,761.6900024414062,2026-09-18 23:53:39.265099
SPY260925C00550000,2026-09-17 19:56:55+00:00,550.0,213.0,211.26,215.1,0.0,0.0,5.0,0.0,1.1975137780761718,True,REGULAR,USD,2026-09-25,761.6900024414062,2026-09-18 23:53:39.265099
SPY260925C00555000,2026-09-17 19:56:46+00:00,555.0,208.11,206.19,210.1,0.0,0.0,5.0,0.0,1.164310819091797,True,REGULAR,USD,2026-09-25,761.6900024414062,2026-09-18 23:53:39.265099
SPY260925C00565000,2026-09-17 19:56:46+00:00,565.0,198.08,196.2,200.12,0.0,0.0,5.0,0.0,1.1101118713378906,True,REGULAR,USD,2026-09-25,761.6900024414062,2026-09-18 23:53:39.265099
SPY260925C00570000,2026-09-17 19:56:46+00:00,570.0,193.11,191.28,195.11,0.0,0.0,5.0,0.0,1.0869186279296876,True,REGULAR,USD,2026-09-25,761.6900024414062,2026-09-18 23:53:39.265099
SPY260925C00575000,2026-09-17 19:56:46+00:00,575.0,188.08,186.21,190.12,0.0,0.0,5.0,0.0,1.0551805053710939,True,REGULAR,USD,2026-09-25,761.6900024414062,2026-09-18 23:53:39.265099
SPY260925C00580000,2026-09-17 19:56:46+00:00,580.0,183.08,181.29,185.12,0.0,0.0,5.0,0.0,1.0327196801757816,True,REGULAR,USD,2026-09-25,761.6900024414062,2026-09-18 23:53:39.265099
SPY260925C00585000,2026-09-18 14:15:08+00:00,585.0,174.62,176.22,179.09,-3.5800018,-2.0089798,36.0,0.0,0.9289557885742188,True,REGULAR,USD,2026-09-25,761.6900024414062,2026-09-18 23:53:39.265099
SPY260925C00590000,2026-09-17 19:56:46+00:00,590.0,173.11,171.3,175.14,0.0,0.0,5.0,0.0,0.9799806689453125,True,REGULAR,USD,2026-09-25,761.6900024414062,2026-09-18 23:53:39.265099
SPY260925C00595000,2026-09-18 14:36:09+00:00,595.0,164.74,166.23,170.14,-3.3399963,-1.9871467,2.0,0.0,0.9484868432617187,True,REGULAR,USD,2026-09-25,761.6900024414062,2026-09-18 23:53:39.265099
SPY260925C00600000,2026-09-18 19:09:58+00:00,600.0,163.04,161.27,165.15,0.13999939,0.085941926,1.0,3.0,0.9245613012695313,True,REGULAR,USD,2026-09-25,761.6900024414062,2026-09-18 23:53:39.265099
SPY260925C00605000,2026-09-17 19:56:31+00:00,605.0,158.08,156.24,160.16,0.0,0.0,5.0,0.0,0.8964854101562498,True,REGULAR,USD,2026-09-25,761.6900024414062,2026-09-18 23:53:39.265099
SPY260925C00610000,2026-09-17 19:56:31+00:00,610.0,153.0,151.28,155.16,0.0,0.0,5.0,0.0,0.871949522705078,True,REGULAR,USD,2026-09-25,761.6900024414062,2026-09-18 23:53:39.265099
SPY260925C00615000,2026-09-17 19:56:31+00:00,615.0,148.01,146.25,150.17,0.0,0.0,5.0,0.0,0.8442398388671875,True,REGULAR,USD,2026-09-25,761.6900024414062,2026-09-18 23:53:39.265099
SPY260925C00620000,2026-09-18 15:40:11+00:00,620.0,139.79,141.26,145.17,-3.3400116,-2.333551,20.0,21.0,0.818239122314453,True,REGULAR,USD,2026-09-25,761.6900024414062,2026-09-18 23:53:39.265099
SPY260925C00625000,2026-09-17 19:56:31+00:00,625.0,138.08,136.34,140.18,0.0,0.0,5.0,0.0,0.7963887548828125,True,REGULAR,USD,2026-09-25,761.6900024414062,2026-09-18 23:53:39.265099
SPY260925C00630000,2026-09-17 19:56:31+00:00,630.0,133.08,131.27,135.2,0.0,0.0,5.0,0.0,0.7674583801269532,True,REGULAR,USD,2026-09-25,761.6900024414062,2026-09-18 23:53:39.265099
SPY260925C00640000,2026-09-17 19:55:00+00:00,640.0,123.15,121.28,125.21,0.0,0.0,1365.0,0.0,0.7158231542968749,True,REGULAR,USD,2026-09-25,761.6900024414062,2026-09-18 23:53:39.265099
SPY260925C00645000,2026-09-17 19:55:00+00:00,645.0,118.06,116.29,120.22,0.0,0.0,160.0,0.0,0.6906769213867189,True,REGULAR,USD,2026-09-25,761.6900024414062,2026-09-18 23:53:39.265099
SPY260925C00650000,2026-09-18 19:38:24+00:00,650.0,111.58,111.38,115.23,-1.5,-1.3264945,8.0,1.0,0.6689486230468751,True,REGULAR,USD,2026-09-25,761.6900024414062,2026-09-18 23:53:39.265099
SPY260925C00655000,2026-09-17 19:56:19+00:00,655.0,108.08,106.44,110.23,0.0,0.0,6.0,0.0,0.6452672192382812,True,REGULAR,USD,2026-09-25,761.6900024414062,2026-09-18 23:53:39.265099
SPY260925C00660000,2026-09-17 19:56:19+00:00,660.0,102.96,101.45,105.24,0.0,0.0,5.0,0.0,0.6198768481445314,True,REGULAR,USD,2026-09-25,761.6900024414062,2026-09-18 23:53:39.265099
SPY260925C00665000,2026-09-17 19:56:15+00:00,665.0,98.07,96.32,100.25,0.0,0.0,5.0,0.0,0.5888712988281251,True,REGULAR,USD,2026-09-25,761.6900024414062,2026-09-18 23:53:39.265099
SPY260925C00670000,2026-09-18 14:36:09+00:00,670.0,89.8,91.33,95.27,-3.2799988,-3.523849,1.0,1.0,0.5639692041015626,True,REGULAR,USD,2026-09-25,761.6900024414062,2026-09-18 23:53:39.265099
SPY260925C00675000,2026-09-17 19:56:19+00:00,675.0,88.08,86.34,90.28,0.0,0.0,5.0,0.0,0.5387009020996094,True,REGULAR,USD,2026-09-25,761.6900024414062,2026-09-18 23:53:39.265099
SPY260925C00680000,2026-09-17 19:56:19+00:00,680.0,83.08,81.36,85.28,0.0,0.0,21.0,0.0,0.5133105310058592,True,REGULAR,USD,2026-09-25,761.6900024414062,2026-09-18 23:53:39.265099
SPY260925C00685000,2026-09-17 19:56:19+00:00,685.0,77.98,76.37,80.3,0.0,0.0,21.0,1.0,0.5986368261718751,True,REGULAR,USD,2026-09-25,761.6900024414062,2026-09-18 23:53:39.265099
SPY260925C00690000,2026-09-17 19:51:41+00:00,690.0,72.99,71.37,75.31,0.0,0.0,50.0,0.0,0.5692181750488281,True,REGULAR,USD,2026-09-25,761.6900024414062,2026-09-18 23:53:39.265099
SPY260925C00695000,2026-09-17 20:00:28+00:00,695.0,67.87,66.53,70.33,0.0,0.0,85.0,0.0,0.5400436621093752,True,REGULAR,USD,2026-09-25,761.6900024414062,2026-09-18 23:53:39.265099
SPY260925C00700000,2026-09-18 19:48:49+00:00,700.0,62.2,61.48,65.35,-0.9599991,-1.5199479,5.0,2.0,0.5106250109863282,True,REGULAR,USD,2026-09-25,761.6900024414062,2026-09-18 23:53:39.265099
SPY260925C00705000,2026-09-17 20:00:28+00:00,705.0,57.85,56.55,60.37,0.0,0.0,113.0,0.0,0.4809622216796875,True,REGULAR,USD,2026-09-25,761.6900024414062,2026-09-18 23:53:39.265099
SPY260925C00710000,2026-09-18 14:50:47+00:00,710.0,50.04,51.57,55.39,-3.0599976,-5.762707,3.0,11.0,0.4510552941894531,True,REGULAR,USD,2026-09-25,761.6900024414062,2026-09-18 23:53:39.265099
SPY260925C00715000,2026-09-18 15:04:28+00:00,715.0,45.29,46.53,50.44,-2.5900002,-5.4093566,7.0,0.0,0.42200285034179685,True,REGULAR,USD,2026-09-25,761.6900024414062,2026-09-18 23:53:39.265099
SPY260925C00720000,2026-09-17 19:56:31+00:00,720.0,43.13,41.62,45.47,0.0,0.0,97.0,2.0,0.39160764648437496,True,REGULAR,USD,2026-09-25,761.6900024414062,2026-09-18 23:53:39.265099
SPY260925C00721000,2026-09-17 19:56:15+00:00,721.0,42.09,40.63,44.48,0.0,0.0,12.0,0.0,0.385626260986328,True,REGULAR,USD,2026-09-25,761.6900024414062,2026-09-18 23:53:39.265099
SPY260925C00722000,2026-09-17 19:56:51+00:00,722.0,41.09,39.53,43.49,0.0,0.0,27.0,0.0,0.37958384094238284,True,REGULAR,USD,2026-09-25,761.6900024414062,2026-09-18 23:53:39.265099
SPY260925C00723000,2026-09-18 15:45:06+00:00,723.0,37.08,38.54,42.5,-2.949997,-7.3694654,2.0,2.0,0.37354142089843745,True,REGULAR,USD,2026-09-25,761.6900024414062,2026-09-18 23:53:39.265099
SPY260925C00724000,2026-09-18 15:04:23+00:00,724.0,36.39,37.6,41.5,-2.9000015,-7.3810167,2.0,0.0,0.36713279357910156,True,REGULAR,USD,2026-09-25,761.6900024414062,2026-09-18 23:53:39.265099
SPY260925C00725000,2026-09-18 19:51:16+00:00,725.0,37.38,36.66,40.51,-0.25,-0.6643635,10.0,0.0,0.3610293389892578,True,REGULAR,USD,2026-09-25,761.6900024414062,2026-09-18 23:53:39.265099
SPY260925C00726000,2026-09-17 20:00:13+00:00,726.0,36.54,35.67,39.56,0.0,0.0,2.0,0.0,0.35632967895507806,True,REGULAR,USD,2026-09-25,761.6900024414062,2026-09-18 23:53:39.265099
SPY260925C00727000,2026-09-18 14:25:37+00:00,727.0,32.95,34.58,38.57,-2.380001,-6.7364874,3.0,0.0,0.35016518981933586,True,REGULAR,USD,2026-09-25,761.6900024414062,2026-09-18 23:53:39.265099
SPY260925C00728000,2026-09-17 18:55:31+00:00,728.0,34.33,33.64,37.58,0.0,0.0,4.0,0.0,0.34393966613769533,True,REGULAR,USD,2026-09-25,761.6900024414062,2026-09-18 23:53:39.265099
SPY260925C00729000,2026-09-18 19:48:42+00:00,729.0,33.42,32.71,36.6,-0.30000305,-0.88968873,6.0,0.0,0.33801931518554684,True,REGULAR,USD,2026-09-25,761.6900024414062,2026-09-18 23:53:39.265099
SPY260925C00730000,2026-09-18 19:57:03+00:00,730.0,32.48,31.72,35.65,-0.38000107,-1.1564244,19.0,1.0,0.3330755169677735,True,REGULAR,USD,2026-09-25,761.6900024414062,2026-09-18 23:53:39.265099
SPY260925C00731000,2026-09-18 19:47:32+00:00,731.0,31.49,30.69,34.65,0.010000229,0.03176693,14.0,0.0,0.3264837860107421,True,REGULAR,USD,2026-09-25,761.6900024414062,2026-09-18 23:53:39.265099
SPY260925C00732000,2026-09-18 19:49:57+00:00,732.0,30.52,29.7,33.69,7.4799995,32.465275,13.0,0.0,0.3210517114257812,True,REGULAR,USD,2026-09-25,761.6900024414062,2026-09-18 23:53:39.265099
SPY260925C00733000,2026-09-18 19:56:52+00:00,733.0,29.46,28.77,32.71,-0.5100002,-1.7017025,18.0,0.0,0.31500929138183587,True,REGULAR,USD,2026-09-25,761.6900024414062,2026-09-18 23:53:39.265099
SPY260925C00734000,2026-09-18 19:52:50+00:00,734.0,28.64,27.79,31.76,3.7399998,15.02008,12.0,0.0,0.30982135498046875,True,REGULAR,USD,2026-09-25,761.6900024414062,2026-09-18 23:53:39.265099
SPY260925C00735000,2026-09-18 19:56:40+00:00,735.0,27.63,26.81,30.78,-0.23000145,-0.8255615,938.0,1.0,0.30359583129882806,True,REGULAR,USD,2026-09-25,761.6900024414062,2026-09-18 23:53:39.265099
SPY260925C00736000,2026-09-18 19:52:37+00:00,736.0,26.23,25.84,29.83,9.01,52.322884,16.0,0.0,0.298285825805664,True,REGULAR,USD,2026-09-25,761.6900024414062,2026-09-18 23:53:39.265099
SPY260925C00737000,2026-09-18 19:56:16+00:00,737.0,25.52,25.15,28.71,9.060001,55.042538,42.0,1.0,0.2877268493652343,True,REGULAR,USD,2026-09-25,761.6900024414062,2026-09-18 23:53:39.265099
SPY260925C00738000,2026-09-18 20:11:45+00:00,738.0,26.0,24.09,27.74,1.3099995,5.305789,15.0,4.0,0.28174546386718746,True,REGULAR,USD,2026-09-25,761.6900024414062,2026-09-18 23:53:39.265099
SPY260925C00739000,2026-09-18 19:57:15+00:00,739.0,23.68,23.12,26.77,0.460001,1.9810551,57.0,0.0,0.2757030438232422,True,REGULAR,USD,2026-09-25,761.6900024414062,2026-09-18 23:53:39.265099
SPY260925C00740000,2026-09-18 20:02:17+00:00,740.0,23.5,22.15,25.81,1.2700005,5.7130027,525.0,300.0,0.26984372741699214,True,REGULAR,USD,2026-09-25,761.6900024414062,2026-09-18 23:53:39.265099
SPY260925C00741000,2026-09-18 19:56:28+00:00,741.0,21.7,21.19,23.89,0.15000153,0.6960628,1186.0,197.0,0.23529817443847656,True,REGULAR,USD,2026-09-25,761.6900024414062,2026-09-18 23:53:39.265099
SPY260925C00742000,2026-09-18 19:54:43+00:00,742.0,20.55,20.23,23.2,-0.09000015,-0.43604726,447.0,287.0,0.23780059082031246,True,REGULAR,USD,2026-09-25,761.6900024414062,2026-09-18 23:53:39.265099
SPY260925C00743000,2026-09-18 19:42:13+00:00,743.0,19.43,19.36,22.25,-0.26000023,-1.3204684,120.0,207.0,0.23230748168945312,True,REGULAR,USD,2026-09-25,761.6900024414062,2026-09-18 23:53:39.265099
SPY260925C00744000,2026-09-18 19:42:39+00:00,744.0,18.49,18.33,21.3,-0.25,-1.3340448,1492.0,521.0,0.22669230346679686,True,REGULAR,USD,2026-09-25,761.6900024414062,2026-09-18 23:53:39.265099
SPY260925C00745000,2026-09-18 20:00:30+00:00,745.0,16.96,17.38,20.36,-0.75,-4.2348957,261.0,191.0,0.22126022888183594,True,REGULAR,USD,2026-09-25,761.6900024414062,2026-09-18 23:53:39.265099
SPY260925C00746000,2026-09-18 19:42:19+00:00,746.0,16.63,16.44,19.41,-0.07999992,-0.47875482,47.0,182.0,0.21540091247558596,True,REGULAR,USD,2026-09-25,761.6900024414062,2026-09-18 23:53:39.265099
SPY260925C00747000,2026-09-18 20:06:53+00:00,747.0,17.05,16.26,18.44,0.94999886,5.900614,27.0,161.0,0.2089312506103515,True,REGULAR,USD,2026-09-25,761.6900024414062,2026-09-18 23:53:39.265099
SPY260925C00748000,2026-09-18 19:48:33+00:00,748.0,15.14,15.41,17.49,-0.7699995,-4.8397207,116.0,156.0,0.20282779602050777,True,REGULAR,USD,2026-09-25,761.6900024414062,2026-09-18 23:53:39.265099
SPY260925C00749000,2026-09-18 19:44:45+00:00,749.0,14.1,14.56,16.51,-0.65999985,-4.471544,408.0,359.0,0.19586985778808597,True,REGULAR,USD,2026-09-25,761.6900024414062,2026-09-18 23:53:39.265099
SPY260925C00750000,2026-09-18 20:14:41+00:00,750.0,13.96,13.96,15.5,0.59000015,4.4128656,1936.0,563.0,0.18793536682128903,True,REGULAR,USD,2026-09-25,761.6900024414062,2026-09-18 23:53:39.265099
SPY260925C00751000,2026-09-18 19:42:14+00:00,751.0,12.51,12.9,14.53,-0.07999992,-0.6354243,1940.0,289.0,0.18097742858886717,True,REGULAR,USD,2026-09-25,761.6900024414062,2026-09-18 23:53:39.265099
SPY260925C00752000,2026-09-18 20:07:14+00:00,752.0,11.91,12.09,13.58,-0.25,-2.055921,1707.0,502.0,0.17438569763183598,True,REGULAR,USD,2026-09-25,761.6900024414062,2026-09-18 23:53:39.265099
SPY260925C00753000,2026-09-18 19:59:55+00:00,753.0,10.81,11.28,12.65,-0.18999958,-1.7272689,980.0,356.0,0.1680991394042969,True,REGULAR,USD,2026-09-25,761.6900024414062,2026-09-18 23:53:39.265099
SPY260925C00754000,2026-09-18 20:10:23+00:00,754.0,11.0,10.5,11.71,0.40999985,3.8715754,1880.0,990.0,0.1613548220825195,True,REGULAR,USD,2026-09-25,761.6900024414062,2026-09-18 23:53:39.265099
SPY260925C00755000,2026-09-18 20:10:14+00:00,755.0,10.05,9.96,10.58,0.6500006,6.9149003,856.0,1235.0,0.14981929290771484,True,REGULAR,USD,2026-09-25,761.6900024414062,2026-09-18 23:53:39.265099
SPY260925C00756000,2026-09-18 20:05:10+00:00,756.0,9.09,9.0,9.92,0.5699997,6.690137,439.0,820.0,0.14933101654052733,True,REGULAR,USD,2026-09-25,761.6900024414062,2026-09-18 23:53:39.265099
SPY260925C00757000,2026-09-18 20:02:40+00:00,757.0,8.33,8.44,8.98,0.07999992,0.96969604,593.0,1205.0,0.1418237673950195,True,REGULAR,USD,2026-09-25,761.6900024414062,2026-09-18 23:53:39.265099
SPY260925C00758000,2026-09-18 20:05:14+00:00,758.0,7.5,7.7,8.22,0.09000015,1.214577,895.0,1670.0,0.13816169464111328,True,REGULAR,USD,2026-09-25,761.6900024414062,2026-09-18 23:53:39.265099
SPY260925C00759000,2026-09-18 20:14:10+00:00,759.0,6.99,6.96,7.28,0.2999997,4.4843006,3085.0,1397.0,0.1299525482177734,True,REGULAR,USD,2026-09-25,761.6900024414062,2026-09-18 23:53:39.265099
SPY260925C00760000,2026-09-18 20:13:57+00:00,760.0,6.46,6.22,6.56,0.5999999,10.238906,14111.0,3613.0,0.12629047546386718,True,REGULAR,USD,2026-09-25,761.6900024414062,2026-09-18 23:53:39.265099
SPY260925C00761000,2026-09-18 20:11:45+00:00,761.0,5.8,5.59,5.71,0.44000006,8.208957,6169.0,1987.0,0.11914943359374999,True,REGULAR,USD,2026-09-25,761.6900024414062,2026-09-18 23:53:39.265099
SPY260925C00762000,2026-09-18 20:14:29+00:00,762.0,5.05,4.93,5.1,0.20000029,4.1237173,4278.0,1799.0,0.11673856903076171,False,REGULAR,USD,2026-09-25,761.6900024414062,2026-09-18 23:53:39.265099
SPY260925C00763000,2026-09-18 20:14:54+00:00,763.0,4.45,4.4,4.46,0.26999998,6.45933,3942.0,3331.0,0.11298494445800782,False,REGULAR,USD,2026-09-25,761.6900024414062,2026-09-18 23:53:39.265099
SPY260925C00764000,2026-09-18 20:13:44+00:00,764.0,3.97,3.83,3.89,0.29999995,8.174386,9504.0,1089.0,0.1100552862548828,False,REGULAR,USD,2026-09-25,761.6900024414062,2026-09-18 23:53:39.265099
SPY260925C00765000,2026-09-18 20:14:52+00:00,765.0,3.36,3.31,3.34,0.14999986,4.6728926,9730.0,7859.0,0.10678993804931641,False,REGULAR,USD,2026-09-25,761.6900024414062,2026-09-18 23:53:39.265099
SPY260925C00766000,2026-09-18 20:14:58+00:00,766.0,2.84,2.82,2.87,0.06999993,2.5270734,2050.0,2410.0,0.10450114257812498,False,REGULAR,USD,2026-09-25,761.6900024414062,2026-09-18 23:53:39.265099
SPY260925C00767000,2026-09-18 20:14:58+00:00,767.0,2.4,2.38,2.43,-0.00999999,-0.41493735,4942.0,1761.0,0.10202924346923828,False,REGULAR,USD,2026-09-25,761.6900024414062,2026-09-18 23:53:39.265099
SPY260925C00768000,2026-09-18 20:14:53+00:00,768.0,2.04,1.99,2.04,-0.059999943,-2.8571403,2127.0,2656.0,0.09983199981689453,False,REGULAR,USD,2026-09-25,761.6900024414062,2026-09-18 23:53:39.265099
SPY260925C00769000,2026-09-18 20:14:44+00:00,769.0,1.69,1.64,1.69,-0.109999895,-6.1111054,2255.0,1368.0,0.0976652734375,False,REGULAR,USD,2026-09-25,761.6900024414062,2026-09-18 23:53:39.265099
SPY260925C00770000,2026-09-18 20:14:58+00:00,770.0,1.37,1.35,1.38,-0.08000004,-5.517244,9678.0,6621.0,0.0955290643310547,False,REGULAR,USD,2026-09-25,761.6900024414062,2026-09-18 23:53:39.265099
SPY260925C00771000,2026-09-18 20:14:00+00:00,771.0,1.12,1.09,1.12,-0.08000004,-6.6666694,2301.0,1545.0,0.09382009704589844,False,REGULAR,USD,2026-09-25,761.6900024414062,2026-09-18 23:53:39.265099
SPY260925C00772000,2026-09-18 20:14:55+00:00,772.0,0.9,0.87,0.9,-0.09000003,-9.090913,5275.0,26482.0,0.0922942333984375,False,REGULAR,USD,2026-09-25,761.6900024414062,2026-09-18 23:53:39.265099
SPY260925C00773000,2026-09-18 20:13:43+00:00,773.0,0.71,0.69,0.71,-0.13,-15.476191,3576.0,1773.0,0.09070733520507812,False,REGULAR,USD,2026-09-25,761.6900024414062,2026-09-18 23:53:39.265099
SPY260925C00774000,2026-09-18 20:14:41+00:00,774.0,0.55,0.54,0.56,-0.120000005,-17.910448,4368.0,6636.0,0.08948664428710937,False,REGULAR,USD,2026-09-25,761.6900024414062,2026-09-18 23:53:39.265099
SPY260925C00775000,2026-09-18 20:14:31+00:00,775.0,0.43,0.42,0.43,-0.089999974,-17.307688,9423.0,8625.0,0.08814388427734376,False,REGULAR,USD,2026-09-25,761.6900024414062,2026-09-18 23:53:39.265099
SPY260925C00776000,2026-09-18 20:14:33+00:00,776.0,0.32,0.32,0.33,-0.110000014,-25.5814,2699.0,1272.0,0.08704526245117189,False,REGULAR,USD,2026-09-25,761.6900024414062,2026-09-18 23:53:39.265099
SPY260925C00777000,2026-09-18 20:14:05+00:00,777.0,0.25,0.24,0.25,-0.08000001,-24.242426,1886.0,1858.0,0.08619077880859377,False,REGULAR,USD,2026-09-25,761.6900024414062,2026-09-18 23:53:39.265099
SPY260925C00778000,2026-09-18 20:14:39+00:00,778.0,0.19,0.18,0.19,-0.06999999,-26.923075,886.0,1362.0,0.08545836425781252,False,REGULAR,USD,2026-09-25,761.6900024414062,2026-09-18 23:53:39.265099
SPY260925C00779000,2026-09-18 20:13:33+00:00,779.0,0.14,0.13,0.14,-0.06999999,-33.33333,1581.0,1071.0,0.08472594970703126,False,REGULAR,USD,2026-09-25,761.6900024414062,2026-09-18 23:53:39.265099
SPY260925C00780000,2026-09-18 20:14:41+00:00,780.0,0.11,0.1,0.11,-0.07000001,-38.888893,14063.0,10934.0,0.08497008789062502,False,REGULAR,USD,2026-09-25,761.6900024414062,2026-09-18 23:53:39.265099
SPY260925C00781000,2026-09-18 20:14:29+00:00,781.0,0.09,0.08,0.09,-0.049999997,-35.714283,713.0,1423.0,0.08594664062500001,False,REGULAR,USD,2026-09-25,761.6900024414062,2026-09-18 23:53:39.265099
SPY260925C00782000,2026-09-18 20:14:07+00:00,782.0,0.06,0.06,0.07,-0.08,-57.142857,726.0,5057.0,0.08594664062500001,False,REGULAR,USD,2026-09-25,761.6900024414062,2026-09-18 23:53:39.265099
SPY260925C00783000,2026-09-18 20:12:43+00:00,783.0,0.05,0.04,0.05,-0.05,-50.0,167.0,1093.0,0.08545836425781252,False,REGULAR,USD,2026-09-25,761.6900024414062,2026-09-18 23:53:39.265099
SPY260925C00784000,2026-09-18 20:14:07+00:00,784.0,0.04,0.03,0.04,-0.060000002,-60.0,242.0,839.0,0.08594664062500001,False,REGULAR,USD,2026-09-25,761.6900024414062,2026-09-18 23:53:39.265099
SPY260925C00785000,2026-09-18 20:14:34+00:00,785.0,0.04,0.03,0.04,-0.04,-50.0,1276.0,24433.0,0.0893645751953125,False,REGULAR,USD,2026-09-25,761.6900024414062,2026-09-18 23:53:39.265099
SPY260925C00786000,2026-09-18 20:14:49+00:00,786.0,0.02,0.02,0.03,-0.04,-66.66667,3620.0,5821.0,0.0893645751953125,False,REGULAR,USD,2026-09-25,761.6900024414062,2026-09-18 23:53:39.265099
SPY260925C00787000,2026-09-18 20:14:49+00:00,787.0,0.02,0.02,0.03,-0.04,-66.66667,3118.0,1060.0,0.092782509765625,False,REGULAR,USD,2026-09-25,761.6900024414062,2026-09-18 23:53:39.265099
SPY260925C00788000,2026-09-18 20:14:50+00:00,788.0,0.02,0.02,0.03,-0.030000001,-60.0,394.0,926.0,0.09571216796875001,False,REGULAR,USD,2026-09-25,761.6900024414062,2026-09-18 23:53:39.265099
SPY260925C00789000,2026-09-18 20:14:50+00:00,789.0,0.01,0.01,0.02,-0.04,-80.00001,108.0,448.0,0.0937590625,False,REGULAR,USD,2026-09-25,761.6900024414062,2026-09-18 23:53:39.265099
SPY260925C00790000,2026-09-18 20:14:50+00:00,790.0,0.01,0.01,0.02,-0.04,-80.00001,854.0,29665.0,0.0976652734375,False,REGULAR,USD,2026-09-25,761.6900024414062,2026-09-18 23:53:39.265099
SPY260925C00791000,2026-09-18 20:14:54+00:00,791.0,0.01,0.01,0.02,-0.04,-80.00001,146.0,1264.0,0.09961837890625,False,REGULAR,USD,2026-09-25,761.6900024414062,2026-09-18 23:53:39.265099
SPY260925C00792000,2026-09-18 19:05:32+00:00,792.0,0.02,0.01,0.02,-0.01,-33.333336,8.0,887.0,0.10352458984374999,False,REGULAR,USD,2026-09-25,761.6900024414062,2026-09-18 23:53:39.265099
SPY260925C00793000,2026-09-18 17:27:13+00:00,793.0,0.01,0.01,0.02,-0.02,-66.66667,27.0,1309.0,0.106454248046875,False,REGULAR,USD,2026-09-25,761.6900024414062,2026-09-18 23:53:39.265099
SPY260925C00794000,2026-09-18 19:54:01+00:00,794.0,0.01,0.01,0.02,-0.02,-66.66667,5073.0,767.0,0.10938390625,False,REGULAR,USD,2026-09-25,761.6900024414062,2026-09-18 23:53:39.265099
SPY260925C00795000,2026-09-18 20:02:00+00:00,795.0,0.02,0.01,0.02,-0.01,-33.333336,2828.0,1140.0,0.11231356445312499,False,REGULAR,USD,2026-09-25,761.6900024414062,2026-09-18 23:53:39.265099
SPY260925C00796000,2026-09-18 14:48:17+00:00,796.0,0.02,0.01,0.02,-0.01,-33.333336,2091.0,985.0,0.11524322265625,False,REGULAR,USD,2026-09-25,761.6900024414062,2026-09-18 23:53:39.265099
SPY260925C00797000,2026-09-18 19:15:23+00:00,797.0,0.01,0.01,0.02,-0.03,-75.0,315.0,823.0,0.117196328125,False,REGULAR,USD,2026-09-25,761.6900024414062,2026-09-18 23:53:39.265099
SPY260925C00798000,2026-09-18 19:57:22+00:00,798.0,0.01,0.01,0.02,-0.02,-66.66667,51.0,1326.0,0.1211025390625,False,REGULAR,USD,2026-09-25,761.6900024414062,2026-09-18 23:53:39.265099
SPY260925C00799000,2026-09-18 19:54:07+00:00,799.0,0.01,0.01,0.02,-0.01,-50.0,9.0,557.0,0.12305564453125001,False,REGULAR,USD,2026-09-25,761.6900024414062,2026-09-18 23:53:39.265099
SPY260925C00800000,2026-09-18 20:12:59+00:00,800.0,0.01,0.01,0.02,-0.01,-50.0,243.0,6039.0,0.12696185546875,False,REGULAR,USD,2026-09-25,761.6900024414062,2026-09-18 23:53:39.265099
SPY260925C00801000,2026-09-18 19:50:47+00:00,801.0,0.01,0.01,0.02,-0.01,-50.0,76.0,566.0,0.1289149609375,False,REGULAR,USD,2026-09-25,761.6900024414062,2026-09-18 23:53:39.265099
SPY260925C00802000,2026-09-18 20:00:44+00:00,802.0,0.01,0.01,0.02,-0.01,-50.0,24.0,450.0,0.132821171875,False,REGULAR,USD,2026-09-25,761.6900024414062,2026-09-18 23:53:39.265099
SPY260925C00803000,2026-09-18 20:02:14+00:00,803.0,0.01,0.01,0.02,-0.01,-50.0,8.0,595.0,0.13477427734375003,False,REGULAR,USD,2026-09-25,761.6900024414062,2026-09-18 23:53:39.265099
SPY260925C00804000,2026-09-18 20:01:51+00:00,804.0,0.01,0.01,0.02,-0.01,-50.0,1.0,683.0,0.13770393554687502,False,REGULAR,USD,2026-09-25,761.6900024414062,2026-09-18 23:53:39.265099
SPY260925C00805000,2026-09-18 19:36:23+00:00,805.0,0.01,0.01,0.02,-0.01,-50.0,179.0,1664.0,0.14063359375,False,REGULAR,USD,2026-09-25,761.6900024414062,2026-09-18 23:53:39.265099
SPY260925C00806000,2026-09-18 19:12:24+00:00,806.0,0.02,0.0,0.01,0.0,0.0,2.0,776.0,0.132821171875,False,REGULAR,USD,2026-09-25,761.6900024414062,2026-09-18 23:53:39.265099
SPY260925C00807000,2026-09-18 14:56:51+00:00,807.0,0.02,0.0,0.01,0.0,0.0,5.0,675.0,0.13672738281250002,False,REGULAR,USD,2026-09-25,761.6900024414062,2026-09-18 23:53:39.265099
SPY260925C00808000,2026-09-18 13:47:58+00:00,808.0,0.01,0.0,0.01,-0.01,-50.0,1.0,485.0,0.13868048828125001,False,REGULAR,USD,2026-09-25,761.6900024414062,2026-09-18 23:53:39.265099
SPY260925C00809000,2026-09-18 17:31:18+00:00,809.0,0.01,0.0,0.01,-0.01,-50.0,2500.0,2641.0,0.14063359375,False,REGULAR,USD,2026-09-25,761.6900024414062,2026-09-18 23:53:39.265099
SPY260925C00810000,2026-09-18 17:32:32+00:00,810.0,0.01,0.0,0.01,-0.01,-50.0,7.0,766.0,0.1445398046875,False,REGULAR,USD,2026-09-25,761.6900024414062,2026-09-18 23:53:39.265099
SPY260925C00811000,2026-09-17 17:30:18+00:00,811.0,0.02,0.0,0.01,0.0,0.0,99.0,197.0,0.148446015625,False,REGULAR,USD,2026-09-25,761.6900024414062,2026-09-18 23:53:39.265099
SPY260925C00812000,2026-09-18 19:31:37+00:00,812.0,0.01,0.0,0.01,-0.01,-50.0,8.0,304.0,0.148446015625,False,REGULAR,USD,2026-09-25,761.6900024414062,2026-09-18 23:53:39.265099
SPY260925C00813000,2026-09-15 18:25:42+00:00,813.0,0.02,0.0,0.01,0.0,0.0,70.0,529.0,0.15235222656250003,False,REGULAR,USD,2026-09-25,761.6900024414062,2026-09-18 23:53:39.265099
SPY260925C00814000,2026-09-15 18:24:52+00:00,814.0,0.02,0.0,0.01,0.0,0.0,40.0,206.0,0.1562584375,False,REGULAR,USD,2026-09-25,761.6900024414062,2026-09-18 23:53:39.265099
SPY260925C00815000,2026-09-18 18:46:34+00:00,815.0,0.01,0.0,0.01,-0.01,-50.0,24.0,1369.0,0.1562584375,False,REGULAR,USD,2026-09-25,761.6900024414062,2026-09-18 23:53:39.265099
SPY260925C00816000,2026-09-18 13:43:53+00:00,816.0,0.01,0.0,0.01,-0.01,-50.0,29.0,703.0,0.1601646484375,False,REGULAR,USD,2026-09-25,761.6900024414062,2026-09-18 23:53:39.265099
SPY260925C00817000,2026-09-15 18:41:46+00:00,817.0,0.02,0.0,0.01,0.0,0.0,482.0,571.0,0.16407085937500002,False,REGULAR,USD,2026-09-25,761.6900024414062,2026-09-18 23:53:39.265099
SPY260925C00818000,2026-09-18 13:48:51+00:00,818.0,0.01,0.0,0.01,-0.01,-50.0,78.0,193.0,0.16407085937500002,False,REGULAR,USD,2026-09-25,761.6900024414062,2026-09-18 23:53:39.265099
SPY260925C00819000,2026-09-18 13:41:04+00:00,819.0,0.01,0.0,0.01,0.0,0.0,14.0,1698.0,0.16797707031250003,False,REGULAR,USD,2026-09-25,761.6900024414062,2026-09-18 23:53:39.265099
SPY260925C00820000,2026-09-17 16:44:28+00:00,820.0,0.02,0.0,0.01,0.0,0.0,2.0,2456.0,0.17188328125000002,False,REGULAR,USD,2026-09-25,761.6900024414062,2026-09-18 23:53:39.265099
SPY260925C00821000,2026-09-15 15:53:12+00:00,821.0,0.02,0.0,0.01,0.0,0.0,3771.0,4111.0,0.17188328125000002,False,REGULAR,USD,2026-09-25,761.6900024414062,2026-09-18 23:53:39.265099
SPY260925C00822000,2026-09-16 18:59:05+00:00,822.0,0.01,0.0,0.01,0.0,0.0,11.0,101.0,0.1757894921875,False,REGULAR,USD,2026-09-25,761.6900024414062,2026-09-18 23:53:39.265099
SPY260925C00823000,2026-09-14 18:01:00+00:00,823.0,0.02,0.0,0.01,0.0,0.0,208.0,521.0,0.17774259765625,False,REGULAR,USD,2026-09-25,761.6900024414062,2026-09-18 23:53:39.265099
SPY260925C00824000,2026-09-14 18:01:12+00:00,824.0,0.02,0.0,0.01,0.0,0.0,193.0,217.0,0.179695703125,False,REGULAR,USD,2026-09-25,761.6900024414062,2026-09-18 23:53:39.265099
SPY260925C00825000,2026-09-17 13:42:48+00:00,825.0,0.02,0.0,0.01,0.0,0.0,1.0,2128.0,0.18360191406249998,False,REGULAR,USD,2026-09-25,761.6900024414062,2026-09-18 23:53:39.265099
SPY260925C00830000,2026-09-15 16:32:00+00:00,830.0,0.02,0.0,0.01,0.0,0.0,5.0,287.0,0.195320546875,False,REGULAR,USD,2026-09-25,761.6900024414062,2026-09-18 23:53:39.265099
SPY260925C00835000,2026-09-17 20:14:28+00:00,835.0,0.02,0.0,0.01,0.0,0.0,37.0,283.0,0.20703917968749996,False,REGULAR,USD,2026-09-25,761.6900024414062,2026-09-18 23:53:39.265099
SPY260925C00840000,2026-09-17 14:46:53+00:00,840.0,0.03,0.0,0.01,0.0,0.0,140.0,182.0,0.21875781249999998,False,REGULAR,USD,2026-09-25,761.6900024414062,2026-09-18 23:53:39.265099
SPY260925C00845000,2026-09-16 20:03:26+00:00,845.0,0.01,0.0,0.01,0.0,0.0,1.0,448.0,0.23438265625,False,REGULAR,USD,2026-09-25,761.6900024414062,2026-09-18 23:53:39.265099
SPY260925C00850000,2026-09-15 15:20:26+00:00,850.0,0.01,0.0,0.01,0.0,0.0,50.0,158.0,0.2461012890625,False,REGULAR,USD,2026-09-25,761.6900024414062,2026-09-18 23:53:39.265099
SPY260925C00855000,2026-09-15 15:50:04+00:00,855.0,0.01,0.0,0.01,0.0,0.0,11.0,203.0,0.257819921875,False,REGULAR,USD,2026-09-25,761.6900024414062,2026-09-18 23:53:39.265099
SPY260925C00860000,2026-09-04 13:33:15+00:00,860.0,0.02,0.0,0.01,0.0,0.0,25.0,94.0,0.2695385546875,False,REGULAR,USD,2026-09-25,761.6900024414062,2026-09-18 23:53:39.265099
SPY260925C00865000,2026-09-11 15:16:00+00:00,865.0,0.01,0.0,0.01,0.0,0.0,1.0,59.0,0.28125718749999995,False,REGULAR,USD,2026-09-25,761.6900024414062,2026-09-18 23:53:39.265099
SPY260925C00870000,2026-09-11 18:09:31+00:00,870.0,0.01,0.0,0.01,0.0,0.0,192.0,243.0,0.2890696093749999,False,REGULAR,USD,2026-09-25,761.6900024414062,2026-09-18 23:53:39.265099
SPY260925C00875000,2026-08-25 18:26:54+00:00,875.0,0.02,0.0,0.01,0.0,0.0,1.0,12.0,0.304694453125,False,REGULAR,USD,2026-09-25,761.6900024414062,2026-09-18 23:53:39.265099
SPY260925C00880000,2026-09-17 18:32:40+00:00,880.0,0.01,0.0,0.01,0.0,0.0,1.0,27.0,0.31250687499999996,False,REGULAR,USD,2026-09-25,761.6900024414062,2026-09-18 23:53:39.265099
SPY260925C00885000,2026-08-19 18:04:13+00:00,885.0,0.03,0.0,0.01,0.0,0.0,1.0,3.0,0.3242255078124999,False,REGULAR,USD,2026-09-25,761.6900024414062,2026-09-18 23:53:39.265099
SPY260925C00890000,2026-09-04 20:12:21+00:00,890.0,0.01,0.0,0.01,0.0,0.0,3.0,6.0,0.335944140625,False,REGULAR,USD,2026-09-25,761.6900024414062,2026-09-18 23:53:39.265099
SPY260925C00895000,2026-09-08 13:47:07+00:00,895.0,0.02,0.0,0.01,0.0,0.0,1520.0,2755.0,0.34766277343749996,False,REGULAR,USD,2026-09-25,761.6900024414062,2026-09-18 23:53:39.265099
SPY260925C00900000,2026-09-08 13:47:05+00:00,900.0,0.01,0.0,0.01,0.0,0.0,1480.0,2688.0,0.35938140625,False,REGULAR,USD,2026-09-25,761.6900024414062,2026-09-18 23:53:39.265099
SPY260925C00910000,2026-08-13 20:02:30+00:00,910.0,0.04,0.0,0.01,0.0,0.0,,10.0,0.38281867187499996,False,REGULAR,USD,2026-09-25,761.6900024414062,2026-09-18 23:53:39.265099
SPY260925C00915000,2026-09-03 15:58:15+00:00,915.0,0.01,0.0,0.01,0.0,0.0,40.0,32.0,0.39063109375,False,REGULAR,USD,2026-09-25,761.6900024414062,2026-09-18 23:53:39.265099
SPY260925C00920000,2026-08-12 13:39:54+00:00,920.0,0.03,0.0,0.01,0.0,0.0,,30.0,0.398443515625,False,REGULAR,USD,2026-09-25,761.6900024414062,2026-09-18 23:53:39.265099
SPY260925C00925000,2026-08-24 14:08:22+00:00,925.0,0.01,0.0,0.01,0.0,0.0,1.0,2.0,0.414068359375,False,REGULAR,USD,2026-09-25,761.6900024414062,2026-09-18 23:53:39.265099
SPY260925C00930000,2026-09-09 16:34:23+00:00,930.0,0.01,0.0,0.01,0.0,0.0,1.0,2.0,0.42188078125,False,REGULAR,USD,2026-09-25,761.6900024414062,2026-09-18 23:53:39.265099
SPY260930C00375000,2026-09-14 19:40:11+00:00,375.0,386.82,386.24,389.13,0.0,0.0,1.0,0.0,1.7495129711914061,True,REGULAR,USD,2026-09-30,761.6900024414062,2026-09-18 23:53:39.265099
SPY260930C00380000,2026-09-18 16:45:24+00:00,380.0,379.26,381.16,385.08,-13.389984,-3.4101577,9.0,8.0,1.8154306103515623,True,REGULAR,USD,2026-09-30,761.6900024414062,2026-09-18 23:53:39.265099
SPY260930C00410000,2026-07-16 17:36:34+00:00,410.0,347.15,353.35,356.12,0.0,0.0,3.0,1.0,1.8620612365722655,True,REGULAR,USD,2026-09-30,761.6900024414062,2026-09-18 23:53:39.265099
SPY260930C00415000,2026-07-13 15:48:20+00:00,415.0,340.0,348.35,351.14,0.0,0.0,41.0,73.0,1.831299671630859,True,REGULAR,USD,2026-09-30,761.6900024414062,2026-09-18 23:53:39.265099
SPY260930C00420000,2026-09-17 14:35:50+00:00,420.0,341.52,341.24,345.14,0.0,0.0,7.0,0.0,1.5913106372070311,True,REGULAR,USD,2026-09-30,761.6900024414062,2026-09-18 23:53:39.265099
SPY260930C00425000,2026-08-31 19:05:39+00:00,425.0,341.62,336.25,339.22,0.0,0.0,44.0,3.0,1.4782740930175784,True,REGULAR,USD,2026-09-30,761.6900024414062,2026-09-18 23:53:39.265099
SPY260930C00440000,2026-05-18 14:50:23+00:00,440.0,303.01,0.0,0.0,0.0,0.0,2.0,0.0,1.0000000000000003e-05,True,REGULAR,USD,2026-09-30,761.6900024414062,2026-09-18 23:53:39.265099
SPY260930C00450000,2026-05-27 14:49:18+00:00,450.0,303.49,0.0,0.0,0.0,0.0,,0.0,1.0000000000000003e-05,True,REGULAR,USD,2026-09-30,761.6900024414062,2026-09-18 23:53:39.265099
SPY260930C00460000,2026-04-09 17:24:56+00:00,460.0,229.77,282.14,285.65,0.0,0.0,,0.0,1.0000000000000003e-05,True,REGULAR,USD,2026-09-30,761.6900024414062,2026-09-18 23:53:39.265099
SPY260930C00470000,2026-06-12 18:25:01+00:00,470.0,275.35,286.58,289.97,0.0,0.0,1.0,0.0,1.0000000000000003e-05,True,REGULAR,USD,2026-09-30,761.6900024414062,2026-09-18 23:53:39.265099
SPY260930C00475000,2026-09-17 19:51:13+00:00,475.0,287.83,286.31,290.21,0.0,0.0,105.0,0.0,1.3066440917968747,True,REGULAR,USD,2026-09-30,761.6900024414062,2026-09-18 23:53:39.265099
SPY260930C00480000,2026-09-17 19:56:14+00:00,480.0,283.08,281.32,285.22,0.0,0.0,2.0,0.0,1.2827184301757812,True,REGULAR,USD,2026-09-30,761.6900024414062,2026-09-18 23:53:39.265099
SPY260930C00485000,2026-09-17 19:56:51+00:00,485.0,278.1,276.29,280.23,0.0,0.0,40.0,0.0,1.2563513745117185,True,REGULAR,USD,2026-09-30,761.6900024414062,2026-09-18 23:53:39.265099
SPY260930C00490000,2026-09-18 14:31:40+00:00,490.0,269.47,271.33,275.23,-3.350006,-1.227918,1.0,1.0,1.2338905493164063,True,REGULAR,USD,2026-09-30,761.6900024414062,2026-09-18 23:53:39.265099
SPY260930C00495000,2026-09-17 19:55:58+00:00,495.0,268.1,266.39,270.24,0.0,0.0,25.0,0.0,1.2138711181640622,True,REGULAR,USD,2026-09-30,761.6900024414062,2026-09-18 23:53:39.265099
SPY260930C00500000,2026-09-17 19:51:41+00:00,500.0,263.08,261.34,265.25,0.0,0.0,50.0,0.0,1.1867716442871092,True,REGULAR,USD,2026-09-30,761.6900024414062,2026-09-18 23:53:39.265099
SPY260930C00505000,2026-09-17 19:56:51+00:00,505.0,258.12,256.35,260.26,0.0,0.0,30.0,0.0,1.1635784008789063,True,REGULAR,USD,2026-09-30,761.6900024414062,2026-09-18 23:53:39.265099
SPY260930C00510000,2026-09-17 19:56:14+00:00,510.0,253.09,251.41,255.26,0.0,0.0,5.0,1.0,1.1430706909179689,True,REGULAR,USD,2026-09-30,761.6900024414062,2026-09-18 23:53:39.265099
SPY260930C00515000,2026-09-17 19:51:41+00:00,515.0,248.08,246.36,250.27,0.0,0.0,50.0,0.0,1.1167036352539061,True,REGULAR,USD,2026-09-30,761.6900024414062,2026-09-18 23:53:39.265099
SPY260930C00520000,2026-09-17 19:56:51+00:00,520.0,243.12,241.37,245.28,0.0,0.0,30.0,0.0,1.093998670654297,True,REGULAR,USD,2026-09-30,761.6900024414062,2026-09-18 23:53:39.265099
SPY260930C00525000,2026-09-17 19:56:14+00:00,525.0,238.07,236.38,240.28,0.0,0.0,5.0,0.0,1.071049566650391,True,REGULAR,USD,2026-09-30,761.6900024414062,2026-09-18 23:53:39.265099
SPY260930C00530000,2026-09-17 19:51:41+00:00,530.0,232.94,231.35,235.29,0.0,0.0,50.0,0.0,1.046513556518555,True,REGULAR,USD,2026-09-30,761.6900024414062,2026-09-18 23:53:39.265099
SPY260930C00535000,2026-09-17 19:51:41+00:00,535.0,227.84,226.39,230.3,0.0,0.0,50.0,0.0,1.0261279162597656,True,REGULAR,USD,2026-09-30,761.6900024414062,2026-09-18 23:53:39.265099
SPY260930C00540000,2026-09-18 19:05:16+00:00,540.0,221.77,221.4,225.31,-1.0399933,-0.4667624,27.0,27.0,1.0039112304687499,True,REGULAR,USD,2026-09-30,761.6900024414062,2026-09-18 23:53:39.265099
SPY260930C00545000,2026-09-17 19:56:14+00:00,545.0,218.07,216.37,220.31,0.0,0.0,5.0,0.0,0.9794923925781251,True,REGULAR,USD,2026-09-30,761.6900024414062,2026-09-18 23:53:39.265099
SPY260930C00550000,2026-09-17 19:55:58+00:00,550.0,213.07,211.41,215.32,0.0,0.0,20.0,0.0,0.9592289233398437,True,REGULAR,USD,2026-09-30,761.6900024414062,2026-09-18 23:53:39.265099
SPY260930C00555000,2026-09-17 19:55:58+00:00,555.0,208.07,206.42,210.33,0.0,0.0,5.0,1.0,0.9376226940917969,True,REGULAR,USD,2026-09-30,761.6900024414062,2026-09-18 23:53:39.265099
SPY260930C00560000,2026-09-17 19:55:58+00:00,560.0,203.07,201.48,205.34,0.0,0.0,20.0,2.0,0.9184578466796876,True,REGULAR,USD,2026-09-30,761.6900024414062,2026-09-18 23:53:39.265099
SPY260930C00565000,2026-09-17 19:55:58+00:00,565.0,198.07,196.43,200.35,0.0,0.0,5.0,0.0,0.8940440283203124,True,REGULAR,USD,2026-09-30,761.6900024414062,2026-09-18 23:53:39.265099
SPY260930C00570000,2026-09-17 19:51:13+00:00,570.0,192.84,191.44,195.36,0.0,0.0,75.0,1.0,0.8728040063476561,True,REGULAR,USD,2026-09-30,761.6900024414062,2026-09-18 23:53:39.265099
SPY260930C00575000,2026-09-17 19:55:22+00:00,575.0,188.19,186.45,190.36,0.0,0.0,250.0,0.0,0.8510757080078125,True,REGULAR,USD,2026-09-30,761.6900024414062,2026-09-18 23:53:39.265099
SPY260930C00580000,2026-09-17 19:55:58+00:00,580.0,183.07,181.51,185.38,0.0,0.0,5.0,2.0,0.8327653442382811,True,REGULAR,USD,2026-09-30,761.6900024414062,2026-09-18 23:53:39.265099
SPY260930C00585000,2026-09-17 19:51:02+00:00,585.0,177.97,176.43,180.38,0.0,0.0,500.0,0.0,0.8071308349609375,True,REGULAR,USD,2026-09-30,761.6900024414062,2026-09-18 23:53:39.265099
SPY260930C00590000,2026-09-17 19:51:29+00:00,590.0,172.9,171.44,175.39,0.0,0.0,95.0,0.0,0.7862570202636718,True,REGULAR,USD,2026-09-30,761.6900024414062,2026-09-18 23:53:39.265099
SPY260930C00594000,2026-09-18 14:14:57+00:00,594.0,165.7,167.48,171.4,-3.5,-2.068558,4.0,4.0,0.7709983837890625,True,REGULAR,USD,2026-09-30,761.6900024414062,2026-09-18 23:53:39.265099
SPY260930C00595000,2026-09-17 19:55:22+00:00,595.0,167.94,166.48,170.4,0.0,0.0,250.0,0.0,0.7666038964843751,True,REGULAR,USD,2026-09-30,761.6900024414062,2026-09-18 23:53:39.265099
SPY260930C00596000,2026-09-17 19:51:18+00:00,596.0,166.82,165.45,169.4,0.0,0.0,5.0,0.0,0.7609887182617189,True,REGULAR,USD,2026-09-30,761.6900024414062,2026-09-18 23:53:39.265099
SPY260930C00597000,2026-09-17 19:55:58+00:00,597.0,166.1,164.48,168.41,0.0,0.0,10.0,0.0,0.7584252673339844,True,REGULAR,USD,2026-09-30,761.6900024414062,2026-09-18 23:53:39.265099
SPY260930C00598000,2026-09-17 19:57:11+00:00,598.0,165.21,163.54,167.41,0.0,0.0,1500.0,0.0,0.7565942309570313,True,REGULAR,USD,2026-09-30,761.6900024414062,2026-09-18 23:53:39.265099
SPY260930C00599000,2026-09-17 19:57:11+00:00,599.0,164.21,162.54,166.41,0.0,0.0,1500.0,0.0,0.7521997436523438,True,REGULAR,USD,2026-09-30,761.6900024414062,2026-09-18 23:53:39.265099
SPY260930C00600000,2026-09-17 19:57:11+00:00,600.0,163.11,161.49,165.41,0.0,0.0,1502.0,6.0,0.7458521508789062,True,REGULAR,USD,2026-09-30,761.6900024414062,2026-09-18 23:53:39.265099
SPY260930C00601000,2026-09-17 19:50:56+00:00,601.0,161.91,160.49,164.41,0.0,0.0,750.0,0.0,0.7415797326660156,True,REGULAR,USD,2026-09-30,761.6900024414062,2026-09-18 23:53:39.265099
SPY260930C00602000,2026-09-17 19:51:41+00:00,602.0,160.97,159.46,163.42,0.0,0.0,50.0,0.0,0.7364528308105469,True,REGULAR,USD,2026-09-30,761.6900024414062,2026-09-18 23:53:39.265099
SPY260930C00603000,2026-09-17 19:51:41+00:00,603.0,160.01,158.46,162.42,0.0,0.0,50.0,0.0,0.7321804125976561,True,REGULAR,USD,2026-09-30,761.6900024414062,2026-09-18 23:53:39.265099
SPY260930C00604000,2026-09-17 19:51:41+00:00,604.0,159.01,157.55,161.42,0.0,0.0,50.0,0.0,0.7314479980468749,True,REGULAR,USD,2026-09-30,761.6900024414062,2026-09-18 23:53:39.265099
SPY260930C00605000,2026-09-17 19:57:11+00:00,605.0,158.11,156.55,160.42,0.0,0.0,1500.0,0.0,0.7271755798339843,True,REGULAR,USD,2026-09-30,761.6900024414062,2026-09-18 23:53:39.265099
SPY260930C00606000,2026-09-17 19:57:11+00:00,606.0,157.21,155.5,159.43,0.0,0.0,1500.0,0.0,0.7211941943359376,True,REGULAR,USD,2026-09-30,761.6900024414062,2026-09-18 23:53:39.265099
SPY260930C00607000,2026-09-17 19:53:49+00:00,607.0,156.22,154.5,158.43,0.0,0.0,15.0,0.0,0.7169217761230469,True,REGULAR,USD,2026-09-30,761.6900024414062,2026-09-18 23:53:39.265099
SPY260930C00608000,2026-09-17 19:51:23+00:00,608.0,154.87,153.47,157.43,0.0,0.0,150.0,0.0,0.7114286669921875,True,REGULAR,USD,2026-09-30,761.6900024414062,2026-09-18 23:53:39.265099
SPY260930C00609000,2026-09-17 19:51:41+00:00,609.0,154.01,152.47,156.43,0.0,0.0,50.0,0.0,0.7071562487792968,True,REGULAR,USD,2026-09-30,761.6900024414062,2026-09-18 23:53:39.265099
SPY260930C00610000,2026-09-17 19:51:02+00:00,610.0,152.92,151.56,155.43,0.0,0.0,500.0,0.0,0.7064238342285156,True,REGULAR,USD,2026-09-30,761.6900024414062,2026-09-18 23:53:39.265099
SPY260930C00611000,2026-09-17 19:50:56+00:00,611.0,151.81,150.51,154.44,0.0,0.0,1000.0,0.0,0.7005645178222657,True,REGULAR,USD,2026-09-30,761.6900024414062,2026-09-18 23:53:39.265099
SPY260930C00612000,2026-09-17 19:51:07+00:00,612.0,151.03,149.51,153.44,0.0,0.0,100.0,0.0,0.6962920996093751,True,REGULAR,USD,2026-09-30,761.6900024414062,2026-09-18 23:53:39.265099
SPY260930C00613000,2026-09-17 19:51:41+00:00,613.0,150.01,148.48,152.44,0.0,0.0,50.0,0.0,0.6909210595703126,True,REGULAR,USD,2026-09-30,761.6900024414062,2026-09-18 23:53:39.265099
SPY260930C00614000,2026-09-17 19:55:58+00:00,614.0,149.1,147.48,151.44,0.0,0.0,10.0,0.0,0.686648641357422,True,REGULAR,USD,2026-09-30,761.6900024414062,2026-09-18 23:53:39.265099
SPY260930C00615000,2026-09-17 19:59:40+00:00,615.0,147.95,146.48,150.44,0.0,0.0,361.0,0.0,0.6823762231445314,True,REGULAR,USD,2026-09-30,761.6900024414062,2026-09-18 23:53:39.265099
SPY260930C00616000,2026-09-17 19:53:45+00:00,616.0,147.03,145.57,149.45,0.0,0.0,200.0,0.0,0.681887946777344,True,REGULAR,USD,2026-09-30,761.6900024414062,2026-09-18 23:53:39.265099
SPY260930C00617000,2026-09-17 19:51:07+00:00,617.0,146.03,144.52,148.45,0.0,0.0,100.0,0.0,0.6757844921875001,True,REGULAR,USD,2026-09-30,761.6900024414062,2026-09-18 23:53:39.265099
SPY260930C00618000,2026-09-17 19:53:45+00:00,618.0,144.75,143.52,147.45,0.0,0.0,200.0,0.0,0.6715120739746094,True,REGULAR,USD,2026-09-30,761.6900024414062,2026-09-18 23:53:39.265099
SPY260930C00619000,2026-09-17 19:51:29+00:00,619.0,144.11,142.5,146.45,0.0,0.0,50.0,0.0,0.6665072412109377,True,REGULAR,USD,2026-09-30,761.6900024414062,2026-09-18 23:53:39.265099
SPY260930C00620000,2026-09-17 19:52:22+00:00,620.0,143.21,141.49,145.46,0.0,0.0,1001.0,1.0,0.662234822998047,True,REGULAR,USD,2026-09-30,761.6900024414062,2026-09-18 23:53:39.265099
SPY260930C00621000,2026-09-17 19:55:22+00:00,621.0,142.1,140.58,144.46,0.0,0.0,50.0,0.0,0.661258270263672,True,REGULAR,USD,2026-09-30,761.6900024414062,2026-09-18 23:53:39.265099
SPY260930C00622000,2026-09-17 19:55:58+00:00,622.0,141.0,139.53,143.46,0.0,0.0,10.0,0.0,0.6551548156738283,True,REGULAR,USD,2026-09-30,761.6900024414062,2026-09-18 23:53:39.265099
SPY260930C00623000,2026-09-18 14:19:08+00:00,623.0,136.83,138.53,142.46,-3.149994,-2.250317,2.0,2.0,0.6508823974609376,True,REGULAR,USD,2026-09-30,761.6900024414062,2026-09-18 23:53:39.265099
SPY260930C00624000,2026-09-17 19:56:14+00:00,624.0,139.09,137.51,141.46,0.0,0.0,5.0,0.0,0.6459996337890624,True,REGULAR,USD,2026-09-30,761.6900024414062,2026-09-18 23:53:39.265099
SPY260930C00625000,2026-09-17 19:55:22+00:00,625.0,138.19,136.5,140.47,0.0,0.0,250.0,0.0,0.641727215576172,True,REGULAR,USD,2026-09-30,761.6900024414062,2026-09-18 23:53:39.265099
SPY260930C00626000,2026-09-17 19:53:45+00:00,626.0,137.4,135.59,139.47,0.0,0.0,200.0,0.0,0.6407506628417969,True,REGULAR,USD,2026-09-30,761.6900024414062,2026-09-18 23:53:39.265099
SPY260930C00627000,2026-09-17 19:51:23+00:00,627.0,135.88,134.54,138.47,0.0,0.0,163.0,0.0,0.6347692773437501,True,REGULAR,USD,2026-09-30,761.6900024414062,2026-09-18 23:53:39.265099
SPY260930C00628000,2026-09-17 19:53:49+00:00,628.0,135.27,133.54,137.47,0.0,0.0,15.0,0.0,0.6304968591308593,True,REGULAR,USD,2026-09-30,761.6900024414062,2026-09-18 23:53:39.265099
SPY260930C00629000,2026-09-17 19:53:45+00:00,629.0,134.4,132.51,136.48,0.0,0.0,200.0,0.0,0.6254920263671876,True,REGULAR,USD,2026-09-30,761.6900024414062,2026-09-18 23:53:39.265099
SPY260930C00630000,2026-09-17 19:50:56+00:00,630.0,132.89,131.52,135.48,0.0,0.0,1000.0,1.0,0.6215858154296876,True,REGULAR,USD,2026-09-30,761.6900024414062,2026-09-18 23:53:39.265099
SPY260930C00631000,2026-09-17 19:50:56+00:00,631.0,131.89,130.61,134.48,0.0,0.0,750.0,1.0,0.6206092626953126,True,REGULAR,USD,2026-09-30,761.6900024414062,2026-09-18 23:53:39.265099
SPY260930C00632000,2026-09-17 19:55:40+00:00,632.0,131.06,129.55,133.48,0.0,0.0,150.0,0.0,0.614261669921875,True,REGULAR,USD,2026-09-30,761.6900024414062,2026-09-18 23:53:39.265099
SPY260930C00633000,2026-09-17 19:55:47+00:00,633.0,130.29,128.53,132.48,0.0,0.0,300.0,3.0,0.6093789062500001,True,REGULAR,USD,2026-09-30,761.6900024414062,2026-09-18 23:53:39.265099
SPY260930C00634000,2026-09-17 19:55:40+00:00,634.0,129.05,127.52,131.49,0.0,0.0,150.0,0.0,0.6051064880371095,True,REGULAR,USD,2026-09-30,761.6900024414062,2026-09-18 23:53:39.265099
SPY260930C00635000,2026-09-17 19:50:56+00:00,635.0,127.85,126.62,130.49,0.0,0.0,510.0,2.0,0.6042520043945314,True,REGULAR,USD,2026-09-30,761.6900024414062,2026-09-18 23:53:39.265099
SPY260930C00636000,2026-09-17 19:55:40+00:00,636.0,127.05,125.62,129.49,0.0,0.0,152.0,0.0,0.6001016552734376,True,REGULAR,USD,2026-09-30,761.6900024414062,2026-09-18 23:53:39.265099
SPY260930C00637000,2026-09-17 19:55:22+00:00,637.0,126.06,124.56,128.49,0.0,0.0,200.0,0.0,0.5937540625000001,True,REGULAR,USD,2026-09-30,761.6900024414062,2026-09-18 23:53:39.265099
SPY260930C00638000,2026-09-17 19:55:47+00:00,638.0,125.29,123.53,127.5,0.0,0.0,300.0,0.0,0.5888712988281251,True,REGULAR,USD,2026-09-30,761.6900024414062,2026-09-18 23:53:39.265099
SPY260930C00639000,2026-09-17 19:51:02+00:00,639.0,123.92,122.54,126.5,0.0,0.0,500.0,0.0,0.5850871569824219,True,REGULAR,USD,2026-09-30,761.6900024414062,2026-09-18 23:53:39.265099
SPY260930C00640000,2026-09-17 19:51:02+00:00,640.0,122.99,121.63,125.5,0.0,0.0,502.0,4.0,0.583866466064453,True,REGULAR,USD,2026-09-30,761.6900024414062,2026-09-18 23:53:39.265099
SPY260930C00641000,2026-09-17 19:55:47+00:00,641.0,121.92,120.57,124.51,0.0,0.0,300.0,0.0,0.5780071496582031,True,REGULAR,USD,2026-09-30,761.6900024414062,2026-09-18 23:53:39.265099
SPY260930C00642000,2026-09-17 19:55:47+00:00,642.0,121.29,119.54,123.51,0.0,0.0,300.0,0.0,0.5727581787109376,True,REGULAR,USD,2026-09-30,761.6900024414062,2026-09-18 23:53:39.265099
SPY260930C00643000,2026-09-17 19:55:53+00:00,643.0,120.0,118.54,122.51,0.0,0.0,150.0,0.0,0.5686078295898438,True,REGULAR,USD,2026-09-30,761.6900024414062,2026-09-18 23:53:39.265099
SPY260930C00644000,2026-09-17 19:55:22+00:00,644.0,119.06,117.64,121.51,0.0,0.0,200.0,3.0,0.5676312768554688,True,REGULAR,USD,2026-09-30,761.6900024414062,2026-09-18 23:53:39.265099
SPY260930C00645000,2026-09-17 19:55:53+00:00,645.0,118.13,116.58,120.52,0.0,0.0,350.0,0.0,0.5617719604492188,True,REGULAR,USD,2026-09-30,761.6900024414062,2026-09-18 23:53:39.265099
SPY260930C00646000,2026-09-17 19:56:51+00:00,646.0,117.11,115.55,119.52,0.0,0.0,25.0,0.0,0.5566450585937501,True,REGULAR,USD,2026-09-30,761.6900024414062,2026-09-18 23:53:39.265099
SPY260930C00647000,2026-09-17 19:55:22+00:00,647.0,116.06,114.55,118.52,0.0,0.0,206.0,0.0,0.5523726403808593,True,REGULAR,USD,2026-09-30,761.6900024414062,2026-09-18 23:53:39.265099
SPY260930C00648000,2026-09-17 19:56:14+00:00,648.0,115.09,113.65,117.52,0.0,0.0,6.0,0.0,0.5513960876464845,True,REGULAR,USD,2026-09-30,761.6900024414062,2026-09-18 23:53:39.265099
SPY260930C00649000,2026-09-17 19:56:35+00:00,649.0,114.1,112.59,116.53,0.0,0.0,25.0,10.0,0.5455367712402344,True,REGULAR,USD,2026-09-30,761.6900024414062,2026-09-18 23:53:39.265099
SPY260930C00650000,2026-09-18 19:47:34+00:00,650.0,112.37,111.56,115.53,-0.7199936,-0.63665545,5.0,7.0,0.5404098693847659,True,REGULAR,USD,2026-09-30,761.6900024414062,2026-09-18 23:53:39.265099
SPY260930C00651000,2026-09-17 19:51:07+00:00,651.0,111.93,110.56,114.53,0.0,0.0,100.0,0.0,0.536259520263672,True,REGULAR,USD,2026-09-30,761.6900024414062,2026-09-18 23:53:39.265099
SPY260930C00652000,2026-09-17 19:55:00+00:00,652.0,110.11,109.66,113.54,0.0,0.0,17.0,0.0,0.5354050366210938,True,REGULAR,USD,2026-09-30,761.6900024414062,2026-09-18 23:53:39.265099
SPY260930C00653000,2026-09-17 19:51:23+00:00,653.0,109.91,108.6,112.54,0.0,0.0,30.0,0.0,0.529423651123047,True,REGULAR,USD,2026-09-30,761.6900024414062,2026-09-18 23:53:39.265099
SPY260930C00654000,2026-09-17 19:53:49+00:00,654.0,109.23,107.57,111.54,0.0,0.0,15.0,0.0,0.5242967492675781,True,REGULAR,USD,2026-09-30,761.6900024414062,2026-09-18 23:53:39.265099
SPY260930C00655000,2026-09-17 19:55:40+00:00,655.0,108.05,106.57,110.55,0.0,0.0,151.0,0.0,0.520390538330078,True,REGULAR,USD,2026-09-30,761.6900024414062,2026-09-18 23:53:39.265099
SPY260930C00656000,2026-09-18 17:04:57+00:00,656.0,103.5,105.67,109.55,-3.5199966,-3.2891018,1.0,3.0,0.5191698474121094,True,REGULAR,USD,2026-09-30,761.6900024414062,2026-09-18 23:53:39.265099
SPY260930C00657000,2026-09-17 19:51:36+00:00,657.0,105.99,104.58,108.55,0.0,0.0,10.0,0.0,0.5123339782714844,True,REGULAR,USD,2026-09-30,761.6900024414062,2026-09-18 23:53:39.265099
SPY260930C00658000,2026-09-17 19:56:35+00:00,658.0,105.1,103.58,107.56,0.0,0.0,25.0,0.0,0.5084277673339843,True,REGULAR,USD,2026-09-30,761.6900024414062,2026-09-18 23:53:39.265099
SPY260930C00659000,2026-09-17 19:51:29+00:00,659.0,103.75,102.68,106.56,0.0,0.0,50.0,0.0,0.5072070764160157,True,REGULAR,USD,2026-09-30,761.6900024414062,2026-09-18 23:53:39.265099
SPY260930C00660000,2026-09-17 19:55:53+00:00,660.0,103.13,101.62,105.1,0.0,0.0,359.0,1.0,0.5776409423828125,True,REGULAR,USD,2026-09-30,761.6900024414062,2026-09-18 23:53:39.265099
SPY260930C00661000,2026-09-17 19:56:51+00:00,661.0,102.12,100.59,104.56,0.0,0.0,15.0,10.0,0.5927775097656252,True,REGULAR,USD,2026-09-30,761.6900024414062,2026-09-18 23:53:39.265099
SPY260930C00662000,2026-09-17 19:53:49+00:00,662.0,101.08,99.59,103.57,0.0,0.0,15.0,0.0,0.5885050915527343,True,REGULAR,USD,2026-09-30,761.6900024414062,2026-09-18 23:53:39.265099
SPY260930C00663000,2026-09-17 19:51:07+00:00,663.0,99.71,98.69,102.57,0.0,0.0,100.0,0.0,0.5837443969726561,True,REGULAR,USD,2026-09-30,761.6900024414062,2026-09-18 23:53:39.265099
SPY260930C00664000,2026-09-17 19:55:22+00:00,664.0,99.06,97.6,101.57,0.0,0.0,210.0,0.0,0.5790447369384766,True,REGULAR,USD,2026-09-30,761.6900024414062,2026-09-18 23:53:39.265099
SPY260930C00665000,2026-09-17 19:55:40+00:00,665.0,98.05,96.6,100.58,0.0,0.0,154.0,1.0,0.5747112841796875,True,REGULAR,USD,2026-09-30,761.6900024414062,2026-09-18 23:53:39.265099
SPY260930C00666000,2026-09-17 19:51:29+00:00,666.0,96.75,95.7,99.58,0.0,0.0,50.0,1.0,0.5699505895996093,True,REGULAR,USD,2026-09-30,761.6900024414062,2026-09-18 23:53:39.265099
SPY260930C00667000,2026-09-17 19:51:23+00:00,667.0,95.89,94.61,98.59,0.0,0.0,100.0,1.0,0.5656781713867188,True,REGULAR,USD,2026-09-30,761.6900024414062,2026-09-18 23:53:39.265099
SPY260930C00668000,2026-09-17 19:55:40+00:00,668.0,95.05,93.61,97.59,0.0,0.0,150.0,0.0,0.5609174768066407,True,REGULAR,USD,2026-09-30,761.6900024414062,2026-09-18 23:53:39.265099
SPY260930C00669000,2026-09-17 19:55:53+00:00,669.0,94.13,92.71,96.59,0.0,0.0,313.0,0.0,0.556217816772461,True,REGULAR,USD,2026-09-30,761.6900024414062,2026-09-18 23:53:39.265099
SPY260930C00670000,2026-09-17 19:57:11+00:00,670.0,93.22,91.62,95.59,0.0,0.0,3015.0,21.0,0.551457122192383,True,REGULAR,USD,2026-09-30,761.6900024414062,2026-09-18 23:53:39.265099
SPY260930C00671000,2026-09-17 19:55:40+00:00,671.0,92.05,90.62,94.6,0.0,0.0,150.0,1.0,0.5471236694335939,True,REGULAR,USD,2026-09-30,761.6900024414062,2026-09-18 23:53:39.265099
SPY260930C00672000,2026-09-17 19:51:29+00:00,672.0,90.75,89.72,93.6,0.0,0.0,50.0,0.0,0.5423629748535157,True,REGULAR,USD,2026-09-30,761.6900024414062,2026-09-18 23:53:39.265099
SPY260930C00673000,2026-09-17 19:51:29+00:00,673.0,90.11,88.68,92.61,0.0,0.0,50.0,0.0,0.5380905566406251,True,REGULAR,USD,2026-09-30,761.6900024414062,2026-09-18 23:53:39.265099
SPY260930C00674000,2026-09-17 19:51:23+00:00,674.0,87.57,87.68,91.61,-1.3199997,-1.4849811,1.0,1.0,0.5333298620605469,True,REGULAR,USD,2026-09-30,761.6900024414062,2026-09-18 23:53:39.265099
SPY260930C00675000,2026-09-18 14:08:04+00:00,675.0,86.78,86.73,90.62,-1.2799988,-1.4535531,19.0,20.0,0.5289353747558594,True,REGULAR,USD,2026-09-30,761.6900024414062,2026-09-18 23:53:39.265099
SPY260930C00676000,2026-09-17 19:51:13+00:00,676.0,86.85,85.69,89.62,0.0,0.0,50.0,0.0,0.5242357147216796,True,REGULAR,USD,2026-09-30,761.6900024414062,2026-09-18 23:53:39.265099
SPY260930C00677000,2026-09-17 19:55:53+00:00,677.0,86.13,84.74,88.62,0.0,0.0,310.0,0.0,0.5194750201416016,True,REGULAR,USD,2026-09-30,761.6900024414062,2026-09-18 23:53:39.265099
SPY260930C00678000,2026-09-17 19:56:35+00:00,678.0,85.09,83.7,87.63,0.0,0.0,25.0,1.0,0.5151415673828125,True,REGULAR,USD,2026-09-30,761.6900024414062,2026-09-18 23:53:39.265099
SPY260930C00679000,2026-09-17 19:51:23+00:00,679.0,83.89,82.7,86.63,0.0,0.0,100.0,0.0,0.5103808728027344,True,REGULAR,USD,2026-09-30,761.6900024414062,2026-09-18 23:53:39.265099
SPY260930C00680000,2026-09-17 19:50:56+00:00,680.0,82.88,81.7,85.64,0.0,0.0,814.0,26.0,0.5059863854980469,True,REGULAR,USD,2026-09-30,761.6900024414062,2026-09-18 23:53:39.265099
SPY260930C00681000,2026-09-17 19:51:13+00:00,681.0,81.84,80.71,84.64,0.0,0.0,53.0,0.0,0.5012256909179689,True,REGULAR,USD,2026-09-30,761.6900024414062,2026-09-18 23:53:39.265099
SPY260930C00682000,2026-09-17 19:53:45+00:00,682.0,81.4,79.76,83.65,0.0,0.0,150.0,0.0,0.4968312036132813,True,REGULAR,USD,2026-09-30,761.6900024414062,2026-09-18 23:53:39.265099
SPY260930C00683000,2026-09-17 19:53:45+00:00,683.0,80.4,78.83,82.65,0.0,0.0,151.0,0.0,0.49207050903320315,True,REGULAR,USD,2026-09-30,761.6900024414062,2026-09-18 23:53:39.265099
SPY260930C00684000,2026-09-17 19:51:13+00:00,684.0,78.78,77.76,81.66,0.0,0.0,50.0,1.0,0.48767602172851565,True,REGULAR,USD,2026-09-30,761.6900024414062,2026-09-18 23:53:39.265099
SPY260930C00685000,2026-09-17 19:55:53+00:00,685.0,78.13,76.72,80.66,0.0,0.0,377.0,1.0,0.48291532714843755,True,REGULAR,USD,2026-09-30,761.6900024414062,2026-09-18 23:53:39.265099
SPY260930C00686000,2026-09-17 19:51:23+00:00,686.0,76.82,75.77,79.67,0.0,0.0,104.0,0.0,0.47852083984375,True,REGULAR,USD,2026-09-30,761.6900024414062,2026-09-18 23:53:39.265099
SPY260930C00687000,2026-09-17 19:55:22+00:00,687.0,76.05,74.73,78.67,0.0,0.0,210.0,4.0,0.4736991107177735,True,REGULAR,USD,2026-09-30,761.6900024414062,2026-09-18 23:53:39.265099
SPY260930C00688000,2026-09-17 18:31:07+00:00,688.0,74.48,73.78,77.68,0.0,0.0,10.0,0.0,0.469304623413086,True,REGULAR,USD,2026-09-30,761.6900024414062,2026-09-18 23:53:39.265099
SPY260930C00689000,2026-09-18 13:38:24+00:00,689.0,72.79,72.75,76.68,1.4400024,2.0182235,1.0,1.0,0.4644828942871094,True,REGULAR,USD,2026-09-30,761.6900024414062,2026-09-18 23:53:39.265099
SPY260930C00690000,2026-09-17 19:53:03+00:00,690.0,74.62,71.79,75.69,0.0,0.0,25.0,17.0,0.4600884069824219,True,REGULAR,USD,2026-09-30,761.6900024414062,2026-09-18 23:53:39.265099
SPY260930C00691000,2026-09-18 13:53:04+00:00,691.0,69.86,70.75,74.69,-1.5199966,-2.1294434,4.0,5.0,0.45526667785644537,True,REGULAR,USD,2026-09-30,761.6900024414062,2026-09-18 23:53:39.265099
SPY260930C00692000,2026-09-17 15:31:50+00:00,692.0,69.55,69.76,73.74,0.0,0.0,10.0,0.0,0.45215391601562505,True,REGULAR,USD,2026-09-30,761.6900024414062,2026-09-18 23:53:39.265099
SPY260930C00693000,2026-09-08 19:51:25+00:00,693.0,74.04,68.88,72.7,0.0,0.0,1.0,0.0,0.44598942687988286,True,REGULAR,USD,2026-09-30,761.6900024414062,2026-09-18 23:53:39.265099
SPY260930C00694000,2026-09-04 17:30:27+00:00,694.0,76.66,67.77,71.72,0.0,0.0,4.0,0.0,0.4419001123046875,True,REGULAR,USD,2026-09-30,761.6900024414062,2026-09-18 23:53:39.265099
SPY260930C00695000,2026-09-18 19:24:50+00:00,695.0,67.02,66.82,70.73,-0.25,-0.37163672,16.0,26.0,0.4373835559082031,True,REGULAR,USD,2026-09-30,761.6900024414062,2026-09-18 23:53:39.265099
SPY260930C00696000,2026-09-04 17:30:27+00:00,696.0,74.69,65.78,69.76,0.0,0.0,4.0,0.0,0.4335994140625,True,REGULAR,USD,2026-09-30,761.6900024414062,2026-09-18 23:53:39.265099
SPY260930C00697000,2026-09-09 14:44:02+00:00,697.0,67.56,64.79,68.73,0.0,0.0,2.0,0.0,0.42774009765625004,True,REGULAR,USD,2026-09-30,761.6900024414062,2026-09-18 23:53:39.265099
SPY260930C00698000,2026-09-17 16:07:58+00:00,698.0,64.21,63.84,67.73,0.0,0.0,2.0,0.0,0.4229183685302734,True,REGULAR,USD,2026-09-30,761.6900024414062,2026-09-18 23:53:39.265099
SPY260930C00699000,2026-09-14 15:57:20+00:00,699.0,63.64,62.8,66.77,0.0,0.0,1705.0,0.0,0.41937836486816404,True,REGULAR,USD,2026-09-30,761.6900024414062,2026-09-18 23:53:39.265099
SPY260930C00700000,2026-09-18 15:01:45+00:00,700.0,60.66,62.0,65.77,-1.9799995,-3.160919,4.0,51.0,0.41449560119628903,True,REGULAR,USD,2026-09-30,761.6900024414062,2026-09-18 23:53:39.265099
SPY260930C00701000,2026-09-16 14:20:32+00:00,701.0,58.79,60.82,64.78,0.0,0.0,302.0,0.0,0.4099790447998046,True,REGULAR,USD,2026-09-30,761.6900024414062,2026-09-18 23:53:39.265099
SPY260930C00702000,2026-09-16 19:33:39+00:00,702.0,50.25,59.94,63.77,0.0,0.0,1.0,0.0,0.40479110839843746,True,REGULAR,USD,2026-09-30,761.6900024414062,2026-09-18 23:53:39.265099
SPY260930C00703000,2026-09-14 15:30:48+00:00,703.0,57.48,58.94,62.78,0.0,0.0,153.0,0.0,0.4002135174560547,True,REGULAR,USD,2026-09-30,761.6900024414062,2026-09-18 23:53:39.265099
SPY260930C00704000,2026-09-17 16:48:19+00:00,704.0,58.41,57.84,61.78,0.0,0.0,5.0,0.0,0.3953307537841797,True,REGULAR,USD,2026-09-30,761.6900024414062,2026-09-18 23:53:39.265099
SPY260930C00705000,2026-09-18 19:29:09+00:00,705.0,57.08,56.85,60.81,-0.79999924,-1.3821687,5.0,18.0,0.3913635083007812,True,REGULAR,USD,2026-09-30,761.6900024414062,2026-09-18 23:53:39.265099
SPY260930C00706000,2026-09-09 13:39:57+00:00,706.0,58.97,55.86,59.82,0.0,0.0,2.0,0.0,0.3867859173583984,True,REGULAR,USD,2026-09-30,761.6900024414062,2026-09-18 23:53:39.265099
SPY260930C00707000,2026-09-17 13:36:59+00:00,707.0,54.32,54.82,58.82,0.0,0.0,1.0,0.0,0.3819031536865234,True,REGULAR,USD,2026-09-30,761.6900024414062,2026-09-18 23:53:39.265099
SPY260930C00708000,2026-09-17 16:48:03+00:00,708.0,54.61,53.88,57.87,0.0,0.0,4.0,0.0,0.3784852191162109,True,REGULAR,USD,2026-09-30,761.6900024414062,2026-09-18 23:53:39.265099
SPY260930C00709000,2026-09-16 14:13:06+00:00,709.0,50.69,52.89,56.9,0.0,0.0,2.0,0.0,0.374456939086914,True,REGULAR,USD,2026-09-30,761.6900024414062,2026-09-18 23:53:39.265099
SPY260930C00710000,2026-09-18 19:34:43+00:00,710.0,51.81,51.9,55.85,-1.0599976,-2.004913,22.0,42.0,0.3679872772216797,True,REGULAR,USD,2026-09-30,761.6900024414062,2026-09-18 23:53:39.265099
SPY260930C00711000,2026-09-10 15:01:38+00:00,711.0,49.48,51.02,54.92,0.0,0.0,198.0,0.0,0.36511865356445317,True,REGULAR,USD,2026-09-30,761.6900024414062,2026-09-18 23:53:39.265099
SPY260930C00712000,2026-09-16 13:44:02+00:00,712.0,49.62,50.03,53.87,2.2299995,4.705633,1.0,1.0,0.35864899169921877,True,REGULAR,USD,2026-09-30,761.6900024414062,2026-09-18 23:53:39.265099
SPY260930C00713000,2026-09-18 19:44:02+00:00,713.0,49.49,48.93,52.95,0.07000351,0.14165017,2.0,0.0,0.3560245062255859,True,REGULAR,USD,2026-09-30,761.6900024414062,2026-09-18 23:53:39.265099
SPY260930C00714000,2026-09-16 17:09:36+00:00,714.0,46.19,47.94,51.95,0.0,0.0,3.0,0.0,0.351019673461914,True,REGULAR,USD,2026-09-30,761.6900024414062,2026-09-18 23:53:39.265099
SPY260930C00715000,2026-09-18 14:32:58+00:00,715.0,45.43,47.07,51.02,-2.6800003,-5.570568,2.0,1.0,0.34802898071289057,True,REGULAR,USD,2026-09-30,761.6900024414062,2026-09-18 23:53:39.265099
SPY260930C00716000,2026-09-16 18:52:47+00:00,716.0,40.8,45.97,49.98,0.0,0.0,41.0,0.0,0.34180345703125,True,REGULAR,USD,2026-09-30,761.6900024414062,2026-09-18 23:53:39.265099
SPY260930C00717000,2026-09-15 14:15:32+00:00,717.0,42.0,45.1,49.0,0.0,0.0,4.0,0.0,0.3373479351806641,True,REGULAR,USD,2026-09-30,761.6900024414062,2026-09-18 23:53:39.265099
SPY260930C00718000,2026-09-17 16:07:58+00:00,718.0,44.22,44.11,48.06,0.0,0.0,4.0,10.0,0.3339300006103516,True,REGULAR,USD,2026-09-30,761.6900024414062,2026-09-18 23:53:39.265099
SPY260930C00719000,2026-09-17 13:42:37+00:00,719.0,42.02,43.02,47.08,0.0,0.0,2.0,0.0,0.3294134442138671,True,REGULAR,USD,2026-09-30,761.6900024414062,2026-09-18 23:53:39.265099
SPY260930C00720000,2026-09-18 20:13:02+00:00,720.0,44.2,42.04,46.11,1.5300026,3.5856636,19.0,37.0,0.32507999145507804,True,REGULAR,USD,2026-09-30,761.6900024414062,2026-09-18 23:53:39.265099
SPY260930C00721000,2026-09-17 16:47:50+00:00,721.0,41.56,41.02,45.13,0.0,0.0,2.0,0.0,0.3205024005126953,True,REGULAR,USD,2026-09-30,761.6900024414062,2026-09-18 23:53:39.265099
SPY260930C00722000,2026-09-18 13:42:06+00:00,722.0,40.46,40.08,44.16,-0.10000229,-0.24655396,4.0,1.0,0.3161689477539062,True,REGULAR,USD,2026-09-30,761.6900024414062,2026-09-18 23:53:39.265099
SPY260930C00723000,2026-09-18 13:38:59+00:00,723.0,39.22,39.1,43.18,0.8199997,2.1354158,24.0,0.0,0.31153032226562494,True,REGULAR,USD,2026-09-30,761.6900024414062,2026-09-18 23:53:39.265099
SPY260930C00724000,2026-09-17 14:18:09+00:00,724.0,37.16,38.23,42.2,0.0,0.0,19.0,110.0,0.3068306622314453,True,REGULAR,USD,2026-09-30,761.6900024414062,2026-09-18 23:53:39.265099
SPY260930C00725000,2026-09-18 15:43:24+00:00,725.0,35.64,37.43,41.07,-2.6100006,-6.823531,9.0,85.0,0.29822479125976553,True,REGULAR,USD,2026-09-30,761.6900024414062,2026-09-18 23:53:39.265099
SPY260930C00726000,2026-09-16 19:58:57+00:00,726.0,29.52,36.46,40.09,0.0,0.0,9.0,598.0,0.2935251312255859,True,REGULAR,USD,2026-09-30,761.6900024414062,2026-09-18 23:53:39.265099
SPY260930C00727000,2026-09-18 16:05:54+00:00,727.0,33.32,35.48,39.12,-0.8600006,-2.516093,2.0,581.0,0.2890696093749999,True,REGULAR,USD,2026-09-30,761.6900024414062,2026-09-18 23:53:39.265099
SPY260930C00728000,2026-09-18 14:33:02+00:00,728.0,32.73,34.48,38.15,0.36999893,1.1433836,4.0,643.0,0.2845530529785155,True,REGULAR,USD,2026-09-30,761.6900024414062,2026-09-18 23:53:39.265099
SPY260930C00729000,2026-09-18 14:07:21+00:00,729.0,31.82,33.51,37.18,-1.0999985,-3.3414292,1.0,560.0,0.28003649658203117,True,REGULAR,USD,2026-09-30,761.6900024414062,2026-09-18 23:53:39.265099
SPY260930C00730000,2026-09-18 20:14:11+00:00,730.0,34.26,32.54,36.21,1.2599983,3.8181767,35.0,5767.0,0.27545890563964837,True,REGULAR,USD,2026-09-30,761.6900024414062,2026-09-18 23:53:39.265099
SPY260930C00731000,2026-09-16 19:57:52+00:00,731.0,24.97,31.69,35.24,0.0,0.0,1.0,1134.0,0.2708813146972656,True,REGULAR,USD,2026-09-30,761.6900024414062,2026-09-18 23:53:39.265099
SPY260930C00732000,2026-09-17 13:47:01+00:00,732.0,29.73,30.64,34.28,0.0,0.0,46.0,878.0,0.2664868273925781,True,REGULAR,USD,2026-09-30,761.6900024414062,2026-09-18 23:53:39.265099
SPY260930C00733000,2026-09-16 18:32:23+00:00,733.0,26.95,29.68,33.32,0.0,0.0,199.0,961.0,0.26203130554199217,True,REGULAR,USD,2026-09-30,761.6900024414062,2026-09-18 23:53:39.265099
SPY260930C00734000,2026-09-18 16:12:44+00:00,734.0,26.4,28.8,32.36,3.5900002,15.738711,16.0,737.0,0.25751474914550787,True,REGULAR,USD,2026-09-30,761.6900024414062,2026-09-18 23:53:39.265099
SPY260930C00735000,2026-09-18 19:59:31+00:00,735.0,28.63,27.76,31.4,-0.11000061,-0.38274395,1.0,1773.0,0.25296767547607424,True,REGULAR,USD,2026-09-30,761.6900024414062,2026-09-18 23:53:39.265099
SPY260930C00736000,2026-09-18 18:06:15+00:00,736.0,25.77,26.81,30.45,6.92,36.710876,29.0,743.0,0.24860370544433597,True,REGULAR,USD,2026-09-30,761.6900024414062,2026-09-18 23:53:39.265099
SPY260930C00737000,2026-09-17 18:18:08+00:00,737.0,24.03,25.86,29.5,-2.4399986,-9.217978,2.0,592.0,0.24417870086669924,True,REGULAR,USD,2026-09-30,761.6900024414062,2026-09-18 23:53:39.265099
SPY260930C00738000,2026-09-18 15:16:02+00:00,738.0,23.71,24.97,28.56,-1.3400002,-5.3493023,7.0,361.0,0.23993679992675776,True,REGULAR,USD,2026-09-30,761.6900024414062,2026-09-18 23:53:39.265099
SPY260930C00739000,2026-09-18 19:05:47+00:00,739.0,24.29,23.97,27.62,-0.66999817,-2.6842875,8.0,304.0,0.2356033471679687,True,REGULAR,USD,2026-09-30,761.6900024414062,2026-09-18 23:53:39.265099
SPY260930C00740000,2026-09-18 16:45:22+00:00,740.0,21.43,23.04,26.68,-1.9899998,-8.49701,450.0,2762.0,0.23120885986328127,True,REGULAR,USD,2026-09-30,761.6900024414062,2026-09-18 23:53:39.265099
SPY260930C00741000,2026-09-18 14:18:57+00:00,741.0,20.7,22.92,25.01,-1.3699989,-6.2075167,1.0,582.0,0.21060970062255857,True,REGULAR,USD,2026-09-30,761.6900024414062,2026-09-18 23:53:39.265099
SPY260930C00742000,2026-09-17 18:55:21+00:00,742.0,21.63,22.03,24.05,0.0,0.0,72.0,1493.0,0.20584900604248046,True,REGULAR,USD,2026-09-30,761.6900024414062,2026-09-18 23:53:39.265099
SPY260930C00743000,2026-09-17 14:40:43+00:00,743.0,20.36,21.16,23.09,0.0,0.0,1.0,862.0,0.20099675964355468,True,REGULAR,USD,2026-09-30,761.6900024414062,2026-09-18 23:53:39.265099
SPY260930C00744000,2026-09-18 13:38:58+00:00,744.0,19.46,20.26,22.16,0.539999,2.8541174,2.0,643.0,0.19675485870361326,True,REGULAR,USD,2026-09-30,761.6900024414062,2026-09-18 23:53:39.265099
SPY260930C00745000,2026-09-18 19:57:00+00:00,745.0,19.1,19.64,20.8,-0.25,-1.2919897,56.0,3992.0,0.18317467224121092,True,REGULAR,USD,2026-09-30,761.6900024414062,2026-09-18 23:53:39.265099
SPY260930C00746000,2026-09-18 13:38:58+00:00,746.0,17.71,18.59,20.44,-0.33000183,-1.8292783,2.0,909.0,0.19089554229736327,True,REGULAR,USD,2026-09-30,761.6900024414062,2026-09-18 23:53:39.265099
SPY260930C00747000,2026-09-18 17:17:20+00:00,747.0,15.56,17.7,19.29,-1.96,-11.187214,86.0,940.0,0.18177087768554687,True,REGULAR,USD,2026-09-30,761.6900024414062,2026-09-18 23:53:39.265099
SPY260930C00748000,2026-09-18 16:05:55+00:00,748.0,14.3,17.08,18.32,-2.5500002,-15.133532,229.0,372.0,0.17633880310058597,True,REGULAR,USD,2026-09-30,761.6900024414062,2026-09-18 23:53:39.265099
SPY260930C00749000,2026-09-18 16:59:44+00:00,749.0,13.84,16.15,17.12,-2.12,-13.283207,915.0,426.0,0.16614603393554692,True,REGULAR,USD,2026-09-30,761.6900024414062,2026-09-18 23:53:39.265099
SPY260930C00750000,2026-09-18 20:14:58+00:00,750.0,15.46,15.46,16.47,0.3800001,2.5198946,821.0,5112.0,0.16697000030517584,True,REGULAR,USD,2026-09-30,761.6900024414062,2026-09-18 23:53:39.265099
SPY260930C00751000,2026-09-18 18:36:08+00:00,751.0,13.1,14.65,16.15,-1.3599997,-9.405253,328.0,1084.0,0.17383638671875,True,REGULAR,USD,2026-09-30,761.6900024414062,2026-09-18 23:53:39.265099
SPY260930C00752000,2026-09-18 18:37:06+00:00,752.0,12.13,13.86,14.52,-1.29,-9.612518,885.0,608.0,0.15515981567382814,True,REGULAR,USD,2026-09-30,761.6900024414062,2026-09-18 23:53:39.265099
SPY260930C00753000,2026-09-18 18:37:14+00:00,753.0,11.36,13.05,13.75,-1.6400003,-12.615387,642.0,604.0,0.15299308929443362,True,REGULAR,USD,2026-09-30,761.6900024414062,2026-09-18 23:53:39.265099
SPY260930C00754000,2026-09-18 17:55:44+00:00,754.0,10.2,12.26,12.86,-1.9099998,-15.772088,738.0,503.0,0.14832394653320313,True,REGULAR,USD,2026-09-30,761.6900024414062,2026-09-18 23:53:39.265099
SPY260930C00755000,2026-09-18 20:10:23+00:00,755.0,11.6,11.44,12.03,0.6500006,5.9360785,2247.0,3551.0,0.14460083923339845,True,REGULAR,USD,2026-09-30,761.6900024414062,2026-09-18 23:53:39.265099
SPY260930C00756000,2026-09-18 20:03:34+00:00,756.0,10.58,10.67,11.26,0.32999992,3.2195115,1676.0,1149.0,0.14173221557617188,True,REGULAR,USD,2026-09-30,761.6900024414062,2026-09-18 23:53:39.265099
SPY260930C00757000,2026-09-18 20:08:32+00:00,757.0,9.85,9.91,10.45,0.35000038,3.6842146,904.0,1550.0,0.13788703918457032,True,REGULAR,USD,2026-09-30,761.6900024414062,2026-09-18 23:53:39.265099
SPY260930C00758000,2026-09-18 20:02:01+00:00,758.0,9.0,9.18,9.66,0.069999695,0.7838711,535.0,1022.0,0.13413341461181644,True,REGULAR,USD,2026-09-30,761.6900024414062,2026-09-18 23:53:39.265099
SPY260930C00759000,2026-09-18 19:55:07+00:00,759.0,8.0,8.46,8.8,-0.27999973,-3.3816395,418.0,1662.0,0.12885392639160154,True,REGULAR,USD,2026-09-30,761.6900024414062,2026-09-18 23:53:39.265099
SPY260930C00760000,2026-09-18 20:14:58+00:00,760.0,8.18,7.78,8.17,0.7300005,9.798664,3645.0,4442.0,0.12729754547119143,True,REGULAR,USD,2026-09-30,761.6900024414062,2026-09-18 23:53:39.265099
SPY260930C00761000,2026-09-18 20:06:37+00:00,761.0,7.02,7.09,7.49,0.19000006,2.7818456,3549.0,5820.0,0.1245204736328125,True,REGULAR,USD,2026-09-30,761.6900024414062,2026-09-18 23:53:39.265099
SPY260930C00762000,2026-09-18 20:14:57+00:00,762.0,6.61,6.52,6.67,0.28999996,4.588607,2846.0,2283.0,0.11893581268310546,False,REGULAR,USD,2026-09-30,761.6900024414062,2026-09-18 23:53:39.265099
SPY260930C00763000,2026-09-18 20:11:48+00:00,763.0,6.13,5.97,6.03,0.48000002,8.495575,663.0,1267.0,0.11609770629882812,False,REGULAR,USD,2026-09-30,761.6900024414062,2026-09-18 23:53:39.265099
SPY260930C00764000,2026-09-18 20:12:37+00:00,764.0,5.51,5.38,5.45,0.29000044,5.5555644,1282.0,1351.0,0.11383942810058593,False,REGULAR,USD,2026-09-30,761.6900024414062,2026-09-18 23:53:39.265099
SPY260930C00765000,2026-09-18 20:12:36+00:00,765.0,4.93,4.82,4.89,0.27999973,6.0214996,1488.0,4648.0,0.1115201153564453,False,REGULAR,USD,2026-09-30,761.6900024414062,2026-09-18 23:53:39.265099
SPY260930C00766000,2026-09-18 20:11:01+00:00,766.0,4.32,4.3,4.36,0.17000008,4.0963874,503.0,1821.0,0.10920080261230468,False,REGULAR,USD,2026-09-30,761.6900024414062,2026-09-18 23:53:39.265099
SPY260930C00767000,2026-09-18 20:13:40+00:00,767.0,3.92,3.81,3.87,0.1500001,3.9787824,408.0,1651.0,0.1070951107788086,False,REGULAR,USD,2026-09-30,761.6900024414062,2026-09-18 23:53:39.265099
SPY260930C00768000,2026-09-18 20:01:37+00:00,768.0,3.12,3.36,3.42,-0.17000008,-5.167176,641.0,1580.0,0.10520303985595703,False,REGULAR,USD,2026-09-30,761.6900024414062,2026-09-18 23:53:39.265099
SPY260930C00769000,2026-09-18 19:59:29+00:00,769.0,2.51,2.94,3.0,-0.4000001,-13.745707,930.0,2502.0,0.10334148620605467,False,REGULAR,USD,2026-09-30,761.6900024414062,2026-09-18 23:53:39.265099
SPY260930C00770000,2026-09-18 20:14:54+00:00,770.0,2.6,2.56,2.61,0.06999993,2.7667959,1732.0,6999.0,0.10144941528320311,False,REGULAR,USD,2026-09-30,761.6900024414062,2026-09-18 23:53:39.265099
SPY260930C00771000,2026-09-18 20:11:06+00:00,771.0,2.26,2.22,2.26,0.029999971,1.3452902,682.0,2065.0,0.09974044799804688,False,REGULAR,USD,2026-09-30,761.6900024414062,2026-09-18 23:53:39.265099
SPY260930C00772000,2026-09-18 20:12:42+00:00,772.0,1.98,1.9,1.95,0.029999971,1.53846,658.0,2226.0,0.0983061361694336,False,REGULAR,USD,2026-09-30,761.6900024414062,2026-09-18 23:53:39.265099
SPY260930C00773000,2026-09-18 20:14:26+00:00,773.0,1.65,1.63,1.66,0.0,0.0,1265.0,2652.0,0.09668872070312501,False,REGULAR,USD,2026-09-30,761.6900024414062,2026-09-18 23:53:39.265099
SPY260930C00774000,2026-09-18 20:12:46+00:00,774.0,1.43,1.38,1.41,-0.03000009,-2.0548007,597.0,1676.0,0.09531544342041016,False,REGULAR,USD,2026-09-30,761.6900024414062,2026-09-18 23:53:39.265099
SPY260930C00775000,2026-09-18 20:14:32+00:00,775.0,1.18,1.17,1.19,-0.05000007,-4.0650463,1623.0,17583.0,0.09406423522949219,False,REGULAR,USD,2026-09-30,761.6900024414062,2026-09-18 23:53:39.265099
SPY260930C00776000,2026-09-18 20:14:23+00:00,776.0,0.99,0.98,1.0,-0.110000014,-10.000002,192.0,1058.0,0.09296561340332031,False,REGULAR,USD,2026-09-30,761.6900024414062,2026-09-18 23:53:39.265099
SPY260930C00777000,2026-09-18 20:14:35+00:00,777.0,0.83,0.82,0.84,-0.15000004,-15.306126,361.0,3741.0,0.09211112976074219,False,REGULAR,USD,2026-09-30,761.6900024414062,2026-09-18 23:53:39.265099
SPY260930C00778000,2026-09-18 20:12:32+00:00,778.0,0.7,0.68,0.7,-0.09000003,-11.392409,1375.0,2861.0,0.0913176806640625,False,REGULAR,USD,2026-09-30,761.6900024414062,2026-09-18 23:53:39.265099
SPY260930C00779000,2026-09-18 20:10:16+00:00,779.0,0.55,0.56,0.57,-0.18,-24.657534,5115.0,5224.0,0.09009698974609376,False,REGULAR,USD,2026-09-30,761.6900024414062,2026-09-18 23:53:39.265099
SPY260930C00780000,2026-09-18 20:14:42+00:00,780.0,0.46,0.46,0.47,-0.08000001,-14.8148155,2501.0,18881.0,0.08948664428710937,False,REGULAR,USD,2026-09-30,761.6900024414062,2026-09-18 23:53:39.265099
SPY260930C00781000,2026-09-18 20:00:55+00:00,781.0,0.31,0.38,0.39,-0.21999997,-41.50943,438.0,2269.0,0.08912043701171876,False,REGULAR,USD,2026-09-30,761.6900024414062,2026-09-18 23:53:39.265099
SPY260930C00782000,2026-09-18 20:00:52+00:00,782.0,0.25,0.31,0.32,-0.18,-41.860466,546.0,1845.0,0.08863216064453125,False,REGULAR,USD,2026-09-30,761.6900024414062,2026-09-18 23:53:39.265099
SPY260930C00783000,2026-09-18 20:14:22+00:00,783.0,0.25,0.25,0.27,-0.110000014,-30.55556,235.0,1214.0,0.088876298828125,False,REGULAR,USD,2026-09-30,761.6900024414062,2026-09-18 23:53:39.265099
SPY260930C00784000,2026-09-18 20:06:20+00:00,784.0,0.2,0.21,0.22,-0.11,-35.48387,498.0,1657.0,0.08851009155273437,False,REGULAR,USD,2026-09-30,761.6900024414062,2026-09-18 23:53:39.265099
SPY260930C00785000,2026-09-18 20:12:29+00:00,785.0,0.18,0.17,0.18,-0.059999987,-24.999994,750.0,5402.0,0.08838802246093751,False,REGULAR,USD,2026-09-30,761.6900024414062,2026-09-18 23:53:39.265099
SPY260930C00786000,2026-09-18 20:07:19+00:00,786.0,0.14,0.14,0.15,-0.06999999,-33.33333,73.0,21442.0,0.08838802246093751,False,REGULAR,USD,2026-09-30,761.6900024414062,2026-09-18 23:53:39.265099
SPY260930C00787000,2026-09-18 19:56:07+00:00,787.0,0.1,0.12,0.13,-0.1,-50.0,717.0,2837.0,0.0893645751953125,False,REGULAR,USD,2026-09-30,761.6900024414062,2026-09-18 23:53:39.265099
SPY260930C00788000,2026-09-18 19:42:40+00:00,788.0,0.07,0.1,0.11,-0.1,-58.82353,798.0,1415.0,0.0898528515625,False,REGULAR,USD,2026-09-30,761.6900024414062,2026-09-18 23:53:39.265099
SPY260930C00789000,2026-09-18 20:04:38+00:00,789.0,0.09,0.09,0.1,-0.049999997,-35.714283,411.0,3823.0,0.0913176806640625,False,REGULAR,USD,2026-09-30,761.6900024414062,2026-09-18 23:53:39.265099
SPY260930C00790000,2026-09-18 20:14:28+00:00,790.0,0.09,0.07,0.08,-0.029999994,-24.999994,1322.0,12617.0,0.090829404296875,False,REGULAR,USD,2026-09-30,761.6900024414062,2026-09-18 23:53:39.265099
SPY260930C00791000,2026-09-18 20:14:17+00:00,791.0,0.07,0.06,0.08,-0.049999997,-41.666664,39.0,1467.0,0.0937590625,False,REGULAR,USD,2026-09-30,761.6900024414062,2026-09-18 23:53:39.265099
SPY260930C00792000,2026-09-18 19:27:04+00:00,792.0,0.05,0.06,0.07,-0.05,-50.0,81.0,1690.0,0.09449147705078126,False,REGULAR,USD,2026-09-30,761.6900024414062,2026-09-18 23:53:39.265099
SPY260930C00793000,2026-09-18 18:54:13+00:00,793.0,0.06,0.05,0.06,-0.02,-25.0,10.0,1863.0,0.09522389160156251,False,REGULAR,USD,2026-09-30,761.6900024414062,2026-09-18 23:53:39.265099
SPY260930C00794000,2026-09-18 19:56:06+00:00,794.0,0.05,0.05,0.06,-0.040000003,-44.444447,277.0,3611.0,0.0976652734375,False,REGULAR,USD,2026-09-30,761.6900024414062,2026-09-18 23:53:39.265099
SPY260930C00795000,2026-09-18 19:58:06+00:00,795.0,0.04,0.04,0.05,-0.04,-50.0,47.0,5029.0,0.0976652734375,False,REGULAR,USD,2026-09-30,761.6900024414062,2026-09-18 23:53:39.265099
SPY260930C00796000,2026-09-18 19:56:21+00:00,796.0,0.03,0.04,0.05,-0.060000002,-66.666664,11.0,1099.0,0.100594931640625,False,REGULAR,USD,2026-09-30,761.6900024414062,2026-09-18 23:53:39.265099
SPY260930C00797000,2026-09-18 19:56:06+00:00,797.0,0.03,0.04,0.05,-0.04,-57.142857,37.0,988.0,0.10303631347656249,False,REGULAR,USD,2026-09-30,761.6900024414062,2026-09-18 23:53:39.265099
SPY260930C00798000,2026-09-18 19:58:06+00:00,798.0,0.03,0.03,0.04,-0.01,-25.0,19.0,1126.0,0.10254803710937499,False,REGULAR,USD,2026-09-30,761.6900024414062,2026-09-18 23:53:39.265099
SPY260930C00799000,2026-09-18 19:57:01+00:00,799.0,0.03,0.03,0.04,-0.03,-50.0,6946.0,1369.0,0.1049894189453125,False,REGULAR,USD,2026-09-30,761.6900024414062,2026-09-18 23:53:39.265099
SPY260930C00800000,2026-09-18 20:04:07+00:00,800.0,0.03,0.03,0.04,-0.020000001,-40.000004,8276.0,61144.0,0.10743080078125,False,REGULAR,USD,2026-09-30,761.6900024414062,2026-09-18 23:53:39.265099
SPY260930C00801000,2026-09-18 18:10:08+00:00,801.0,0.03,0.03,0.04,-0.03,-50.0,206.0,1782.0,0.10938390625,False,REGULAR,USD,2026-09-30,761.6900024414062,2026-09-18 23:53:39.265099
SPY260930C00802000,2026-09-18 18:49:38+00:00,802.0,0.03,0.02,0.03,-0.020000001,-40.000004,6.0,829.0,0.108407353515625,False,REGULAR,USD,2026-09-30,761.6900024414062,2026-09-18 23:53:39.265099
SPY260930C00803000,2026-09-18 18:55:00+00:00,803.0,0.02,0.02,0.03,-0.030000001,-60.0,14.0,3033.0,0.11036045898437499,False,REGULAR,USD,2026-09-30,761.6900024414062,2026-09-18 23:53:39.265099
SPY260930C00804000,2026-09-18 18:53:20+00:00,804.0,0.02,0.02,0.03,-0.030000001,-60.0,7.0,729.0,0.1132901171875,False,REGULAR,USD,2026-09-30,761.6900024414062,2026-09-18 23:53:39.265099
SPY260930C00805000,2026-09-18 18:55:16+00:00,805.0,0.02,0.02,0.03,-0.02,-50.0,41.0,4638.0,0.11524322265625,False,REGULAR,USD,2026-09-30,761.6900024414062,2026-09-18 23:53:39.265099
SPY260930C00806000,2026-09-18 18:53:54+00:00,806.0,0.03,0.02,0.03,-0.01,-25.0,6.0,1236.0,0.117196328125,False,REGULAR,USD,2026-09-30,761.6900024414062,2026-09-18 23:53:39.265099
SPY260930C00807000,2026-09-18 18:55:34+00:00,807.0,0.03,0.02,0.03,-0.01,-25.0,9.0,2417.0,0.12012598632812499,False,REGULAR,USD,2026-09-30,761.6900024414062,2026-09-18 23:53:39.265099
SPY260930C00808000,2026-09-18 19:31:18+00:00,808.0,0.02,0.02,0.03,-0.02,-50.0,16.0,618.0,0.12207909179687501,False,REGULAR,USD,2026-09-30,761.6900024414062,2026-09-18 23:53:39.265099
SPY260930C00809000,2026-09-18 19:36:32+00:00,809.0,0.02,0.02,0.03,-0.01,-33.333336,47.0,7567.0,0.124032197265625,False,REGULAR,USD,2026-09-30,761.6900024414062,2026-09-18 23:53:39.265099
SPY260930C00810000,2026-09-18 19:29:37+00:00,810.0,0.02,0.02,0.03,-0.01,-33.333336,460.0,11228.0,0.12696185546875,False,REGULAR,USD,2026-09-30,761.6900024414062,2026-09-18 23:53:39.265099
SPY260930C00811000,2026-09-18 18:51:18+00:00,811.0,0.02,0.01,0.02,-0.01,-33.333336,59.0,1806.0,0.12305564453125001,False,REGULAR,USD,2026-09-30,761.6900024414062,2026-09-18 23:53:39.265099
SPY260930C00812000,2026-09-18 18:52:26+00:00,812.0,0.01,0.01,0.02,-0.02,-66.66667,56.0,790.0,0.125985302734375,False,REGULAR,USD,2026-09-30,761.6900024414062,2026-09-18 23:53:39.265099
SPY260930C00813000,2026-09-18 18:51:38+00:00,813.0,0.02,0.01,0.02,-0.01,-33.333336,7.0,412.0,0.127938408203125,False,REGULAR,USD,2026-09-30,761.6900024414062,2026-09-18 23:53:39.265099
SPY260930C00814000,2026-09-18 18:52:17+00:00,814.0,0.01,0.01,0.02,-0.02,-66.66667,7.0,3568.0,0.129891513671875,False,REGULAR,USD,2026-09-30,761.6900024414062,2026-09-18 23:53:39.265099
SPY260930C00815000,2026-09-18 18:46:08+00:00,815.0,0.01,0.01,0.02,-0.02,-66.66667,5.0,3991.0,0.131844619140625,False,REGULAR,USD,2026-09-30,761.6900024414062,2026-09-18 23:53:39.265099
SPY260930C00816000,2026-09-18 16:00:33+00:00,816.0,0.01,0.01,0.02,-0.02,-66.66667,10.0,3221.0,0.13477427734375003,False,REGULAR,USD,2026-09-30,761.6900024414062,2026-09-18 23:53:39.265099
SPY260930C00817000,2026-09-17 15:38:45+00:00,817.0,0.02,0.01,0.02,0.0,0.0,4.0,770.0,0.13672738281250002,False,REGULAR,USD,2026-09-30,761.6900024414062,2026-09-18 23:53:39.265099
SPY260930C00818000,2026-09-17 16:13:28+00:00,818.0,0.03,0.01,0.02,0.0,0.0,2.0,276.0,0.13868048828125001,False,REGULAR,USD,2026-09-30,761.6900024414062,2026-09-18 23:53:39.265099
SPY260930C00819000,2026-09-18 14:18:56+00:00,819.0,0.01,0.01,0.02,-0.01,-50.0,4.0,2019.0,0.14063359375,False,REGULAR,USD,2026-09-30,761.6900024414062,2026-09-18 23:53:39.265099
SPY260930C00820000,2026-09-18 17:02:41+00:00,820.0,0.02,0.01,0.02,0.0,0.0,104.0,2919.0,0.14258669921875,False,REGULAR,USD,2026-09-30,761.6900024414062,2026-09-18 23:53:39.265099
SPY260930C00821000,2026-09-18 19:27:13+00:00,821.0,0.01,0.01,0.02,-0.04,-80.00001,201.0,713.0,0.1445398046875,False,REGULAR,USD,2026-09-30,761.6900024414062,2026-09-18 23:53:39.265099
SPY260930C00822000,2026-09-18 14:26:24+00:00,822.0,0.02,0.01,0.02,-0.04,-66.66667,200.0,201.0,0.14649291015625,False,REGULAR,USD,2026-09-30,761.6900024414062,2026-09-18 23:53:39.265099
SPY260930C00823000,2026-09-18 14:20:12+00:00,823.0,0.01,0.01,0.02,-0.01,-50.0,200.0,220.0,0.148446015625,False,REGULAR,USD,2026-09-30,761.6900024414062,2026-09-18 23:53:39.265099
SPY260930C00824000,2026-09-16 19:04:36+00:00,824.0,0.02,0.01,0.02,0.0,0.0,2.0,3733.0,0.15137567382812503,False,REGULAR,USD,2026-09-30,761.6900024414062,2026-09-18 23:53:39.265099
SPY260930C00825000,2026-09-18 14:41:26+00:00,825.0,0.01,0.01,0.02,-0.01,-50.0,213.0,42249.0,0.15332877929687502,False,REGULAR,USD,2026-09-30,761.6900024414062,2026-09-18 23:53:39.265099
SPY260930C00826000,2026-09-18 14:15:53+00:00,826.0,0.01,0.01,0.02,-0.03,-75.0,240.0,13922.0,0.15528188476562502,False,REGULAR,USD,2026-09-30,761.6900024414062,2026-09-18 23:53:39.265099
SPY260930C00827000,2026-09-18 14:13:58+00:00,827.0,0.01,0.01,0.02,-0.01,-50.0,200.0,215.0,0.15821154296875,False,REGULAR,USD,2026-09-30,761.6900024414062,2026-09-18 23:53:39.265099
SPY260930C00828000,2026-09-17 20:09:53+00:00,828.0,0.02,0.01,0.02,0.0,0.0,101.0,1560.0,0.1601646484375,False,REGULAR,USD,2026-09-30,761.6900024414062,2026-09-18 23:53:39.265099
SPY260930C00829000,2026-09-18 14:13:24+00:00,829.0,0.01,0.01,0.02,-0.01,-50.0,200.0,1315.0,0.16211775390625,False,REGULAR,USD,2026-09-30,761.6900024414062,2026-09-18 23:53:39.265099
SPY260930C00830000,2026-09-18 14:11:25+00:00,830.0,0.01,0.0,0.01,0.0,0.0,200.0,2422.0,0.15235222656250003,False,REGULAR,USD,2026-09-30,761.6900024414062,2026-09-18 23:53:39.265099
SPY260930C00831000,2026-09-18 14:10:52+00:00,831.0,0.02,0.0,0.01,0.0,0.0,200.0,482.0,0.1562584375,False,REGULAR,USD,2026-09-30,761.6900024414062,2026-09-18 23:53:39.265099
SPY260930C00832000,2026-09-18 19:36:34+00:00,832.0,0.01,0.0,0.01,0.0,0.0,212.0,916.0,0.1562584375,False,REGULAR,USD,2026-09-30,761.6900024414062,2026-09-18 23:53:39.265099
SPY260930C00833000,2026-09-18 19:31:16+00:00,833.0,0.01,0.0,0.01,0.0,0.0,213.0,198.0,0.1601646484375,False,REGULAR,USD,2026-09-30,761.6900024414062,2026-09-18 23:53:39.265099
SPY260930C00834000,2026-09-18 19:28:37+00:00,834.0,0.01,0.0,0.01,-0.02,-66.66667,392.0,431.0,0.1601646484375,False,REGULAR,USD,2026-09-30,761.6900024414062,2026-09-18 23:53:39.265099
SPY260930C00835000,2026-09-16 17:03:27+00:00,835.0,0.01,0.0,0.01,0.0,0.0,6.0,1080.0,0.16407085937500002,False,REGULAR,USD,2026-09-30,761.6900024414062,2026-09-18 23:53:39.265099
SPY260930C00836000,2026-09-18 18:53:20+00:00,836.0,0.01,0.0,0.01,0.0,0.0,559.0,224.0,0.16407085937500002,False,REGULAR,USD,2026-09-30,761.6900024414062,2026-09-18 23:53:39.265099
SPY260930C00837000,2026-09-18 19:28:37+00:00,837.0,0.01,0.01,0.02,-0.049999997,-83.333336,751.0,372.0,0.17774259765625,False,REGULAR,USD,2026-09-30,761.6900024414062,2026-09-18 23:53:39.265099
SPY260930C00838000,2026-09-18 14:16:46+00:00,838.0,0.01,0.0,0.01,-0.03,-75.0,200.0,727.0,0.16797707031250003,False,REGULAR,USD,2026-09-30,761.6900024414062,2026-09-18 23:53:39.265099
SPY260930C00839000,2026-09-18 18:30:05+00:00,839.0,0.01,0.0,0.01,-0.01,-50.0,40.0,738.0,0.17188328125000002,False,REGULAR,USD,2026-09-30,761.6900024414062,2026-09-18 23:53:39.265099
SPY260930C00840000,2026-09-18 18:10:57+00:00,840.0,0.01,0.0,0.01,-0.01,-50.0,1584.0,676.0,0.17188328125000002,False,REGULAR,USD,2026-09-30,761.6900024414062,2026-09-18 23:53:39.265099
SPY260930C00841000,2026-09-18 18:10:57+00:00,841.0,0.01,0.0,0.01,-0.04,-80.00001,1847.0,107.0,0.1757894921875,False,REGULAR,USD,2026-09-30,761.6900024414062,2026-09-18 23:53:39.265099
SPY260930C00842000,2026-09-18 18:08:28+00:00,842.0,0.01,0.0,0.01,-0.01,-50.0,1700.0,1580.0,0.1757894921875,False,REGULAR,USD,2026-09-30,761.6900024414062,2026-09-18 23:53:39.265099
SPY260930C00843000,2026-09-18 18:08:31+00:00,843.0,0.01,0.0,0.01,-0.01,-50.0,659.0,973.0,0.179695703125,False,REGULAR,USD,2026-09-30,761.6900024414062,2026-09-18 23:53:39.265099
SPY260930C00844000,2026-09-16 16:54:51+00:00,844.0,0.01,0.0,0.01,0.0,0.0,2.0,225.0,0.179695703125,False,REGULAR,USD,2026-09-30,761.6900024414062,2026-09-18 23:53:39.265099
SPY260930C00845000,2026-09-15 15:17:50+00:00,845.0,0.01,0.0,0.01,0.0,0.0,1.0,2254.0,0.18360191406249998,False,REGULAR,USD,2026-09-30,761.6900024414062,2026-09-18 23:53:39.265099
SPY260930C00846000,2026-09-17 15:58:51+00:00,846.0,0.01,0.0,0.01,0.0,0.0,200.0,1107.0,0.18360191406249998,False,REGULAR,USD,2026-09-30,761.6900024414062,2026-09-18 23:53:39.265099
SPY260930C00847000,2026-09-10 19:59:56+00:00,847.0,0.02,0.0,0.01,0.0,0.0,208.0,868.0,0.187508125,False,REGULAR,USD,2026-09-30,761.6900024414062,2026-09-18 23:53:39.265099
SPY260930C00848000,2026-09-11 14:20:03+00:00,848.0,0.01,0.0,0.01,0.0,0.0,1.0,935.0,0.187508125,False,REGULAR,USD,2026-09-30,761.6900024414062,2026-09-18 23:53:39.265099
SPY260930C00849000,2026-09-18 13:42:08+00:00,849.0,0.01,0.0,0.01,-0.01,-50.0,100.0,886.0,0.1914143359375,False,REGULAR,USD,2026-09-30,761.6900024414062,2026-09-18 23:53:39.265099
SPY260930C00850000,2026-09-18 17:18:50+00:00,850.0,0.01,0.0,0.01,-0.01,-50.0,5.0,5818.0,0.1914143359375,False,REGULAR,USD,2026-09-30,761.6900024414062,2026-09-18 23:53:39.265099
SPY260930C00851000,2026-08-31 16:40:32+00:00,851.0,0.03,0.0,0.01,0.0,0.0,15.0,56.0,0.19336744140625,False,REGULAR,USD,2026-09-30,761.6900024414062,2026-09-18 23:53:39.265099
SPY260930C00852000,2026-09-01 18:14:26+00:00,852.0,0.02,0.0,0.01,0.0,0.0,6.0,653.0,0.195320546875,False,REGULAR,USD,2026-09-30,761.6900024414062,2026-09-18 23:53:39.265099
SPY260930C00853000,2026-09-16 19:21:57+00:00,853.0,0.01,0.0,0.01,0.0,0.0,5.0,1443.0,0.19727365234375,False,REGULAR,USD,2026-09-30,761.6900024414062,2026-09-18 23:53:39.265099
SPY260930C00854000,2026-09-09 15:38:58+00:00,854.0,0.03,0.0,0.01,0.0,0.0,2.0,1275.0,0.1992267578125,False,REGULAR,USD,2026-09-30,761.6900024414062,2026-09-18 23:53:39.265099
SPY260930C00855000,2026-09-17 15:58:02+00:00,855.0,0.01,0.0,0.01,0.0,0.0,100.0,371.0,0.20117986328124998,False,REGULAR,USD,2026-09-30,761.6900024414062,2026-09-18 23:53:39.265099
SPY260930C00856000,2026-09-17 17:18:37+00:00,856.0,0.01,0.0,0.01,0.0,0.0,100.0,511.0,0.20313296874999998,False,REGULAR,USD,2026-09-30,761.6900024414062,2026-09-18 23:53:39.265099
SPY260930C00857000,2026-09-01 14:39:40+00:00,857.0,0.02,0.0,0.01,0.0,0.0,600.0,1273.0,0.20313296874999998,False,REGULAR,USD,2026-09-30,761.6900024414062,2026-09-18 23:53:39.265099
SPY260930C00858000,2026-09-08 18:13:25+00:00,858.0,0.02,0.0,0.01,0.0,0.0,20.0,1124.0,0.20703917968749996,False,REGULAR,USD,2026-09-30,761.6900024414062,2026-09-18 23:53:39.265099
SPY260930C00859000,2026-09-16 20:11:12+00:00,859.0,0.01,0.0,0.01,0.0,0.0,2.0,860.0,0.20703917968749996,False,REGULAR,USD,2026-09-30,761.6900024414062,2026-09-18 23:53:39.265099
SPY260930C00860000,2026-09-16 16:45:16+00:00,860.0,0.01,0.0,0.01,0.0,0.0,28.0,820.0,0.21094539062499998,False,REGULAR,USD,2026-09-30,761.6900024414062,2026-09-18 23:53:39.265099
SPY260930C00865000,2026-09-16 16:45:16+00:00,865.0,0.01,0.0,0.01,0.0,0.0,18.0,3582.0,0.21875781249999998,False,REGULAR,USD,2026-09-30,761.6900024414062,2026-09-18 23:53:39.265099
SPY260930C00870000,2026-09-10 20:04:14+00:00,870.0,0.02,0.0,0.01,0.0,0.0,59.0,1404.0,0.22852333984375,False,REGULAR,USD,2026-09-30,761.6900024414062,2026-09-18 23:53:39.265099
SPY260930C00875000,2026-09-03 18:48:40+00:00,875.0,0.03,0.0,0.01,0.0,0.0,30.0,726.0,0.23828886718749998,False,REGULAR,USD,2026-09-30,761.6900024414062,2026-09-18 23:53:39.265099
SPY260930C00880000,2026-09-11 18:01:05+00:00,880.0,0.01,0.0,0.01,0.0,0.0,8.0,995.0,0.2461012890625,False,REGULAR,USD,2026-09-30,761.6900024414062,2026-09-18 23:53:39.265099
SPY260930C00885000,2026-09-10 14:06:20+00:00,885.0,0.01,0.0,0.01,0.0,0.0,63.0,624.0,0.25391371093750004,False,REGULAR,USD,2026-09-30,761.6900024414062,2026-09-18 23:53:39.265099
SPY260930C00890000,2026-09-10 18:31:59+00:00,890.0,0.01,0.0,0.01,0.0,0.0,83.0,625.0,0.26563234375,False,REGULAR,USD,2026-09-30,761.6900024414062,2026-09-18 23:53:39.265099
SPY260930C00895000,2026-08-26 14:21:22+00:00,895.0,0.02,0.0,0.01,0.0,0.0,1.0,4431.0,0.273444765625,False,REGULAR,USD,2026-09-30,761.6900024414062,2026-09-18 23:53:39.265099
SPY260930C00900000,2026-09-17 18:36:11+00:00,900.0,0.01,0.0,0.01,0.0,0.0,1.0,6857.0,0.28125718749999995,False,REGULAR,USD,2026-09-30,761.6900024414062,2026-09-18 23:53:39.265099
SPY261002C00500000,2026-09-18 19:33:19+00:00,500.0,261.57,261.59,265.47,-1.3399963,-0.5096787,4.0,0.0,1.1313519995117187,True,REGULAR,USD,2026-10-02,761.6900024414062,2026-09-18 23:53:39.265099
SPY261002C00505000,2026-09-01 17:00:31+00:00,505.0,257.92,256.61,260.45,0.0,0.0,,0.0,1.1081587561035158,True,REGULAR,USD,2026-10-02,761.6900024414062,2026-09-18 23:53:39.265099
SPY261002C00510000,2026-09-01 17:00:31+00:00,510.0,252.94,251.62,255.48,0.0,0.0,,0.0,1.0874069067382814,True,REGULAR,USD,2026-10-02,761.6900024414062,2026-09-18 23:53:39.265099
SPY261002C00515000,2026-09-01 17:00:31+00:00,515.0,247.95,246.62,250.49,0.0,0.0,,0.0,1.0651902209472657,True,REGULAR,USD,2026-10-02,761.6900024414062,2026-09-18 23:53:39.265099
SPY261002C00520000,2026-09-11 15:23:13+00:00,520.0,245.73,241.63,245.5,0.0,0.0,2.0,0.0,1.043705953369141,True,REGULAR,USD,2026-10-02,761.6900024414062,2026-09-18 23:53:39.265099
SPY261002C00580000,2026-09-11 19:42:35+00:00,580.0,185.28,181.75,185.61,0.0,0.0,,,0.7941915112304687,True,REGULAR,USD,2026-10-02,761.6900024414062,2026-09-18 23:53:39.265099
SPY261002C00590000,2026-09-17 14:30:08+00:00,590.0,171.69,171.91,175.64,0.0,0.0,10.0,0.0,0.7596459582519532,True,REGULAR,USD,2026-10-02,761.6900024414062,2026-09-18 23:53:39.265099
SPY261002C00595000,2026-09-11 14:00:45+00:00,595.0,170.85,166.79,170.65,0.0,0.0,2.0,1.0,0.7348659326171875,True,REGULAR,USD,2026-10-02,761.6900024414062,2026-09-18 23:53:39.265099
SPY261002C00600000,2026-09-14 18:52:23+00:00,600.0,162.63,161.79,165.66,0.0,0.0,2.0,2.0,0.7147245324707032,True,REGULAR,USD,2026-10-02,761.6900024414062,2026-09-18 23:53:39.265099
SPY261002C00605000,2026-09-09 14:26:17+00:00,605.0,158.43,156.81,160.68,0.0,0.0,,0.0,0.6955596850585939,True,REGULAR,USD,2026-10-02,761.6900024414062,2026-09-18 23:53:39.265099
SPY261002C00610000,2026-09-08 16:03:58+00:00,610.0,157.91,151.96,155.69,0.0,0.0,2.0,1.0,0.6805451867675782,True,REGULAR,USD,2026-10-02,761.6900024414062,2026-09-18 23:53:39.265099
SPY261002C00615000,2026-09-14 13:52:18+00:00,615.0,145.63,146.83,150.7,0.0,0.0,2.0,0.0,0.6562534375000001,True,REGULAR,USD,2026-10-02,761.6900024414062,2026-09-18 23:53:39.265099
SPY261002C00620000,2026-09-18 15:40:11+00:00,620.0,140.44,141.86,145.72,-1.7399902,-1.223794,20.0,0.0,0.637576866455078,True,REGULAR,USD,2026-10-02,761.6900024414062,2026-09-18 23:53:39.265099
SPY261002C00625000,2026-09-09 14:02:11+00:00,625.0,139.15,136.86,140.73,0.0,0.0,2.0,0.0,0.6175575354003908,True,REGULAR,USD,2026-10-02,761.6900024414062,2026-09-18 23:53:39.265099
SPY261002C00630000,2026-09-11 15:04:32+00:00,630.0,134.74,131.89,135.75,0.0,0.0,1.0,0.0,0.5990030334472658,True,REGULAR,USD,2026-10-02,761.6900024414062,2026-09-18 23:53:39.265099
SPY261002C00635000,2026-09-09 14:02:11+00:00,635.0,129.18,126.89,130.78,0.0,0.0,2.0,0.0,0.5797161169433593,True,REGULAR,USD,2026-10-02,761.6900024414062,2026-09-18 23:53:39.265099
SPY261002C00640000,2026-09-09 14:02:11+00:00,640.0,124.19,122.05,125.78,0.0,0.0,,,0.5642133422851563,True,REGULAR,USD,2026-10-02,761.6900024414062,2026-09-18 23:53:39.265099
SPY261002C00645000,2026-09-09 14:02:11+00:00,645.0,119.21,116.94,120.8,0.0,0.0,,,0.5415084912109377,True,REGULAR,USD,2026-10-02,761.6900024414062,2026-09-18 23:53:39.265099
SPY261002C00650000,2026-09-18 14:11:44+00:00,650.0,110.69,111.94,115.81,3.100006,2.8813145,21.0,1.0,0.5217332983398437,True,REGULAR,USD,2026-10-02,761.6900024414062,2026-09-18 23:53:39.265099
SPY261002C00655000,2026-09-16 20:00:30+00:00,655.0,99.18,107.0,110.86,0.0,0.0,2.0,2.0,0.5045825909423829,True,REGULAR,USD,2026-10-02,761.6900024414062,2026-09-18 23:53:39.265099
SPY261002C00660000,2026-09-18 15:01:24+00:00,660.0,100.83,102.02,105.87,-1.8699951,-1.8208327,4.0,4.0,0.5681805877685546,True,REGULAR,USD,2026-10-02,761.6900024414062,2026-09-18 23:53:39.265099
SPY261002C00665000,2026-09-16 14:23:16+00:00,665.0,94.08,97.04,100.9,0.0,0.0,2.0,1.0,0.547001600341797,True,REGULAR,USD,2026-10-02,761.6900024414062,2026-09-18 23:53:39.265099
SPY261002C00670000,2026-09-16 14:40:43+00:00,670.0,89.42,92.06,95.92,0.0,0.0,4.0,0.0,0.52539537109375,True,REGULAR,USD,2026-10-02,761.6900024414062,2026-09-18 23:53:39.265099
SPY261002C00675000,2026-09-16 14:23:46+00:00,675.0,84.06,87.07,90.95,0.0,0.0,2.0,0.0,0.5040943145751953,True,REGULAR,USD,2026-10-02,761.6900024414062,2026-09-18 23:53:39.265099
SPY261002C00680000,2026-09-18 14:59:54+00:00,680.0,81.17,82.12,85.98,-1.5600052,-1.8856583,1.0,0.0,0.4826711889648438,True,REGULAR,USD,2026-10-02,761.6900024414062,2026-09-18 23:53:39.265099
SPY261002C00685000,2026-09-17 15:35:48+00:00,685.0,76.82,77.15,81.01,0.0,0.0,8.0,1.0,0.4611870288085938,True,REGULAR,USD,2026-10-02,761.6900024414062,2026-09-18 23:53:39.265099
SPY261002C00690000,2026-09-17 15:33:28+00:00,690.0,71.52,72.18,76.11,0.0,0.0,10.0,0.0,0.44171700866699215,True,REGULAR,USD,2026-10-02,761.6900024414062,2026-09-18 23:53:39.265099
SPY261002C00695000,2026-09-18 15:05:04+00:00,695.0,66.08,67.23,71.16,-1.5299988,-2.2629771,2.0,33.0,0.420476986694336,True,REGULAR,USD,2026-10-02,761.6900024414062,2026-09-18 23:53:39.265099
SPY261002C00700000,2026-09-18 14:10:16+00:00,700.0,59.52,62.25,66.23,-2.1100006,-3.4236581,500.0,7.0,0.39954213745117195,True,REGULAR,USD,2026-10-02,761.6900024414062,2026-09-18 23:53:39.265099
SPY261002C00705000,2026-09-18 13:54:31+00:00,705.0,56.6,57.33,61.31,-0.3600006,-0.6320236,1.0,69.0,0.3786683227539062,True,REGULAR,USD,2026-10-02,761.6900024414062,2026-09-18 23:53:39.265099
SPY261002C00710000,2026-09-18 15:38:06+00:00,710.0,51.25,52.51,56.4,-1.6500015,-3.1190953,2.0,238.0,0.35767243896484374,True,REGULAR,USD,2026-10-02,761.6900024414062,2026-09-18 23:53:39.265099
SPY261002C00715000,2026-09-18 13:30:03+00:00,715.0,48.32,47.6,51.53,0.13999939,0.29057574,1.0,232.0,0.33731741790771486,True,REGULAR,USD,2026-10-02,761.6900024414062,2026-09-18 23:53:39.265099
SPY261002C00720000,2026-09-18 13:50:46+00:00,720.0,42.35,42.88,46.54,-0.9000015,-2.0809283,1.0,105.0,0.31342239318847653,True,REGULAR,USD,2026-10-02,761.6900024414062,2026-09-18 23:53:39.265099
SPY261002C00721000,2026-09-16 19:24:56+00:00,721.0,32.37,42.02,45.57,0.0,0.0,10.0,170.0,0.30930256134033207,True,REGULAR,USD,2026-10-02,761.6900024414062,2026-09-18 23:53:39.265099
SPY261002C00722000,2026-09-17 19:34:47+00:00,722.0,41.05,40.93,44.6,0.0,0.0,6.0,243.0,0.30512169494628905,True,REGULAR,USD,2026-10-02,761.6900024414062,2026-09-18 23:53:39.265099
SPY261002C00723000,2026-09-17 18:30:17+00:00,723.0,40.13,39.96,43.62,0.0,0.0,10.0,206.0,0.30072720764160155,True,REGULAR,USD,2026-10-02,761.6900024414062,2026-09-18 23:53:39.265099
SPY261002C00724000,2026-09-17 17:31:33+00:00,724.0,38.76,39.11,42.65,0.0,0.0,2.0,168.0,0.29651582397460935,True,REGULAR,USD,2026-10-02,761.6900024414062,2026-09-18 23:53:39.265099
SPY261002C00725000,2026-09-18 17:49:25+00:00,725.0,36.71,38.02,41.68,-1.5900002,-4.1514363,3.0,173.0,0.29224340576171864,True,REGULAR,USD,2026-10-02,761.6900024414062,2026-09-18 23:53:39.265099
SPY261002C00726000,2026-09-17 15:26:26+00:00,726.0,35.83,37.05,40.72,0.0,0.0,6.0,196.0,0.2882151257324218,True,REGULAR,USD,2026-10-02,761.6900024414062,2026-09-18 23:53:39.265099
SPY261002C00727000,2026-09-17 15:27:42+00:00,727.0,36.35,36.08,39.75,0.0,0.0,2.0,56.0,0.28388167297363276,True,REGULAR,USD,2026-10-02,761.6900024414062,2026-09-18 23:53:39.265099
SPY261002C00728000,2026-09-18 13:58:13+00:00,728.0,34.15,35.24,38.79,-0.25999832,-0.7555894,1.0,299.0,0.2797923583984374,True,REGULAR,USD,2026-10-02,761.6900024414062,2026-09-18 23:53:39.265099
SPY261002C00729000,2026-09-18 20:06:03+00:00,729.0,35.25,34.16,37.83,1.7400017,5.1924853,1.0,109.0,0.2756420092773437,True,REGULAR,USD,2026-10-02,761.6900024414062,2026-09-18 23:53:39.265099
SPY261002C00730000,2026-09-18 20:11:17+00:00,730.0,35.0,33.2,36.87,1.7099991,5.136675,100.0,105.0,0.2714611428833008,True,REGULAR,USD,2026-10-02,761.6900024414062,2026-09-18 23:53:39.265099
SPY261002C00731000,2026-09-16 20:01:32+00:00,731.0,26.1,32.24,35.91,0.0,0.0,35.0,116.0,0.2672192419433594,True,REGULAR,USD,2026-10-02,761.6900024414062,2026-09-18 23:53:39.265099
SPY261002C00732000,2026-09-16 20:01:23+00:00,732.0,25.32,31.32,34.96,0.0,0.0,25.0,126.0,0.26319096191406255,True,REGULAR,USD,2026-10-02,761.6900024414062,2026-09-18 23:53:39.265099
SPY261002C00733000,2026-09-17 13:33:20+00:00,733.0,30.38,30.37,34.01,0.0,0.0,2.0,70.0,0.2591016473388672,True,REGULAR,USD,2026-10-02,761.6900024414062,2026-09-18 23:53:39.265099
SPY261002C00734000,2026-09-16 19:57:47+00:00,734.0,23.32,29.39,33.06,0.0,0.0,1.0,149.0,0.2549512982177735,True,REGULAR,USD,2026-10-02,761.6900024414062,2026-09-18 23:53:39.265099
SPY261002C00735000,2026-09-17 19:43:18+00:00,735.0,29.03,28.45,32.12,0.0,0.0,5.0,96.0,0.25098405273437496,True,REGULAR,USD,2026-10-02,761.6900024414062,2026-09-18 23:53:39.265099
SPY261002C00736000,2026-09-17 19:50:55+00:00,736.0,28.3,27.51,31.18,0.0,0.0,4.0,63.0,0.2469252554321289,True,REGULAR,USD,2026-10-02,761.6900024414062,2026-09-18 23:53:39.265099
SPY261002C00737000,2026-09-17 17:08:39+00:00,737.0,27.17,26.6,30.25,0.0,0.0,20.0,53.0,0.2430495617675781,True,REGULAR,USD,2026-10-02,761.6900024414062,2026-09-18 23:53:39.265099
SPY261002C00738000,2026-09-18 19:53:31+00:00,738.0,26.06,26.29,28.35,5.8999996,29.265871,2.0,130.0,0.21891039886474606,True,REGULAR,USD,2026-10-02,761.6900024414062,2026-09-18 23:53:39.265099
SPY261002C00739000,2026-09-18 15:07:03+00:00,739.0,24.09,25.4,27.4,1.7000008,7.592679,5.0,77.0,0.21472953247070312,True,REGULAR,USD,2026-10-02,761.6900024414062,2026-09-18 23:53:39.265099
SPY261002C00740000,2026-09-18 19:01:53+00:00,740.0,24.03,24.51,26.44,-0.5,-2.0383203,17.0,87.0,0.2102740106201172,True,REGULAR,USD,2026-10-02,761.6900024414062,2026-09-18 23:53:39.265099
SPY261002C00741000,2026-09-16 20:01:32+00:00,741.0,17.89,23.64,25.49,0.0,0.0,50.0,58.0,0.20600159240722654,True,REGULAR,USD,2026-10-02,761.6900024414062,2026-09-18 23:53:39.265099
SPY261002C00742000,2026-09-17 17:30:31+00:00,742.0,22.19,22.79,24.54,0.0,0.0,31.0,33.0,0.20163762237548827,True,REGULAR,USD,2026-10-02,761.6900024414062,2026-09-18 23:53:39.265099
SPY261002C00743000,2026-09-18 19:04:03+00:00,743.0,21.4,22.2,23.6,-0.6100006,-2.7714703,44.0,180.0,0.19739572143554687,True,REGULAR,USD,2026-10-02,761.6900024414062,2026-09-18 23:53:39.265099
SPY261002C00744000,2026-09-18 18:46:34+00:00,744.0,20.5,21.28,22.67,1.0599995,5.452672,20.0,412.0,0.19330640686035155,True,REGULAR,USD,2026-10-02,761.6900024414062,2026-09-18 23:53:39.265099
SPY261002C00745000,2026-09-18 19:47:02+00:00,745.0,19.83,20.24,21.71,-0.460001,-2.2671316,28.0,649.0,0.18854571228027345,True,REGULAR,USD,2026-10-02,761.6900024414062,2026-09-18 23:53:39.265099
SPY261002C00746000,2026-09-18 18:16:50+00:00,746.0,17.81,19.64,20.79,-1.75,-8.946831,58.0,360.0,0.1844563977050781,True,REGULAR,USD,2026-10-02,761.6900024414062,2026-09-18 23:53:39.265099
SPY261002C00747000,2026-09-18 14:59:43+00:00,747.0,16.97,18.53,19.91,-0.9700012,-5.4069185,69.0,754.0,0.1810384631347656,True,REGULAR,USD,2026-10-02,761.6900024414062,2026-09-18 23:53:39.265099
SPY261002C00748000,2026-09-18 18:23:15+00:00,748.0,16.54,17.97,18.88,0.030000687,0.18171221,14.0,133.0,0.17469087036132813,True,REGULAR,USD,2026-10-02,761.6900024414062,2026-09-18 23:53:39.265099
SPY261002C00749000,2026-09-18 19:47:18+00:00,749.0,16.45,17.15,18.1,-0.48999977,-2.8925605,25.0,278.0,0.17292086853027344,True,REGULAR,USD,2026-10-02,761.6900024414062,2026-09-18 23:53:39.265099
SPY261002C00750000,2026-09-18 20:12:59+00:00,750.0,16.85,16.48,17.05,0.42000008,2.5563,135.0,1826.0,0.16605448211669926,True,REGULAR,USD,2026-10-02,761.6900024414062,2026-09-18 23:53:39.265099
SPY261002C00751000,2026-09-18 16:41:11+00:00,751.0,13.06,15.32,16.33,-2.4299994,-15.687536,4.0,235.0,0.165047412109375,True,REGULAR,USD,2026-10-02,761.6900024414062,2026-09-18 23:53:39.265099
SPY261002C00752000,2026-09-18 20:13:42+00:00,752.0,15.13,14.76,15.48,0.8800001,6.17544,21.0,88.0,0.1615379257202148,True,REGULAR,USD,2026-10-02,761.6900024414062,2026-09-18 23:53:39.265099
SPY261002C00753000,2026-09-18 19:57:31+00:00,753.0,13.46,14.01,14.63,-0.39999962,-2.8860002,9.0,99.0,0.15784533569335937,True,REGULAR,USD,2026-10-02,761.6900024414062,2026-09-18 23:53:39.265099
SPY261002C00754000,2026-09-18 19:57:31+00:00,754.0,12.68,13.22,13.8,-0.43999958,-3.3536553,894.0,433.0,0.15436636657714847,True,REGULAR,USD,2026-10-02,761.6900024414062,2026-09-18 23:53:39.265099
SPY261002C00755000,2026-09-18 20:10:29+00:00,755.0,12.55,12.46,12.99,0.69000053,5.8178797,372.0,612.0,0.15100946655273442,True,REGULAR,USD,2026-10-02,761.6900024414062,2026-09-18 23:53:39.265099
SPY261002C00756000,2026-09-18 20:00:10+00:00,756.0,11.03,11.66,12.18,-0.52000046,-4.502168,251.0,166.0,0.147469462890625,True,REGULAR,USD,2026-10-02,761.6900024414062,2026-09-18 23:53:39.265099
SPY261002C00757000,2026-09-18 19:57:31+00:00,757.0,10.42,10.91,11.4,0.020000458,0.1923121,236.0,563.0,0.1442346319580078,True,REGULAR,USD,2026-10-02,761.6900024414062,2026-09-18 23:53:39.265099
SPY261002C00758000,2026-09-18 20:11:48+00:00,758.0,10.55,10.19,10.64,0.8000002,8.20513,1040.0,568.0,0.14106083557128907,True,REGULAR,USD,2026-10-02,761.6900024414062,2026-09-18 23:53:39.265099
SPY261002C00759000,2026-09-18 20:08:24+00:00,759.0,9.4,9.48,9.89,-0.15000057,-1.5706866,582.0,301.0,0.1378260046386719,True,REGULAR,USD,2026-10-02,761.6900024414062,2026-09-18 23:53:39.265099
SPY261002C00760000,2026-09-18 20:14:42+00:00,760.0,9.17,8.79,9.15,0.72000027,8.520714,4305.0,2149.0,0.13449962188720704,True,REGULAR,USD,2026-10-02,761.6900024414062,2026-09-18 23:53:39.265099
SPY261002C00761000,2026-09-18 20:04:35+00:00,761.0,8.12,8.14,8.48,-0.029999733,-0.3680949,871.0,565.0,0.1320277227783203,True,REGULAR,USD,2026-10-02,761.6900024414062,2026-09-18 23:53:39.265099
SPY261002C00762000,2026-09-18 20:12:50+00:00,762.0,7.73,7.5,7.8,0.49000025,6.767959,1728.0,1030.0,0.12906754730224607,False,REGULAR,USD,2026-10-02,761.6900024414062,2026-09-18 23:53:39.265099
SPY261002C00763000,2026-09-18 20:13:56+00:00,763.0,7.11,7.0,7.07,0.4000001,5.961253,849.0,781.0,0.12497823272705078,False,REGULAR,USD,2026-10-02,761.6900024414062,2026-09-18 23:53:39.265099
SPY261002C00764000,2026-09-18 20:03:28+00:00,764.0,6.12,6.4,6.47,0.009999752,0.16366206,262.0,672.0,0.12265891998291016,False,REGULAR,USD,2026-10-02,761.6900024414062,2026-09-18 23:53:39.265099
SPY261002C00765000,2026-09-18 20:14:54+00:00,765.0,5.89,5.83,5.9,0.37999964,6.8965445,1090.0,2730.0,0.1204616763305664,False,REGULAR,USD,2026-10-02,761.6900024414062,2026-09-18 23:53:39.265099
SPY261002C00766000,2026-09-18 20:14:54+00:00,766.0,5.35,5.29,5.35,-0.099999905,-1.8348607,657.0,902.0,0.11820339813232422,False,REGULAR,USD,2026-10-02,761.6900024414062,2026-09-18 23:53:39.265099
SPY261002C00767000,2026-09-18 20:09:56+00:00,767.0,4.66,4.77,4.84,0.0,0.0,568.0,914.0,0.116219775390625,False,REGULAR,USD,2026-10-02,761.6900024414062,2026-09-18 23:53:39.265099
SPY261002C00768000,2026-09-18 20:13:29+00:00,768.0,4.38,4.29,4.36,-0.069999695,-1.5730269,683.0,844.0,0.11429718719482423,False,REGULAR,USD,2026-10-02,761.6900024414062,2026-09-18 23:53:39.265099
SPY261002C00769000,2026-09-18 20:14:51+00:00,769.0,3.92,3.84,3.9,-0.07999992,-1.9999981,337.0,922.0,0.11231356445312499,False,REGULAR,USD,2026-10-02,761.6900024414062,2026-09-18 23:53:39.265099
SPY261002C00770000,2026-09-18 20:13:14+00:00,770.0,3.47,3.42,3.47,0.06999993,2.0588214,2513.0,3667.0,0.11036045898437499,False,REGULAR,USD,2026-10-02,761.6900024414062,2026-09-18 23:53:39.265099
SPY261002C00771000,2026-09-18 20:13:42+00:00,771.0,3.11,3.03,3.09,0.15999985,5.4237237,195.0,1086.0,0.10886511260986328,False,REGULAR,USD,2026-10-02,761.6900024414062,2026-09-18 23:53:39.265099
SPY261002C00772000,2026-09-18 20:13:01+00:00,772.0,2.75,2.67,2.73,0.07999992,2.9962518,5925.0,10857.0,0.10724769714355468,False,REGULAR,USD,2026-10-02,761.6900024414062,2026-09-18 23:53:39.265099
SPY261002C00773000,2026-09-18 20:14:08+00:00,773.0,2.36,2.35,2.4,-0.05000019,-2.0746965,594.0,1977.0,0.10572183349609374,False,REGULAR,USD,2026-10-02,761.6900024414062,2026-09-18 23:53:39.265099
SPY261002C00774000,2026-09-18 20:14:59+00:00,774.0,2.05,2.05,2.1,-0.01999998,-0.9661827,256.0,2137.0,0.10431803894042967,False,REGULAR,USD,2026-10-02,761.6900024414062,2026-09-18 23:53:39.265099
SPY261002C00775000,2026-09-18 20:14:18+00:00,775.0,1.8,1.79,1.82,-0.100000024,-5.263159,3832.0,3218.0,0.10276165802001952,False,REGULAR,USD,2026-10-02,761.6900024414062,2026-09-18 23:53:39.265099
SPY261002C00776000,2026-09-18 20:13:01+00:00,776.0,1.6,1.55,1.58,-0.16999996,-9.604518,414.0,765.0,0.10160200164794922,False,REGULAR,USD,2026-10-02,761.6900024414062,2026-09-18 23:53:39.265099
SPY261002C00777000,2026-09-18 20:13:42+00:00,777.0,1.39,1.34,1.36,-0.060000062,-4.137935,808.0,803.0,0.10035079345703124,False,REGULAR,USD,2026-10-02,761.6900024414062,2026-09-18 23:53:39.265099
SPY261002C00778000,2026-09-18 20:11:46+00:00,778.0,1.2,1.15,1.17,-0.17999995,-13.043474,595.0,530.0,0.09937424072265624,False,REGULAR,USD,2026-10-02,761.6900024414062,2026-09-18 23:53:39.265099
SPY261002C00779000,2026-09-18 20:03:10+00:00,779.0,0.91,0.98,1.01,-0.14999992,-14.150936,376.0,1236.0,0.09870286071777344,False,REGULAR,USD,2026-10-02,761.6900024414062,2026-09-18 23:53:39.265099
SPY261002C00780000,2026-09-18 20:14:40+00:00,780.0,0.86,0.84,0.86,-0.089999974,-9.473681,1018.0,3446.0,0.09778734252929688,False,REGULAR,USD,2026-10-02,761.6900024414062,2026-09-18 23:53:39.265099
SPY261002C00781000,2026-09-18 20:05:18+00:00,781.0,0.68,0.71,0.74,-0.19999999,-22.72727,653.0,2402.0,0.09729906616210937,False,REGULAR,USD,2026-10-02,761.6900024414062,2026-09-18 23:53:39.265099
SPY261002C00782000,2026-09-18 20:09:37+00:00,782.0,0.57,0.61,0.63,-0.17000002,-22.972975,632.0,971.0,0.09674975524902345,False,REGULAR,USD,2026-10-02,761.6900024414062,2026-09-18 23:53:39.265099
SPY261002C00783000,2026-09-18 20:11:46+00:00,783.0,0.55,0.52,0.54,-0.089999974,-14.062496,132.0,1897.0,0.09644458251953125,False,REGULAR,USD,2026-10-02,761.6900024414062,2026-09-18 23:53:39.265099
SPY261002C00784000,2026-09-18 20:04:47+00:00,784.0,0.42,0.44,0.46,-0.099999994,-19.230768,168.0,870.0,0.09607837524414065,False,REGULAR,USD,2026-10-02,761.6900024414062,2026-09-18 23:53:39.265099
SPY261002C00785000,2026-09-18 20:14:18+00:00,785.0,0.37,0.37,0.39,-0.09,-19.565218,5280.0,2162.0,0.09577320251464845,False,REGULAR,USD,2026-10-02,761.6900024414062,2026-09-18 23:53:39.265099
SPY261002C00786000,2026-09-18 20:14:43+00:00,786.0,0.33,0.32,0.33,-0.099999994,-23.255812,314.0,1168.0,0.09546802978515626,False,REGULAR,USD,2026-10-02,761.6900024414062,2026-09-18 23:53:39.265099
SPY261002C00787000,2026-09-18 19:52:35+00:00,787.0,0.2,0.27,0.29,-0.14999999,-42.85714,308.0,1006.0,0.09607837524414065,False,REGULAR,USD,2026-10-02,761.6900024414062,2026-09-18 23:53:39.265099
SPY261002C00788000,2026-09-18 19:20:38+00:00,788.0,0.18,0.23,0.25,-0.13,-41.935482,158.0,1078.0,0.09620044433593751,False,REGULAR,USD,2026-10-02,761.6900024414062,2026-09-18 23:53:39.265099
SPY261002C00789000,2026-09-18 18:40:38+00:00,789.0,0.15,0.2,0.21,-0.120000005,-44.444443,244.0,951.0,0.09595630615234377,False,REGULAR,USD,2026-10-02,761.6900024414062,2026-09-18 23:53:39.265099
SPY261002C00790000,2026-09-18 20:10:22+00:00,790.0,0.17,0.17,0.19,-0.060000002,-26.086956,369.0,2098.0,0.09705492797851564,False,REGULAR,USD,2026-10-02,761.6900024414062,2026-09-18 23:53:39.265099
SPY261002C00791000,2026-09-18 18:46:02+00:00,791.0,0.12,0.15,0.16,-0.07,-36.842106,54.0,2938.0,0.09693285888671876,False,REGULAR,USD,2026-10-02,761.6900024414062,2026-09-18 23:53:39.265099
SPY261002C00792000,2026-09-18 20:02:00+00:00,792.0,0.12,0.13,0.14,-0.07,-36.842106,183.0,1316.0,0.09754320434570313,False,REGULAR,USD,2026-10-02,761.6900024414062,2026-09-18 23:53:39.265099
SPY261002C00793000,2026-09-18 19:35:40+00:00,793.0,0.09,0.12,0.13,-0.09,-49.999996,180.0,953.0,0.09888596435546876,False,REGULAR,USD,2026-10-02,761.6900024414062,2026-09-18 23:53:39.265099
SPY261002C00794000,2026-09-18 20:11:14+00:00,794.0,0.11,0.1,0.11,-0.049999997,-31.249998,165.0,1383.0,0.0991301025390625,False,REGULAR,USD,2026-10-02,761.6900024414062,2026-09-18 23:53:39.265099
SPY261002C00795000,2026-09-18 20:14:15+00:00,795.0,0.1,0.09,0.1,-0.029999994,-23.076918,84.0,4890.0,0.1001066552734375,False,REGULAR,USD,2026-10-02,761.6900024414062,2026-09-18 23:53:39.265099
SPY261002C00796000,2026-09-18 19:56:38+00:00,796.0,0.07,0.08,0.09,-0.04,-36.363636,4.0,860.0,0.1010832080078125,False,REGULAR,USD,2026-10-02,761.6900024414062,2026-09-18 23:53:39.265099
SPY261002C00797000,2026-09-18 20:11:14+00:00,797.0,0.08,0.08,0.09,-0.04,-33.333336,209.0,1322.0,0.10352458984374999,False,REGULAR,USD,2026-10-02,761.6900024414062,2026-09-18 23:53:39.265099
SPY261002C00798000,2026-09-18 19:56:38+00:00,798.0,0.06,0.07,0.08,-0.040000003,-40.000004,51.0,325.0,0.10425700439453123,False,REGULAR,USD,2026-10-02,761.6900024414062,2026-09-18 23:53:39.265099
SPY261002C00799000,2026-09-17 19:59:41+00:00,799.0,0.1,0.06,0.08,0.0,0.0,601.0,1960.0,0.10669838623046876,False,REGULAR,USD,2026-10-02,761.6900024414062,2026-09-18 23:53:39.265099
SPY261002C00800000,2026-09-18 20:10:48+00:00,800.0,0.06,0.06,0.07,-0.040000003,-40.000004,491.0,7403.0,0.10718666259765625,False,REGULAR,USD,2026-10-02,761.6900024414062,2026-09-18 23:53:39.265099
SPY261002C00801000,2026-09-17 16:38:10+00:00,801.0,0.08,0.06,0.07,0.0,0.0,273.0,790.0,0.10938390625,False,REGULAR,USD,2026-10-02,761.6900024414062,2026-09-18 23:53:39.265099
SPY261002C00802000,2026-09-18 20:11:29+00:00,802.0,0.06,0.05,0.06,-0.02,-25.0,5.0,163.0,0.1098721826171875,False,REGULAR,USD,2026-10-02,761.6900024414062,2026-09-18 23:53:39.265099
SPY261002C00803000,2026-09-18 18:00:06+00:00,803.0,0.05,0.05,0.06,-0.029999997,-37.499996,17.0,212.0,0.11182528808593749,False,REGULAR,USD,2026-10-02,761.6900024414062,2026-09-18 23:53:39.265099
SPY261002C00804000,2026-09-17 17:09:53+00:00,804.0,0.07,0.05,0.06,0.0,0.0,2.0,140.0,0.11426666992187501,False,REGULAR,USD,2026-10-02,761.6900024414062,2026-09-18 23:53:39.265099
SPY261002C00805000,2026-09-18 18:37:45+00:00,805.0,0.05,0.04,0.05,-0.02,-28.571428,43.0,768.0,0.1137783935546875,False,REGULAR,USD,2026-10-02,761.6900024414062,2026-09-18 23:53:39.265099
SPY261002C00806000,2026-09-18 19:50:30+00:00,806.0,0.04,0.04,0.05,-0.030000001,-42.857143,6.0,723.0,0.116219775390625,False,REGULAR,USD,2026-10-02,761.6900024414062,2026-09-18 23:53:39.265099
SPY261002C00807000,2026-09-17 14:32:41+00:00,807.0,0.07,0.04,0.05,0.0,0.0,28.0,285.0,0.118172880859375,False,REGULAR,USD,2026-10-02,761.6900024414062,2026-09-18 23:53:39.265099
SPY261002C00808000,2026-09-18 20:00:41+00:00,808.0,0.04,0.04,0.05,0.0,0.0,5.0,176.0,0.1206142626953125,False,REGULAR,USD,2026-10-02,761.6900024414062,2026-09-18 23:53:39.265099
SPY261002C00809000,2026-09-16 15:49:50+00:00,809.0,0.06,0.03,0.04,0.0,0.0,1.0,138.0,0.11963770996093749,False,REGULAR,USD,2026-10-02,761.6900024414062,2026-09-18 23:53:39.265099
SPY261002C00810000,2026-09-18 18:37:45+00:00,810.0,0.03,0.03,0.04,-0.020000001,-40.000004,2.0,624.0,0.12207909179687501,False,REGULAR,USD,2026-10-02,761.6900024414062,2026-09-18 23:53:39.265099
SPY261002C00811000,2026-09-17 17:05:58+00:00,811.0,0.05,0.03,0.04,0.0,0.0,1.0,533.0,0.124032197265625,False,REGULAR,USD,2026-10-02,761.6900024414062,2026-09-18 23:53:39.265099
SPY261002C00812000,2026-09-17 13:30:02+00:00,812.0,0.04,0.03,0.04,0.0,0.0,3.0,201.0,0.125985302734375,False,REGULAR,USD,2026-10-02,761.6900024414062,2026-09-18 23:53:39.265099
SPY261002C00813000,2026-09-18 16:45:01+00:00,813.0,0.03,0.03,0.04,-0.03,-50.0,10.0,154.0,0.127938408203125,False,REGULAR,USD,2026-10-02,761.6900024414062,2026-09-18 23:53:39.265099
SPY261002C00814000,2026-09-18 20:00:53+00:00,814.0,0.03,0.03,0.04,-0.020000001,-40.000004,49.0,209.0,0.13037979003906247,False,REGULAR,USD,2026-10-02,761.6900024414062,2026-09-18 23:53:39.265099
SPY261002C00815000,2026-09-18 19:36:10+00:00,815.0,0.03,0.02,0.03,-0.01,-25.0,13.0,851.0,0.127938408203125,False,REGULAR,USD,2026-10-02,761.6900024414062,2026-09-18 23:53:39.265099
SPY261002C00816000,2026-09-18 19:50:30+00:00,816.0,0.02,0.02,0.03,-0.04,-66.66667,6.0,83.0,0.13037979003906247,False,REGULAR,USD,2026-10-02,761.6900024414062,2026-09-18 23:53:39.265099
SPY261002C00817000,2026-09-17 19:57:48+00:00,817.0,0.04,0.02,0.03,0.0,0.0,10.0,107.0,0.132821171875,False,REGULAR,USD,2026-10-02,761.6900024414062,2026-09-18 23:53:39.265099
SPY261002C00818000,2026-09-17 15:43:45+00:00,818.0,0.04,0.02,0.03,0.0,0.0,4.0,307.0,0.13477427734375003,False,REGULAR,USD,2026-10-02,761.6900024414062,2026-09-18 23:53:39.265099
SPY261002C00819000,2026-09-15 15:16:15+00:00,819.0,0.04,0.02,0.03,0.0,0.0,14.0,35.0,0.13672738281250002,False,REGULAR,USD,2026-10-02,761.6900024414062,2026-09-18 23:53:39.265099
SPY261002C00820000,2026-09-18 18:19:47+00:00,820.0,0.02,0.02,0.03,-0.01,-33.333336,5.0,323.0,0.13868048828125001,False,REGULAR,USD,2026-10-02,761.6900024414062,2026-09-18 23:53:39.265099
SPY261002C00821000,2026-09-16 19:45:48+00:00,821.0,0.03,0.02,0.03,0.0,0.0,24.0,86.0,0.14063359375,False,REGULAR,USD,2026-10-02,761.6900024414062,2026-09-18 23:53:39.265099
SPY261002C00822000,2026-09-16 16:41:17+00:00,822.0,0.04,0.02,0.03,0.0,0.0,1.0,9.0,0.14258669921875,False,REGULAR,USD,2026-10-02,761.6900024414062,2026-09-18 23:53:39.265099
SPY261002C00823000,2026-09-17 19:55:25+00:00,823.0,0.04,0.01,0.03,0.0,0.0,1.0,141.0,0.1445398046875,False,REGULAR,USD,2026-10-02,761.6900024414062,2026-09-18 23:53:39.265099
SPY261002C00824000,2026-09-11 18:38:35+00:00,824.0,0.05,0.01,0.02,0.0,0.0,11.0,84.0,0.14063359375,False,REGULAR,USD,2026-10-02,761.6900024414062,2026-09-18 23:53:39.265099
SPY261002C00825000,2026-09-18 16:46:44+00:00,825.0,0.02,0.01,0.02,-0.01,-33.333336,9.0,370.0,0.14258669921875,False,REGULAR,USD,2026-10-02,761.6900024414062,2026-09-18 23:53:39.265099
SPY261002C00830000,2026-09-18 19:36:10+00:00,830.0,0.01,0.01,0.02,-0.01,-50.0,13.0,690.0,0.15235222656250003,False,REGULAR,USD,2026-10-02,761.6900024414062,2026-09-18 23:53:39.265099
SPY261002C00835000,2026-09-16 19:04:48+00:00,835.0,0.02,0.01,0.02,0.0,0.0,99.0,642.0,0.16211775390625,False,REGULAR,USD,2026-10-02,761.6900024414062,2026-09-18 23:53:39.265099
SPY261002C00840000,2026-09-17 14:56:15+00:00,840.0,0.02,0.01,0.02,0.0,0.0,10.0,761.0,0.17188328125000002,False,REGULAR,USD,2026-10-02,761.6900024414062,2026-09-18 23:53:39.265099
SPY261002C00845000,2026-09-16 13:52:02+00:00,845.0,0.02,0.0,0.01,0.0,0.0,1.0,115.0,0.16993017578125003,False,REGULAR,USD,2026-10-02,761.6900024414062,2026-09-18 23:53:39.265099
SPY261002C00850000,2026-09-18 18:43:50+00:00,850.0,0.02,0.0,0.01,0.0,0.0,21.0,142.0,0.179695703125,False,REGULAR,USD,2026-10-02,761.6900024414062,2026-09-18 23:53:39.265099
SPY261002C00855000,2026-09-01 14:49:22+00:00,855.0,0.02,0.0,0.01,0.0,0.0,1.0,53.0,0.187508125,False,REGULAR,USD,2026-10-02,761.6900024414062,2026-09-18 23:53:39.265099
SPY261002C00860000,2026-09-17 18:05:43+00:00,860.0,0.01,0.0,0.01,0.0,0.0,3.0,170.0,0.195320546875,False,REGULAR,USD,2026-10-02,761.6900024414062,2026-09-18 23:53:39.265099
SPY261002C00865000,2026-09-18 16:44:38+00:00,865.0,0.01,0.0,0.01,0.0,0.0,50.0,168.0,0.20313296874999998,False,REGULAR,USD,2026-10-02,761.6900024414062,2026-09-18 23:53:39.265099
SPY261002C00870000,2026-09-11 14:19:59+00:00,870.0,0.01,0.0,0.01,0.0,0.0,5.0,56.0,0.21289849609375,False,REGULAR,USD,2026-10-02,761.6900024414062,2026-09-18 23:53:39.265099
SPY261002C00875000,2026-09-16 19:37:15+00:00,875.0,0.01,0.0,0.01,0.0,0.0,10.0,22.0,0.22266402343749997,False,REGULAR,USD,2026-10-02,761.6900024414062,2026-09-18 23:53:39.265099
SPY261002C00880000,2026-09-11 14:08:18+00:00,880.0,0.01,0.0,0.01,0.0,0.0,1.0,14.0,0.2304764453125,False,REGULAR,USD,2026-10-02,761.6900024414062,2026-09-18 23:53:39.265099
SPY261002C00890000,2026-09-04 18:02:41+00:00,890.0,0.01,0.0,0.01,0.0,0.0,10.0,13.0,0.2461012890625,False,REGULAR,USD,2026-10-02,761.6900024414062,2026-09-18 23:53:39.265099
SPY261002C00895000,2026-09-17 18:31:51+00:00,895.0,0.02,0.0,0.01,0.0,0.0,1.0,1.0,0.25391371093750004,False,REGULAR,USD,2026-10-02,761.6900024414062,2026-09-18 23:53:39.265099
SPY261002C00900000,2026-09-10 13:31:08+00:00,900.0,0.01,0.0,0.01,0.0,0.0,5.0,7.0,0.2617261328125,False,REGULAR,USD,2026-10-02,761.6900024414062,2026-09-18 23:53:39.265099
SPY261002C00905000,2026-08-31 15:05:27+00:00,905.0,0.01,0.0,0.01,0.0,0.0,3.0,3.0,0.2695385546875,False,REGULAR,USD,2026-10-02,761.6900024414062,2026-09-18 23:53:39.265099
SPY261002C00910000,2026-08-21 16:20:32+00:00,910.0,0.02,0.0,0.01,0.0,0.0,1.0,1.0,0.27735097656249996,False,REGULAR,USD,2026-10-02,761.6900024414062,2026-09-18 23:53:39.265099
SPY261002C00915000,2026-08-31 17:27:42+00:00,915.0,0.01,0.0,0.01,0.0,0.0,,450.0,0.28516339843749994,False,REGULAR,USD,2026-10-02,761.6900024414062,2026-09-18 23:53:39.265099
SPY261002C00920000,2026-09-03 16:30:10+00:00,920.0,0.01,0.0,0.01,0.0,0.0,540.0,659.0,0.2929758203124999,False,REGULAR,USD,2026-10-02,761.6900024414062,2026-09-18 23:53:39.265099
SPY261002C00925000,2026-09-03 16:30:06+00:00,925.0,0.01,0.0,0.01,0.0,0.0,,320.0,0.3007882421875,False,REGULAR,USD,2026-10-02,761.6900024414062,2026-09-18 23:53:39.265099
SPY261002C00930000,2026-09-18 18:43:50+00:00,930.0,0.01,0.0,0.01,0.0,0.0,1.0,11.0,0.3086006640625,False,REGULAR,USD,2026-10-02,761.6900024414062,2026-09-18 23:53:39.265099
SPY261009C00500000,2026-09-18 19:33:19+00:00,500.0,262.03,262.12,266.0,-2.0299988,-0.7687642,3.0,,0.9781496325683594,True,REGULAR,USD,2026-10-09,761.6900024414062,2026-09-18 23:53:39.265099
SPY261009C00520000,2026-09-08 18:28:49+00:00,520.0,248.11,242.15,246.04,0.0,0.0,,,0.9025888647460938,True,REGULAR,USD,2026-10-09,761.6900024414062,2026-09-18 23:53:39.265099
SPY261009C00550000,2026-09-04 19:35:21+00:00,550.0,220.46,212.24,216.17,0.0,0.0,2.0,0.0,0.7966328930664062,True,REGULAR,USD,2026-10-09,761.6900024414062,2026-09-18 23:53:39.265099
SPY261009C00555000,2026-09-11 19:58:33+00:00,555.0,210.04,207.27,211.19,0.0,0.0,1.0,0.0,0.7796652893066407,True,REGULAR,USD,2026-10-09,761.6900024414062,2026-09-18 23:53:39.265099
SPY261009C00560000,2026-09-02 17:57:47+00:00,560.0,206.28,202.32,206.18,0.0,0.0,,0.0,0.7625756164550781,True,REGULAR,USD,2026-10-09,761.6900024414062,2026-09-18 23:53:39.265099
SPY261009C00565000,2026-09-01 18:29:13+00:00,565.0,197.19,197.33,201.22,0.0,0.0,,0.0,0.7457300817871093,True,REGULAR,USD,2026-10-09,761.6900024414062,2026-09-18 23:53:39.265099
SPY261009C00575000,2026-09-08 13:58:19+00:00,575.0,193.63,187.35,191.26,0.0,0.0,2.0,2.0,0.7110624597167969,True,REGULAR,USD,2026-10-09,761.6900024414062,2026-09-18 23:53:39.265099
SPY261009C00580000,2026-09-15 14:22:47+00:00,580.0,177.78,182.39,186.28,0.0,0.0,2.0,0.0,0.6947052014160158,True,REGULAR,USD,2026-10-09,761.6900024414062,2026-09-18 23:53:39.265099
SPY261009C00585000,2026-09-17 15:37:14+00:00,585.0,176.83,177.42,181.3,0.0,0.0,2.0,0.0,0.6781038049316408,True,REGULAR,USD,2026-10-09,761.6900024414062,2026-09-18 23:53:39.265099
SPY261009C00590000,2026-09-10 13:56:17+00:00,590.0,168.21,172.44,176.31,0.0,0.0,2.0,0.0,0.6610141320800782,True,REGULAR,USD,2026-10-09,761.6900024414062,2026-09-18 23:53:39.265099
SPY261009C00595000,2026-09-17 15:35:20+00:00,595.0,166.82,167.46,171.33,0.0,0.0,74.0,289.0,0.6441685974121094,True,REGULAR,USD,2026-10-09,761.6900024414062,2026-09-18 23:53:39.265099
SPY261009C00600000,2026-09-17 15:35:32+00:00,600.0,161.84,162.45,166.37,0.0,0.0,2.0,46.0,0.6272009936523439,True,REGULAR,USD,2026-10-09,761.6900024414062,2026-09-18 23:53:39.265099
SPY261009C00605000,2026-09-15 14:23:26+00:00,605.0,152.68,157.46,161.38,0.0,0.0,100.0,373.0,0.6099892517089844,True,REGULAR,USD,2026-10-09,761.6900024414062,2026-09-18 23:53:39.265099
SPY261009C00610000,2026-09-16 19:54:51+00:00,610.0,144.18,152.53,156.4,0.0,0.0,27.0,23.0,0.5946085461425781,True,REGULAR,USD,2026-10-09,761.6900024414062,2026-09-18 23:53:39.265099
SPY261009C00615000,2026-09-16 19:55:17+00:00,615.0,139.12,147.52,151.42,0.0,0.0,1.0,253.0,0.5772747351074219,True,REGULAR,USD,2026-10-09,761.6900024414062,2026-09-18 23:53:39.265099
SPY261009C00620000,2026-09-18 14:28:07+00:00,620.0,140.9,142.58,146.49,0.5499878,0.39186874,4.0,6.0,0.562626444091797,True,REGULAR,USD,2026-10-09,761.6900024414062,2026-09-18 23:53:39.265099
SPY261009C00630000,2026-09-17 14:01:44+00:00,630.0,131.0,132.6,136.52,0.0,0.0,1.0,5.0,0.5287522711181643,True,REGULAR,USD,2026-10-09,761.6900024414062,2026-09-18 23:53:39.265099
SPY261009C00635000,2026-09-10 15:57:19+00:00,635.0,124.74,127.71,131.55,0.0,0.0,11.0,32.0,0.5142870837402342,True,REGULAR,USD,2026-10-09,761.6900024414062,2026-09-18 23:53:39.265099
SPY261009C00640000,2026-09-16 14:15:07+00:00,640.0,119.97,122.74,126.58,0.0,0.0,2.0,47.0,0.5664716204833984,True,REGULAR,USD,2026-10-09,761.6900024414062,2026-09-18 23:53:39.265099
SPY261009C00650000,2026-09-17 19:03:22+00:00,650.0,112.73,112.71,116.64,0.0,0.0,1.0,294.0,0.5303391693115236,True,REGULAR,USD,2026-10-09,761.6900024414062,2026-09-18 23:53:39.265099
SPY261009C00655000,2026-09-16 15:17:34+00:00,655.0,106.12,107.76,111.68,0.0,0.0,4.0,2.0,0.5125170819091796,True,REGULAR,USD,2026-10-09,761.6900024414062,2026-09-18 23:53:39.265099
SPY261009C00660000,2026-09-14 19:20:58+00:00,660.0,102.73,102.88,106.72,0.0,0.0,10.0,64.0,0.49469499450683596,True,REGULAR,USD,2026-10-09,761.6900024414062,2026-09-18 23:53:39.265099
SPY261009C00665000,2026-09-17 17:19:49+00:00,665.0,97.6,97.83,101.82,0.0,0.0,1.0,5.0,0.4784598052978516,True,REGULAR,USD,2026-10-09,761.6900024414062,2026-09-18 23:53:39.265099
SPY261009C00670000,2026-09-16 14:23:46+00:00,670.0,90.0,92.96,96.84,0.0,0.0,4.0,27.0,0.45990530334472657,True,REGULAR,USD,2026-10-09,761.6900024414062,2026-09-18 23:53:39.265099
SPY261009C00675000,2026-09-16 14:32:46+00:00,675.0,84.93,88.01,91.88,0.0,0.0,200.0,102.0,0.44183907775878906,True,REGULAR,USD,2026-10-09,761.6900024414062,2026-09-18 23:53:39.265099
SPY261009C00680000,2026-09-18 15:16:50+00:00,680.0,81.73,83.02,86.94,1.0600052,1.3140018,5.0,1262.0,0.42413905944824215,True,REGULAR,USD,2026-10-09,761.6900024414062,2026-09-18 23:53:39.265099
SPY261009C00685000,2026-09-17 14:07:23+00:00,685.0,76.22,78.06,82.03,0.0,0.0,6.0,10.0,0.4071104211425781,True,REGULAR,USD,2026-10-09,761.6900024414062,2026-09-18 23:53:39.265099
SPY261009C00690000,2026-09-17 19:53:38+00:00,690.0,73.8,73.19,77.12,0.0,0.0,1.0,16.0,0.3898986791992188,True,REGULAR,USD,2026-10-09,761.6900024414062,2026-09-18 23:53:39.265099
SPY261009C00695000,2026-09-17 17:05:24+00:00,695.0,68.5,68.27,72.23,0.0,0.0,10.0,1113.0,0.3728700408935547,True,REGULAR,USD,2026-10-09,761.6900024414062,2026-09-18 23:53:39.265099
SPY261009C00700000,2026-09-18 14:10:11+00:00,700.0,61.83,63.31,67.34,-0.829998,-1.3246058,109.0,457.0,0.35562778167724607,True,REGULAR,USD,2026-10-09,761.6900024414062,2026-09-18 23:53:39.265099
SPY261009C00705000,2026-09-18 14:29:13+00:00,705.0,56.87,58.46,62.45,-1.9799995,-3.3644853,3.0,77.0,0.3380803497314453,True,REGULAR,USD,2026-10-09,761.6900024414062,2026-09-18 23:53:39.265099
SPY261009C00710000,2026-09-17 18:25:01+00:00,710.0,53.96,53.9,57.44,0.0,0.0,27.0,24.0,0.3176948114013671,True,REGULAR,USD,2026-10-09,761.6900024414062,2026-09-18 23:53:39.265099
SPY261009C00715000,2026-09-17 20:10:36+00:00,715.0,49.2,49.05,52.59,0.0,0.0,13.0,17.0,0.3003304830932617,True,REGULAR,USD,2026-10-09,761.6900024414062,2026-09-18 23:53:39.265099
SPY261009C00720000,2026-09-18 19:51:53+00:00,720.0,44.44,44.15,47.78,-0.1800003,-0.40340725,2.0,27.0,0.28327132751464834,True,REGULAR,USD,2026-10-09,761.6900024414062,2026-09-18 23:53:39.265099
SPY261009C00721000,2026-09-16 20:02:42+00:00,721.0,36.75,43.27,46.82,0.0,0.0,3.0,10.0,0.27982287567138664,True,REGULAR,USD,2026-10-09,761.6900024414062,2026-09-18 23:53:39.265099
SPY261009C00723000,2026-09-17 13:36:30+00:00,723.0,40.5,41.28,44.91,0.0,0.0,4.0,11.0,0.27304804107666014,True,REGULAR,USD,2026-10-09,761.6900024414062,2026-09-18 23:53:39.265099
SPY261009C00724000,2026-09-18 14:18:22+00:00,724.0,38.63,40.41,43.96,-1.3699989,-3.4249973,1.0,8.0,0.26972165832519535,True,REGULAR,USD,2026-10-09,761.6900024414062,2026-09-18 23:53:39.265099
SPY261009C00725000,2026-09-18 13:37:56+00:00,725.0,39.35,39.46,43.01,-0.24000168,-0.6062179,2.0,221.0,0.2663342410278321,True,REGULAR,USD,2026-10-09,761.6900024414062,2026-09-18 23:53:39.265099
SPY261009C00726000,2026-09-16 20:02:45+00:00,726.0,32.32,38.4,42.06,0.0,0.0,32.0,42.0,0.2629468237304688,True,REGULAR,USD,2026-10-09,761.6900024414062,2026-09-18 23:53:39.265099
SPY261009C00727000,2026-09-16 18:38:27+00:00,727.0,34.04,37.48,41.12,0.0,0.0,6.0,40.0,0.2596814755249024,True,REGULAR,USD,2026-10-09,761.6900024414062,2026-09-18 23:53:39.265099
SPY261009C00728000,2026-09-18 18:30:52+00:00,728.0,36.26,36.62,40.17,5.7299976,18.768415,5.0,498.0,0.25623302368164064,True,REGULAR,USD,2026-10-09,761.6900024414062,2026-09-18 23:53:39.265099
SPY261009C00729000,2026-09-18 19:43:14+00:00,729.0,35.85,35.6,39.24,1.5900002,4.640981,4.0,91.0,0.25308974456787114,True,REGULAR,USD,2026-10-09,761.6900024414062,2026-09-18 23:53:39.265099
SPY261009C00730000,2026-09-18 16:00:30+00:00,730.0,32.83,35.38,37.32,-2.1099968,-6.038915,3.0,339.0,0.23233799896240231,True,REGULAR,USD,2026-10-09,761.6900024414062,2026-09-18 23:53:39.265099
SPY261009C00731000,2026-09-15 16:13:13+00:00,731.0,30.56,34.4,36.41,0.0,0.0,2.0,3.0,0.2296829962158203,True,REGULAR,USD,2026-10-09,761.6900024414062,2026-09-18 23:53:39.265099
SPY261009C00732000,2026-09-16 20:01:24+00:00,732.0,27.19,33.48,35.46,0.0,0.0,32.0,33.0,0.22623454437255858,True,REGULAR,USD,2026-10-09,761.6900024414062,2026-09-18 23:53:39.265099
SPY261009C00733000,2026-09-18 15:20:30+00:00,733.0,30.9,32.61,34.5,4.59,17.445839,2.0,35.0,0.2225724716186523,True,REGULAR,USD,2026-10-09,761.6900024414062,2026-09-18 23:53:39.265099
SPY261009C00734000,2026-09-16 19:59:51+00:00,734.0,25.43,31.72,33.56,0.0,0.0,1.0,163.0,0.2192460888671875,True,REGULAR,USD,2026-10-09,761.6900024414062,2026-09-18 23:53:39.265099
SPY261009C00735000,2026-09-18 13:48:36+00:00,735.0,30.09,31.01,32.62,0.42000008,1.4155716,19.0,1163.0,0.2158586715698242,True,REGULAR,USD,2026-10-09,761.6900024414062,2026-09-18 23:53:39.265099
SPY261009C00736000,2026-09-16 19:49:10+00:00,736.0,23.12,29.95,31.68,0.0,0.0,5.0,285.0,0.2124102197265625,True,REGULAR,USD,2026-10-09,761.6900024414062,2026-09-18 23:53:39.265099
SPY261009C00737000,2026-09-17 17:08:39+00:00,737.0,28.84,29.07,30.75,0.0,0.0,10.0,13.0,0.20911435424804684,True,REGULAR,USD,2026-10-09,761.6900024414062,2026-09-18 23:53:39.265099
SPY261009C00738000,2026-09-18 18:30:52+00:00,738.0,27.43,28.2,29.82,-0.10000038,-0.36324146,5.0,45.0,0.20575745422363279,True,REGULAR,USD,2026-10-09,761.6900024414062,2026-09-18 23:53:39.265099
SPY261009C00739000,2026-09-17 14:25:18+00:00,739.0,26.68,27.49,28.88,0.0,0.0,2.0,117.0,0.20218693328857418,True,REGULAR,USD,2026-10-09,761.6900024414062,2026-09-18 23:53:39.265099
SPY261009C00740000,2026-09-18 17:47:54+00:00,740.0,24.74,26.48,27.96,-1.8400002,-6.9224987,5.0,1020.0,0.19889106781005855,True,REGULAR,USD,2026-10-09,761.6900024414062,2026-09-18 23:53:39.265099
SPY261009C00741000,2026-09-16 20:05:42+00:00,741.0,19.97,25.76,27.04,0.0,0.0,4.0,90.0,0.19553416778564453,True,REGULAR,USD,2026-10-09,761.6900024414062,2026-09-18 23:53:39.265099
SPY261009C00742000,2026-09-18 16:25:16+00:00,742.0,21.79,24.76,26.15,-2.8199997,-11.4587555,1.0,68.0,0.1926045095825195,True,REGULAR,USD,2026-10-09,761.6900024414062,2026-09-18 23:53:39.265099
SPY261009C00743000,2026-09-18 17:30:25+00:00,743.0,21.92,23.92,25.23,3.5,19.001085,16.0,24.0,0.18909502319335939,True,REGULAR,USD,2026-10-09,761.6900024414062,2026-09-18 23:53:39.265099
SPY261009C00744000,2026-09-18 18:35:09+00:00,744.0,21.97,23.28,24.3,6.2599993,39.847225,22.0,70.0,0.1854024331665039,True,REGULAR,USD,2026-10-09,761.6900024414062,2026-09-18 23:53:39.265099
SPY261009C00745000,2026-09-18 18:21:07+00:00,745.0,20.98,22.4,23.42,-1.0300007,-4.679694,7.0,1479.0,0.18241174041748048,True,REGULAR,USD,2026-10-09,761.6900024414062,2026-09-18 23:53:39.265099
SPY261009C00746000,2026-09-18 18:55:23+00:00,746.0,21.03,21.66,22.53,1.1800003,5.944586,7.0,30.0,0.17917690948486326,True,REGULAR,USD,2026-10-09,761.6900024414062,2026-09-18 23:53:39.265099
SPY261009C00747000,2026-09-18 18:26:23+00:00,747.0,19.35,20.74,21.66,-0.9599991,-4.7267313,22.0,308.0,0.17615569946289064,True,REGULAR,USD,2026-10-09,761.6900024414062,2026-09-18 23:53:39.265099
SPY261009C00748000,2026-09-17 19:54:40+00:00,748.0,19.89,19.82,20.83,0.0,0.0,5.0,265.0,0.1736532830810547,True,REGULAR,USD,2026-10-09,761.6900024414062,2026-09-18 23:53:39.265099
SPY261009C00749000,2026-09-18 20:00:26+00:00,749.0,18.73,19.22,19.95,0.1099987,0.59075564,8.0,77.0,0.17029638305664066,True,REGULAR,USD,2026-10-09,761.6900024414062,2026-09-18 23:53:39.265099
SPY261009C00750000,2026-09-18 20:09:37+00:00,750.0,18.11,18.26,19.11,0.20000076,1.1166989,78.0,655.0,0.1674582766723633,True,REGULAR,USD,2026-10-09,761.6900024414062,2026-09-18 23:53:39.265099
SPY261009C00751000,2026-09-18 17:10:47+00:00,751.0,15.38,17.56,18.29,-1.5999994,-9.422847,3.0,36.0,0.16477275665283203,True,REGULAR,USD,2026-10-09,761.6900024414062,2026-09-18 23:53:39.265099
SPY261009C00752000,2026-09-18 17:27:35+00:00,752.0,14.91,16.71,17.45,-1.9799995,-11.722911,328.0,248.0,0.16169051208496094,True,REGULAR,USD,2026-10-09,761.6900024414062,2026-09-18 23:53:39.265099
SPY261009C00753000,2026-09-17 18:14:33+00:00,753.0,15.69,15.94,16.65,0.0,0.0,12.0,54.0,0.1590355093383789,True,REGULAR,USD,2026-10-09,761.6900024414062,2026-09-18 23:53:39.265099
SPY261009C00754000,2026-09-18 17:25:51+00:00,754.0,13.41,15.3,15.84,-1.2600002,-8.588959,14.0,90.0,0.15613636840820314,True,REGULAR,USD,2026-10-09,761.6900024414062,2026-09-18 23:53:39.265099
SPY261009C00755000,2026-09-18 20:10:44+00:00,755.0,14.78,14.56,15.05,0.78999996,5.6468906,482.0,503.0,0.15337455520629883,True,REGULAR,USD,2026-10-09,761.6900024414062,2026-09-18 23:53:39.265099
SPY261009C00756000,2026-09-18 20:00:51+00:00,756.0,13.5,13.79,14.26,0.14999962,1.1235926,104.0,378.0,0.15046015563964849,True,REGULAR,USD,2026-10-09,761.6900024414062,2026-09-18 23:53:39.265099
SPY261009C00757000,2026-09-18 20:02:17+00:00,757.0,13.0,13.06,13.52,0.0,0.0,36.0,432.0,0.1481103256225586,True,REGULAR,USD,2026-10-09,761.6900024414062,2026-09-18 23:53:39.265099
SPY261009C00758000,2026-09-18 20:05:44+00:00,758.0,12.33,12.38,12.78,0.3199997,2.6644437,44.0,1341.0,0.14557739196777342,True,REGULAR,USD,2026-10-09,761.6900024414062,2026-09-18 23:53:39.265099
SPY261009C00759000,2026-09-18 20:05:43+00:00,759.0,11.64,11.66,12.05,0.28999996,2.5550656,592.0,823.0,0.14299868240356445,True,REGULAR,USD,2026-10-09,761.6900024414062,2026-09-18 23:53:39.265099
SPY261009C00760000,2026-09-18 20:14:54+00:00,760.0,11.1,11.0,11.33,0.5600004,5.313097,702.0,1375.0,0.14038945556640625,True,REGULAR,USD,2026-10-09,761.6900024414062,2026-09-18 23:53:39.265099
SPY261009C00761000,2026-09-18 20:00:49+00:00,761.0,10.0,10.32,10.67,0.119999886,1.2145737,191.0,1210.0,0.13839057418823242,True,REGULAR,USD,2026-10-09,761.6900024414062,2026-09-18 23:53:39.265099
SPY261009C00762000,2026-09-18 20:02:17+00:00,762.0,9.56,9.63,10.0,-0.09999943,-1.0351908,868.0,2146.0,0.1360560028076172,False,REGULAR,USD,2026-10-09,761.6900024414062,2026-09-18 23:53:39.265099
SPY261009C00763000,2026-09-18 19:58:27+00:00,763.0,8.46,9.16,9.25,-0.6700001,-7.3384457,383.0,1066.0,0.1324549645996094,False,REGULAR,USD,2026-10-09,761.6900024414062,2026-09-18 23:53:39.265099
SPY261009C00764000,2026-09-18 20:10:52+00:00,764.0,8.55,8.55,8.64,0.3699999,4.523226,537.0,1236.0,0.13050185913085935,False,REGULAR,USD,2026-10-09,761.6900024414062,2026-09-18 23:53:39.265099
SPY261009C00765000,2026-09-18 20:12:54+00:00,765.0,8.14,7.96,8.03,0.5100002,6.6841445,1127.0,773.0,0.1283046154785156,False,REGULAR,USD,2026-10-09,761.6900024414062,2026-09-18 23:53:39.265099
SPY261009C00766000,2026-09-18 20:10:01+00:00,766.0,7.3,7.38,7.47,0.10000038,1.3888942,1354.0,1945.0,0.12654987228393555,False,REGULAR,USD,2026-10-09,761.6900024414062,2026-09-18 23:53:39.265099
SPY261009C00767000,2026-09-18 20:14:57+00:00,767.0,6.85,6.84,6.91,0.2999997,4.580148,708.0,634.0,0.12455099090576172,False,REGULAR,USD,2026-10-09,761.6900024414062,2026-09-18 23:53:39.265099
SPY261009C00768000,2026-09-18 20:14:22+00:00,768.0,6.36,6.31,6.38,0.3000002,4.950498,291.0,942.0,0.12268943725585937,False,REGULAR,USD,2026-10-09,761.6900024414062,2026-09-18 23:53:39.265099
SPY261009C00769000,2026-09-18 20:07:05+00:00,769.0,5.71,5.81,5.88,0.03000021,0.52817273,182.0,896.0,0.12098046997070314,False,REGULAR,USD,2026-10-09,761.6900024414062,2026-09-18 23:53:39.265099
SPY261009C00770000,2026-09-18 20:12:57+00:00,770.0,5.44,5.33,5.41,0.32000017,6.2500033,757.0,2703.0,0.11942408905029298,False,REGULAR,USD,2026-10-09,761.6900024414062,2026-09-18 23:53:39.265099
SPY261009C00771000,2026-09-18 20:01:14+00:00,771.0,4.65,4.88,4.95,-0.13000011,-2.7196674,61.0,826.0,0.1176998631286621,False,REGULAR,USD,2026-10-09,761.6900024414062,2026-09-18 23:53:39.265099
SPY261009C00772000,2026-09-18 20:03:22+00:00,772.0,4.29,4.45,4.52,-0.05000019,-1.152078,149.0,707.0,0.11612822357177735,False,REGULAR,USD,2026-10-09,761.6900024414062,2026-09-18 23:53:39.265099
SPY261009C00773000,2026-09-18 20:10:53+00:00,773.0,4.08,4.05,4.11,-0.11000013,-2.6253014,265.0,714.0,0.11454132537841799,False,REGULAR,USD,2026-10-09,761.6900024414062,2026-09-18 23:53:39.265099
SPY261009C00774000,2026-09-18 20:07:14+00:00,774.0,3.6,3.67,3.74,-0.08000016,-2.1739173,171.0,964.0,0.11322908264160156,False,REGULAR,USD,2026-10-09,761.6900024414062,2026-09-18 23:53:39.265099
SPY261009C00775000,2026-09-18 20:10:54+00:00,775.0,3.35,3.32,3.38,0.06999993,2.1341443,807.0,1866.0,0.11176425354003905,False,REGULAR,USD,2026-10-09,761.6900024414062,2026-09-18 23:53:39.265099
SPY261009C00776000,2026-09-18 20:14:39+00:00,776.0,3.08,3.0,3.06,-0.10000014,-3.1446586,160.0,474.0,0.11063511444091798,False,REGULAR,USD,2026-10-09,761.6900024414062,2026-09-18 23:53:39.265099
SPY261009C00777000,2026-09-18 20:13:42+00:00,777.0,2.8,2.7,2.75,0.03999996,1.449274,494.0,935.0,0.10932287170410156,False,REGULAR,USD,2026-10-09,761.6900024414062,2026-09-18 23:53:39.265099
SPY261009C00778000,2026-09-18 20:14:52+00:00,778.0,2.47,2.43,2.46,0.029999971,1.229507,375.0,1294.0,0.10804114624023436,False,REGULAR,USD,2026-10-09,761.6900024414062,2026-09-18 23:53:39.265099
SPY261009C00779000,2026-09-18 20:14:33+00:00,779.0,2.22,2.18,2.21,-0.059999943,-2.6315765,354.0,1173.0,0.1070951107788086,False,REGULAR,USD,2026-10-09,761.6900024414062,2026-09-18 23:53:39.265099
SPY261009C00780000,2026-09-18 20:14:16+00:00,780.0,1.98,1.95,1.98,0.01999998,1.0204072,791.0,2359.0,0.10624062713623048,False,REGULAR,USD,2026-10-09,761.6900024414062,2026-09-18 23:53:39.265099
SPY261009C00781000,2026-09-18 20:11:23+00:00,781.0,1.78,1.74,1.76,-0.09000003,-4.812836,325.0,1031.0,0.10520303985595703,False,REGULAR,USD,2026-10-09,761.6900024414062,2026-09-18 23:53:39.265099
SPY261009C00782000,2026-09-18 20:13:24+00:00,782.0,1.6,1.54,1.57,-0.049999952,-3.0303001,229.0,931.0,0.10447062530517576,False,REGULAR,USD,2026-10-09,761.6900024414062,2026-09-18 23:53:39.265099
SPY261009C00783000,2026-09-18 19:34:32+00:00,783.0,1.08,1.37,1.4,-0.39,-26.530611,249.0,813.0,0.1038602798461914,False,REGULAR,USD,2026-10-09,761.6900024414062,2026-09-18 23:53:39.265099
SPY261009C00784000,2026-09-18 20:05:31+00:00,784.0,1.18,1.22,1.24,-0.08000004,-6.3492093,279.0,695.0,0.10315838256835935,False,REGULAR,USD,2026-10-09,761.6900024414062,2026-09-18 23:53:39.265099
SPY261009C00785000,2026-09-18 20:10:55+00:00,785.0,1.09,1.08,1.11,-0.049999952,-4.3859606,1129.0,1779.0,0.10285320983886719,False,REGULAR,USD,2026-10-09,761.6900024414062,2026-09-18 23:53:39.265099
SPY261009C00786000,2026-09-18 20:10:53+00:00,786.0,0.96,0.96,0.98,-0.060000002,-5.882353,512.0,1213.0,0.1022428643798828,False,REGULAR,USD,2026-10-09,761.6900024414062,2026-09-18 23:53:39.265099
SPY261009C00787000,2026-09-18 20:07:37+00:00,787.0,0.82,0.85,0.87,-0.07999998,-8.888887,544.0,526.0,0.10187665710449219,False,REGULAR,USD,2026-10-09,761.6900024414062,2026-09-18 23:53:39.265099
SPY261009C00788000,2026-09-18 20:06:14+00:00,788.0,0.74,0.75,0.77,-0.060000002,-7.5,241.0,646.0,0.10157148437499999,False,REGULAR,USD,2026-10-09,761.6900024414062,2026-09-18 23:53:39.265099
SPY261009C00789000,2026-09-18 20:14:59+00:00,789.0,0.69,0.66,0.69,-0.030000031,-4.166671,70.0,640.0,0.10157148437499999,False,REGULAR,USD,2026-10-09,761.6900024414062,2026-09-18 23:53:39.265099
SPY261009C00790000,2026-09-18 20:01:42+00:00,790.0,0.53,0.59,0.61,-0.13000005,-19.696978,316.0,2268.0,0.10132734619140624,False,REGULAR,USD,2026-10-09,761.6900024414062,2026-09-18 23:53:39.265099
SPY261009C00791000,2026-09-18 19:39:14+00:00,791.0,0.4,0.52,0.54,-0.17999998,-31.034481,45.0,740.0,0.10120527709960936,False,REGULAR,USD,2026-10-09,761.6900024414062,2026-09-18 23:53:39.265099
SPY261009C00792000,2026-09-18 20:12:00+00:00,792.0,0.48,0.46,0.48,-0.07000002,-12.727277,201.0,746.0,0.10120527709960936,False,REGULAR,USD,2026-10-09,761.6900024414062,2026-09-18 23:53:39.265099
SPY261009C00793000,2026-09-18 20:05:27+00:00,793.0,0.4,0.41,0.43,-0.099999994,-19.999998,66.0,1071.0,0.10132734619140624,False,REGULAR,USD,2026-10-09,761.6900024414062,2026-09-18 23:53:39.265099
SPY261009C00794000,2026-09-18 19:58:54+00:00,794.0,0.31,0.36,0.38,-0.13,-29.545454,48.0,818.0,0.10132734619140624,False,REGULAR,USD,2026-10-09,761.6900024414062,2026-09-18 23:53:39.265099
SPY261009C00795000,2026-09-18 20:14:59+00:00,795.0,0.34,0.33,0.34,-0.030000001,-8.108108,248.0,1240.0,0.10151044982910155,False,REGULAR,USD,2026-10-09,761.6900024414062,2026-09-18 23:53:39.265099
SPY261009C00796000,2026-09-18 19:53:23+00:00,796.0,0.26,0.29,0.31,-0.09,-25.714287,42.0,634.0,0.10205976074218749,False,REGULAR,USD,2026-10-09,761.6900024414062,2026-09-18 23:53:39.265099
SPY261009C00797000,2026-09-18 19:17:07+00:00,797.0,0.21,0.26,0.28,-0.10000001,-32.258068,19.0,1726.0,0.10254803710937499,False,REGULAR,USD,2026-10-09,761.6900024414062,2026-09-18 23:53:39.265099
SPY261009C00798000,2026-09-18 19:42:28+00:00,798.0,0.2,0.23,0.25,-0.08999999,-31.034481,26.0,485.0,0.10279217529296875,False,REGULAR,USD,2026-10-09,761.6900024414062,2026-09-18 23:53:39.265099
SPY261009C00799000,2026-09-18 18:22:33+00:00,799.0,0.16,0.21,0.23,-0.120000005,-42.857143,576.0,663.0,0.10352458984374999,False,REGULAR,USD,2026-10-09,761.6900024414062,2026-09-18 23:53:39.265099
SPY261009C00800000,2026-09-18 20:13:41+00:00,800.0,0.2,0.19,0.2,-0.03999999,-16.666662,17897.0,18507.0,0.10328045166015623,False,REGULAR,USD,2026-10-09,761.6900024414062,2026-09-18 23:53:39.265099
SPY261009C00801000,2026-09-18 19:06:08+00:00,801.0,0.15,0.17,0.19,-0.059999987,-28.571423,1408.0,1636.0,0.10462321166992186,False,REGULAR,USD,2026-10-09,761.6900024414062,2026-09-18 23:53:39.265099
SPY261009C00802000,2026-09-18 18:36:13+00:00,802.0,0.13,0.16,0.17,-0.07000001,-35.000004,1853.0,586.0,0.1049894189453125,False,REGULAR,USD,2026-10-09,761.6900024414062,2026-09-18 23:53:39.265099
SPY261009C00803000,2026-09-18 19:47:36+00:00,803.0,0.13,0.14,0.16,-0.040000007,-23.529415,14.0,264.0,0.10596597167968749,False,REGULAR,USD,2026-10-09,761.6900024414062,2026-09-18 23:53:39.265099
SPY261009C00804000,2026-09-18 16:39:21+00:00,804.0,0.11,0.13,0.14,-0.07000001,-38.888893,195.0,345.0,0.10596597167968749,False,REGULAR,USD,2026-10-09,761.6900024414062,2026-09-18 23:53:39.265099
SPY261009C00805000,2026-09-18 19:53:11+00:00,805.0,0.11,0.12,0.13,-0.060000002,-35.294117,144.0,1471.0,0.1069425244140625,False,REGULAR,USD,2026-10-09,761.6900024414062,2026-09-18 23:53:39.265099
SPY261009C00806000,2026-09-18 19:39:41+00:00,806.0,0.1,0.11,0.12,-0.04,-28.571428,6.0,239.0,0.10767493896484376,False,REGULAR,USD,2026-10-09,761.6900024414062,2026-09-18 23:53:39.265099
SPY261009C00807000,2026-09-18 19:39:41+00:00,807.0,0.09,0.1,0.12,-0.03999999,-30.769224,5.0,427.0,0.10962804443359375,False,REGULAR,USD,2026-10-09,761.6900024414062,2026-09-18 23:53:39.265099
SPY261009C00808000,2026-09-18 18:25:54+00:00,808.0,0.09,0.1,0.11,-0.029999994,-24.999994,1.0,482.0,0.11036045898437499,False,REGULAR,USD,2026-10-09,761.6900024414062,2026-09-18 23:53:39.265099
SPY261009C00809000,2026-09-18 19:32:47+00:00,809.0,0.09,0.09,0.1,-0.049999997,-35.714283,4.0,222.0,0.11084873535156249,False,REGULAR,USD,2026-10-09,761.6900024414062,2026-09-18 23:53:39.265099
SPY261009C00810000,2026-09-18 20:14:10+00:00,810.0,0.09,0.09,0.1,-0.03999999,-30.769224,70.0,660.0,0.1128018408203125,False,REGULAR,USD,2026-10-09,761.6900024414062,2026-09-18 23:53:39.265099
SPY261009C00811000,2026-09-17 13:31:23+00:00,811.0,0.1,0.08,0.09,0.0,0.0,292.0,388.0,0.11304597900390626,False,REGULAR,USD,2026-10-09,761.6900024414062,2026-09-18 23:53:39.265099
SPY261009C00812000,2026-09-18 19:19:06+00:00,812.0,0.08,0.08,0.09,-0.020000003,-20.000002,103.0,660.0,0.11499908447265625,False,REGULAR,USD,2026-10-09,761.6900024414062,2026-09-18 23:53:39.265099
SPY261009C00813000,2026-09-16 15:49:35+00:00,813.0,0.1,0.07,0.08,0.0,0.0,2.0,85.0,0.11524322265625,False,REGULAR,USD,2026-10-09,761.6900024414062,2026-09-18 23:53:39.265099
SPY261009C00814000,2026-09-17 17:17:29+00:00,814.0,0.09,0.07,0.08,0.0,0.0,16.0,1277.0,0.117196328125,False,REGULAR,USD,2026-10-09,761.6900024414062,2026-09-18 23:53:39.265099
SPY261009C00815000,2026-09-18 20:07:17+00:00,815.0,0.07,0.06,0.08,-0.020000003,-22.222223,7.0,167.0,0.11890529541015624,False,REGULAR,USD,2026-10-09,761.6900024414062,2026-09-18 23:53:39.265099
SPY261009C00816000,2026-09-17 16:34:46+00:00,816.0,0.08,0.06,0.07,0.0,0.0,13.0,82.0,0.1186611572265625,False,REGULAR,USD,2026-10-09,761.6900024414062,2026-09-18 23:53:39.265099
SPY261009C00817000,2026-09-14 16:39:18+00:00,817.0,0.09,0.06,0.07,0.0,0.0,1.0,75.0,0.1206142626953125,False,REGULAR,USD,2026-10-09,761.6900024414062,2026-09-18 23:53:39.265099
SPY261009C00818000,2026-09-16 18:37:15+00:00,818.0,0.06,0.05,0.07,0.0,0.0,1.0,48.0,0.12256736816406251,False,REGULAR,USD,2026-10-09,761.6900024414062,2026-09-18 23:53:39.265099
SPY261009C00819000,2026-09-16 18:46:33+00:00,819.0,0.06,0.05,0.06,0.0,0.0,7.0,32.0,0.12207909179687501,False,REGULAR,USD,2026-10-09,761.6900024414062,2026-09-18 23:53:39.265099
SPY261009C00820000,2026-09-18 19:55:45+00:00,820.0,0.04,0.05,0.06,-0.030000001,-42.857143,5.0,495.0,0.1235439208984375,False,REGULAR,USD,2026-10-09,761.6900024414062,2026-09-18 23:53:39.265099
SPY261009C00821000,2026-09-18 16:24:22+00:00,821.0,0.04,0.05,0.06,-0.010000002,-20.000002,3.0,530.0,0.12549702636718751,False,REGULAR,USD,2026-10-09,761.6900024414062,2026-09-18 23:53:39.265099
SPY261009C00822000,2026-09-17 18:39:56+00:00,822.0,0.06,0.04,0.06,0.0,0.0,3.0,425.0,0.1274501318359375,False,REGULAR,USD,2026-10-09,761.6900024414062,2026-09-18 23:53:39.265099
SPY261009C00823000,2026-09-16 19:19:57+00:00,823.0,0.04,0.04,0.05,0.0,0.0,25.0,151.0,0.12647357910156248,False,REGULAR,USD,2026-10-09,761.6900024414062,2026-09-18 23:53:39.265099
SPY261009C00824000,2026-09-17 16:34:47+00:00,824.0,0.06,0.04,0.05,0.0,0.0,10.0,136.0,0.127938408203125,False,REGULAR,USD,2026-10-09,761.6900024414062,2026-09-18 23:53:39.265099
SPY261009C00825000,2026-09-18 20:07:17+00:00,825.0,0.04,0.04,0.05,-0.02,-33.333336,20.0,260.0,0.129891513671875,False,REGULAR,USD,2026-10-09,761.6900024414062,2026-09-18 23:53:39.265099
SPY261009C00830000,2026-09-18 17:25:59+00:00,830.0,0.04,0.03,0.04,-0.010000002,-20.000002,6.0,206.0,0.13477427734375003,False,REGULAR,USD,2026-10-09,761.6900024414062,2026-09-18 23:53:39.265099
SPY261009C00835000,2026-09-17 16:56:59+00:00,835.0,0.04,0.02,0.03,0.0,0.0,66.0,301.0,0.139657041015625,False,REGULAR,USD,2026-10-09,761.6900024414062,2026-09-18 23:53:39.265099
SPY261009C00840000,2026-09-18 16:47:19+00:00,840.0,0.03,0.02,0.03,0.0,0.0,100.0,696.0,0.147469462890625,False,REGULAR,USD,2026-10-09,761.6900024414062,2026-09-18 23:53:39.265099
SPY261009C00845000,2026-09-11 19:54:09+00:00,845.0,0.04,0.01,0.02,0.0,0.0,28.0,56.0,0.149422568359375,False,REGULAR,USD,2026-10-09,761.6900024414062,2026-09-18 23:53:39.265099
SPY261009C00850000,2026-09-18 13:32:22+00:00,850.0,0.02,0.01,0.02,0.01,100.0,26.0,161.0,0.1562584375,False,REGULAR,USD,2026-10-09,761.6900024414062,2026-09-18 23:53:39.265099
SPY261009C00855000,2026-09-09 15:25:05+00:00,855.0,0.03,0.01,0.02,0.0,0.0,2.0,70.0,0.16407085937500002,False,REGULAR,USD,2026-10-09,761.6900024414062,2026-09-18 23:53:39.265099
SPY261009C00860000,2026-09-16 15:59:16+00:00,860.0,0.01,0.01,0.02,0.0,0.0,1.0,35.0,0.17188328125000002,False,REGULAR,USD,2026-10-09,761.6900024414062,2026-09-18 23:53:39.265099
SPY261009C00865000,2026-09-10 18:07:31+00:00,865.0,0.02,0.0,0.02,0.0,0.0,1.0,91.0,0.179695703125,False,REGULAR,USD,2026-10-09,761.6900024414062,2026-09-18 23:53:39.265099
SPY261009C00870000,2026-09-03 14:08:11+00:00,870.0,0.03,0.0,0.01,0.0,0.0,,24.0,0.1757894921875,False,REGULAR,USD,2026-10-09,761.6900024414062,2026-09-18 23:53:39.265099
SPY261009C00875000,2026-08-31 17:51:08+00:00,875.0,0.02,0.0,0.01,0.0,0.0,,1.0,0.18360191406249998,False,REGULAR,USD,2026-10-09,761.6900024414062,2026-09-18 23:53:39.265099
SPY261009C00930000,2026-09-09 14:26:41+00:00,930.0,0.01,,0.01,0.0,0.0,,1.0,0.25391371093750004,False,REGULAR,USD,2026-10-09,761.6900024414062,2026-09-18 23:53:39.265099
SPY261016C00300000,2026-09-17 19:19:43+00:00,300.0,463.08,461.89,465.64,0.0,0.0,50.0,0.0,1.6831070532226562,True,REGULAR,USD,2026-10-16,761.6900024414062,2026-09-18 23:53:39.265099
SPY261016C00305000,2026-09-18 16:38:59+00:00,305.0,454.74,456.89,460.65,-4.1400146,-0.90219986,84.0,62.0,1.65625171875,True,REGULAR,USD,2026-10-16,761.6900024414062,2026-09-18 23:53:39.265099
SPY261016C00310000,2026-08-20 15:13:31+00:00,310.0,457.48,451.91,455.67,0.0,0.0,,0.0,1.6315936389160153,True,REGULAR,USD,2026-10-16,761.6900024414062,2026-09-18 23:53:39.265099
SPY261016C00315000,2026-09-17 19:34:37+00:00,315.0,447.83,446.94,450.65,0.0,0.0,5.0,0.0,1.6057148620605468,True,REGULAR,USD,2026-10-16,761.6900024414062,2026-09-18 23:53:39.265099
SPY261016C00320000,2026-08-20 15:15:59+00:00,320.0,447.65,441.96,445.7,0.0,0.0,,0.0,1.583742315673828,True,REGULAR,USD,2026-10-16,761.6900024414062,2026-09-18 23:53:39.265099
SPY261016C00325000,2026-08-20 15:15:59+00:00,325.0,442.67,436.96,440.68,0.0,0.0,,0.0,1.5566428417968747,True,REGULAR,USD,2026-10-16,761.6900024414062,2026-09-18 23:53:39.265099
SPY261016C00330000,2026-08-20 15:13:32+00:00,330.0,437.51,431.99,435.73,0.0,0.0,15.0,0.0,1.5358909924316406,True,REGULAR,USD,2026-10-16,761.6900024414062,2026-09-18 23:53:39.265099
SPY261016C00335000,2026-08-20 15:15:59+00:00,335.0,432.71,427.01,430.73,0.0,0.0,15.0,0.0,1.511965330810547,True,REGULAR,USD,2026-10-16,761.6900024414062,2026-09-18 23:53:39.265099
SPY261016C00340000,2026-05-28 14:12:58+00:00,340.0,415.74,0.0,0.0,0.0,0.0,,0.0,1.0000000000000003e-05,True,REGULAR,USD,2026-10-16,761.6900024414062,2026-09-18 23:53:39.265099
SPY261016C00350000,2026-09-14 15:25:23+00:00,350.0,409.44,412.06,415.77,0.0,0.0,3.0,0.0,1.4437283673095702,True,REGULAR,USD,2026-10-16,761.6900024414062,2026-09-18 23:53:39.265099
SPY261016C00360000,2026-09-03 15:13:36+00:00,360.0,411.77,402.07,405.83,0.0,0.0,3.0,0.0,1.4001494836425783,True,REGULAR,USD,2026-10-16,761.6900024414062,2026-09-18 23:53:39.265099
SPY261016C00365000,2026-07-13 14:16:50+00:00,365.0,388.48,398.31,400.99,0.0,0.0,,1.0,1.4437283673095702,True,REGULAR,USD,2026-10-16,761.6900024414062,2026-09-18 23:53:39.265099
SPY261016C00390000,2026-09-10 15:58:23+00:00,390.0,369.2,372.2,375.95,0.0,0.0,,1.0,1.2774694329833982,True,REGULAR,USD,2026-10-16,761.6900024414062,2026-09-18 23:53:39.265099
SPY261016C00400000,2026-08-10 15:41:32+00:00,400.0,375.11,362.23,365.95,0.0,0.0,2.0,0.0,1.235843664550781,True,REGULAR,USD,2026-10-16,761.6900024414062,2026-09-18 23:53:39.265099
SPY261016C00405000,2026-06-12 13:40:45+00:00,405.0,335.63,351.06,354.54,0.0,0.0,,1.0,1.0000000000000003e-05,True,REGULAR,USD,2026-10-16,761.6900024414062,2026-09-18 23:53:39.265099
SPY261016C00410000,2026-06-12 13:40:46+00:00,410.0,330.56,346.11,349.62,0.0,0.0,,1.0,1.0000000000000003e-05,True,REGULAR,USD,2026-10-16,761.6900024414062,2026-09-18 23:53:39.265099
SPY261016C00420000,2026-08-27 16:42:13+00:00,420.0,352.54,342.3,346.09,0.0,0.0,4.0,0.0,1.16174735534668,True,REGULAR,USD,2026-10-16,761.6900024414062,2026-09-18 23:53:39.265099
SPY261016C00440000,2026-06-24 18:48:49+00:00,440.0,298.33,323.5,326.28,0.0,0.0,,1.0,1.1325726965332032,True,REGULAR,USD,2026-10-16,761.6900024414062,2026-09-18 23:53:39.265099
SPY261016C00445000,2026-09-10 16:50:13+00:00,445.0,314.16,317.37,321.17,0.0,0.0,36.0,0.0,1.0682419635009768,True,REGULAR,USD,2026-10-16,761.6900024414062,2026-09-18 23:53:39.265099
SPY261016C00450000,2026-09-18 19:28:23+00:00,450.0,312.53,312.41,316.17,-0.47000122,-0.15016013,700.0,2.0,1.0504197869873046,True,REGULAR,USD,2026-10-16,761.6900024414062,2026-09-18 23:53:39.265099
SPY261016C00465000,2026-09-14 17:12:16+00:00,465.0,298.0,297.47,301.26,0.0,0.0,9.0,0.0,0.9989013781738281,True,REGULAR,USD,2026-10-16,761.6900024414062,2026-09-18 23:53:39.265099
SPY261016C00480000,2026-09-14 17:12:24+00:00,480.0,283.04,282.53,286.32,0.0,0.0,8.0,0.0,0.9473882214355469,True,REGULAR,USD,2026-10-16,761.6900024414062,2026-09-18 23:53:39.265099
SPY261016C00485000,2026-09-14 16:48:31+00:00,485.0,278.24,277.55,281.26,0.0,0.0,11.0,0.0,0.9278571667480469,True,REGULAR,USD,2026-10-16,761.6900024414062,2026-09-18 23:53:39.265099
SPY261016C00495000,2026-09-08 15:31:54+00:00,495.0,273.4,267.59,271.34,0.0,0.0,,0.0,0.8957529956054686,True,REGULAR,USD,2026-10-16,761.6900024414062,2026-09-18 23:53:39.265099
SPY261016C00500000,2026-09-18 17:29:07+00:00,500.0,260.88,262.61,266.36,0.9200134,0.35390577,32.0,23.0,0.8792736682128905,True,REGULAR,USD,2026-10-16,761.6900024414062,2026-09-18 23:53:39.265099
SPY261016C00505000,2026-09-08 15:21:01+00:00,505.0,263.54,257.63,261.38,0.0,0.0,36.0,0.0,0.8627943408203125,True,REGULAR,USD,2026-10-16,761.6900024414062,2026-09-18 23:53:39.265099
SPY261016C00510000,2026-09-18 14:20:53+00:00,510.0,250.68,252.65,256.4,-1.8900146,-0.7483132,1.0,1.0,0.8464370825195311,True,REGULAR,USD,2026-10-16,761.6900024414062,2026-09-18 23:53:39.265099
SPY261016C00515000,2026-09-09 17:06:50+00:00,515.0,248.17,247.67,251.44,0.0,0.0,43.0,43.0,0.8308122387695311,True,REGULAR,USD,2026-10-16,761.6900024414062,2026-09-18 23:53:39.265099
SPY261016C00520000,2026-09-16 19:21:22+00:00,520.0,230.82,242.71,246.48,0.0,0.0,1.0,73.0,0.8157977404785155,True,REGULAR,USD,2026-10-16,761.6900024414062,2026-09-18 23:53:39.265099
SPY261016C00525000,2026-09-09 17:06:50+00:00,525.0,238.21,237.72,241.47,0.0,0.0,43.0,5.0,0.7985859985351562,True,REGULAR,USD,2026-10-16,761.6900024414062,2026-09-18 23:53:39.265099
SPY261016C00530000,2026-09-17 19:50:28+00:00,530.0,232.98,232.74,236.49,0.0,0.0,1.0,84.0,0.7825949475097658,True,REGULAR,USD,2026-10-16,761.6900024414062,2026-09-18 23:53:39.265099
SPY261016C00535000,2026-09-16 20:06:41+00:00,535.0,221.33,227.73,231.52,0.0,0.0,1.0,0.0,0.7662376892089844,True,REGULAR,USD,2026-10-16,761.6900024414062,2026-09-18 23:53:39.265099
SPY261016C00540000,2026-06-30 17:51:41+00:00,540.0,213.41,224.3,227.04,0.0,0.0,1.0,2.0,0.799806689453125,True,REGULAR,USD,2026-10-16,761.6900024414062,2026-09-18 23:53:39.265099
SPY261016C00545000,2026-05-20 17:27:13+00:00,545.0,203.0,0.0,0.0,0.0,0.0,,0.0,1.0000000000000003e-05,True,REGULAR,USD,2026-10-16,761.6900024414062,2026-09-18 23:53:39.265099
SPY261016C00550000,2026-09-08 19:34:07+00:00,550.0,217.85,212.84,216.61,0.0,0.0,1.0,2.0,0.7210721252441408,True,REGULAR,USD,2026-10-16,761.6900024414062,2026-09-18 23:53:39.265099
SPY261016C00555000,2026-09-16 19:55:28+00:00,555.0,199.43,207.88,211.62,0.0,0.0,1.0,3.0,0.7056914196777344,True,REGULAR,USD,2026-10-16,761.6900024414062,2026-09-18 23:53:39.265099
SPY261016C00560000,2026-09-17 19:21:08+00:00,560.0,202.44,202.89,206.67,0.0,0.0,4.0,30.0,0.6906769213867189,True,REGULAR,USD,2026-10-16,761.6900024414062,2026-09-18 23:53:39.265099
SPY261016C00565000,2026-09-10 17:15:06+00:00,565.0,194.39,197.92,201.67,0.0,0.0,7.0,12.0,0.6749300085449221,True,REGULAR,USD,2026-10-16,761.6900024414062,2026-09-18 23:53:39.265099
SPY261016C00570000,2026-09-18 14:22:48+00:00,570.0,191.34,192.95,196.72,-1.5400085,-0.7984283,2.0,24.0,0.6604037866210939,True,REGULAR,USD,2026-10-16,761.6900024414062,2026-09-18 23:53:39.265099
SPY261016C00575000,2026-09-17 19:32:23+00:00,575.0,187.93,187.93,191.76,0.0,0.0,49.0,50.0,0.6446568737792968,True,REGULAR,USD,2026-10-16,761.6900024414062,2026-09-18 23:53:39.265099
SPY261016C00580000,2026-09-17 18:17:28+00:00,580.0,182.97,183.07,186.79,0.0,0.0,2.0,22.0,0.6321447918701173,True,REGULAR,USD,2026-10-16,761.6900024414062,2026-09-18 23:53:39.265099
SPY261016C00585000,2026-09-18 17:24:39+00:00,585.0,176.33,178.1,181.82,6.7299957,3.9681578,1.0,24.0,0.6172523626708986,True,REGULAR,USD,2026-10-16,761.6900024414062,2026-09-18 23:53:39.265099
SPY261016C00590000,2026-09-15 16:11:05+00:00,590.0,167.6,173.13,176.83,0.0,0.0,5.0,282.0,0.6019937261962893,True,REGULAR,USD,2026-10-16,761.6900024414062,2026-09-18 23:53:39.265099
SPY261016C00595000,2026-09-14 18:29:07+00:00,595.0,166.46,168.16,171.88,0.0,0.0,2.0,57.0,0.5875895733642578,True,REGULAR,USD,2026-10-16,761.6900024414062,2026-09-18 23:53:39.265099
SPY261016C00600000,2026-09-18 19:32:29+00:00,600.0,163.14,163.19,166.88,0.039993286,0.024520714,3.0,422.0,0.5722088677978516,True,REGULAR,USD,2026-10-16,761.6900024414062,2026-09-18 23:53:39.265099
SPY261016C00605000,2026-09-16 19:02:47+00:00,605.0,150.06,158.22,161.96,0.0,0.0,6.0,44.0,0.5584150604248048,True,REGULAR,USD,2026-10-16,761.6900024414062,2026-09-18 23:53:39.265099
SPY261016C00610000,2026-09-17 15:55:16+00:00,610.0,152.54,153.26,156.98,0.0,0.0,24.0,73.0,0.543644700317383,True,REGULAR,USD,2026-10-16,761.6900024414062,2026-09-18 23:53:39.265099
SPY261016C00615000,2026-09-17 19:59:40+00:00,615.0,148.55,148.29,152.02,0.0,0.0,12.0,211.0,0.5290574438476563,True,REGULAR,USD,2026-10-16,761.6900024414062,2026-09-18 23:53:39.265099
SPY261016C00620000,2026-09-16 19:23:42+00:00,620.0,131.65,143.33,147.06,0.0,0.0,15.0,193.0,0.514653291015625,True,REGULAR,USD,2026-10-16,761.6900024414062,2026-09-18 23:53:39.265099
SPY261016C00625000,2026-09-18 13:30:04+00:00,625.0,138.65,138.36,142.12,1.2399902,0.90240175,10.0,238.0,0.5004322418212892,True,REGULAR,USD,2026-10-16,761.6900024414062,2026-09-18 23:53:39.265099
SPY261016C00630000,2026-09-18 14:20:42+00:00,630.0,131.5,133.4,137.13,-0.58999634,-0.4466624,1.0,53.0,0.5422409057617189,True,REGULAR,USD,2026-10-16,761.6900024414062,2026-09-18 23:53:39.265099
SPY261016C00635000,2026-09-18 15:39:10+00:00,635.0,126.8,128.45,132.19,-2.0800018,-1.6139058,1.0,4348.0,0.5269212347412109,True,REGULAR,USD,2026-10-16,761.6900024414062,2026-09-18 23:53:39.265099
SPY261016C00640000,2026-09-18 19:28:50+00:00,640.0,123.6,123.49,127.26,-0.27999878,-0.22602421,200.0,422.0,0.5118457019042968,True,REGULAR,USD,2026-10-16,761.6900024414062,2026-09-18 23:53:39.265099
SPY261016C00645000,2026-09-18 20:13:21+00:00,645.0,120.5,118.54,122.3,2.5599976,2.170593,1.0,249.0,0.4959156854248047,True,REGULAR,USD,2026-10-16,761.6900024414062,2026-09-18 23:53:39.265099
SPY261016C00650000,2026-09-18 19:10:32+00:00,650.0,113.8,113.59,117.36,1.3800049,1.227544,7.0,334.0,0.4804739453125,True,REGULAR,USD,2026-10-16,761.6900024414062,2026-09-18 23:53:39.265099
SPY261016C00655000,2026-09-17 19:55:00+00:00,655.0,108.13,108.64,112.38,0.0,0.0,9.0,33.0,0.4639946179199219,True,REGULAR,USD,2026-10-16,761.6900024414062,2026-09-18 23:53:39.265099
SPY261016C00660000,2026-09-17 19:46:10+00:00,660.0,103.74,103.7,107.47,0.0,0.0,11.0,286.0,0.44919374053955075,True,REGULAR,USD,2026-10-16,761.6900024414062,2026-09-18 23:53:39.265099
SPY261016C00665000,2026-09-14 19:38:47+00:00,665.0,98.86,98.76,102.53,0.0,0.0,4.0,475.0,0.4335994140625,True,REGULAR,USD,2026-10-16,761.6900024414062,2026-09-18 23:53:39.265099
SPY261016C00670000,2026-09-18 15:15:53+00:00,670.0,92.5,93.83,97.6,-1.2300034,-1.3122835,2.0,500.0,0.41809663940429687,True,REGULAR,USD,2026-10-16,761.6900024414062,2026-09-18 23:53:39.265099
SPY261016C00675000,2026-09-18 19:51:37+00:00,675.0,89.35,88.9,92.67,0.3899994,0.4383986,61.0,108.0,0.40253283020019537,True,REGULAR,USD,2026-10-16,761.6900024414062,2026-09-18 23:53:39.265099
SPY261016C00680000,2026-09-18 17:32:55+00:00,680.0,82.44,83.98,87.75,-1.5899963,-1.892177,9.0,2417.0,0.38709109008789055,True,REGULAR,USD,2026-10-16,761.6900024414062,2026-09-18 23:53:39.265099
SPY261016C00685000,2026-09-18 19:51:44+00:00,685.0,79.48,79.07,82.85,2.7200012,3.5435138,96.0,1548.0,0.37189348815917966,True,REGULAR,USD,2026-10-16,761.6900024414062,2026-09-18 23:53:39.265099
SPY261016C00690000,2026-09-18 18:11:58+00:00,690.0,73.06,74.18,77.95,-1.0600052,-1.4301202,4.0,1197.0,0.3565127825927734,True,REGULAR,USD,2026-10-16,761.6900024414062,2026-09-18 23:53:39.265099
SPY261016C00695000,2026-09-18 19:51:11+00:00,695.0,69.75,69.4,73.07,0.3199997,0.46089542,106.0,1075.0,0.3413151806640625,True,REGULAR,USD,2026-10-16,761.6900024414062,2026-09-18 23:53:39.265099
SPY261016C00700000,2026-09-18 20:11:45+00:00,700.0,66.51,64.56,68.2,1.7900009,2.7657616,313.0,916.0,0.3260870614624023,True,REGULAR,USD,2026-10-16,761.6900024414062,2026-09-18 23:53:39.265099
SPY261016C00701000,2026-09-18 19:51:58+00:00,701.0,63.86,63.68,67.23,2.8899994,4.740035,606.0,34.0,0.32306585144042954,True,REGULAR,USD,2026-10-16,761.6900024414062,2026-09-18 23:53:39.265099
SPY261016C00702000,2026-09-18 18:11:58+00:00,702.0,61.45,62.59,66.26,-1.4500008,-2.3052475,2.0,75.0,0.320044641418457,True,REGULAR,USD,2026-10-16,761.6900024414062,2026-09-18 23:53:39.265099
SPY261016C00703000,2026-09-18 18:11:58+00:00,703.0,60.49,61.62,65.3,8.690002,16.776066,2.0,29.0,0.3172065350341796,True,REGULAR,USD,2026-10-16,761.6900024414062,2026-09-18 23:53:39.265099
SPY261016C00704000,2026-09-18 18:11:58+00:00,704.0,59.53,60.77,64.33,-1.0600014,-1.7494658,2.0,74.0,0.31415480773925775,True,REGULAR,USD,2026-10-16,761.6900024414062,2026-09-18 23:53:39.265099
SPY261016C00705000,2026-09-18 18:11:58+00:00,705.0,58.57,59.72,63.36,-1.4300003,-2.383334,49.0,305.0,0.3111030804443359,True,REGULAR,USD,2026-10-16,761.6900024414062,2026-09-18 23:53:39.265099
SPY261016C00706000,2026-09-17 13:40:09+00:00,706.0,58.15,58.75,62.4,0.0,0.0,3.0,25.0,0.30820393951416014,True,REGULAR,USD,2026-10-16,761.6900024414062,2026-09-18 23:53:39.265099
SPY261016C00707000,2026-09-14 13:48:46+00:00,707.0,55.97,57.76,61.43,0.0,0.0,1.0,42.0,0.30512169494628905,True,REGULAR,USD,2026-10-16,761.6900024414062,2026-09-18 23:53:39.265099
SPY261016C00708000,2026-09-17 18:22:32+00:00,708.0,56.74,56.91,60.47,0.0,0.0,1.0,16.0,0.3021920367431641,True,REGULAR,USD,2026-10-16,761.6900024414062,2026-09-18 23:53:39.265099
SPY261016C00709000,2026-08-27 16:27:11+00:00,709.0,66.69,55.83,59.51,0.0,0.0,4.0,6.0,0.299262378540039,True,REGULAR,USD,2026-10-16,761.6900024414062,2026-09-18 23:53:39.265099
SPY261016C00710000,2026-09-18 16:52:51+00:00,710.0,53.5,54.87,58.55,-1.9399986,-3.4992762,85.0,1186.0,0.2963022030639648,True,REGULAR,USD,2026-10-16,761.6900024414062,2026-09-18 23:53:39.265099
SPY261016C00711000,2026-09-16 19:55:55+00:00,711.0,47.15,54.03,57.59,0.0,0.0,3.0,9.0,0.2933420275878905,True,REGULAR,USD,2026-10-16,761.6900024414062,2026-09-18 23:53:39.265099
SPY261016C00712000,2026-09-16 17:38:20+00:00,712.0,51.63,53.07,56.63,0.0,0.0,1.0,329.0,0.2903513348388671,True,REGULAR,USD,2026-10-16,761.6900024414062,2026-09-18 23:53:39.265099
SPY261016C00713000,2026-09-10 18:05:12+00:00,713.0,50.69,52.03,55.68,0.0,0.0,1.0,9.0,0.28748271118164054,True,REGULAR,USD,2026-10-16,761.6900024414062,2026-09-18 23:53:39.265099
SPY261016C00714000,2026-09-17 18:26:45+00:00,714.0,51.31,51.16,54.73,0.0,0.0,92.0,194.0,0.2846446047973632,True,REGULAR,USD,2026-10-16,761.6900024414062,2026-09-18 23:53:39.265099
SPY261016C00715000,2026-09-18 20:02:36+00:00,715.0,51.11,50.21,53.77,0.7799988,1.549769,23.0,363.0,0.28159287750244133,True,REGULAR,USD,2026-10-16,761.6900024414062,2026-09-18 23:53:39.265099
SPY261016C00716000,2026-09-16 14:05:12+00:00,716.0,47.65,49.26,52.82,0.0,0.0,1.0,19.0,0.2786937365722656,True,REGULAR,USD,2026-10-16,761.6900024414062,2026-09-18 23:53:39.265099
SPY261016C00717000,2026-09-17 19:44:16+00:00,717.0,48.33,48.31,51.87,0.0,0.0,1.0,8.0,0.2757640783691406,True,REGULAR,USD,2026-10-16,761.6900024414062,2026-09-18 23:53:39.265099
SPY261016C00718000,2026-09-14 14:47:59+00:00,718.0,46.01,47.25,50.93,0.0,0.0,1.0,31.0,0.2729870065307617,True,REGULAR,USD,2026-10-16,761.6900024414062,2026-09-18 23:53:39.265099
SPY261016C00719000,2026-09-01 14:49:08+00:00,719.0,50.85,46.41,49.98,0.0,0.0,1.0,12.0,0.2700268310546875,True,REGULAR,USD,2026-10-16,761.6900024414062,2026-09-18 23:53:39.265099
SPY261016C00720000,2026-09-18 19:42:09+00:00,720.0,45.6,46.04,49.04,-0.4300003,-0.93417406,3.0,549.0,0.2671887246704102,True,REGULAR,USD,2026-10-16,761.6900024414062,2026-09-18 23:53:39.265099
SPY261016C00721000,2026-09-17 17:51:47+00:00,721.0,44.65,44.42,48.1,0.0,0.0,17.0,54.0,0.2643201010131836,True,REGULAR,USD,2026-10-16,761.6900024414062,2026-09-18 23:53:39.265099
SPY261016C00722000,2026-09-18 20:01:33+00:00,722.0,44.15,44.19,46.17,4.260002,10.679374,1.0,78.0,0.24573508178710937,True,REGULAR,USD,2026-10-16,761.6900024414062,2026-09-18 23:53:39.265099
SPY261016C00723000,2026-09-17 13:30:23+00:00,723.0,43.27,43.29,45.22,0.0,0.0,1.0,20.0,0.24280542358398435,True,REGULAR,USD,2026-10-16,761.6900024414062,2026-09-18 23:53:39.265099
SPY261016C00724000,2026-09-17 19:27:50+00:00,724.0,42.1,42.37,44.27,0.0,0.0,2.0,13.0,0.23984524810791014,True,REGULAR,USD,2026-10-16,761.6900024414062,2026-09-18 23:53:39.265099
SPY261016C00725000,2026-09-18 16:51:56+00:00,725.0,39.37,41.47,43.25,-1.9300003,-4.6731243,3.0,1123.0,0.2357559335327148,True,REGULAR,USD,2026-10-16,761.6900024414062,2026-09-18 23:53:39.265099
SPY261016C00726000,2026-09-17 16:27:08+00:00,726.0,39.49,40.56,42.37,0.0,0.0,4.0,26.0,0.23386386260986325,True,REGULAR,USD,2026-10-16,761.6900024414062,2026-09-18 23:53:39.265099
SPY261016C00727000,2026-09-18 14:18:22+00:00,727.0,37.29,39.66,41.42,-0.29999924,-0.7980826,1.0,92.0,0.23084265258789063,True,REGULAR,USD,2026-10-16,761.6900024414062,2026-09-18 23:53:39.265099
SPY261016C00728000,2026-09-16 19:30:48+00:00,728.0,30.26,38.7,40.53,0.0,0.0,3.0,182.0,0.22867592620849608,True,REGULAR,USD,2026-10-16,761.6900024414062,2026-09-18 23:53:39.265099
SPY261016C00729000,2026-09-14 16:47:36+00:00,729.0,38.87,37.81,39.59,0.0,0.0,18.0,42.0,0.22574626800537106,True,REGULAR,USD,2026-10-16,761.6900024414062,2026-09-18 23:53:39.265099
SPY261016C00730000,2026-09-18 20:14:08+00:00,730.0,37.82,36.92,38.65,1.0200005,2.7717404,11.0,1088.0,0.22278609252929685,True,REGULAR,USD,2026-10-16,761.6900024414062,2026-09-18 23:53:39.265099
SPY261016C00731000,2026-09-15 17:02:15+00:00,731.0,32.75,36.2,37.72,0.0,0.0,1.0,285.0,0.21991746887207028,True,REGULAR,USD,2026-10-16,761.6900024414062,2026-09-18 23:53:39.265099
SPY261016C00732000,2026-09-18 19:09:31+00:00,732.0,34.6,35.17,36.78,0.2199974,0.6398994,3.0,140.0,0.21686574157714844,True,REGULAR,USD,2026-10-16,761.6900024414062,2026-09-18 23:53:39.265099
SPY261016C00733000,2026-09-16 19:16:10+00:00,733.0,26.14,34.28,35.87,0.0,0.0,3.0,158.0,0.2142412561035156,True,REGULAR,USD,2026-10-16,761.6900024414062,2026-09-18 23:53:39.265099
SPY261016C00734000,2026-09-18 19:50:07+00:00,734.0,33.1,33.4,34.92,1.1699982,3.66426,15.0,223.0,0.21097590789794918,True,REGULAR,USD,2026-10-16,761.6900024414062,2026-09-18 23:53:39.265099
SPY261016C00735000,2026-09-18 18:55:13+00:00,735.0,32.09,32.52,34.01,-0.6399994,-1.9553908,35.0,2686.0,0.2082598706054687,True,REGULAR,USD,2026-10-16,761.6900024414062,2026-09-18 23:53:39.265099
SPY261016C00736000,2026-09-17 14:26:59+00:00,736.0,30.91,31.81,33.11,0.0,0.0,1.0,158.0,0.20563538513183593,True,REGULAR,USD,2026-10-16,761.6900024414062,2026-09-18 23:53:39.265099
SPY261016C00737000,2026-09-18 19:43:29+00:00,737.0,30.48,30.81,32.19,-0.48999977,-1.5821756,2.0,181.0,0.20270572692871092,True,REGULAR,USD,2026-10-16,761.6900024414062,2026-09-18 23:53:39.265099
SPY261016C00738000,2026-09-18 20:10:20+00:00,738.0,30.6,29.96,31.29,1.1400013,3.8696582,3.0,411.0,0.19998968963623048,True,REGULAR,USD,2026-10-16,761.6900024414062,2026-09-18 23:53:39.265099
SPY261016C00739000,2026-09-18 13:51:54+00:00,739.0,27.8,28.03,30.4,-0.020000458,-0.07189237,3.0,658.0,0.19736520416259767,True,REGULAR,USD,2026-10-16,761.6900024414062,2026-09-18 23:53:39.265099
SPY261016C00740000,2026-09-18 20:01:20+00:00,740.0,28.34,28.28,29.5,0.45000076,1.6134843,175.0,5104.0,0.1945423564147949,True,REGULAR,USD,2026-10-16,761.6900024414062,2026-09-18 23:53:39.265099
SPY261016C00741000,2026-09-16 20:05:42+00:00,741.0,21.78,27.36,28.62,0.0,0.0,3.0,458.0,0.19193312957763675,True,REGULAR,USD,2026-10-16,761.6900024414062,2026-09-18 23:53:39.265099
SPY261016C00742000,2026-09-18 15:04:29+00:00,742.0,24.76,25.43,27.75,-1.789999,-6.741993,3.0,247.0,0.1894307131958008,True,REGULAR,USD,2026-10-16,761.6900024414062,2026-09-18 23:53:39.265099
SPY261016C00743000,2026-09-18 16:28:43+00:00,743.0,23.3,25.77,26.86,-1.9200001,-7.6130056,2.0,475.0,0.18656208953857423,True,REGULAR,USD,2026-10-16,761.6900024414062,2026-09-18 23:53:39.265099
SPY261016C00744000,2026-09-17 19:59:07+00:00,744.0,24.54,24.89,26.06,0.0,0.0,2.0,192.0,0.18485312225341793,True,REGULAR,USD,2026-10-16,761.6900024414062,2026-09-18 23:53:39.265099
SPY261016C00745000,2026-09-18 19:43:09+00:00,745.0,23.4,24.21,25.14,-0.5400009,-2.255643,31.0,2657.0,0.18146570495605469,True,REGULAR,USD,2026-10-16,761.6900024414062,2026-09-18 23:53:39.265099
SPY261016C00746000,2026-09-18 20:11:42+00:00,746.0,24.13,23.46,24.26,1.1299992,4.9130397,63.0,257.0,0.1785665640258789,True,REGULAR,USD,2026-10-16,761.6900024414062,2026-09-18 23:53:39.265099
SPY261016C00747000,2026-09-18 19:50:59+00:00,747.0,21.87,22.57,23.41,0.060001373,0.27510947,6.0,248.0,0.1759725958251953,True,REGULAR,USD,2026-10-16,761.6900024414062,2026-09-18 23:53:39.265099
SPY261016C00748000,2026-09-18 20:10:00+00:00,748.0,21.96,21.77,23.51,1.1899986,5.7294106,3.0,183.0,0.18524984680175777,True,REGULAR,USD,2026-10-16,761.6900024414062,2026-09-18 23:53:39.265099
SPY261016C00749000,2026-09-18 19:39:00+00:00,749.0,20.12,21.16,21.74,-0.3199997,-1.5655562,5.0,373.0,0.17093724578857422,True,REGULAR,USD,2026-10-16,761.6900024414062,2026-09-18 23:53:39.265099
SPY261016C00750000,2026-09-18 20:13:24+00:00,750.0,20.7,20.36,20.94,1.0300007,5.236404,728.0,8666.0,0.16874000213623053,True,REGULAR,USD,2026-10-16,761.6900024414062,2026-09-18 23:53:39.265099
SPY261016C00751000,2026-09-18 20:00:49+00:00,751.0,19.2,19.58,20.13,-0.049999237,-0.2597363,16.0,388.0,0.16629862030029302,True,REGULAR,USD,2026-10-16,761.6900024414062,2026-09-18 23:53:39.265099
SPY261016C00752000,2026-09-18 19:51:27+00:00,752.0,17.96,18.81,19.32,-0.5400009,-2.9189239,40.0,463.0,0.16379620391845706,True,REGULAR,USD,2026-10-16,761.6900024414062,2026-09-18 23:53:39.265099
SPY261016C00753000,2026-09-18 19:51:27+00:00,753.0,17.21,17.94,18.55,-0.09000015,-0.52023214,350.0,408.0,0.1616599948120117,True,REGULAR,USD,2026-10-16,761.6900024414062,2026-09-18 23:53:39.265099
SPY261016C00754000,2026-09-18 19:10:02+00:00,754.0,16.41,17.28,17.77,-0.62000084,-3.640639,92.0,779.0,0.1593254234313965,True,REGULAR,USD,2026-10-16,761.6900024414062,2026-09-18 23:53:39.265099
SPY261016C00755000,2026-09-18 20:13:24+00:00,755.0,16.86,16.53,17.0,1.000001,6.3051763,218.0,4375.0,0.15699085205078128,True,REGULAR,USD,2026-10-16,761.6900024414062,2026-09-18 23:53:39.265099
SPY261016C00756000,2026-09-18 20:04:15+00:00,756.0,15.85,15.8,16.25,0.78999996,5.2456837,648.0,1030.0,0.15479360839843753,True,REGULAR,USD,2026-10-16,761.6900024414062,2026-09-18 23:53:39.265099
SPY261016C00757000,2026-09-18 20:11:42+00:00,757.0,15.45,15.08,15.52,0.47000027,3.1375186,863.0,847.0,0.15268791656494146,True,REGULAR,USD,2026-10-16,761.6900024414062,2026-09-18 23:53:39.265099
SPY261016C00758000,2026-09-18 20:10:21+00:00,758.0,14.53,14.37,14.79,0.72999954,5.2898517,323.0,1486.0,0.1504906729125977,True,REGULAR,USD,2026-10-16,761.6900024414062,2026-09-18 23:53:39.265099
SPY261016C00759000,2026-09-18 20:11:45+00:00,759.0,14.0,13.68,14.11,0.39999962,2.9411736,405.0,1199.0,0.1487511883544922,True,REGULAR,USD,2026-10-16,761.6900024414062,2026-09-18 23:53:39.265099
SPY261016C00760000,2026-09-18 20:12:54+00:00,760.0,13.33,13.01,13.42,0.77999973,6.215137,3279.0,10211.0,0.14673704833984375,True,REGULAR,USD,2026-10-16,761.6900024414062,2026-09-18 23:53:39.265099
SPY261016C00761000,2026-09-18 20:06:31+00:00,761.0,12.34,12.33,12.74,0.4800005,4.0472217,3640.0,1488.0,0.1447229083251953,True,REGULAR,USD,2026-10-16,761.6900024414062,2026-09-18 23:53:39.265099
SPY261016C00762000,2026-09-18 20:07:51+00:00,762.0,11.7,11.72,12.05,0.34000015,2.9929593,2371.0,2027.0,0.14243411285400392,False,REGULAR,USD,2026-10-16,761.6900024414062,2026-09-18 23:53:39.265099
SPY261016C00763000,2026-09-18 20:14:36+00:00,763.0,11.28,11.2,11.29,0.5699997,5.322126,2155.0,1786.0,0.13916876464843753,False,REGULAR,USD,2026-10-16,761.6900024414062,2026-09-18 23:53:39.265099
SPY261016C00764000,2026-09-18 20:14:15+00:00,764.0,10.62,10.58,10.67,-0.010000229,-0.09407553,1046.0,2495.0,0.13739876281738284,False,REGULAR,USD,2026-10-16,761.6900024414062,2026-09-18 23:53:39.265099
SPY261016C00765000,2026-09-18 20:14:15+00:00,765.0,10.03,9.98,10.06,0.5199995,5.467923,3295.0,7098.0,0.1355829850769043,False,REGULAR,USD,2026-10-16,761.6900024414062,2026-09-18 23:53:39.265099
SPY261016C00766000,2026-09-18 20:05:43+00:00,766.0,9.3,9.39,9.48,0.34000015,3.7946446,968.0,6194.0,0.13395031097412108,False,REGULAR,USD,2026-10-16,761.6900024414062,2026-09-18 23:53:39.265099
SPY261016C00767000,2026-09-18 20:14:36+00:00,767.0,8.91,8.82,8.9,0.47999954,5.6939445,655.0,7513.0,0.132119274597168,False,REGULAR,USD,2026-10-16,761.6900024414062,2026-09-18 23:53:39.265099
SPY261016C00768000,2026-09-18 20:14:22+00:00,768.0,8.35,8.28,8.35,0.11000061,1.3349589,608.0,4750.0,0.13047134185791015,False,REGULAR,USD,2026-10-16,761.6900024414062,2026-09-18 23:53:39.265099
SPY261016C00769000,2026-09-18 20:14:52+00:00,769.0,7.83,7.75,7.83,0.13000011,1.6883132,568.0,2313.0,0.12900651275634767,False,REGULAR,USD,2026-10-16,761.6900024414062,2026-09-18 23:53:39.265099
SPY261016C00770000,2026-09-18 20:14:56+00:00,770.0,7.29,7.28,7.31,0.3499999,5.0432267,3359.0,18267.0,0.12732806274414063,False,REGULAR,USD,2026-10-16,761.6900024414062,2026-09-18 23:53:39.265099
SPY261016C00771000,2026-09-18 20:08:25+00:00,771.0,6.68,6.75,6.83,0.03999996,0.60240906,491.0,3272.0,0.1259547854614258,False,REGULAR,USD,2026-10-16,761.6900024414062,2026-09-18 23:53:39.265099
SPY261016C00772000,2026-09-18 20:11:42+00:00,772.0,6.37,6.29,6.35,0.26999998,4.4262295,749.0,2662.0,0.12436788726806641,False,REGULAR,USD,2026-10-16,761.6900024414062,2026-09-18 23:53:39.265099
SPY261016C00773000,2026-09-18 20:05:16+00:00,773.0,5.73,5.84,5.91,-0.21000004,-3.5353541,529.0,2229.0,0.12305564453125001,False,REGULAR,USD,2026-10-16,761.6900024414062,2026-09-18 23:53:39.265099
SPY261016C00774000,2026-09-18 20:06:47+00:00,774.0,5.33,5.41,5.48,0.009999752,0.18796526,265.0,1815.0,0.12168236724853515,False,REGULAR,USD,2026-10-16,761.6900024414062,2026-09-18 23:53:39.265099
SPY261016C00775000,2026-09-18 20:14:55+00:00,775.0,5.05,5.01,5.07,0.12000036,2.4340844,3472.0,13145.0,0.12033960723876952,False,REGULAR,USD,2026-10-16,761.6900024414062,2026-09-18 23:53:39.265099
SPY261016C00776000,2026-09-18 20:13:24+00:00,776.0,4.71,4.63,4.69,-0.01999998,-0.42283258,512.0,1747.0,0.11914943359374999,False,REGULAR,USD,2026-10-16,761.6900024414062,2026-09-18 23:53:39.265099
SPY261016C00777000,2026-09-18 20:14:21+00:00,777.0,4.32,4.27,4.33,-0.049999714,-1.1441582,355.0,1887.0,0.11802029449462889,False,REGULAR,USD,2026-10-16,761.6900024414062,2026-09-18 23:53:39.265099
SPY261016C00778000,2026-09-18 20:09:18+00:00,778.0,3.86,3.93,3.99,-0.10000014,-2.5252562,1155.0,3845.0,0.11692167266845702,False,REGULAR,USD,2026-10-16,761.6900024414062,2026-09-18 23:53:39.265099
SPY261016C00779000,2026-09-18 20:10:00+00:00,779.0,3.56,3.61,3.67,0.049999952,1.4245001,344.0,1921.0,0.1158840853881836,False,REGULAR,USD,2026-10-16,761.6900024414062,2026-09-18 23:53:39.265099
SPY261016C00780000,2026-09-18 20:11:45+00:00,780.0,3.4,3.31,3.37,0.13000011,3.9755387,8164.0,13157.0,0.1149075326538086,False,REGULAR,USD,2026-10-16,761.6900024414062,2026-09-18 23:53:39.265099
SPY261016C00781000,2026-09-18 19:47:07+00:00,781.0,2.71,3.04,3.08,-0.37999988,-12.297731,1533.0,3409.0,0.11380891082763672,False,REGULAR,USD,2026-10-16,761.6900024414062,2026-09-18 23:53:39.265099
SPY261016C00782000,2026-09-18 20:02:39+00:00,782.0,2.72,2.78,2.82,-0.00999999,-0.36630002,390.0,2881.0,0.1129544271850586,False,REGULAR,USD,2026-10-16,761.6900024414062,2026-09-18 23:53:39.265099
SPY261016C00783000,2026-09-18 19:50:57+00:00,783.0,2.29,2.54,2.57,-0.30999994,-11.923075,723.0,2292.0,0.112038908996582,False,REGULAR,USD,2026-10-16,761.6900024414062,2026-09-18 23:53:39.265099
SPY261016C00784000,2026-09-18 19:22:46+00:00,784.0,2.14,2.32,2.35,-0.29999995,-12.29508,273.0,2473.0,0.11136752899169922,False,REGULAR,USD,2026-10-16,761.6900024414062,2026-09-18 23:53:39.265099
SPY261016C00785000,2026-09-18 20:11:29+00:00,785.0,2.15,2.11,2.14,0.0400002,1.8957442,952.0,13125.0,0.11060459716796875,False,REGULAR,USD,2026-10-16,761.6900024414062,2026-09-18 23:53:39.265099
SPY261016C00786000,2026-09-18 20:10:10+00:00,786.0,1.9,1.92,1.95,-0.00999999,-0.5235597,711.0,4363.0,0.10999425170898436,False,REGULAR,USD,2026-10-16,761.6900024414062,2026-09-18 23:53:39.265099
SPY261016C00787000,2026-09-18 19:57:56+00:00,787.0,1.55,1.75,1.77,-0.2800001,-15.300551,744.0,2064.0,0.10935338897705077,False,REGULAR,USD,2026-10-16,761.6900024414062,2026-09-18 23:53:39.265099
SPY261016C00788000,2026-09-18 20:13:07+00:00,788.0,1.61,1.59,1.61,-0.059999943,-3.592811,603.0,1712.0,0.10883459533691406,False,REGULAR,USD,2026-10-16,761.6900024414062,2026-09-18 23:53:39.265099
SPY261016C00789000,2026-09-18 20:14:34+00:00,789.0,1.45,1.44,1.47,-0.099999905,-6.4516068,708.0,1539.0,0.1085599398803711,False,REGULAR,USD,2026-10-16,761.6900024414062,2026-09-18 23:53:39.265099
SPY261016C00790000,2026-09-18 20:05:56+00:00,790.0,1.3,1.31,1.33,-0.08000004,-5.7971044,6318.0,21273.0,0.10804114624023436,False,REGULAR,USD,2026-10-16,761.6900024414062,2026-09-18 23:53:39.265099
SPY261016C00791000,2026-09-18 20:14:28+00:00,791.0,1.2,1.19,1.21,-0.099999905,-7.692301,447.0,1900.0,0.1077359735107422,False,REGULAR,USD,2026-10-16,761.6900024414062,2026-09-18 23:53:39.265099
SPY261016C00792000,2026-09-18 19:06:50+00:00,792.0,0.96,1.08,1.1,-0.13000005,-11.92661,509.0,2014.0,0.10749183532714844,False,REGULAR,USD,2026-10-16,761.6900024414062,2026-09-18 23:53:39.265099
SPY261016C00793000,2026-09-18 19:51:21+00:00,793.0,0.83,0.98,1.0,-0.24000007,-22.429913,392.0,7321.0,0.10730873168945312,False,REGULAR,USD,2026-10-16,761.6900024414062,2026-09-18 23:53:39.265099
SPY261016C00794000,2026-09-18 19:59:20+00:00,794.0,0.79,0.89,0.91,-0.13,-14.130435,153.0,3957.0,0.10718666259765625,False,REGULAR,USD,2026-10-16,761.6900024414062,2026-09-18 23:53:39.265099
SPY261016C00795000,2026-09-18 20:13:54+00:00,795.0,0.81,0.81,0.82,-0.029999971,-3.5714252,5342.0,10409.0,0.10682045532226564,False,REGULAR,USD,2026-10-16,761.6900024414062,2026-09-18 23:53:39.265099
SPY261016C00796000,2026-09-18 20:04:12+00:00,796.0,0.7,0.73,0.75,-0.07999998,-10.256408,75.0,2470.0,0.1069425244140625,False,REGULAR,USD,2026-10-16,761.6900024414062,2026-09-18 23:53:39.265099
SPY261016C00797000,2026-09-18 19:55:49+00:00,797.0,0.59,0.66,0.68,-0.13000005,-18.055563,1420.0,11643.0,0.10682045532226564,False,REGULAR,USD,2026-10-16,761.6900024414062,2026-09-18 23:53:39.265099
SPY261016C00798000,2026-09-18 20:05:44+00:00,798.0,0.58,0.6,0.61,-0.100000024,-14.705885,2103.0,1679.0,0.10651528259277344,False,REGULAR,USD,2026-10-16,761.6900024414062,2026-09-18 23:53:39.265099
SPY261016C00799000,2026-09-18 20:10:56+00:00,799.0,0.55,0.55,0.56,-0.06999999,-11.290321,1304.0,2812.0,0.1067594207763672,False,REGULAR,USD,2026-10-16,761.6900024414062,2026-09-18 23:53:39.265099
SPY261016C00800000,2026-09-18 20:13:19+00:00,800.0,0.51,0.5,0.51,-0.030000031,-5.555561,5351.0,22107.0,0.10682045532226564,False,REGULAR,USD,2026-10-16,761.6900024414062,2026-09-18 23:53:39.265099
SPY261016C00805000,2026-09-18 20:13:54+00:00,805.0,0.34,0.33,0.34,-0.030000001,-8.108108,982.0,10081.0,0.10877356079101563,False,REGULAR,USD,2026-10-16,761.6900024414062,2026-09-18 23:53:39.265099
SPY261016C00810000,2026-09-18 20:14:55+00:00,810.0,0.23,0.22,0.23,-0.029999986,-11.538457,1767.0,15187.0,0.11109287353515623,False,REGULAR,USD,2026-10-16,761.6900024414062,2026-09-18 23:53:39.265099
SPY261016C00815000,2026-09-18 19:44:43+00:00,815.0,0.14,0.16,0.17,-0.040000007,-22.222223,191.0,16309.0,0.11487701538085937,False,REGULAR,USD,2026-10-16,761.6900024414062,2026-09-18 23:53:39.265099
SPY261016C00820000,2026-09-18 20:07:28+00:00,820.0,0.12,0.12,0.13,-0.020000003,-14.285716,1125.0,14361.0,0.11890529541015624,False,REGULAR,USD,2026-10-16,761.6900024414062,2026-09-18 23:53:39.265099
SPY261016C00825000,2026-09-18 20:08:35+00:00,825.0,0.09,0.09,0.1,-0.019999996,-18.181814,138.0,16091.0,0.12305564453125001,False,REGULAR,USD,2026-10-16,761.6900024414062,2026-09-18 23:53:39.265099
SPY261016C00830000,2026-09-18 18:53:35+00:00,830.0,0.07,0.07,0.08,-0.020000003,-22.222223,20.0,18376.0,0.1274501318359375,False,REGULAR,USD,2026-10-16,761.6900024414062,2026-09-18 23:53:39.265099
SPY261016C00835000,2026-09-18 18:02:41+00:00,835.0,0.06,0.06,0.07,-0.010000002,-14.285716,10.0,3413.0,0.13306531005859373,False,REGULAR,USD,2026-10-16,761.6900024414062,2026-09-18 23:53:39.265099
SPY261016C00840000,2026-09-18 20:02:43+00:00,840.0,0.06,0.05,0.06,-0.010000002,-14.285716,42.0,3068.0,0.1381922119140625,False,REGULAR,USD,2026-10-16,761.6900024414062,2026-09-18 23:53:39.265099
SPY261016C00845000,2026-09-18 17:50:27+00:00,845.0,0.03,0.04,0.05,-0.020000001,-40.000004,4.0,1886.0,0.14258669921875,False,REGULAR,USD,2026-10-16,761.6900024414062,2026-09-18 23:53:39.265099
SPY261016C00850000,2026-09-18 16:36:48+00:00,850.0,0.04,0.03,0.04,0.0,0.0,6.0,9894.0,0.14649291015625,False,REGULAR,USD,2026-10-16,761.6900024414062,2026-09-18 23:53:39.265099
SPY261016C00855000,2026-09-18 14:22:00+00:00,855.0,0.03,0.02,0.03,0.0,0.0,2.0,714.0,0.148446015625,False,REGULAR,USD,2026-10-16,761.6900024414062,2026-09-18 23:53:39.265099
SPY261016C00860000,2026-09-18 16:34:34+00:00,860.0,0.02,0.02,0.03,-0.01,-33.333336,30.0,2031.0,0.15528188476562502,False,REGULAR,USD,2026-10-16,761.6900024414062,2026-09-18 23:53:39.265099
SPY261016C00865000,2026-09-18 17:24:20+00:00,865.0,0.01,0.01,0.02,-0.02,-66.66667,11.0,509.0,0.1562584375,False,REGULAR,USD,2026-10-16,761.6900024414062,2026-09-18 23:53:39.265099
SPY261016C00870000,2026-09-18 15:35:44+00:00,870.0,0.02,0.01,0.02,0.0,0.0,2.0,2233.0,0.16211775390625,False,REGULAR,USD,2026-10-16,761.6900024414062,2026-09-18 23:53:39.265099
SPY261016C00875000,2026-09-18 16:28:40+00:00,875.0,0.02,0.01,0.02,0.0,0.0,1.0,1434.0,0.16895362304687503,False,REGULAR,USD,2026-10-16,761.6900024414062,2026-09-18 23:53:39.265099
SPY261016C00880000,2026-09-18 19:57:19+00:00,880.0,0.01,0.01,0.02,-0.01,-50.0,1.0,433.0,0.1757894921875,False,REGULAR,USD,2026-10-16,761.6900024414062,2026-09-18 23:53:39.265099
SPY261016C00885000,2026-09-18 19:48:38+00:00,885.0,0.01,0.0,0.01,0.0,0.0,300.0,2389.0,0.17188328125000002,False,REGULAR,USD,2026-10-16,761.6900024414062,2026-09-18 23:53:39.265099
SPY261016C00890000,2026-09-18 19:41:06+00:00,890.0,0.01,0.0,0.01,-0.02,-66.66667,50.0,2596.0,0.1757894921875,False,REGULAR,USD,2026-10-16,761.6900024414062,2026-09-18 23:53:39.265099
SPY261016C00895000,2026-09-18 14:00:04+00:00,895.0,0.01,0.0,0.01,0.0,0.0,100.0,462.0,0.18360191406249998,False,REGULAR,USD,2026-10-16,761.6900024414062,2026-09-18 23:53:39.265099
SPY261016C00900000,2026-09-18 16:41:43+00:00,900.0,0.01,0.0,0.01,0.0,0.0,1000.0,3063.0,0.187508125,False,REGULAR,USD,2026-10-16,761.6900024414062,2026-09-18 23:53:39.265099
SPY261016C00905000,2026-09-17 15:51:08+00:00,905.0,0.01,0.0,0.01,0.0,0.0,9.0,106.0,0.195320546875,False,REGULAR,USD,2026-10-16,761.6900024414062,2026-09-18 23:53:39.265099
SPY261016C00910000,2026-09-15 17:31:04+00:00,910.0,0.01,0.0,0.01,0.0,0.0,276.0,3867.0,0.1992267578125,False,REGULAR,USD,2026-10-16,761.6900024414062,2026-09-18 23:53:39.265099
SPY261016C00915000,2026-09-16 20:01:46+00:00,915.0,0.01,0.0,0.01,0.0,0.0,9.0,3971.0,0.20508607421874997,False,REGULAR,USD,2026-10-16,761.6900024414062,2026-09-18 23:53:39.265099
SPY261016C00920000,2026-09-14 16:46:21+00:00,920.0,0.01,0.0,0.01,0.0,0.0,280.0,368.0,0.21094539062499998,False,REGULAR,USD,2026-10-16,761.6900024414062,2026-09-18 23:53:39.265099
SPY261016C00925000,2026-09-14 16:46:24+00:00,925.0,0.01,0.0,0.01,0.0,0.0,280.0,360.0,0.2148516015625,False,REGULAR,USD,2026-10-16,761.6900024414062,2026-09-18 23:53:39.265099
SPY261016C00930000,2026-09-11 13:30:51+00:00,930.0,0.01,0.0,0.01,0.0,0.0,1.0,371.0,0.22266402343749997,False,REGULAR,USD,2026-10-16,761.6900024414062,2026-09-18 23:53:39.265099
SPY261016C00935000,2026-09-15 15:20:35+00:00,935.0,0.01,0.0,0.01,0.0,0.0,1.0,598.0,0.22657023437499998,False,REGULAR,USD,2026-10-16,761.6900024414062,2026-09-18 23:53:39.265099
SPY261016C00940000,2026-09-08 14:43:42+00:00,940.0,0.01,0.0,0.01,0.0,0.0,28.0,1022.0,0.23438265625,False,REGULAR,USD,2026-10-16,761.6900024414062,2026-09-18 23:53:39.265099
SPY261016C00945000,2026-08-24 19:14:01+00:00,945.0,0.02,0.0,0.01,0.0,0.0,1101.0,1136.0,0.23828886718749998,False,REGULAR,USD,2026-10-16,761.6900024414062,2026-09-18 23:53:39.265099
SPY261016C00950000,2026-09-10 13:42:49+00:00,950.0,0.01,0.0,0.01,0.0,0.0,200.0,1177.0,0.242195078125,False,REGULAR,USD,2026-10-16,761.6900024414062,2026-09-18 23:53:39.265099
SPY261016C00955000,2026-09-01 14:03:48+00:00,955.0,0.01,0.0,0.01,0.0,0.0,1.0,18.0,0.2500075,False,REGULAR,USD,2026-10-16,761.6900024414062,2026-09-18 23:53:39.265099
SPY261016C00960000,2026-09-02 14:47:54+00:00,960.0,0.01,0.0,0.01,0.0,0.0,596.0,1188.0,0.25391371093750004,False,REGULAR,USD,2026-10-16,761.6900024414062,2026-09-18 23:53:39.265099
SPY261016C00965000,2026-09-04 20:08:29+00:00,965.0,0.01,0.0,0.01,0.0,0.0,206.0,785.0,0.257819921875,False,REGULAR,USD,2026-10-16,761.6900024414062,2026-09-18 23:53:39.265099
SPY261016C00970000,2026-09-08 15:29:45+00:00,970.0,0.01,0.0,0.01,0.0,0.0,10.0,782.0,0.26563234375,False,REGULAR,USD,2026-10-16,761.6900024414062,2026-09-18 23:53:39.265099
SPY261016C00975000,2026-09-04 20:14:50+00:00,975.0,0.01,0.0,0.01,0.0,0.0,745.0,1299.0,0.2695385546875,False,REGULAR,USD,2026-10-16,761.6900024414062,2026-09-18 23:53:39.265099
SPY261016C00980000,2026-08-04 14:11:08+00:00,980.0,0.05,0.0,0.01,0.0,0.0,532.0,290.0,0.273444765625,False,REGULAR,USD,2026-10-16,761.6900024414062,2026-09-18 23:53:39.265099
SPY261016C00985000,2026-08-28 19:59:44+00:00,985.0,0.01,0.0,0.01,0.0,0.0,407.0,595.0,0.28125718749999995,False,REGULAR,USD,2026-10-16,761.6900024414062,2026-09-18 23:53:39.265099
SPY261016C00990000,2026-08-28 19:59:44+00:00,990.0,0.01,0.0,0.01,0.0,0.0,407.0,628.0,0.28516339843749994,False,REGULAR,USD,2026-10-16,761.6900024414062,2026-09-18 23:53:39.265099
SPY261016C00995000,2026-08-25 15:10:26+00:00,995.0,0.01,0.0,0.01,0.0,0.0,1.0,72.0,0.2890696093749999,False,REGULAR,USD,2026-10-16,761.6900024414062,2026-09-18 23:53:39.265099
SPY261016C01000000,2026-09-14 20:11:13+00:00,1000.0,0.01,0.0,0.01,0.0,0.0,1.0,1252.0,0.2929758203124999,False,REGULAR,USD,2026-10-16,761.6900024414062,2026-09-18 23:53:39.265099
SPY261023C00500000,2026-09-17 20:05:42+00:00,500.0,263.18,262.91,266.86,0.0,0.0,22.0,22.0,0.8103046313476561,True,REGULAR,USD,2026-10-23,761.6900024414062,2026-09-18 23:53:39.265099
SPY261023C00515000,2026-09-10 17:53:11+00:00,515.0,244.5,247.99,251.96,0.0,0.0,,1.0,0.7666038964843751,True,REGULAR,USD,2026-10-23,761.6900024414062,2026-09-18 23:53:39.265099
SPY261023C00530000,2026-09-09 16:44:23+00:00,530.0,233.39,233.08,237.05,0.0,0.0,,8.0,0.723513507080078,True,REGULAR,USD,2026-10-23,761.6900024414062,2026-09-18 23:53:39.265099
SPY261023C00540000,2026-09-09 16:45:18+00:00,540.0,223.55,223.18,227.09,0.0,0.0,,49.0,0.6955596850585939,True,REGULAR,USD,2026-10-23,761.6900024414062,2026-09-18 23:53:39.265099
SPY261023C00580000,2026-09-11 13:34:31+00:00,580.0,186.39,183.42,187.4,0.0,0.0,,1.0,0.5853312951660157,True,REGULAR,USD,2026-10-23,761.6900024414062,2026-09-18 23:53:39.265099
SPY261023C00595000,2026-09-11 19:55:50+00:00,595.0,171.56,168.54,172.52,0.0,0.0,,1.0,0.5451095294189454,True,REGULAR,USD,2026-10-23,761.6900024414062,2026-09-18 23:53:39.265099
SPY261023C00600000,2026-09-15 19:43:26+00:00,600.0,158.61,163.58,167.56,0.0,0.0,1.0,1.0,0.5317429638671876,True,REGULAR,USD,2026-10-23,761.6900024414062,2026-09-18 23:53:39.265099
SPY261023C00605000,2026-09-17 17:42:07+00:00,605.0,158.57,158.79,162.62,0.0,0.0,15.0,0.0,0.5214281256103515,True,REGULAR,USD,2026-10-23,761.6900024414062,2026-09-18 23:53:39.265099
SPY261023C00615000,2026-09-11 14:01:19+00:00,615.0,152.53,148.72,152.71,0.0,0.0,,,0.5475509112548829,True,REGULAR,USD,2026-10-23,761.6900024414062,2026-09-18 23:53:39.265099
SPY261023C00645000,2026-09-18 20:13:49+00:00,645.0,121.1,119.09,123.08,1.9899979,1.6707227,1.0,3.0,0.4626518579101563,True,REGULAR,USD,2026-10-23,761.6900024414062,2026-09-18 23:53:39.265099
SPY261023C00650000,2026-09-15 19:03:19+00:00,650.0,109.73,114.13,118.15,0.0,0.0,2.0,2.0,0.4485833950805663,True,REGULAR,USD,2026-10-23,761.6900024414062,2026-09-18 23:53:39.265099
SPY261023C00655000,2026-09-14 16:28:15+00:00,655.0,109.18,109.35,113.22,0.0,0.0,22.0,23.0,0.43445389770507814,True,REGULAR,USD,2026-10-23,761.6900024414062,2026-09-18 23:53:39.265099
SPY261023C00670000,2026-09-16 14:07:33+00:00,670.0,92.51,94.61,98.49,0.0,0.0,3.0,8.0,0.39279782012939457,True,REGULAR,USD,2026-10-23,761.6900024414062,2026-09-18 23:53:39.265099
SPY261023C00675000,2026-09-17 18:45:13+00:00,675.0,89.69,89.59,93.6,0.0,0.0,22.0,27.0,0.3790650473022461,True,REGULAR,USD,2026-10-23,761.6900024414062,2026-09-18 23:53:39.265099
SPY261023C00680000,2026-09-17 19:29:17+00:00,680.0,84.98,84.7,88.71,0.0,0.0,20.0,26.0,0.36524072265625,True,REGULAR,USD,2026-10-23,761.6900024414062,2026-09-18 23:53:39.265099
SPY261023C00685000,2026-09-18 19:50:35+00:00,685.0,80.42,80.2,83.74,0.41999817,0.5249977,2.0,8.0,0.34979898254394526,True,REGULAR,USD,2026-10-23,761.6900024414062,2026-09-18 23:53:39.265099
SPY261023C00690000,2026-09-17 17:10:57+00:00,690.0,75.13,75.25,78.88,0.0,0.0,1.0,4.0,0.33618827880859375,True,REGULAR,USD,2026-10-23,761.6900024414062,2026-09-18 23:53:39.265099
SPY261023C00695000,2026-09-17 19:54:32+00:00,695.0,70.98,70.38,74.04,0.0,0.0,2.0,21.0,0.32269964416503893,True,REGULAR,USD,2026-10-23,761.6900024414062,2026-09-18 23:53:39.265099
SPY261023C00700000,2026-09-18 18:12:17+00:00,700.0,64.37,65.68,69.23,-1.199997,-1.8301005,15.0,38.0,0.3094551477050781,True,REGULAR,USD,2026-10-23,761.6900024414062,2026-09-18 23:53:39.265099
SPY261023C00705000,2026-09-17 14:33:44+00:00,705.0,60.34,60.8,64.44,0.0,0.0,36.0,42.0,0.2961801339721679,True,REGULAR,USD,2026-10-23,761.6900024414062,2026-09-18 23:53:39.265099
SPY261023C00710000,2026-09-18 16:38:11+00:00,710.0,54.72,56.01,59.68,-1.2799988,-2.285712,7.0,10.0,0.28304244796752925,True,REGULAR,USD,2026-10-23,761.6900024414062,2026-09-18 23:53:39.265099
SPY261023C00715000,2026-09-18 14:55:46+00:00,715.0,50.99,52.24,54.23,-0.84000015,-1.6206832,10.0,11.0,0.25949837188720704,True,REGULAR,USD,2026-10-23,761.6900024414062,2026-09-18 23:53:39.265099
SPY261023C00720000,2026-09-18 17:02:40+00:00,720.0,45.12,47.64,49.47,-1.9400024,-4.122402,3.0,93.0,0.24588766815185548,True,REGULAR,USD,2026-10-23,761.6900024414062,2026-09-18 23:53:39.265099
SPY261023C00721000,2026-09-08 13:51:25+00:00,721.0,52.21,46.73,48.32,0.0,0.0,2.0,7.0,0.24033352447509765,True,REGULAR,USD,2026-10-23,761.6900024414062,2026-09-18 23:53:39.265099
SPY261023C00722000,2026-09-10 19:02:57+00:00,722.0,43.23,45.83,47.58,0.0,0.0,,1.0,0.24048611083984373,True,REGULAR,USD,2026-10-23,761.6900024414062,2026-09-18 23:53:39.265099
SPY261023C00723000,2026-09-10 19:58:35+00:00,723.0,42.84,44.92,46.63,0.0,0.0,,1.0,0.23770903900146478,True,REGULAR,USD,2026-10-23,761.6900024414062,2026-09-18 23:53:39.265099
SPY261023C00725000,2026-09-18 18:02:16+00:00,725.0,41.26,43.02,44.75,7.039997,20.572754,14.0,80.0,0.23230748168945312,True,REGULAR,USD,2026-10-23,761.6900024414062,2026-09-18 23:53:39.265099
SPY261023C00728000,2026-09-16 19:14:41+00:00,728.0,32.06,40.41,42.01,0.0,0.0,50.0,51.0,0.22510540527343748,True,REGULAR,USD,2026-10-23,761.6900024414062,2026-09-18 23:53:39.265099
SPY261023C00729000,2026-09-04 16:06:14+00:00,729.0,47.5,38.41,41.09,0.0,0.0,2.0,2.0,0.22255721298217768,True,REGULAR,USD,2026-10-23,761.6900024414062,2026-09-18 23:53:39.265099
SPY261023C00730000,2026-09-18 17:29:48+00:00,730.0,36.41,38.64,40.16,-0.25999832,-0.7090219,16.0,52.0,0.21985643432617186,True,REGULAR,USD,2026-10-23,761.6900024414062,2026-09-18 23:53:39.265099
SPY261023C00732000,2026-09-10 20:11:03+00:00,732.0,35.37,36.89,38.3,0.0,0.0,,1.0,0.21433280792236326,True,REGULAR,USD,2026-10-23,761.6900024414062,2026-09-18 23:53:39.265099
SPY261023C00735000,2026-09-18 17:58:41+00:00,735.0,32.34,34.48,35.58,-1.4900017,-4.4043794,18.0,141.0,0.20670348968505853,True,REGULAR,USD,2026-10-23,761.6900024414062,2026-09-18 23:53:39.265099
SPY261023C00739000,2026-09-10 15:21:53+00:00,739.0,29.9,30.91,32.01,0.0,0.0,,1.0,0.1966938241577148,True,REGULAR,USD,2026-10-23,761.6900024414062,2026-09-18 23:53:39.265099
SPY261023C00740000,2026-09-18 19:21:31+00:00,740.0,29.26,30.28,31.08,-0.6499996,-2.1731849,85.0,161.0,0.193642096862793,True,REGULAR,USD,2026-10-23,761.6900024414062,2026-09-18 23:53:39.265099
SPY261023C00741000,2026-09-18 14:23:33+00:00,741.0,27.12,27.95,30.7,5.450001,25.14998,4.0,3.0,0.19702951416015624,True,REGULAR,USD,2026-10-23,761.6900024414062,2026-09-18 23:53:39.265099
SPY261023C00742000,2026-09-18 19:26:06+00:00,742.0,27.44,28.41,29.4,2.3500004,9.366282,228.0,122.0,0.18952226501464847,True,REGULAR,USD,2026-10-23,761.6900024414062,2026-09-18 23:53:39.265099
SPY261023C00744000,2026-09-14 18:36:21+00:00,744.0,27.43,26.77,27.71,0.0,0.0,1.0,6.0,0.18506674316406246,True,REGULAR,USD,2026-10-23,761.6900024414062,2026-09-18 23:53:39.265099
SPY261023C00745000,2026-09-18 20:00:05+00:00,745.0,25.4,26.17,26.83,4.949999,24.205372,17.0,99.0,0.18235070587158203,True,REGULAR,USD,2026-10-23,761.6900024414062,2026-09-18 23:53:39.265099
SPY261023C00746000,2026-09-18 14:24:26+00:00,746.0,23.0,25.18,25.94,-1.7999992,-7.258062,26.0,25.0,0.17946682357788085,True,REGULAR,USD,2026-10-23,761.6900024414062,2026-09-18 23:53:39.265099
SPY261023C00747000,2026-09-17 13:36:40+00:00,747.0,22.95,22.98,25.16,0.0,0.0,1.0,20.0,0.17777311492919923,True,REGULAR,USD,2026-10-23,761.6900024414062,2026-09-18 23:53:39.265099
SPY261023C00748000,2026-09-18 14:33:06+00:00,748.0,21.39,22.13,24.34,-1.6500015,-7.1614647,48.0,6.0,0.17554535400390625,True,REGULAR,USD,2026-10-23,761.6900024414062,2026-09-18 23:53:39.265099
SPY261023C00749000,2026-09-18 14:06:40+00:00,749.0,20.61,21.36,23.52,-1.7999992,-8.032125,1.0,3.0,0.17325655853271482,True,REGULAR,USD,2026-10-23,761.6900024414062,2026-09-18 23:53:39.265099
SPY261023C00750000,2026-09-18 20:00:10+00:00,750.0,21.45,22.19,22.7,-0.54999924,-2.4999964,63.0,126.0,0.17090672851562502,True,REGULAR,USD,2026-10-23,761.6900024414062,2026-09-18 23:53:39.265099
SPY261023C00751000,2026-09-18 19:59:30+00:00,751.0,20.38,21.34,21.94,-0.7200012,-3.412328,66.0,169.0,0.16913672668457033,True,REGULAR,USD,2026-10-23,761.6900024414062,2026-09-18 23:53:39.265099
SPY261023C00752000,2026-09-18 19:21:46+00:00,752.0,19.68,20.55,21.13,-0.52000046,-2.5742595,153.0,289.0,0.1667563793945313,True,REGULAR,USD,2026-10-23,761.6900024414062,2026-09-18 23:53:39.265099
SPY261023C00753000,2026-09-18 13:57:09+00:00,753.0,18.17,19.8,20.35,-0.94000053,-4.9188933,1.0,76.0,0.16462017028808595,True,REGULAR,USD,2026-10-23,761.6900024414062,2026-09-18 23:53:39.265099
SPY261023C00754000,2026-09-18 19:25:46+00:00,754.0,18.11,19.08,19.6,-0.45999908,-2.4771087,183.0,136.0,0.1626975820922852,True,REGULAR,USD,2026-10-23,761.6900024414062,2026-09-18 23:53:39.265099
SPY261023C00755000,2026-09-18 20:00:49+00:00,755.0,18.0,18.37,18.79,0.10000038,0.55866134,134.0,117.0,0.16007309661865232,True,REGULAR,USD,2026-10-23,761.6900024414062,2026-09-18 23:53:39.265099
SPY261023C00756000,2026-09-18 17:31:29+00:00,756.0,15.78,17.61,18.1,-1.1999998,-7.0671372,7.0,33.0,0.15863878479003907,True,REGULAR,USD,2026-10-23,761.6900024414062,2026-09-18 23:53:39.265099
SPY261023C00757000,2026-09-18 19:25:39+00:00,757.0,15.98,16.9,17.36,-0.48999977,-2.975105,181.0,190.0,0.15656361022949222,True,REGULAR,USD,2026-10-23,761.6900024414062,2026-09-18 23:53:39.265099
SPY261023C00758000,2026-09-18 19:42:27+00:00,758.0,15.4,16.2,16.64,-0.35000038,-2.2222247,466.0,315.0,0.15461050476074223,True,REGULAR,USD,2026-10-23,761.6900024414062,2026-09-18 23:53:39.265099
SPY261023C00759000,2026-09-18 19:23:29+00:00,759.0,14.67,15.5,15.94,-0.72000027,-4.6783643,179.0,356.0,0.15276420974731447,True,REGULAR,USD,2026-10-23,761.6900024414062,2026-09-18 23:53:39.265099
SPY261023C00760000,2026-09-18 20:11:17+00:00,760.0,15.1,14.93,15.22,0.6700001,4.643105,765.0,829.0,0.15061274200439456,True,REGULAR,USD,2026-10-23,761.6900024414062,2026-09-18 23:53:39.265099
SPY261023C00761000,2026-09-18 20:11:45+00:00,761.0,14.51,14.18,14.53,0.35000038,2.471754,106.0,402.0,0.1486596365356445,True,REGULAR,USD,2026-10-23,761.6900024414062,2026-09-18 23:53:39.265099
SPY261023C00762000,2026-09-18 20:09:33+00:00,762.0,13.47,13.52,13.9,0.42000008,3.2183914,358.0,184.0,0.14722532470703126,False,REGULAR,USD,2026-10-23,761.6900024414062,2026-09-18 23:53:39.265099
SPY261023C00763000,2026-09-18 20:14:56+00:00,763.0,13.1,12.9,13.26,0.6000004,4.800003,338.0,382.0,0.1455621333312988,False,REGULAR,USD,2026-10-23,761.6900024414062,2026-09-18 23:53:39.265099
SPY261023C00764000,2026-09-18 19:31:45+00:00,764.0,11.71,12.39,12.49,-0.59000015,-4.796749,76.0,309.0,0.1424188542175293,False,REGULAR,USD,2026-10-23,761.6900024414062,2026-09-18 23:53:39.265099
SPY261023C00765000,2026-09-18 20:10:17+00:00,765.0,11.75,11.79,11.88,0.47999954,4.259091,577.0,1435.0,0.1408166973876953,False,REGULAR,USD,2026-10-23,761.6900024414062,2026-09-18 23:53:39.265099
SPY261023C00766000,2026-09-18 19:32:08+00:00,766.0,10.2,11.2,11.29,-0.53999996,-5.0279326,94.0,495.0,0.139306092376709,False,REGULAR,USD,2026-10-23,761.6900024414062,2026-09-18 23:53:39.265099
SPY261023C00767000,2026-09-18 20:00:08+00:00,767.0,10.1,10.62,10.71,-0.10999966,-1.0773717,145.0,80.0,0.13776497009277344,False,REGULAR,USD,2026-10-23,761.6900024414062,2026-09-18 23:53:39.265099
SPY261023C00768000,2026-09-18 19:24:34+00:00,768.0,9.24,10.05,10.13,-0.5300007,-5.4247766,60.0,1925.0,0.13608652008056643,False,REGULAR,USD,2026-10-23,761.6900024414062,2026-09-18 23:53:39.265099
SPY261023C00769000,2026-09-18 20:08:49+00:00,769.0,9.41,9.49,9.59,0.13000011,1.4008633,183.0,201.0,0.13468272552490235,False,REGULAR,USD,2026-10-23,761.6900024414062,2026-09-18 23:53:39.265099
SPY261023C00770000,2026-09-18 20:06:09+00:00,770.0,8.9,8.97,9.06,0.3399992,3.9719532,166.0,1957.0,0.13324841369628904,False,REGULAR,USD,2026-10-23,761.6900024414062,2026-09-18 23:53:39.265099
SPY261023C00771000,2026-09-18 19:23:04+00:00,771.0,7.75,8.46,8.55,-0.5500002,-6.626508,23.0,175.0,0.13187513641357423,False,REGULAR,USD,2026-10-23,761.6900024414062,2026-09-18 23:53:39.265099
SPY261023C00772000,2026-09-18 20:02:40+00:00,772.0,7.82,7.96,8.04,0.24000025,3.1662302,195.0,389.0,0.13034927276611324,False,REGULAR,USD,2026-10-23,761.6900024414062,2026-09-18 23:53:39.265099
SPY261023C00773000,2026-09-18 19:19:25+00:00,773.0,6.8,7.49,7.57,-0.5999999,-8.108107,15.0,215.0,0.1290980645751953,False,REGULAR,USD,2026-10-23,761.6900024414062,2026-09-18 23:53:39.265099
SPY261023C00774000,2026-09-18 19:49:50+00:00,774.0,6.58,7.03,7.11,-0.4300003,-6.1340985,89.0,206.0,0.12781633911132811,False,REGULAR,USD,2026-10-23,761.6900024414062,2026-09-18 23:53:39.265099
SPY261023C00775000,2026-09-18 20:11:17+00:00,775.0,6.67,6.59,6.66,-0.009999752,-0.14969689,215.0,460.0,0.12645832046508787,False,REGULAR,USD,2026-10-23,761.6900024414062,2026-09-18 23:53:39.265099
SPY261023C00776000,2026-09-18 20:14:53+00:00,776.0,6.21,6.16,6.24,0.19999981,3.3277838,31.0,192.0,0.12528340545654298,False,REGULAR,USD,2026-10-23,761.6900024414062,2026-09-18 23:53:39.265099
SPY261023C00777000,2026-09-18 20:01:16+00:00,777.0,5.56,5.76,5.83,-0.21000004,-3.6395154,45.0,336.0,0.12404745590209962,False,REGULAR,USD,2026-10-23,761.6900024414062,2026-09-18 23:53:39.265099
SPY261023C00778000,2026-09-18 19:58:12+00:00,778.0,4.99,5.37,5.45,-0.39000034,-7.249077,43.0,235.0,0.12299460998535157,False,REGULAR,USD,2026-10-23,761.6900024414062,2026-09-18 23:53:39.265099
SPY261023C00779000,2026-09-18 20:14:53+00:00,779.0,5.05,5.0,5.08,0.14000034,2.851331,181.0,243.0,0.12186547088623048,False,REGULAR,USD,2026-10-23,761.6900024414062,2026-09-18 23:53:39.265099
SPY261023C00780000,2026-09-18 20:11:36+00:00,780.0,4.7,4.66,4.73,0.1699996,3.7527504,107.0,523.0,0.12082788360595703,False,REGULAR,USD,2026-10-23,761.6900024414062,2026-09-18 23:53:39.265099
SPY261023C00781000,2026-09-18 20:02:08+00:00,781.0,4.22,4.33,4.4,-0.26999998,-6.013363,36.0,111.0,0.119851330871582,False,REGULAR,USD,2026-10-23,761.6900024414062,2026-09-18 23:53:39.265099
SPY261023C00782000,2026-09-18 19:30:41+00:00,782.0,3.51,4.02,4.09,-0.51,-12.686567,163.0,309.0,0.11895107131958008,False,REGULAR,USD,2026-10-23,761.6900024414062,2026-09-18 23:53:39.265099
SPY261023C00783000,2026-09-18 18:46:08+00:00,783.0,3.26,3.72,3.79,-0.46000004,-12.365592,17.0,345.0,0.11798977722167968,False,REGULAR,USD,2026-10-23,761.6900024414062,2026-09-18 23:53:39.265099
SPY261023C00784000,2026-09-18 19:46:21+00:00,784.0,3.16,3.46,3.5,-0.3499999,-9.971508,179.0,331.0,0.11698270721435547,False,REGULAR,USD,2026-10-23,761.6900024414062,2026-09-18 23:53:39.265099
SPY261023C00785000,2026-09-18 20:12:57+00:00,785.0,3.26,3.2,3.24,0.12999988,4.1533504,116.0,653.0,0.11618925811767578,False,REGULAR,USD,2026-10-23,761.6900024414062,2026-09-18 23:53:39.265099
SPY261023C00786000,2026-09-18 19:35:19+00:00,786.0,2.71,2.96,3.0,-0.27999997,-9.364547,7.0,345.0,0.11551787811279299,False,REGULAR,USD,2026-10-23,761.6900024414062,2026-09-18 23:53:39.265099
SPY261023C00787000,2026-09-18 18:43:52+00:00,787.0,2.27,2.73,2.77,-0.53,-18.92857,3.0,267.0,0.11478546356201172,False,REGULAR,USD,2026-10-23,761.6900024414062,2026-09-18 23:53:39.265099
SPY261023C00788000,2026-09-18 20:01:14+00:00,788.0,2.4,2.52,2.55,-0.19999981,-7.692301,237.0,198.0,0.11402253173828125,False,REGULAR,USD,2026-10-23,761.6900024414062,2026-09-18 23:53:39.265099
SPY261023C00789000,2026-09-18 18:41:16+00:00,789.0,1.9,2.32,2.36,-0.42999995,-18.454935,608.0,120.0,0.11359528991699218,False,REGULAR,USD,2026-10-23,761.6900024414062,2026-09-18 23:53:39.265099
SPY261023C00790000,2026-09-18 19:57:36+00:00,790.0,1.97,2.14,2.17,-0.25,-11.261261,655.0,809.0,0.11292390991210938,False,REGULAR,USD,2026-10-23,761.6900024414062,2026-09-18 23:53:39.265099
SPY261023C00791000,2026-09-18 20:02:08+00:00,791.0,1.9,1.97,2.0,-0.13,-6.403941,272.0,386.0,0.11246615081787109,False,REGULAR,USD,2026-10-23,761.6900024414062,2026-09-18 23:53:39.265099
SPY261023C00792000,2026-09-18 19:06:24+00:00,792.0,1.61,1.81,1.84,-0.16999996,-9.55056,39.0,297.0,0.11197787445068358,False,REGULAR,USD,2026-10-23,761.6900024414062,2026-09-18 23:53:39.265099
SPY261023C00793000,2026-09-18 20:01:16+00:00,793.0,1.57,1.66,1.69,-0.14999998,-8.720929,128.0,260.0,0.1115201153564453,False,REGULAR,USD,2026-10-23,761.6900024414062,2026-09-18 23:53:39.265099
SPY261023C00794000,2026-09-18 19:52:38+00:00,794.0,1.4,1.53,1.56,-0.17000008,-10.82803,452.0,429.0,0.11127597717285155,False,REGULAR,USD,2026-10-23,761.6900024414062,2026-09-18 23:53:39.265099
SPY261023C00795000,2026-09-18 20:10:19+00:00,795.0,1.37,1.4,1.43,-0.100000024,-6.8027225,454.0,1083.0,0.11084873535156249,False,REGULAR,USD,2026-10-23,761.6900024414062,2026-09-18 23:53:39.265099
SPY261023C00796000,2026-09-18 19:34:33+00:00,796.0,1.08,1.29,1.32,-0.27999997,-20.588232,107.0,206.0,0.11066563171386719,False,REGULAR,USD,2026-10-23,761.6900024414062,2026-09-18 23:53:39.265099
SPY261023C00797000,2026-09-18 19:16:07+00:00,797.0,1.02,1.18,1.21,-0.24000001,-19.047619,177.0,505.0,0.11036045898437499,False,REGULAR,USD,2026-10-23,761.6900024414062,2026-09-18 23:53:39.265099
SPY261023C00798000,2026-09-18 20:01:16+00:00,798.0,1.02,1.09,1.11,-0.100000024,-8.928573,164.0,740.0,0.11008580352783201,False,REGULAR,USD,2026-10-23,761.6900024414062,2026-09-18 23:53:39.265099
SPY261023C00799000,2026-09-18 19:36:40+00:00,799.0,0.83,1.0,1.02,-0.24000007,-22.429913,300.0,555.0,0.10993321716308593,False,REGULAR,USD,2026-10-23,761.6900024414062,2026-09-18 23:53:39.265099
SPY261023C00800000,2026-09-18 20:11:28+00:00,800.0,0.93,0.91,0.94,0.0,0.0,425.0,2509.0,0.1098721826171875,False,REGULAR,USD,2026-10-23,761.6900024414062,2026-09-18 23:53:39.265099
SPY261023C00801000,2026-09-18 17:43:49+00:00,801.0,0.76,0.84,0.86,-0.100000024,-11.627909,277.0,581.0,0.10962804443359375,False,REGULAR,USD,2026-10-23,761.6900024414062,2026-09-18 23:53:39.265099
SPY261023C00802000,2026-09-18 19:05:33+00:00,802.0,0.66,0.77,0.79,-0.16999996,-20.481924,19.0,402.0,0.10950597534179687,False,REGULAR,USD,2026-10-23,761.6900024414062,2026-09-18 23:53:39.265099
SPY261023C00803000,2026-09-18 20:01:16+00:00,803.0,0.67,0.71,0.73,-0.03999996,-5.6337976,240.0,99.0,0.10962804443359375,False,REGULAR,USD,2026-10-23,761.6900024414062,2026-09-18 23:53:39.265099
SPY261023C00804000,2026-09-18 18:50:38+00:00,804.0,0.57,0.65,0.67,-0.07999998,-12.30769,146.0,403.0,0.10956700988769531,False,REGULAR,USD,2026-10-23,761.6900024414062,2026-09-18 23:53:39.265099
SPY261023C00805000,2026-09-18 19:59:25+00:00,805.0,0.54,0.6,0.62,-0.07999998,-12.903223,542.0,477.0,0.10968907897949219,False,REGULAR,USD,2026-10-23,761.6900024414062,2026-09-18 23:53:39.265099
SPY261023C00806000,2026-09-17 19:58:06+00:00,806.0,0.6,0.55,0.57,0.0,0.0,237.0,570.0,0.10975011352539063,False,REGULAR,USD,2026-10-23,761.6900024414062,2026-09-18 23:53:39.265099
SPY261023C00807000,2026-09-18 19:05:33+00:00,807.0,0.44,0.51,0.53,-0.110000014,-20.000004,17.0,271.0,0.10999425170898436,False,REGULAR,USD,2026-10-23,761.6900024414062,2026-09-18 23:53:39.265099
SPY261023C00808000,2026-09-18 20:01:16+00:00,808.0,0.46,0.47,0.49,-0.030000001,-6.122449,77.0,245.0,0.11017735534667968,False,REGULAR,USD,2026-10-23,761.6900024414062,2026-09-18 23:53:39.265099
SPY261023C00809000,2026-09-18 18:27:45+00:00,809.0,0.35,0.44,0.45,-0.099999994,-22.222221,29.0,188.0,0.11023838989257811,False,REGULAR,USD,2026-10-23,761.6900024414062,2026-09-18 23:53:39.265099
SPY261023C00810000,2026-09-18 19:55:07+00:00,810.0,0.36,0.41,0.42,-0.07999998,-18.181814,36.0,356.0,0.11060459716796875,False,REGULAR,USD,2026-10-23,761.6900024414062,2026-09-18 23:53:39.265099
SPY261023C00811000,2026-09-18 19:06:03+00:00,811.0,0.32,0.38,0.39,-0.08000001,-20.000002,2.0,174.0,0.11090976989746093,False,REGULAR,USD,2026-10-23,761.6900024414062,2026-09-18 23:53:39.265099
SPY261023C00812000,2026-09-18 14:53:42+00:00,812.0,0.3,0.35,0.37,-0.049999982,-14.285709,95.0,499.0,0.11158114990234375,False,REGULAR,USD,2026-10-23,761.6900024414062,2026-09-18 23:53:39.265099
SPY261023C00813000,2026-09-18 19:53:05+00:00,813.0,0.28,0.32,0.34,-0.050000012,-15.151518,2.0,371.0,0.11170321899414062,False,REGULAR,USD,2026-10-23,761.6900024414062,2026-09-18 23:53:39.265099
SPY261023C00814000,2026-09-17 17:47:21+00:00,814.0,0.31,0.3,0.32,0.0,0.0,540.0,289.0,0.11231356445312499,False,REGULAR,USD,2026-10-23,761.6900024414062,2026-09-18 23:53:39.265099
SPY261023C00815000,2026-09-18 20:10:19+00:00,815.0,0.28,0.28,0.3,-0.02000001,-6.6666694,16.0,367.0,0.11267977172851562,False,REGULAR,USD,2026-10-23,761.6900024414062,2026-09-18 23:53:39.265099
SPY261023C00816000,2026-09-18 15:55:51+00:00,816.0,0.21,0.26,0.28,-0.08,-27.586208,6.0,113.0,0.11316804809570313,False,REGULAR,USD,2026-10-23,761.6900024414062,2026-09-18 23:53:39.265099
SPY261023C00817000,2026-09-17 20:14:41+00:00,817.0,0.27,0.25,0.26,0.0,0.0,10.0,59.0,0.11341218627929686,False,REGULAR,USD,2026-10-23,761.6900024414062,2026-09-18 23:53:39.265099
SPY261023C00818000,2026-09-18 14:17:28+00:00,818.0,0.2,0.23,0.24,-0.03999999,-16.666662,41.0,52.0,0.11365632446289062,False,REGULAR,USD,2026-10-23,761.6900024414062,2026-09-18 23:53:39.265099
SPY261023C00819000,2026-09-18 18:27:45+00:00,819.0,0.17,0.22,0.23,-0.060000002,-26.086956,2.0,35.0,0.11451080810546876,False,REGULAR,USD,2026-10-23,761.6900024414062,2026-09-18 23:53:39.265099
SPY261023C00820000,2026-09-18 19:55:07+00:00,820.0,0.19,0.2,0.22,-0.030000001,-13.636364,25.0,174.0,0.11524322265625,False,REGULAR,USD,2026-10-23,761.6900024414062,2026-09-18 23:53:39.265099
SPY261023C00821000,2026-09-17 18:51:16+00:00,821.0,0.21,0.19,0.2,0.0,0.0,430.0,207.0,0.11524322265625,False,REGULAR,USD,2026-10-23,761.6900024414062,2026-09-18 23:53:39.265099
SPY261023C00822000,2026-09-17 14:19:18+00:00,822.0,0.2,0.18,0.19,0.0,0.0,344.0,170.0,0.11597563720703125,False,REGULAR,USD,2026-10-23,761.6900024414062,2026-09-18 23:53:39.265099
SPY261023C00823000,2026-09-16 13:30:23+00:00,823.0,0.18,0.17,0.18,0.0,0.0,2.0,10.0,0.11646391357421876,False,REGULAR,USD,2026-10-23,761.6900024414062,2026-09-18 23:53:39.265099
SPY261023C00824000,2026-09-16 16:33:50+00:00,824.0,0.17,0.16,0.17,0.0,0.0,6.0,14.0,0.117196328125,False,REGULAR,USD,2026-10-23,761.6900024414062,2026-09-18 23:53:39.265099
SPY261023C00825000,2026-09-18 14:03:31+00:00,825.0,0.14,0.15,0.16,-0.019999996,-12.499997,1.0,1236.0,0.1176846044921875,False,REGULAR,USD,2026-10-23,761.6900024414062,2026-09-18 23:53:39.265099
SPY261023C00830000,2026-09-18 16:36:56+00:00,830.0,0.1,0.12,0.13,-0.04,-28.571428,2.0,1459.0,0.12183495361328125,False,REGULAR,USD,2026-10-23,761.6900024414062,2026-09-18 23:53:39.265099
SPY261023C00835000,2026-09-18 13:54:57+00:00,835.0,0.1,0.09,0.11,-0.009999998,-9.090907,1.0,413.0,0.12622944091796873,False,REGULAR,USD,2026-10-23,761.6900024414062,2026-09-18 23:53:39.265099
SPY261023C00840000,2026-09-14 18:15:17+00:00,840.0,0.09,0.08,0.09,0.0,0.0,2.0,62.0,0.129891513671875,False,REGULAR,USD,2026-10-23,761.6900024414062,2026-09-18 23:53:39.265099
SPY261023C00845000,2026-09-16 14:07:06+00:00,845.0,0.07,0.06,0.07,0.0,0.0,18.0,31.0,0.132821171875,False,REGULAR,USD,2026-10-23,761.6900024414062,2026-09-18 23:53:39.265099
SPY261023C00850000,2026-09-18 13:32:28+00:00,850.0,0.07,0.05,0.06,0.010000002,16.66667,25.0,182.0,0.13721565917968753,False,REGULAR,USD,2026-10-23,761.6900024414062,2026-09-18 23:53:39.265099
SPY261023C00855000,2026-09-18 17:33:40+00:00,855.0,0.04,0.04,0.05,-0.010000002,-20.000002,60.0,13.0,0.14063359375,False,REGULAR,USD,2026-10-23,761.6900024414062,2026-09-18 23:53:39.265099
SPY261023C00860000,2026-09-18 13:55:41+00:00,860.0,0.04,0.03,0.04,0.0,0.0,39.0,98.0,0.143563251953125,False,REGULAR,USD,2026-10-23,761.6900024414062,2026-09-18 23:53:39.265099
SPY261023C00865000,2026-09-17 20:00:49+00:00,865.0,0.04,0.02,0.04,0.0,0.0,48.0,73.0,0.149422568359375,False,REGULAR,USD,2026-10-23,761.6900024414062,2026-09-18 23:53:39.265099
SPY261023C00870000,2026-09-17 14:58:32+00:00,870.0,0.03,0.02,0.03,0.0,0.0,24.0,149.0,0.15137567382812503,False,REGULAR,USD,2026-10-23,761.6900024414062,2026-09-18 23:53:39.265099
SPY261023C00875000,2026-09-11 19:48:16+00:00,875.0,0.04,0.01,0.03,0.0,0.0,120.0,199.0,0.157234990234375,False,REGULAR,USD,2026-10-23,761.6900024414062,2026-09-18 23:53:39.265099
SPY261023C00880000,2026-09-11 20:14:57+00:00,880.0,0.03,0.01,0.02,0.0,0.0,24.0,116.0,0.157234990234375,False,REGULAR,USD,2026-10-23,761.6900024414062,2026-09-18 23:53:39.265099
SPY261023C00890000,2026-09-16 13:30:04+00:00,890.0,0.02,0.01,0.02,0.0,0.0,1.0,25.0,0.16797707031250003,False,REGULAR,USD,2026-10-23,761.6900024414062,2026-09-18 23:53:39.265099
SPY261023C00895000,2026-09-04 20:03:40+00:00,895.0,0.04,0.0,0.02,0.0,0.0,24.0,24.0,0.17383638671875,False,REGULAR,USD,2026-10-23,761.6900024414062,2026-09-18 23:53:39.265099
SPY261023C00905000,2026-09-10 18:03:04+00:00,905.0,0.02,0.0,0.02,0.0,0.0,,1.0,0.18457846679687498,False,REGULAR,USD,2026-10-23,761.6900024414062,2026-09-18 23:53:39.265099
SPY261023C00915000,2026-09-10 20:13:53+00:00,915.0,0.02,0.0,0.01,0.0,0.0,,6.0,0.18360191406249998,False,REGULAR,USD,2026-10-23,761.6900024414062,2026-09-18 23:53:39.265099
SPY261030C00470000,2026-09-15 18:13:26+00:00,470.0,288.79,293.23,297.09,0.0,0.0,1.0,6.0,0.8466812207031249,True,REGULAR,USD,2026-10-30,761.6900024414062,2026-09-18 23:53:39.265099
SPY261030C00475000,2026-09-08 13:49:58+00:00,475.0,294.23,288.25,292.12,0.0,0.0,3.0,15.0,0.8320939642333982,True,REGULAR,USD,2026-10-30,761.6900024414062,2026-09-18 23:53:39.265099
SPY261030C00480000,2026-09-11 20:07:17+00:00,480.0,285.74,283.3,287.16,0.0,0.0,1.0,1.0,0.8185442950439452,True,REGULAR,USD,2026-10-30,761.6900024414062,2026-09-18 23:53:39.265099
SPY261030C00490000,2026-09-09 19:19:36+00:00,490.0,274.4,273.35,277.22,0.0,0.0,1.0,71.0,0.790041162109375,True,REGULAR,USD,2026-10-30,761.6900024414062,2026-09-18 23:53:39.265099
SPY261030C00495000,2026-09-11 17:18:10+00:00,495.0,271.78,268.4,272.26,0.0,0.0,,1.0,0.7767356311035156,True,REGULAR,USD,2026-10-30,761.6900024414062,2026-09-18 23:53:39.265099
SPY261030C00500000,2026-09-09 16:46:10+00:00,500.0,263.62,263.41,267.28,0.0,0.0,2.0,2.0,0.7621483746337891,True,REGULAR,USD,2026-10-30,761.6900024414062,2026-09-18 23:53:39.265099
SPY261030C00520000,2026-09-16 19:21:22+00:00,520.0,231.85,243.56,247.43,0.0,0.0,1.0,9.0,0.7084990087890625,True,REGULAR,USD,2026-10-30,761.6900024414062,2026-09-18 23:53:39.265099
SPY261030C00530000,2026-06-10 14:52:40+00:00,530.0,212.98,229.04,232.46,0.0,0.0,,2.0,0.508793974609375,True,REGULAR,USD,2026-10-30,761.6900024414062,2026-09-18 23:53:39.265099
SPY261030C00540000,2026-09-14 17:07:26+00:00,540.0,223.69,223.73,227.58,0.0,0.0,1.0,3.0,0.6561924029541018,True,REGULAR,USD,2026-10-30,761.6900024414062,2026-09-18 23:53:39.265099
SPY261030C00545000,2026-09-14 17:13:00+00:00,545.0,218.57,218.77,222.63,0.0,0.0,1.0,2.0,0.6434361828613282,True,REGULAR,USD,2026-10-30,761.6900024414062,2026-09-18 23:53:39.265099
SPY261030C00550000,2026-09-14 17:51:43+00:00,550.0,214.12,213.85,217.67,0.0,0.0,3.0,3.0,0.6311682391357423,True,REGULAR,USD,2026-10-30,761.6900024414062,2026-09-18 23:53:39.265099
SPY261030C00555000,2026-09-18 14:11:22+00:00,555.0,207.84,208.89,212.71,11.959991,6.1057744,1.0,2.0,0.618289949951172,True,REGULAR,USD,2026-10-30,761.6900024414062,2026-09-18 23:53:39.265099
SPY261030C00560000,2026-08-10 18:26:07+00:00,560.0,217.1,203.9,207.76,0.0,0.0,4.0,4.0,0.6051064880371095,True,REGULAR,USD,2026-10-30,761.6900024414062,2026-09-18 23:53:39.265099
SPY261030C00565000,2026-07-31 16:18:57+00:00,565.0,183.92,205.3,208.57,0.0,0.0,3.0,6.0,0.750551810913086,True,REGULAR,USD,2026-10-30,761.6900024414062,2026-09-18 23:53:39.265099
SPY261030C00570000,2026-09-15 14:51:05+00:00,570.0,188.4,193.99,197.85,0.0,0.0,25.0,1235.0,0.5798381860351562,True,REGULAR,USD,2026-10-30,761.6900024414062,2026-09-18 23:53:39.265099
SPY261030C00575000,2026-09-15 14:00:18+00:00,575.0,186.39,189.05,192.89,0.0,0.0,1.0,32.0,0.567387138671875,True,REGULAR,USD,2026-10-30,761.6900024414062,2026-09-18 23:53:39.265099
SPY261030C00580000,2026-09-17 18:17:28+00:00,580.0,184.14,184.23,187.94,0.0,0.0,1.0,154.0,0.5569502313232424,True,REGULAR,USD,2026-10-30,761.6900024414062,2026-09-18 23:53:39.265099
SPY261030C00585000,2026-09-16 19:08:21+00:00,585.0,170.5,179.28,182.99,0.0,0.0,25.0,9.0,0.5444991839599609,True,REGULAR,USD,2026-10-30,761.6900024414062,2026-09-18 23:53:39.265099
SPY261030C00590000,2026-09-18 14:39:11+00:00,590.0,172.76,174.21,178.05,-1.1399994,-0.6555488,1.0,58.0,0.5304612384033205,True,REGULAR,USD,2026-10-30,761.6900024414062,2026-09-18 23:53:39.265099
SPY261030C00595000,2026-09-17 18:44:00+00:00,595.0,169.13,169.21,173.11,0.0,0.0,44.0,315.0,0.5174608801269531,True,REGULAR,USD,2026-10-30,761.6900024414062,2026-09-18 23:53:39.265099
SPY261030C00600000,2026-09-17 17:15:01+00:00,600.0,164.17,164.44,168.17,0.0,0.0,3.0,26.0,0.5076953527832031,True,REGULAR,USD,2026-10-30,761.6900024414062,2026-09-18 23:53:39.265099
SPY261030C00605000,2026-09-16 19:46:46+00:00,605.0,149.83,159.5,163.23,0.0,0.0,1.0,10.0,0.5420578021240237,True,REGULAR,USD,2026-10-30,761.6900024414062,2026-09-18 23:53:39.265099
SPY261030C00610000,2026-09-17 19:52:32+00:00,610.0,154.97,154.56,158.29,0.0,0.0,8.0,29.0,0.5288133056640626,True,REGULAR,USD,2026-10-30,761.6900024414062,2026-09-18 23:53:39.265099
SPY261030C00615000,2026-09-16 13:57:48+00:00,615.0,147.32,149.5,153.34,0.0,0.0,1.0,4.0,0.5153246710205077,True,REGULAR,USD,2026-10-30,761.6900024414062,2026-09-18 23:53:39.265099
SPY261030C00620000,2026-09-17 17:21:44+00:00,620.0,144.38,144.56,148.46,0.0,0.0,1.0,25.0,0.503361900024414,True,REGULAR,USD,2026-10-30,761.6900024414062,2026-09-18 23:53:39.265099
SPY261030C00625000,2026-07-15 13:53:22+00:00,625.0,138.49,141.99,145.22,0.0,0.0,2.0,0.0,0.5245103701782227,True,REGULAR,USD,2026-10-30,761.6900024414062,2026-09-18 23:53:39.265099
SPY261030C00630000,2026-09-17 17:12:46+00:00,630.0,134.59,134.65,138.57,0.0,0.0,22.0,33.0,0.47653721710205077,True,REGULAR,USD,2026-10-30,761.6900024414062,2026-09-18 23:53:39.265099
SPY261030C00635000,2026-09-17 17:14:07+00:00,635.0,129.69,129.9,133.63,0.0,0.0,24.0,156.0,0.4632316860961915,True,REGULAR,USD,2026-10-30,761.6900024414062,2026-09-18 23:53:39.265099
SPY261030C00640000,2026-09-17 17:14:58+00:00,640.0,124.82,124.81,128.75,0.0,0.0,24.0,110.0,0.4510552941894531,True,REGULAR,USD,2026-10-30,761.6900024414062,2026-09-18 23:53:39.265099
SPY261030C00641000,2026-09-16 14:05:29+00:00,641.0,121.67,124.0,127.73,0.0,0.0,4.0,3239.0,0.44775942871093743,True,REGULAR,USD,2026-10-30,761.6900024414062,2026-09-18 23:53:39.265099
SPY261030C00642000,2026-09-15 13:53:01+00:00,642.0,120.47,122.9,126.75,0.0,0.0,2.0,53.0,0.44525701232910153,True,REGULAR,USD,2026-10-30,761.6900024414062,2026-09-18 23:53:39.265099
SPY261030C00645000,2026-09-17 17:14:25+00:00,645.0,119.67,120.07,123.8,0.0,0.0,2.0,21.0,0.4374751077270508,True,REGULAR,USD,2026-10-30,761.6900024414062,2026-09-18 23:53:39.265099
SPY261030C00646000,2026-09-16 15:27:28+00:00,646.0,117.68,118.91,122.86,0.0,0.0,8.0,7.0,0.4357356231689453,True,REGULAR,USD,2026-10-30,761.6900024414062,2026-09-18 23:53:39.265099
SPY261030C00648000,2026-09-10 15:36:26+00:00,648.0,114.96,117.0,120.91,0.0,0.0,,1.0,0.4308528594970704,True,REGULAR,USD,2026-10-30,761.6900024414062,2026-09-18 23:53:39.265099
SPY261030C00649000,2026-08-04 14:38:21+00:00,649.0,124.55,122.68,125.95,0.0,0.0,1.0,0.0,0.5038806936645508,True,REGULAR,USD,2026-10-30,761.6900024414062,2026-09-18 23:53:39.265099
SPY261030C00650000,2026-09-16 17:57:00+00:00,650.0,112.87,115.04,118.93,0.0,0.0,17.0,86.0,0.4253902676391602,True,REGULAR,USD,2026-10-30,761.6900024414062,2026-09-18 23:53:39.265099
SPY261030C00651000,2026-05-29 18:01:09+00:00,651.0,120.1,0.0,0.0,0.0,0.0,1.0,0.0,1.0000000000000003e-05,True,REGULAR,USD,2026-10-30,761.6900024414062,2026-09-18 23:53:39.265099
SPY261030C00652000,2026-05-05 13:37:13+00:00,652.0,91.89,102.54,106.06,0.0,0.0,,2.0,1.0000000000000003e-05,True,REGULAR,USD,2026-10-30,761.6900024414062,2026-09-18 23:53:39.265099
SPY261030C00654000,2026-08-06 16:01:13+00:00,654.0,121.7,111.08,113.9,0.0,0.0,,4.0,0.3941405801391602,True,REGULAR,USD,2026-10-30,761.6900024414062,2026-09-18 23:53:39.265099
SPY261030C00655000,2026-09-18 19:42:23+00:00,655.0,110.32,110.1,114.05,0.13999939,0.12706424,13.0,67.0,0.41300025482177727,True,REGULAR,USD,2026-10-30,761.6900024414062,2026-09-18 23:53:39.265099
SPY261030C00656000,2026-09-17 14:25:27+00:00,656.0,108.53,109.12,113.05,0.0,0.0,23.0,176.0,0.4100705966186523,True,REGULAR,USD,2026-10-30,761.6900024414062,2026-09-18 23:53:39.265099
SPY261030C00658000,2026-09-10 14:24:40+00:00,658.0,106.05,107.2,111.15,0.0,0.0,1.0,1.0,0.40601179931640624,True,REGULAR,USD,2026-10-30,761.6900024414062,2026-09-18 23:53:39.265099
SPY261030C00659000,2026-05-28 14:12:54+00:00,659.0,109.99,0.0,0.0,0.0,0.0,,0.0,1.0000000000000003e-05,True,REGULAR,USD,2026-10-30,761.6900024414062,2026-09-18 23:53:39.265099
SPY261030C00660000,2026-09-10 14:41:13+00:00,660.0,103.55,105.21,109.19,0.0,0.0,1.0,74.0,0.40085438018798825,True,REGULAR,USD,2026-10-30,761.6900024414062,2026-09-18 23:53:39.265099
SPY261030C00661000,2026-09-09 14:18:26+00:00,661.0,105.9,104.23,108.21,0.0,0.0,25.0,7.0,0.39826041198730466,True,REGULAR,USD,2026-10-30,761.6900024414062,2026-09-18 23:53:39.265099
SPY261030C00662000,2026-05-13 15:28:25+00:00,662.0,99.34,104.82,106.83,0.0,0.0,6.0,7.0,0.3885864364624023,True,REGULAR,USD,2026-10-30,761.6900024414062,2026-09-18 23:53:39.265099
SPY261030C00663000,2026-09-08 16:48:52+00:00,663.0,108.05,102.31,106.3,0.0,0.0,,1.0,0.39395747650146484,True,REGULAR,USD,2026-10-30,761.6900024414062,2026-09-18 23:53:39.265099
SPY261030C00664000,2026-08-20 16:39:03+00:00,664.0,108.77,101.3,105.29,0.0,0.0,1.0,1.0,0.3908447146606445,True,REGULAR,USD,2026-10-30,761.6900024414062,2026-09-18 23:53:39.265099
SPY261030C00665000,2026-09-18 16:19:02+00:00,665.0,98.67,100.36,104.32,0.83999634,0.8586286,1.0,16.0,0.38843385009765624,True,REGULAR,USD,2026-10-30,761.6900024414062,2026-09-18 23:53:39.265099
SPY261030C00666000,2026-06-12 16:13:16+00:00,666.0,93.89,99.26,102.74,0.0,0.0,1.0,2.0,0.3753724572753906,True,REGULAR,USD,2026-10-30,761.6900024414062,2026-09-18 23:53:39.265099
SPY261030C00668000,2026-09-16 14:15:07+00:00,668.0,95.08,97.43,101.4,0.0,0.0,2.0,4.0,0.38092660095214836,True,REGULAR,USD,2026-10-30,761.6900024414062,2026-09-18 23:53:39.265099
SPY261030C00669000,2026-09-10 14:05:27+00:00,669.0,93.12,96.46,100.39,0.0,0.0,1.0,2.0,0.37781383911132804,True,REGULAR,USD,2026-10-30,761.6900024414062,2026-09-18 23:53:39.265099
SPY261030C00670000,2026-09-18 19:40:23+00:00,670.0,95.68,95.6,99.47,-0.48999786,-0.5095122,1.0,30.0,0.3761964236450196,True,REGULAR,USD,2026-10-30,761.6900024414062,2026-09-18 23:53:39.265099
SPY261030C00671000,2026-09-14 14:59:57+00:00,671.0,91.73,94.51,98.37,0.0,0.0,2.0,0.0,0.3715577981567383,True,REGULAR,USD,2026-10-30,761.6900024414062,2026-09-18 23:53:39.265099
SPY261030C00672000,2026-08-11 15:10:47+00:00,672.0,108.72,93.77,97.4,0.0,0.0,1.0,4.0,0.36911641632080083,True,REGULAR,USD,2026-10-30,761.6900024414062,2026-09-18 23:53:39.265099
SPY261030C00673000,2026-09-17 13:30:28+00:00,673.0,93.0,92.77,96.43,0.0,0.0,1.0,29.0,0.36664451721191404,True,REGULAR,USD,2026-10-30,761.6900024414062,2026-09-18 23:53:39.265099
SPY261030C00674000,2026-09-15 17:39:58+00:00,674.0,87.35,91.92,95.46,0.0,0.0,15.0,16.0,0.3642031353759766,True,REGULAR,USD,2026-10-30,761.6900024414062,2026-09-18 23:53:39.265099
SPY261030C00675000,2026-09-15 17:44:07+00:00,675.0,86.24,90.94,94.49,0.0,0.0,1.0,5.0,0.3617007189941406,True,REGULAR,USD,2026-10-30,761.6900024414062,2026-09-18 23:53:39.265099
SPY261030C00677000,2026-09-11 13:38:50+00:00,677.0,92.26,89.0,92.55,0.0,0.0,1.0,2.0,0.3567569207763671,True,REGULAR,USD,2026-10-30,761.6900024414062,2026-09-18 23:53:39.265099
SPY261030C00678000,2026-08-31 18:14:33+00:00,678.0,94.03,87.91,91.58,0.0,0.0,2.0,2.0,0.35425450439453116,True,REGULAR,USD,2026-10-30,761.6900024414062,2026-09-18 23:53:39.265099
SPY261030C00679000,2026-08-31 14:17:44+00:00,679.0,92.51,86.94,90.61,0.0,0.0,1.0,3.0,0.3517520880126953,True,REGULAR,USD,2026-10-30,761.6900024414062,2026-09-18 23:53:39.265099
SPY261030C00680000,2026-09-18 15:34:58+00:00,680.0,84.4,86.09,89.64,-1.6500015,-1.9174916,9.0,116.0,0.34924967163085935,True,REGULAR,USD,2026-10-30,761.6900024414062,2026-09-18 23:53:39.265099
SPY261030C00681000,2026-09-17 15:44:21+00:00,681.0,84.74,85.03,88.67,0.0,0.0,2.0,18.0,0.3467472552490234,True,REGULAR,USD,2026-10-30,761.6900024414062,2026-09-18 23:53:39.265099
SPY261030C00682000,2026-09-15 14:57:12+00:00,682.0,79.27,84.16,87.7,0.0,0.0,1.0,4.0,0.34421432159423826,True,REGULAR,USD,2026-10-30,761.6900024414062,2026-09-18 23:53:39.265099
SPY261030C00683000,2026-09-18 15:17:05+00:00,683.0,81.66,83.1,86.74,-8.079994,-9.003782,1.0,1.0,0.3418644915771484,True,REGULAR,USD,2026-10-30,761.6900024414062,2026-09-18 23:53:39.265099
SPY261030C00684000,2026-09-17 14:18:21+00:00,684.0,80.97,82.22,85.77,0.0,0.0,1.0,3.0,0.33933155792236325,True,REGULAR,USD,2026-10-30,761.6900024414062,2026-09-18 23:53:39.265099
SPY261030C00685000,2026-09-17 13:30:05+00:00,685.0,81.93,81.17,84.81,0.0,0.0,1.0,13.0,0.336920693359375,True,REGULAR,USD,2026-10-30,761.6900024414062,2026-09-18 23:53:39.265099
SPY261030C00686000,2026-09-15 13:49:52+00:00,686.0,78.11,80.3,83.84,0.0,0.0,1.0,19.0,0.3343877597045898,True,REGULAR,USD,2026-10-30,761.6900024414062,2026-09-18 23:53:39.265099
SPY261030C00687000,2026-09-15 14:59:03+00:00,687.0,74.77,79.33,82.88,0.0,0.0,2.0,11.0,0.33197689514160156,True,REGULAR,USD,2026-10-30,761.6900024414062,2026-09-18 23:53:39.265099
SPY261030C00688000,2026-09-08 19:50:00+00:00,688.0,83.3,78.37,81.92,0.0,0.0,51.0,3096.0,0.3295660305786132,True,REGULAR,USD,2026-10-30,761.6900024414062,2026-09-18 23:53:39.265099
SPY261030C00689000,2026-09-18 15:01:45+00:00,689.0,76.02,77.32,80.96,2.859993,3.9092302,2.0,3068.0,0.327155166015625,True,REGULAR,USD,2026-10-30,761.6900024414062,2026-09-18 23:53:39.265099
SPY261030C00690000,2026-09-16 19:20:45+00:00,690.0,66.46,76.36,79.99,0.0,0.0,49.0,730.0,0.3245611978149413,True,REGULAR,USD,2026-10-30,761.6900024414062,2026-09-18 23:53:39.265099
SPY261030C00691000,2026-08-21 19:49:28+00:00,691.0,83.32,75.4,79.03,0.0,0.0,10.0,2.0,0.32211981597900385,True,REGULAR,USD,2026-10-30,761.6900024414062,2026-09-18 23:53:39.265099
SPY261030C00692000,2026-09-17 14:05:14+00:00,692.0,72.61,74.52,78.08,0.0,0.0,2.0,141.0,0.3198310205078124,True,REGULAR,USD,2026-10-30,761.6900024414062,2026-09-18 23:53:39.265099
SPY261030C00693000,2026-09-16 14:43:46+00:00,693.0,71.26,73.57,77.12,0.0,0.0,1.0,2005.0,0.31735912139892575,True,REGULAR,USD,2026-10-30,761.6900024414062,2026-09-18 23:53:39.265099
SPY261030C00694000,2026-09-04 13:38:17+00:00,694.0,81.76,72.52,76.16,0.0,0.0,1.0,29.0,0.31488722229003896,True,REGULAR,USD,2026-10-30,761.6900024414062,2026-09-18 23:53:39.265099
SPY261030C00695000,2026-09-18 19:36:48+00:00,695.0,71.47,71.9,75.2,0.5200043,0.73291653,4.0,1865.0,0.3124153231811523,True,REGULAR,USD,2026-10-30,761.6900024414062,2026-09-18 23:53:39.265099
SPY261030C00696000,2026-09-17 15:34:46+00:00,696.0,69.97,70.58,74.25,0.0,0.0,2.0,24.0,0.3100654931640625,True,REGULAR,USD,2026-10-30,761.6900024414062,2026-09-18 23:53:39.265099
SPY261030C00697000,2026-09-16 13:48:51+00:00,697.0,67.87,69.9,73.3,0.0,0.0,2.0,8.0,0.30771566314697263,True,REGULAR,USD,2026-10-30,761.6900024414062,2026-09-18 23:53:39.265099
SPY261030C00698000,2026-09-17 18:25:01+00:00,698.0,68.81,68.7,72.34,0.0,0.0,3.0,1242.0,0.3052132467651367,True,REGULAR,USD,2026-10-30,761.6900024414062,2026-09-18 23:53:39.265099
SPY261030C00699000,2026-09-03 19:11:33+00:00,699.0,80.03,68.03,71.39,0.0,0.0,15.0,47.0,0.302817640838623,True,REGULAR,USD,2026-10-30,761.6900024414062,2026-09-18 23:53:39.265099
SPY261030C00700000,2026-09-18 19:17:01+00:00,700.0,67.2,66.85,70.44,0.34999847,0.52355796,33.0,1542.0,0.3004220349121094,True,REGULAR,USD,2026-10-30,761.6900024414062,2026-09-18 23:53:39.265099
SPY261030C00701000,2026-09-14 14:23:40+00:00,701.0,64.2,65.93,69.49,0.0,0.0,2.0,1.0,0.29801117034912106,True,REGULAR,USD,2026-10-30,761.6900024414062,2026-09-18 23:53:39.265099
SPY261030C00702000,2026-09-03 19:11:33+00:00,702.0,77.19,64.87,68.54,0.0,0.0,10.0,2.0,0.29560030578613283,True,REGULAR,USD,2026-10-30,761.6900024414062,2026-09-18 23:53:39.265099
SPY261030C00703000,2026-08-03 15:45:41+00:00,703.0,65.99,70.77,74.04,0.0,0.0,3.0,4.0,0.37572340591430664,True,REGULAR,USD,2026-10-30,761.6900024414062,2026-09-18 23:53:39.265099
SPY261030C00704000,2026-09-04 13:40:56+00:00,704.0,73.25,63.09,66.65,0.0,0.0,1.0,31.0,0.29087012847900384,True,REGULAR,USD,2026-10-30,761.6900024414062,2026-09-18 23:53:39.265099
SPY261030C00705000,2026-09-18 13:31:01+00:00,705.0,61.6,62.06,65.71,-0.10000229,-0.16207826,2.0,60.0,0.28852029846191396,True,REGULAR,USD,2026-10-30,761.6900024414062,2026-09-18 23:53:39.265099
SPY261030C00706000,2026-09-17 18:13:17+00:00,706.0,60.98,61.21,64.77,0.0,0.0,1.0,91.0,0.2862009857177734,True,REGULAR,USD,2026-10-30,761.6900024414062,2026-09-18 23:53:39.265099
SPY261030C00707000,2026-09-17 14:47:03+00:00,707.0,58.95,60.18,63.83,0.0,0.0,6.0,10.0,0.28385115570068353,True,REGULAR,USD,2026-10-30,761.6900024414062,2026-09-18 23:53:39.265099
SPY261030C00708000,2026-09-18 16:25:36+00:00,708.0,56.68,59.96,61.96,-2.5299988,-4.272925,1.0,16.0,0.268989243774414,True,REGULAR,USD,2026-10-30,761.6900024414062,2026-09-18 23:53:39.265099
SPY261030C00709000,2026-09-18 19:19:12+00:00,709.0,58.56,59.04,61.01,7.6000023,14.913663,1.0,17.0,0.26654786193847657,True,REGULAR,USD,2026-10-30,761.6900024414062,2026-09-18 23:53:39.265099
SPY261030C00710000,2026-09-17 19:55:07+00:00,710.0,57.98,58.12,60.04,0.0,0.0,91.0,762.0,0.2638318246459961,True,REGULAR,USD,2026-10-30,761.6900024414062,2026-09-18 23:53:39.265099
SPY261030C00711000,2026-09-14 15:10:52+00:00,711.0,55.7,56.44,59.62,0.0,0.0,1.0,98.0,0.2683788983154296,True,REGULAR,USD,2026-10-30,761.6900024414062,2026-09-18 23:53:39.265099
SPY261030C00712000,2026-09-16 18:14:59+00:00,712.0,54.07,56.29,58.17,0.0,0.0,3.0,40.0,0.25928475097656256,True,REGULAR,USD,2026-10-30,761.6900024414062,2026-09-18 23:53:39.265099
SPY261030C00713000,2026-09-15 14:42:59+00:00,713.0,51.23,55.38,57.23,0.0,0.0,77.0,78.0,0.2569349209594727,True,REGULAR,USD,2026-10-30,761.6900024414062,2026-09-18 23:53:39.265099
SPY261030C00714000,2026-09-04 17:29:04+00:00,714.0,63.07,53.65,56.57,0.0,0.0,2.0,27.0,0.25818612915039063,True,REGULAR,USD,2026-10-30,761.6900024414062,2026-09-18 23:53:39.265099
SPY261030C00715000,2026-09-18 15:54:17+00:00,715.0,51.11,53.47,55.65,-0.9300003,-1.7870874,3.0,994.0,0.2560194027709961,True,REGULAR,USD,2026-10-30,761.6900024414062,2026-09-18 23:53:39.265099
SPY261030C00716000,2026-09-14 17:09:51+00:00,716.0,53.09,51.8,54.76,0.0,0.0,3.0,14.0,0.2542188836669922,True,REGULAR,USD,2026-10-30,761.6900024414062,2026-09-18 23:53:39.265099
SPY261030C00717000,2026-09-18 15:06:00+00:00,717.0,49.96,51.75,53.45,-7.200001,-12.596222,1.0,21.0,0.24706258316040042,True,REGULAR,USD,2026-10-30,761.6900024414062,2026-09-18 23:53:39.265099
SPY261030C00718000,2026-09-18 14:55:46+00:00,718.0,49.64,50.85,52.54,0.9599991,1.9720606,7.0,20.0,0.24500266723632813,True,REGULAR,USD,2026-10-30,761.6900024414062,2026-09-18 23:53:39.265099
SPY261030C00719000,2026-09-18 19:18:40+00:00,719.0,49.37,49.04,51.99,6.299999,14.62735,3.0,106.0,0.2473982731628418,True,REGULAR,USD,2026-10-30,761.6900024414062,2026-09-18 23:53:39.265099
SPY261030C00720000,2026-09-18 15:52:05+00:00,720.0,47.53,49.05,50.68,-0.76000214,-1.5738292,367.0,953.0,0.2402877485656738,True,REGULAR,USD,2026-10-30,761.6900024414062,2026-09-18 23:53:39.265099
SPY261030C00721000,2026-09-17 19:27:02+00:00,721.0,47.69,48.16,50.17,0.0,0.0,2.0,12.0,0.2430800790405273,True,REGULAR,USD,2026-10-30,761.6900024414062,2026-09-18 23:53:39.265099
SPY261030C00722000,2026-09-16 18:15:18+00:00,722.0,45.28,47.27,48.83,0.0,0.0,1.0,50.0,0.2356033471679687,True,REGULAR,USD,2026-10-30,761.6900024414062,2026-09-18 23:53:39.265099
SPY261030C00723000,2026-09-16 19:21:12+00:00,723.0,37.14,46.39,47.91,0.0,0.0,3.0,37.0,0.23331455169677734,True,REGULAR,USD,2026-10-30,761.6900024414062,2026-09-18 23:53:39.265099
SPY261030C00724000,2026-09-18 14:41:24+00:00,724.0,43.86,44.5,47.51,-0.61999893,-1.3938825,8.0,56.0,0.23722076263427733,True,REGULAR,USD,2026-10-30,761.6900024414062,2026-09-18 23:53:39.265099
SPY261030C00725000,2026-09-18 13:43:51+00:00,725.0,43.77,44.57,46.12,-0.069999695,-0.15967083,6.0,521.0,0.22922523712158205,True,REGULAR,USD,2026-10-30,761.6900024414062,2026-09-18 23:53:39.265099
SPY261030C00726000,2026-09-17 19:54:50+00:00,726.0,42.95,43.69,45.19,0.0,0.0,2.0,78.0,0.2267228207397461,True,REGULAR,USD,2026-10-30,761.6900024414062,2026-09-18 23:53:39.265099
SPY261030C00727000,2026-09-17 17:51:47+00:00,727.0,42.25,42.83,44.29,0.0,0.0,17.0,49.0,0.2245408357238769,True,REGULAR,USD,2026-10-30,761.6900024414062,2026-09-18 23:53:39.265099
SPY261030C00728000,2026-09-17 19:08:36+00:00,728.0,41.66,41.96,43.99,0.0,0.0,1.0,280.0,0.2293167889404297,True,REGULAR,USD,2026-10-30,761.6900024414062,2026-09-18 23:53:39.265099
SPY261030C00729000,2026-09-16 18:13:04+00:00,729.0,39.35,41.1,43.08,0.0,0.0,1.0,94.0,0.226921183013916,True,REGULAR,USD,2026-10-30,761.6900024414062,2026-09-18 23:53:39.265099
SPY261030C00730000,2026-09-18 17:29:47+00:00,730.0,38.14,39.15,42.35,-1.4300003,-3.6138496,518.0,887.0,0.22653971710205079,True,REGULAR,USD,2026-10-30,761.6900024414062,2026-09-18 23:53:39.265099
SPY261030C00731000,2026-09-17 19:34:32+00:00,731.0,38.99,38.24,41.51,0.0,0.0,1.0,90.0,0.22486126708984372,True,REGULAR,USD,2026-10-30,761.6900024414062,2026-09-18 23:53:39.265099
SPY261030C00732000,2026-09-09 19:25:20+00:00,732.0,40.56,37.39,39.8,0.0,0.0,1.0,66.0,0.21334099655151367,True,REGULAR,USD,2026-10-30,761.6900024414062,2026-09-18 23:53:39.265099
SPY261030C00733000,2026-09-18 15:58:39+00:00,733.0,35.25,36.52,38.91,3.6900005,11.692018,1.0,179.0,0.21109797698974608,True,REGULAR,USD,2026-10-30,761.6900024414062,2026-09-18 23:53:39.265099
SPY261030C00734000,2026-09-15 19:21:14+00:00,734.0,33.22,35.65,38.72,0.0,0.0,1.0,43.0,0.21659108612060546,True,REGULAR,USD,2026-10-30,761.6900024414062,2026-09-18 23:53:39.265099
SPY261030C00735000,2026-09-18 13:50:17+00:00,735.0,34.65,36.2,37.12,-1.0399971,-2.9139736,46.0,224.0,0.20639831695556637,True,REGULAR,USD,2026-10-30,761.6900024414062,2026-09-18 23:53:39.265099
SPY261030C00736000,2026-09-17 13:48:48+00:00,736.0,33.83,33.93,37.05,0.0,0.0,1.0,64.0,0.21303582382202146,True,REGULAR,USD,2026-10-30,761.6900024414062,2026-09-18 23:53:39.265099
SPY261030C00737000,2026-09-18 19:58:09+00:00,737.0,34.0,33.08,36.46,1.6699982,5.165475,1.0,106.0,0.21382927291870119,True,REGULAR,USD,2026-10-30,761.6900024414062,2026-09-18 23:53:39.265099
SPY261030C00738000,2026-09-17 14:34:44+00:00,738.0,32.52,32.23,34.58,0.0,0.0,1.0,142.0,0.20066106964111324,True,REGULAR,USD,2026-10-30,761.6900024414062,2026-09-18 23:53:39.265099
SPY261030C00739000,2026-09-18 19:37:53+00:00,739.0,31.89,31.39,33.65,0.19999886,0.6311103,2.0,208.0,0.19777718734741212,True,REGULAR,USD,2026-10-30,761.6900024414062,2026-09-18 23:53:39.265099
SPY261030C00740000,2026-09-18 19:51:16+00:00,740.0,31.39,32.06,32.79,0.54999924,1.7833956,72.0,1784.0,0.19559520233154298,True,REGULAR,USD,2026-10-30,761.6900024414062,2026-09-18 23:53:39.265099
SPY261030C00741000,2026-09-18 16:58:08+00:00,741.0,29.05,31.14,32.84,-1.6500015,-5.3745975,17.0,161.0,0.2029956410217285,True,REGULAR,USD,2026-10-30,761.6900024414062,2026-09-18 23:53:39.265099
SPY261030C00742000,2026-09-17 16:50:49+00:00,742.0,29.62,30.25,32.03,0.0,0.0,58.0,336.0,0.20117986328124998,True,REGULAR,USD,2026-10-30,761.6900024414062,2026-09-18 23:53:39.265099
SPY261030C00743000,2026-09-17 14:47:07+00:00,743.0,27.6,28.08,31.22,0.0,0.0,1.0,1066.0,0.19933356826782228,True,REGULAR,USD,2026-10-30,761.6900024414062,2026-09-18 23:53:39.265099
SPY261030C00744000,2026-09-17 19:48:22+00:00,744.0,28.35,28.66,29.47,0.0,0.0,12.0,278.0,0.1877064872741699,True,REGULAR,USD,2026-10-30,761.6900024414062,2026-09-18 23:53:39.265099
SPY261030C00745000,2026-09-18 19:57:47+00:00,745.0,27.53,28.06,28.63,-0.13999939,-0.50596094,29.0,1065.0,0.18550924362182614,True,REGULAR,USD,2026-10-30,761.6900024414062,2026-09-18 23:53:39.265099
SPY261030C00746000,2026-09-17 19:48:22+00:00,746.0,26.76,27.08,27.84,0.0,0.0,1.0,300.0,0.18376975906372067,True,REGULAR,USD,2026-10-30,761.6900024414062,2026-09-18 23:53:39.265099
SPY261030C00747000,2026-09-18 14:23:29+00:00,747.0,24.36,26.42,27.01,-1.4200001,-5.508146,140.0,178.0,0.18157251541137692,True,REGULAR,USD,2026-10-30,761.6900024414062,2026-09-18 23:53:39.265099
SPY261030C00748000,2026-09-18 19:52:00+00:00,748.0,24.75,25.59,26.23,-0.65999985,-2.597402,4.0,86.0,0.17981777221679687,True,REGULAR,USD,2026-10-30,761.6900024414062,2026-09-18 23:53:39.265099
SPY261030C00749000,2026-09-18 14:24:06+00:00,749.0,22.87,24.76,25.43,5.3900013,30.835249,218.0,376.0,0.17780363220214845,True,REGULAR,USD,2026-10-30,761.6900024414062,2026-09-18 23:53:39.265099
SPY261030C00750000,2026-09-18 20:13:49+00:00,750.0,24.4,24.16,24.63,0.5699997,2.3919415,202.0,2602.0,0.17572845764160155,True,REGULAR,USD,2026-10-30,761.6900024414062,2026-09-18 23:53:39.265099
SPY261030C00751000,2026-09-18 15:44:29+00:00,751.0,21.25,23.32,23.86,-1.7399998,-7.5685067,36.0,246.0,0.17389742126464847,True,REGULAR,USD,2026-10-30,761.6900024414062,2026-09-18 23:53:39.265099
SPY261030C00752000,2026-09-18 16:43:39+00:00,752.0,20.4,22.57,23.1,-1.7600002,-7.9422398,266.0,344.0,0.17209690216064455,True,REGULAR,USD,2026-10-30,761.6900024414062,2026-09-18 23:53:39.265099
SPY261030C00753000,2026-09-18 16:04:27+00:00,753.0,19.5,21.82,22.34,-1.8999996,-8.878504,2.0,39.0,0.17023534851074223,True,REGULAR,USD,2026-10-30,761.6900024414062,2026-09-18 23:53:39.265099
SPY261030C00754000,2026-09-18 16:09:29+00:00,754.0,18.98,20.53,21.59,-1.9500008,-9.316773,24.0,194.0,0.16838905349731448,True,REGULAR,USD,2026-10-30,761.6900024414062,2026-09-18 23:53:39.265099
SPY261030C00755000,2026-09-18 20:11:19+00:00,755.0,20.65,20.41,20.78,0.789999,3.9778397,234.0,756.0,0.16588663711547857,True,REGULAR,USD,2026-10-30,761.6900024414062,2026-09-18 23:53:39.265099
SPY261030C00756000,2026-09-17 18:54:36+00:00,756.0,19.03,19.64,20.12,0.0,0.0,51.0,39.0,0.16478801528930664,True,REGULAR,USD,2026-10-30,761.6900024414062,2026-09-18 23:53:39.265099
SPY261030C00757000,2026-09-18 18:46:29+00:00,757.0,18.0,18.94,19.43,-0.8299999,-4.4078593,68.0,319.0,0.16330792755126955,True,REGULAR,USD,2026-10-30,761.6900024414062,2026-09-18 23:53:39.265099
SPY261030C00758000,2026-09-18 20:01:59+00:00,758.0,18.07,18.24,18.73,-0.22000122,-1.2028497,17.0,154.0,0.1616447361755371,True,REGULAR,USD,2026-10-30,761.6900024414062,2026-09-18 23:53:39.265099
SPY261030C00759000,2026-09-18 19:18:38+00:00,759.0,16.78,17.36,18.04,-0.86999893,-4.9291725,286.0,228.0,0.1599968034362793,True,REGULAR,USD,2026-10-30,761.6900024414062,2026-09-18 23:53:39.265099
SPY261030C00760000,2026-09-18 20:13:34+00:00,760.0,17.2,16.94,17.2,0.6700001,4.053237,1399.0,3460.0,0.1568230070495606,True,REGULAR,USD,2026-10-30,761.6900024414062,2026-09-18 23:53:39.265099
SPY261030C00761000,2026-09-18 19:59:45+00:00,761.0,15.74,16.24,16.7,-0.5699997,-3.4947867,396.0,383.0,0.1568382656860352,True,REGULAR,USD,2026-10-30,761.6900024414062,2026-09-18 23:53:39.265099
SPY261030C00762000,2026-09-18 20:11:34+00:00,762.0,15.81,15.64,15.85,0.64000034,4.218855,80.0,284.0,0.15338981384277345,False,REGULAR,USD,2026-10-30,761.6900024414062,2026-09-18 23:53:39.265099
SPY261030C00763000,2026-09-18 20:05:38+00:00,763.0,14.94,14.93,15.41,0.39999962,2.751029,26.0,165.0,0.15378653839111328,False,REGULAR,USD,2026-10-30,761.6900024414062,2026-09-18 23:53:39.265099
SPY261030C00764000,2026-09-18 20:12:08+00:00,764.0,14.6,14.48,14.57,0.5300007,3.7668848,63.0,277.0,0.15026179336547857,False,REGULAR,USD,2026-10-30,761.6900024414062,2026-09-18 23:53:39.265099
SPY261030C00765000,2026-09-18 20:00:49+00:00,765.0,13.45,13.85,13.94,0.019999504,0.14891663,332.0,1535.0,0.1486443778991699,False,REGULAR,USD,2026-10-30,761.6900024414062,2026-09-18 23:53:39.265099
SPY261030C00766000,2026-09-18 19:56:01+00:00,766.0,12.65,13.25,13.34,-0.32000065,-2.467237,47.0,619.0,0.14721006607055664,False,REGULAR,USD,2026-10-30,761.6900024414062,2026-09-18 23:53:39.265099
SPY261030C00767000,2026-09-18 20:00:52+00:00,767.0,12.3,12.66,12.75,-0.10999966,-0.8863792,65.0,1027.0,0.14576049560546872,False,REGULAR,USD,2026-10-30,761.6900024414062,2026-09-18 23:53:39.265099
SPY261030C00768000,2026-09-18 20:00:46+00:00,768.0,11.65,12.08,12.18,-0.030000687,-0.2568552,14.0,662.0,0.14440247695922853,False,REGULAR,USD,2026-10-30,761.6900024414062,2026-09-18 23:53:39.265099
SPY261030C00769000,2026-09-18 19:57:55+00:00,769.0,11.09,11.53,11.61,0.0,0.0,10.0,308.0,0.14293764785766605,False,REGULAR,USD,2026-10-30,761.6900024414062,2026-09-18 23:53:39.265099
SPY261030C00770000,2026-09-18 20:02:40+00:00,770.0,10.82,10.98,11.07,0.3199997,3.0476162,716.0,4005.0,0.14165592239379882,False,REGULAR,USD,2026-10-30,761.6900024414062,2026-09-18 23:53:39.265099
SPY261030C00771000,2026-09-18 20:01:38+00:00,771.0,10.17,10.44,10.53,0.03999996,0.39486635,23.0,424.0,0.14023686920166017,False,REGULAR,USD,2026-10-30,761.6900024414062,2026-09-18 23:53:39.265099
SPY261030C00772000,2026-09-18 19:49:04+00:00,772.0,9.33,9.94,10.01,-0.52999973,-5.375251,35.0,359.0,0.13892462646484377,False,REGULAR,USD,2026-10-30,761.6900024414062,2026-09-18 23:53:39.265099
SPY261030C00773000,2026-09-18 20:01:38+00:00,773.0,9.16,9.43,9.5,0.0,0.0,107.0,394.0,0.13756660781860353,False,REGULAR,USD,2026-10-30,761.6900024414062,2026-09-18 23:53:39.265099
SPY261030C00774000,2026-09-18 20:10:16+00:00,774.0,8.9,8.94,9.02,0.19999981,2.2988484,24.0,575.0,0.13639169281005858,False,REGULAR,USD,2026-10-30,761.6900024414062,2026-09-18 23:53:39.265099
SPY261030C00775000,2026-09-18 19:56:01+00:00,775.0,8.01,8.47,8.54,-0.43999958,-5.2070956,312.0,5439.0,0.13509470870971685,False,REGULAR,USD,2026-10-30,761.6900024414062,2026-09-18 23:53:39.265099
SPY261030C00776000,2026-09-18 19:23:01+00:00,776.0,7.4,8.01,8.09,-0.4699998,-5.972043,61.0,1316.0,0.1339655696105957,False,REGULAR,USD,2026-10-30,761.6900024414062,2026-09-18 23:53:39.265099
SPY261030C00777000,2026-09-18 20:12:28+00:00,777.0,7.67,7.58,7.65,0.4000001,5.502064,71.0,784.0,0.132821171875,False,REGULAR,USD,2026-10-30,761.6900024414062,2026-09-18 23:53:39.265099
SPY261030C00778000,2026-09-18 18:10:29+00:00,778.0,6.14,7.15,7.22,-0.8200002,-11.781611,102.0,828.0,0.13163099822998048,False,REGULAR,USD,2026-10-30,761.6900024414062,2026-09-18 23:53:39.265099
SPY261030C00779000,2026-09-18 20:11:44+00:00,779.0,6.87,6.75,6.82,0.4000001,6.1823816,19.0,412.0,0.13062392822265623,False,REGULAR,USD,2026-10-30,761.6900024414062,2026-09-18 23:53:39.265099
SPY261030C00780000,2026-09-18 20:14:53+00:00,780.0,6.4,6.35,6.43,0.2800002,4.5751667,467.0,7545.0,0.1295863409423828,False,REGULAR,USD,2026-10-30,761.6900024414062,2026-09-18 23:53:39.265099
SPY261030C00781000,2026-09-18 19:50:30+00:00,781.0,5.48,5.98,6.05,-0.48999977,-8.207702,127.0,751.0,0.12851823638916016,False,REGULAR,USD,2026-10-30,761.6900024414062,2026-09-18 23:53:39.265099
SPY261030C00782000,2026-09-18 20:14:41+00:00,782.0,5.69,5.62,5.69,0.11000013,1.9713286,442.0,862.0,0.1275416836547852,False,REGULAR,USD,2026-10-30,761.6900024414062,2026-09-18 23:53:39.265099
SPY261030C00783000,2026-09-18 19:29:49+00:00,783.0,4.74,5.28,5.35,-0.35000038,-6.876235,34.0,21269.0,0.12664142410278317,False,REGULAR,USD,2026-10-30,761.6900024414062,2026-09-18 23:53:39.265099
SPY261030C00784000,2026-09-18 19:49:51+00:00,784.0,4.62,4.96,5.02,-0.36000013,-7.2289186,235.0,243.0,0.12571064727783204,False,REGULAR,USD,2026-10-30,761.6900024414062,2026-09-18 23:53:39.265099
SPY261030C00785000,2026-09-18 20:09:19+00:00,785.0,4.59,4.65,4.72,0.10000038,2.22718,638.0,11001.0,0.12497823272705078,False,REGULAR,USD,2026-10-30,761.6900024414062,2026-09-18 23:53:39.265099
SPY261030C00786000,2026-09-18 19:29:25+00:00,786.0,3.9,4.35,4.42,-0.30999994,-7.363419,81.0,274.0,0.12412374908447266,False,REGULAR,USD,2026-10-30,761.6900024414062,2026-09-18 23:53:39.265099
SPY261030C00787000,2026-09-18 18:46:07+00:00,787.0,3.6,4.09,4.13,-0.42000008,-10.447763,164.0,193.0,0.12323874816894533,False,REGULAR,USD,2026-10-30,761.6900024414062,2026-09-18 23:53:39.265099
SPY261030C00788000,2026-09-18 20:09:44+00:00,788.0,3.76,3.82,3.86,-0.109999895,-2.8423746,52.0,316.0,0.12244529907226565,False,REGULAR,USD,2026-10-30,761.6900024414062,2026-09-18 23:53:39.265099
SPY261030C00789000,2026-09-18 20:00:02+00:00,789.0,3.28,3.57,3.61,-0.23000002,-6.552707,886.0,437.0,0.12177391906738282,False,REGULAR,USD,2026-10-30,761.6900024414062,2026-09-18 23:53:39.265099
SPY261030C00790000,2026-09-18 20:14:59+00:00,790.0,3.37,3.34,3.37,0.099999905,3.0581012,592.0,6797.0,0.12107202178955079,False,REGULAR,USD,2026-10-30,761.6900024414062,2026-09-18 23:53:39.265099
SPY261030C00791000,2026-09-18 19:57:51+00:00,791.0,2.91,3.12,3.15,-0.2099998,-6.7307634,82.0,338.0,0.12049219360351562,False,REGULAR,USD,2026-10-30,761.6900024414062,2026-09-18 23:53:39.265099
SPY261030C00792000,2026-09-18 19:40:55+00:00,792.0,2.57,2.91,2.94,-0.35000014,-11.986306,97.0,311.0,0.11994288269042967,False,REGULAR,USD,2026-10-30,761.6900024414062,2026-09-18 23:53:39.265099
SPY261030C00793000,2026-09-18 20:09:44+00:00,793.0,2.66,2.71,2.74,-0.089999914,-3.2727242,161.0,465.0,0.11936305450439452,False,REGULAR,USD,2026-10-30,761.6900024414062,2026-09-18 23:53:39.265099
SPY261030C00794000,2026-09-18 19:57:32+00:00,794.0,2.34,2.52,2.55,-0.17000008,-6.7729115,252.0,303.0,0.11881374359130858,False,REGULAR,USD,2026-10-30,761.6900024414062,2026-09-18 23:53:39.265099
SPY261030C00795000,2026-09-18 20:14:40+00:00,795.0,2.37,2.35,2.38,0.049999952,2.1551704,579.0,1216.0,0.11841701904296875,False,REGULAR,USD,2026-10-30,761.6900024414062,2026-09-18 23:53:39.265099
SPY261030C00796000,2026-09-18 19:57:28+00:00,796.0,2.01,2.18,2.22,-0.26,-11.453745,91.0,214.0,0.11805081176757812,False,REGULAR,USD,2026-10-30,761.6900024414062,2026-09-18 23:53:39.265099
SPY261030C00797000,2026-09-18 20:10:22+00:00,797.0,2.03,2.03,2.06,0.01999998,0.9950239,33.0,1452.0,0.1175320181274414,False,REGULAR,USD,2026-10-30,761.6900024414062,2026-09-18 23:53:39.265099
SPY261030C00798000,2026-09-18 20:01:56+00:00,798.0,1.81,1.89,1.92,-0.07000005,-3.723407,12.0,284.0,0.11722684539794923,False,REGULAR,USD,2026-10-30,761.6900024414062,2026-09-18 23:53:39.265099
SPY261030C00799000,2026-09-18 20:05:56+00:00,799.0,1.74,1.75,1.78,-0.06999993,-3.8673997,51.0,602.0,0.11676908630371094,False,REGULAR,USD,2026-10-30,761.6900024414062,2026-09-18 23:53:39.265099
SPY261030C00800000,2026-09-18 20:14:12+00:00,800.0,1.65,1.63,1.65,0.03999996,2.4844697,3634.0,15049.0,0.1163723617553711,False,REGULAR,USD,2026-10-30,761.6900024414062,2026-09-18 23:53:39.265099
SPY261030C00801000,2026-09-18 19:41:14+00:00,801.0,1.31,1.51,1.54,-0.2700001,-17.088614,93.0,877.0,0.116219775390625,False,REGULAR,USD,2026-10-30,761.6900024414062,2026-09-18 23:53:39.265099
SPY261030C00802000,2026-09-18 19:48:30+00:00,802.0,1.26,1.4,1.43,-0.21000004,-14.285717,12.0,680.0,0.11597563720703125,False,REGULAR,USD,2026-10-30,761.6900024414062,2026-09-18 23:53:39.265099
SPY261030C00803000,2026-09-18 19:28:58+00:00,803.0,1.13,1.3,1.33,-0.14999998,-11.718749,305.0,2032.0,0.11576201629638672,False,REGULAR,USD,2026-10-30,761.6900024414062,2026-09-18 23:53:39.265099
SPY261030C00804000,2026-09-18 20:01:56+00:00,804.0,1.15,1.21,1.23,-0.13,-10.15625,278.0,810.0,0.11542632629394532,False,REGULAR,USD,2026-10-30,761.6900024414062,2026-09-18 23:53:39.265099
SPY261030C00805000,2026-09-18 20:07:25+00:00,805.0,1.09,1.12,1.14,-0.07999992,-6.8376007,112.0,1424.0,0.11521270538330078,False,REGULAR,USD,2026-10-30,761.6900024414062,2026-09-18 23:53:39.265099
SPY261030C00806000,2026-09-18 20:09:23+00:00,806.0,1.03,1.04,1.06,-0.04000008,-3.738325,161.0,890.0,0.11512115356445313,False,REGULAR,USD,2026-10-30,761.6900024414062,2026-09-18 23:53:39.265099
SPY261030C00807000,2026-09-18 20:10:20+00:00,807.0,0.97,0.97,0.99,-0.049999952,-4.901956,465.0,744.0,0.11512115356445313,False,REGULAR,USD,2026-10-30,761.6900024414062,2026-09-18 23:53:39.265099
SPY261030C00808000,2026-09-18 19:55:47+00:00,808.0,0.82,0.9,0.92,-0.09000003,-9.890114,137.0,1019.0,0.11506011901855469,False,REGULAR,USD,2026-10-30,761.6900024414062,2026-09-18 23:53:39.265099
SPY261030C00809000,2026-09-18 18:48:53+00:00,809.0,0.72,0.83,0.85,-0.13999999,-16.279068,12.0,581.0,0.11487701538085937,False,REGULAR,USD,2026-10-30,761.6900024414062,2026-09-18 23:53:39.265099
SPY261030C00810000,2026-09-18 19:56:07+00:00,810.0,0.7,0.78,0.79,-0.09000003,-11.392409,198.0,2938.0,0.11481598083496095,False,REGULAR,USD,2026-10-30,761.6900024414062,2026-09-18 23:53:39.265099
SPY261030C00811000,2026-09-18 20:00:49+00:00,811.0,0.66,0.72,0.74,-0.049999952,-7.042247,193.0,658.0,0.11499908447265625,False,REGULAR,USD,2026-10-30,761.6900024414062,2026-09-18 23:53:39.265099
SPY261030C00812000,2026-09-18 19:56:07+00:00,812.0,0.61,0.67,0.69,-0.089999974,-12.857139,3.0,159.0,0.11506011901855469,False,REGULAR,USD,2026-10-30,761.6900024414062,2026-09-18 23:53:39.265099
SPY261030C00813000,2026-09-18 19:27:27+00:00,813.0,0.54,0.63,0.64,-0.13,-19.402985,15.0,176.0,0.11506011901855469,False,REGULAR,USD,2026-10-30,761.6900024414062,2026-09-18 23:53:39.265099
SPY261030C00814000,2026-09-18 17:54:34+00:00,814.0,0.46,0.58,0.6,-0.12999997,-22.033894,12.0,1397.0,0.11524322265625,False,REGULAR,USD,2026-10-30,761.6900024414062,2026-09-18 23:53:39.265099
SPY261030C00815000,2026-09-18 20:07:25+00:00,815.0,0.54,0.54,0.56,-0.01999998,-3.5714252,87.0,2389.0,0.11536529174804688,False,REGULAR,USD,2026-10-30,761.6900024414062,2026-09-18 23:53:39.265099
SPY261030C00816000,2026-09-18 20:06:42+00:00,816.0,0.49,0.51,0.53,-0.01999998,-3.921565,4.0,986.0,0.11585356811523437,False,REGULAR,USD,2026-10-30,761.6900024414062,2026-09-18 23:53:39.265099
SPY261030C00817000,2026-09-18 16:17:35+00:00,817.0,0.39,0.48,0.49,-0.13,-25.0,4.0,1270.0,0.11579253356933594,False,REGULAR,USD,2026-10-30,761.6900024414062,2026-09-18 23:53:39.265099
SPY261030C00818000,2026-09-18 13:38:17+00:00,818.0,0.43,0.45,0.46,0.099999994,30.303026,2.0,631.0,0.11609770629882812,False,REGULAR,USD,2026-10-30,761.6900024414062,2026-09-18 23:53:39.265099
SPY261030C00819000,2026-09-18 18:44:02+00:00,819.0,0.34,0.42,0.43,-0.09,-20.930233,2.0,166.0,0.116219775390625,False,REGULAR,USD,2026-10-30,761.6900024414062,2026-09-18 23:53:39.265099
SPY261030C00820000,2026-09-18 20:01:56+00:00,820.0,0.38,0.39,0.41,-0.050000012,-11.627909,78.0,1376.0,0.11683012084960936,False,REGULAR,USD,2026-10-30,761.6900024414062,2026-09-18 23:53:39.265099
SPY261030C00821000,2026-09-18 16:54:41+00:00,821.0,0.3,0.37,0.38,-0.07999998,-21.052628,33.0,1999.0,0.11683012084960936,False,REGULAR,USD,2026-10-30,761.6900024414062,2026-09-18 23:53:39.265099
SPY261030C00822000,2026-09-17 15:01:57+00:00,822.0,0.34,0.35,0.36,0.00999999,3.0303,1.0,811.0,0.11731839721679688,False,REGULAR,USD,2026-10-30,761.6900024414062,2026-09-18 23:53:39.265099
SPY261030C00823000,2026-09-18 16:22:56+00:00,823.0,0.26,0.33,0.34,-0.050000012,-16.129036,6.0,53.0,0.11780667358398436,False,REGULAR,USD,2026-10-30,761.6900024414062,2026-09-18 23:53:39.265099
SPY261030C00824000,2026-09-18 16:25:11+00:00,824.0,0.25,0.31,0.32,-0.06999999,-21.874998,7.0,455.0,0.11805081176757812,False,REGULAR,USD,2026-10-30,761.6900024414062,2026-09-18 23:53:39.265099
SPY261030C00825000,2026-09-18 19:15:59+00:00,825.0,0.25,0.29,0.31,-0.050000012,-16.66667,8.0,878.0,0.11902736450195311,False,REGULAR,USD,2026-10-30,761.6900024414062,2026-09-18 23:53:39.265099
SPY261030C00826000,2026-09-18 17:44:21+00:00,826.0,0.22,0.27,0.29,-0.060000002,-21.428572,2.0,37.0,0.11914943359374999,False,REGULAR,USD,2026-10-30,761.6900024414062,2026-09-18 23:53:39.265099
SPY261030C00827000,2026-09-18 16:25:44+00:00,827.0,0.2,0.26,0.27,-0.030000001,-13.043478,2.0,1121.0,0.11939357177734375,False,REGULAR,USD,2026-10-30,761.6900024414062,2026-09-18 23:53:39.265099
SPY261030C00828000,2026-09-17 13:44:03+00:00,828.0,0.23,0.25,0.26,0.0,0.0,1.0,33.0,0.12012598632812499,False,REGULAR,USD,2026-10-30,761.6900024414062,2026-09-18 23:53:39.265099
SPY261030C00829000,2026-09-16 19:18:45+00:00,829.0,0.14,0.23,0.25,0.0,0.0,3.0,67.0,0.12085840087890626,False,REGULAR,USD,2026-10-30,761.6900024414062,2026-09-18 23:53:39.265099
SPY261030C00830000,2026-09-18 19:47:24+00:00,830.0,0.2,0.22,0.23,-0.030000001,-13.043478,11.0,10019.0,0.12073633178710938,False,REGULAR,USD,2026-10-30,761.6900024414062,2026-09-18 23:53:39.265099
SPY261030C00831000,2026-09-18 19:15:07+00:00,831.0,0.19,0.21,0.22,-0.030000001,-13.636364,5.0,33.0,0.12134667724609374,False,REGULAR,USD,2026-10-30,761.6900024414062,2026-09-18 23:53:39.265099
SPY261030C00832000,2026-09-11 18:47:55+00:00,832.0,0.3,0.2,0.21,0.0,0.0,8.0,396.0,0.12195702270507813,False,REGULAR,USD,2026-10-30,761.6900024414062,2026-09-18 23:53:39.265099
SPY261030C00833000,2026-09-18 19:34:15+00:00,833.0,0.17,0.19,0.2,0.010000005,6.2500033,1.0,302.0,0.12244529907226565,False,REGULAR,USD,2026-10-30,761.6900024414062,2026-09-18 23:53:39.265099
SPY261030C00834000,2026-09-18 16:11:44+00:00,834.0,0.15,0.18,0.19,0.02000001,15.384624,3.0,125.0,0.12293357543945313,False,REGULAR,USD,2026-10-30,761.6900024414062,2026-09-18 23:53:39.265099
SPY261030C00835000,2026-09-18 16:11:44+00:00,835.0,0.15,0.17,0.19,-0.030000001,-16.666666,8.0,393.0,0.12427633544921876,False,REGULAR,USD,2026-10-30,761.6900024414062,2026-09-18 23:53:39.265099
SPY261030C00840000,2026-09-18 19:34:15+00:00,840.0,0.13,0.14,0.15,-0.02000001,-13.333339,124.0,734.0,0.12696185546875,False,REGULAR,USD,2026-10-30,761.6900024414062,2026-09-18 23:53:39.265099
SPY261030C00845000,2026-09-18 19:42:20+00:00,845.0,0.12,0.11,0.13,-0.009999998,-7.692306,3.0,567.0,0.13111220458984374,False,REGULAR,USD,2026-10-30,761.6900024414062,2026-09-18 23:53:39.265099
SPY261030C00850000,2026-09-18 19:57:39+00:00,850.0,0.1,0.09,0.11,-0.009999998,-9.090907,50.0,2203.0,0.13477427734375003,False,REGULAR,USD,2026-10-30,761.6900024414062,2026-09-18 23:53:39.265099
SPY261030C00855000,2026-09-18 19:26:39+00:00,855.0,0.07,0.08,0.09,-0.030000001,-30.0,11.0,954.0,0.13770393554687502,False,REGULAR,USD,2026-10-30,761.6900024414062,2026-09-18 23:53:39.265099
SPY261030C00860000,2026-09-18 19:41:24+00:00,860.0,0.07,0.06,0.08,0.0,0.0,3.0,1597.0,0.141610146484375,False,REGULAR,USD,2026-10-30,761.6900024414062,2026-09-18 23:53:39.265099
SPY261030C00865000,2026-09-18 14:19:01+00:00,865.0,0.05,0.05,0.07,-0.02,-28.571428,20.0,887.0,0.145516357421875,False,REGULAR,USD,2026-10-30,761.6900024414062,2026-09-18 23:53:39.265099
SPY261030C00870000,2026-09-18 19:26:39+00:00,870.0,0.04,0.04,0.06,-0.010000002,-20.000002,18.0,589.0,0.1489342919921875,False,REGULAR,USD,2026-10-30,761.6900024414062,2026-09-18 23:53:39.265099
SPY261030C00875000,2026-09-18 13:59:40+00:00,875.0,0.04,0.04,0.05,0.0,0.0,20.0,379.0,0.15137567382812503,False,REGULAR,USD,2026-10-30,761.6900024414062,2026-09-18 23:53:39.265099
SPY261030C00880000,2026-09-17 20:02:27+00:00,880.0,0.04,0.03,0.04,0.0,0.0,50.0,552.0,0.15332877929687502,False,REGULAR,USD,2026-10-30,761.6900024414062,2026-09-18 23:53:39.265099
SPY261030C00885000,2026-09-15 15:28:37+00:00,885.0,0.04,0.02,0.03,0.0,0.0,1.0,293.0,0.15430533203125002,False,REGULAR,USD,2026-10-30,761.6900024414062,2026-09-18 23:53:39.265099
SPY261030C00890000,2026-09-17 18:12:41+00:00,890.0,0.03,0.02,0.03,0.0,0.0,1.0,319.0,0.1601646484375,False,REGULAR,USD,2026-10-30,761.6900024414062,2026-09-18 23:53:39.265099
SPY261030C00895000,2026-09-16 15:06:40+00:00,895.0,0.03,0.01,0.03,0.0,0.0,2.0,159.0,0.165047412109375,False,REGULAR,USD,2026-10-30,761.6900024414062,2026-09-18 23:53:39.265099
SPY261030C00900000,2026-09-16 18:34:53+00:00,900.0,0.01,0.01,0.02,0.0,0.0,137.0,1594.0,0.16407085937500002,False,REGULAR,USD,2026-10-30,761.6900024414062,2026-09-18 23:53:39.265099
SPY261120C00300000,2026-09-17 20:10:34+00:00,300.0,463.12,463.27,466.92,0.0,0.0,5.0,89.0,1.2334022705078125,True,REGULAR,USD,2026-11-20,761.6900024414062,2026-09-18 23:53:39.265099
SPY261120C00325000,2026-06-12 16:13:09+00:00,325.0,419.74,431.32,434.78,0.0,0.0,,1.0,1.0000000000000003e-05,True,REGULAR,USD,2026-11-20,761.6900024414062,2026-09-18 23:53:39.265099
SPY261120C00340000,2026-06-12 13:40:45+00:00,340.0,400.8,416.6,420.11,0.0,0.0,,1.0,1.0000000000000003e-05,True,REGULAR,USD,2026-11-20,761.6900024414062,2026-09-18 23:53:39.265099
SPY261120C00345000,2026-09-01 19:26:51+00:00,345.0,417.85,418.63,422.29,0.0,0.0,,0.0,1.0854537915039062,True,REGULAR,USD,2026-11-20,761.6900024414062,2026-09-18 23:53:39.265099
SPY261120C00350000,2026-09-17 14:13:39+00:00,350.0,411.43,413.67,417.33,0.0,0.0,1.0,2.0,1.069950939331055,True,REGULAR,USD,2026-11-20,761.6900024414062,2026-09-18 23:53:39.265099
SPY261120C00380000,2026-06-09 16:38:20+00:00,380.0,349.59,377.36,380.87,0.0,0.0,,1.0,1.0000000000000003e-05,True,REGULAR,USD,2026-11-20,761.6900024414062,2026-09-18 23:53:39.265099
SPY261120C00395000,2026-08-14 17:01:05+00:00,395.0,383.68,369.04,372.72,0.0,0.0,,1.0,0.9390875231933593,True,REGULAR,USD,2026-11-20,761.6900024414062,2026-09-18 23:53:39.265099
SPY261120C00400000,2026-09-17 20:01:58+00:00,400.0,364.1,364.09,367.77,0.0,0.0,11.0,22.0,0.9256599230957032,True,REGULAR,USD,2026-11-20,761.6900024414062,2026-09-18 23:53:39.265099
SPY261120C00410000,2026-07-13 14:16:50+00:00,410.0,345.76,355.02,357.71,0.0,0.0,,1.0,0.9128426684570312,True,REGULAR,USD,2026-11-20,761.6900024414062,2026-09-18 23:53:39.265099
SPY261120C00415000,2026-09-16 18:53:56+00:00,415.0,342.16,349.22,352.9,0.0,0.0,1.0,1.0,0.8850109155273438,True,REGULAR,USD,2026-11-20,761.6900024414062,2026-09-18 23:53:39.265099
SPY261120C00425000,2026-08-25 13:40:29+00:00,425.0,343.99,339.31,343.0,0.0,0.0,3.0,8.0,0.8588881298828125,True,REGULAR,USD,2026-11-20,761.6900024414062,2026-09-18 23:53:39.265099
SPY261120C00430000,2026-07-29 17:09:23+00:00,430.0,311.32,340.02,343.54,0.0,0.0,,1.0,1.0200244311523439,True,REGULAR,USD,2026-11-20,761.6900024414062,2026-09-18 23:53:39.265099
SPY261120C00435000,2026-09-17 17:52:34+00:00,435.0,328.97,329.4,333.09,0.0,0.0,2.0,22.0,0.8329484478759763,True,REGULAR,USD,2026-11-20,761.6900024414062,2026-09-18 23:53:39.265099
SPY261120C00440000,2026-06-02 18:18:00+00:00,440.0,325.14,0.0,0.0,0.0,0.0,1.0,0.0,1.0000000000000003e-05,True,REGULAR,USD,2026-11-20,761.6900024414062,2026-09-18 23:53:39.265099
SPY261120C00445000,2026-08-31 17:11:27+00:00,445.0,323.45,319.5,323.23,0.0,0.0,,4.0,0.8084735949707031,True,REGULAR,USD,2026-11-20,761.6900024414062,2026-09-18 23:53:39.265099
SPY261120C00450000,2026-09-17 20:02:38+00:00,450.0,314.44,314.54,318.29,0.0,0.0,2.0,16.0,0.7960225476074219,True,REGULAR,USD,2026-11-20,761.6900024414062,2026-09-18 23:53:39.265099
SPY261120C00460000,2026-09-15 18:53:47+00:00,460.0,299.23,304.64,308.38,0.0,0.0,1.0,17.0,0.7711204528808593,True,REGULAR,USD,2026-11-20,761.6900024414062,2026-09-18 23:53:39.265099
SPY261120C00465000,2026-09-09 13:51:23+00:00,465.0,302.88,299.8,303.39,0.0,0.0,1.0,3.0,0.7601342346191409,True,REGULAR,USD,2026-11-20,761.6900024414062,2026-09-18 23:53:39.265099
SPY261120C00470000,2026-09-14 13:56:46+00:00,470.0,292.39,294.85,298.45,0.0,0.0,1.0,6.0,0.7481104290771485,True,REGULAR,USD,2026-11-20,761.6900024414062,2026-09-18 23:53:39.265099
SPY261120C00480000,2026-09-15 18:54:12+00:00,480.0,279.38,284.95,288.6,0.0,0.0,3.0,11.0,0.7247341979980468,True,REGULAR,USD,2026-11-20,761.6900024414062,2026-09-18 23:53:39.265099
SPY261120C00485000,2026-09-18 16:28:24+00:00,485.0,277.5,280.0,283.66,1.9100037,0.69305986,1.0,5.0,0.7129545306396485,True,REGULAR,USD,2026-11-20,761.6900024414062,2026-09-18 23:53:39.265099
SPY261120C00490000,2026-07-27 18:49:52+00:00,490.0,254.08,280.74,284.26,0.0,0.0,20.0,33.0,0.8430191479492187,True,REGULAR,USD,2026-11-20,761.6900024414062,2026-09-18 23:53:39.265099
SPY261120C00495000,2026-09-17 18:46:09+00:00,495.0,269.63,270.11,273.74,0.0,0.0,5.0,6.0,0.689028988647461,True,REGULAR,USD,2026-11-20,761.6900024414062,2026-09-18 23:53:39.265099
SPY261120C00500000,2026-08-28 18:52:23+00:00,500.0,272.1,265.17,268.83,0.0,0.0,1.0,24.0,0.6779817358398439,True,REGULAR,USD,2026-11-20,761.6900024414062,2026-09-18 23:53:39.265099
SPY261120C00505000,2026-09-14 17:07:45+00:00,505.0,259.88,260.23,263.89,0.0,0.0,2.0,3.0,0.6665072412109377,True,REGULAR,USD,2026-11-20,761.6900024414062,2026-09-18 23:53:39.265099
SPY261120C00510000,2026-09-17 19:24:34+00:00,510.0,255.08,255.28,258.95,0.0,0.0,4.0,14.0,0.6549717120361329,True,REGULAR,USD,2026-11-20,761.6900024414062,2026-09-18 23:53:39.265099
SPY261120C00515000,2026-09-10 19:06:27+00:00,515.0,245.68,250.34,254.01,0.0,0.0,4.0,97.0,0.6436192864990236,True,REGULAR,USD,2026-11-20,761.6900024414062,2026-09-18 23:53:39.265099
SPY261120C00520000,2026-09-15 15:44:42+00:00,520.0,240.19,245.4,249.08,0.0,0.0,5.0,52.0,0.6324499645996093,True,REGULAR,USD,2026-11-20,761.6900024414062,2026-09-18 23:53:39.265099
SPY261120C00525000,2026-09-10 19:06:27+00:00,525.0,235.84,240.47,244.14,0.0,0.0,4.0,6.0,0.6213416772460938,True,REGULAR,USD,2026-11-20,761.6900024414062,2026-09-18 23:53:39.265099
SPY261120C00530000,2026-09-17 14:55:46+00:00,530.0,233.58,235.53,239.2,0.0,0.0,24.0,82.0,0.6101113208007813,True,REGULAR,USD,2026-11-20,761.6900024414062,2026-09-18 23:53:39.265099
SPY261120C00535000,2026-09-10 19:06:53+00:00,535.0,226.03,230.59,234.27,0.0,0.0,4.0,10.0,0.5990030334472658,True,REGULAR,USD,2026-11-20,761.6900024414062,2026-09-18 23:53:39.265099
SPY261120C00540000,2026-09-10 18:48:39+00:00,540.0,221.08,225.66,229.35,0.0,0.0,4.0,8.0,0.5882304360961915,True,REGULAR,USD,2026-11-20,761.6900024414062,2026-09-18 23:53:39.265099
SPY261120C00545000,2026-09-14 17:07:26+00:00,545.0,220.49,220.73,224.43,0.0,0.0,1.0,5.0,0.5774578387451172,True,REGULAR,USD,2026-11-20,761.6900024414062,2026-09-18 23:53:39.265099
SPY261120C00550000,2026-09-18 14:08:32+00:00,550.0,213.77,215.79,219.49,7.470001,3.620941,1.0,24.0,0.5663495513916017,True,REGULAR,USD,2026-11-20,761.6900024414062,2026-09-18 23:53:39.265099
SPY261120C00555000,2026-09-17 15:29:44+00:00,555.0,209.61,210.86,214.57,0.0,0.0,1.0,10.0,0.5556074713134767,True,REGULAR,USD,2026-11-20,761.6900024414062,2026-09-18 23:53:39.265099
SPY261120C00560000,2026-09-17 19:21:08+00:00,560.0,205.08,205.94,209.61,0.0,0.0,4.0,20.0,0.5445602185058593,True,REGULAR,USD,2026-11-20,761.6900024414062,2026-09-18 23:53:39.265099
SPY261120C00565000,2026-09-15 17:03:03+00:00,565.0,196.11,201.01,204.72,0.0,0.0,5.0,14.0,0.534184345703125,True,REGULAR,USD,2026-11-20,761.6900024414062,2026-09-18 23:53:39.265099
SPY261120C00570000,2026-09-10 18:48:55+00:00,570.0,191.65,196.09,199.81,0.0,0.0,4.0,5.0,0.5236864038085938,True,REGULAR,USD,2026-11-20,761.6900024414062,2026-09-18 23:53:39.265099
SPY261120C00575000,2026-09-18 14:22:48+00:00,575.0,189.39,191.17,194.88,-1.3800049,-0.7233867,2.0,40.0,0.5130053582763672,True,REGULAR,USD,2026-11-20,761.6900024414062,2026-09-18 23:53:39.265099
SPY261120C00580000,2026-09-17 18:06:03+00:00,580.0,186.05,186.25,189.94,0.0,0.0,1.0,53.0,0.5022022436523439,True,REGULAR,USD,2026-11-20,761.6900024414062,2026-09-18 23:53:39.265099
SPY261120C00585000,2026-09-16 20:08:53+00:00,585.0,172.9,181.33,185.05,0.0,0.0,5.0,14.0,0.5279588220214844,True,REGULAR,USD,2026-11-20,761.6900024414062,2026-09-18 23:53:39.265099
SPY261120C00590000,2026-09-17 17:08:55+00:00,590.0,175.94,176.42,180.16,0.0,0.0,2.0,6.0,0.5171557073974609,True,REGULAR,USD,2026-11-20,761.6900024414062,2026-09-18 23:53:39.265099
SPY261120C00595000,2026-09-17 18:44:00+00:00,595.0,171.22,171.51,175.26,0.0,0.0,66.0,74.0,0.5061694891357422,True,REGULAR,USD,2026-11-20,761.6900024414062,2026-09-18 23:53:39.265099
SPY261120C00600000,2026-09-18 18:33:53+00:00,600.0,166.0,166.61,170.35,-0.27000427,-0.16238904,9.0,1553.0,0.4950001672363281,True,REGULAR,USD,2026-11-20,761.6900024414062,2026-09-18 23:53:39.265099
SPY261120C00605000,2026-09-16 13:42:07+00:00,605.0,158.49,161.71,165.45,0.0,0.0,3.0,3.0,0.48398343170166025,True,REGULAR,USD,2026-11-20,761.6900024414062,2026-09-18 23:53:39.265099
SPY261120C00610000,2026-09-18 17:27:26+00:00,610.0,155.23,156.81,160.56,-1.8099976,-1.1525711,1.0,35.0,0.4731497998046875,True,REGULAR,USD,2026-11-20,761.6900024414062,2026-09-18 23:53:39.265099
SPY261120C00615000,2026-09-18 17:27:26+00:00,615.0,150.33,151.92,155.69,0.0,0.0,2.0,23.0,0.46259082336425783,True,REGULAR,USD,2026-11-20,761.6900024414062,2026-09-18 23:53:39.265099
SPY261120C00620000,2026-09-17 19:04:10+00:00,620.0,146.92,147.03,150.78,0.0,0.0,23.0,39.0,0.4513604669189454,True,REGULAR,USD,2026-11-20,761.6900024414062,2026-09-18 23:53:39.265099
SPY261120C00625000,2026-09-17 18:37:43+00:00,625.0,141.93,142.15,145.92,0.0,0.0,1.0,5.0,0.44086252502441403,True,REGULAR,USD,2026-11-20,761.6900024414062,2026-09-18 23:53:39.265099
SPY261120C00630000,2026-09-16 18:53:10+00:00,630.0,131.71,137.27,141.05,0.0,0.0,2.0,783.0,0.43018147949218755,True,REGULAR,USD,2026-11-20,761.6900024414062,2026-09-18 23:53:39.265099
SPY261120C00635000,2026-09-09 14:08:42+00:00,635.0,134.7,132.4,136.18,0.0,0.0,1.0,139.0,0.4194699166870117,True,REGULAR,USD,2026-11-20,761.6900024414062,2026-09-18 23:53:39.265099
SPY261120C00640000,2026-09-17 13:43:33+00:00,640.0,126.11,127.54,131.32,0.0,0.0,1.0,427.0,0.40881938842773435,True,REGULAR,USD,2026-11-20,761.6900024414062,2026-09-18 23:53:39.265099
SPY261120C00645000,2026-09-14 17:12:33+00:00,645.0,122.76,122.68,126.46,0.0,0.0,1.0,69.0,0.39812308425903326,True,REGULAR,USD,2026-11-20,761.6900024414062,2026-09-18 23:53:39.265099
SPY261120C00650000,2026-09-18 19:50:02+00:00,650.0,118.33,118.05,121.62,1.5800018,1.3533206,56.0,2067.0,0.3876404010009765,True,REGULAR,USD,2026-11-20,761.6900024414062,2026-09-18 23:53:39.265099
SPY261120C00655000,2026-09-18 16:13:06+00:00,655.0,111.2,113.13,116.78,-1.550003,-1.3747256,86.0,153.0,0.3770509072875976,True,REGULAR,USD,2026-11-20,761.6900024414062,2026-09-18 23:53:39.265099
SPY261120C00660000,2026-09-18 14:45:46+00:00,660.0,106.25,108.39,111.96,-1.75,-1.6203704,49.0,305.0,0.36664451721191404,True,REGULAR,USD,2026-11-20,761.6900024414062,2026-09-18 23:53:39.265099
SPY261120C00665000,2026-09-16 19:19:17+00:00,665.0,93.98,103.58,107.15,0.0,0.0,3.0,100.0,0.356253385772705,True,REGULAR,USD,2026-11-20,761.6900024414062,2026-09-18 23:53:39.265099
SPY261120C00670000,2026-09-17 19:59:05+00:00,670.0,100.86,98.79,102.36,0.0,0.0,12.0,529.0,0.34598432342529295,True,REGULAR,USD,2026-11-20,761.6900024414062,2026-09-18 23:53:39.265099
SPY261120C00675000,2026-09-17 13:59:45+00:00,675.0,92.56,94.01,97.59,0.0,0.0,1.0,78.0,0.3358373301696777,True,REGULAR,USD,2026-11-20,761.6900024414062,2026-09-18 23:53:39.265099
SPY261120C00680000,2026-09-18 16:14:14+00:00,680.0,87.66,89.25,92.83,-2.149994,-2.393936,9.0,695.0,0.325629302368164,True,REGULAR,USD,2026-11-20,761.6900024414062,2026-09-18 23:53:39.265099
SPY261120C00685000,2026-09-17 18:27:21+00:00,685.0,84.55,84.51,88.1,0.0,0.0,2.0,302.0,0.3156196368408203,True,REGULAR,USD,2026-11-20,761.6900024414062,2026-09-18 23:53:39.265099
SPY261120C00690000,2026-09-18 20:01:02+00:00,690.0,80.72,79.72,83.39,1.4400024,1.8163502,40.0,1472.0,0.30560997131347656,True,REGULAR,USD,2026-11-20,761.6900024414062,2026-09-18 23:53:39.265099
SPY261120C00695000,2026-09-17 14:49:48+00:00,695.0,74.04,75.95,77.88,0.0,0.0,3.0,126.0,0.2866434861755371,True,REGULAR,USD,2026-11-20,761.6900024414062,2026-09-18 23:53:39.265099
SPY261120C00700000,2026-09-18 16:33:29+00:00,700.0,68.88,71.26,73.22,-2.090004,-2.944912,24.0,5790.0,0.27696951065063474,True,REGULAR,USD,2026-11-20,761.6900024414062,2026-09-18 23:53:39.265099
SPY261120C00705000,2026-09-17 15:44:03+00:00,705.0,65.35,66.04,69.21,0.0,0.0,1.0,420.0,0.2737346797180175,True,REGULAR,USD,2026-11-20,761.6900024414062,2026-09-18 23:53:39.265099
SPY261120C00710000,2026-09-18 18:08:57+00:00,710.0,60.34,62.22,63.92,-1.0600014,-1.7263865,2.0,426.0,0.2569654382324219,True,REGULAR,USD,2026-11-20,761.6900024414062,2026-09-18 23:53:39.265099
SPY261120C00715000,2026-09-17 19:24:34+00:00,715.0,57.17,56.7,59.36,0.0,0.0,9.0,138.0,0.24735249725341796,True,REGULAR,USD,2026-11-20,761.6900024414062,2026-09-18 23:53:39.265099
SPY261120C00720000,2026-09-18 19:42:10+00:00,720.0,52.65,52.24,54.8,-0.69999695,-1.3120843,24.0,1899.0,0.2373733489990234,True,REGULAR,USD,2026-11-20,761.6900024414062,2026-09-18 23:53:39.265099
SPY261120C00725000,2026-09-18 19:03:43+00:00,725.0,48.35,49.13,50.39,-0.25,-0.5144033,27.0,1614.0,0.2283402362060547,True,REGULAR,USD,2026-11-20,761.6900024414062,2026-09-18 23:53:39.265099
SPY261120C00730000,2026-09-17 20:10:41+00:00,730.0,44.83,43.57,46.04,0.0,0.0,7.0,1774.0,0.21930712341308595,True,REGULAR,USD,2026-11-20,761.6900024414062,2026-09-18 23:53:39.265099
SPY261120C00735000,2026-09-18 19:42:30+00:00,735.0,39.9,39.36,41.72,-0.34000015,-0.84493077,25.0,2051.0,0.20995357925415037,True,REGULAR,USD,2026-11-20,761.6900024414062,2026-09-18 23:53:39.265099
SPY261120C00740000,2026-09-18 20:10:02+00:00,740.0,36.86,36.72,37.5,0.58000183,1.598682,49.0,2971.0,0.20078313873291015,True,REGULAR,USD,2026-11-20,761.6900024414062,2026-09-18 23:53:39.265099
SPY261120C00745000,2026-09-18 20:10:20+00:00,745.0,33.0,31.79,33.48,0.84000015,2.6119409,9.0,2990.0,0.19249769912719727,True,REGULAR,USD,2026-11-20,761.6900024414062,2026-09-18 23:53:39.265099
SPY261120C00750000,2026-09-18 20:03:56+00:00,750.0,28.79,29.04,29.56,0.30000114,1.0530051,251.0,6488.0,0.18412070770263672,True,REGULAR,USD,2026-11-20,761.6900024414062,2026-09-18 23:53:39.265099
SPY261120C00755000,2026-09-18 20:02:06+00:00,755.0,25.26,25.42,25.8,0.65999985,2.6829262,203.0,1747.0,0.1759725958251953,True,REGULAR,USD,2026-11-20,761.6900024414062,2026-09-18 23:53:39.265099
SPY261120C00760000,2026-09-18 20:10:19+00:00,760.0,22.0,21.94,22.28,0.70000076,3.2863886,1117.0,5693.0,0.1685416398620606,True,REGULAR,USD,2026-11-20,761.6900024414062,2026-09-18 23:53:39.265099
SPY261120C00765000,2026-09-18 20:11:45+00:00,765.0,19.0,18.83,18.94,0.8500004,4.683198,345.0,5756.0,0.16115645980834958,False,REGULAR,USD,2026-11-20,761.6900024414062,2026-09-18 23:53:39.265099
SPY261120C00770000,2026-09-18 20:14:06+00:00,770.0,15.87,15.82,15.91,0.5100002,3.3203142,1705.0,5800.0,0.15465628067016607,False,REGULAR,USD,2026-11-20,761.6900024414062,2026-09-18 23:53:39.265099
SPY261120C00775000,2026-09-18 20:05:50+00:00,775.0,13.0,13.1,13.18,0.34000015,2.6856253,1150.0,9481.0,0.14881222290039062,False,REGULAR,USD,2026-11-20,761.6900024414062,2026-09-18 23:53:39.265099
SPY261120C00780000,2026-09-18 20:12:37+00:00,780.0,10.77,10.68,10.75,0.46000004,4.461688,1539.0,10187.0,0.14350221740722657,False,REGULAR,USD,2026-11-20,761.6900024414062,2026-09-18 23:53:39.265099
SPY261120C00785000,2026-09-18 20:05:48+00:00,785.0,8.48,8.55,8.64,0.09999943,1.1933106,321.0,6551.0,0.1388330746459961,False,REGULAR,USD,2026-11-20,761.6900024414062,2026-09-18 23:53:39.265099
SPY261120C00790000,2026-09-18 20:10:19+00:00,790.0,6.75,6.76,6.83,0.19999981,3.0534322,2986.0,8149.0,0.13465220825195315,False,REGULAR,USD,2026-11-20,761.6900024414062,2026-09-18 23:53:39.265099
SPY261120C00795000,2026-09-18 20:03:45+00:00,795.0,5.17,5.26,5.33,0.13999987,2.7832975,529.0,5054.0,0.1311732391357422,False,REGULAR,USD,2026-11-20,761.6900024414062,2026-09-18 23:53:39.265099
SPY261120C00800000,2026-09-18 20:14:36+00:00,800.0,4.09,4.06,4.1,0.18000007,4.6035824,1193.0,14012.0,0.12818254638671872,False,REGULAR,USD,2026-11-20,761.6900024414062,2026-09-18 23:53:39.265099
SPY261120C00805000,2026-09-18 19:58:52+00:00,805.0,2.87,3.09,3.13,-0.07000017,-2.380958,724.0,4317.0,0.12587849227905273,False,REGULAR,USD,2026-11-20,761.6900024414062,2026-09-18 23:53:39.265099
SPY261120C00810000,2026-09-18 20:13:22+00:00,810.0,2.34,2.33,2.36,0.089999914,3.9999962,648.0,16868.0,0.12394064544677735,False,REGULAR,USD,2026-11-20,761.6900024414062,2026-09-18 23:53:39.265099
SPY261120C00815000,2026-09-18 20:11:48+00:00,815.0,1.77,1.74,1.77,0.0,0.0,300.0,3599.0,0.1225368508911133,False,REGULAR,USD,2026-11-20,761.6900024414062,2026-09-18 23:53:39.265099
SPY261120C00820000,2026-09-18 20:07:57+00:00,820.0,1.28,1.3,1.31,-0.029999971,-2.2900743,307.0,3955.0,0.1212856427001953,False,REGULAR,USD,2026-11-20,761.6900024414062,2026-09-18 23:53:39.265099
SPY261120C00825000,2026-09-18 20:12:22+00:00,825.0,0.99,0.97,0.99,0.0,0.0,459.0,5098.0,0.12104150451660156,False,REGULAR,USD,2026-11-20,761.6900024414062,2026-09-18 23:53:39.265099
SPY261120C00830000,2026-09-18 20:13:22+00:00,830.0,0.74,0.73,0.75,0.01999998,2.777775,473.0,4594.0,0.1211025390625,False,REGULAR,USD,2026-11-20,761.6900024414062,2026-09-18 23:53:39.265099
SPY261120C00835000,2026-09-18 20:00:51+00:00,835.0,0.54,0.56,0.58,-0.00999999,-1.8181801,42.0,2152.0,0.12183495361328125,False,REGULAR,USD,2026-11-20,761.6900024414062,2026-09-18 23:53:39.265099
SPY261120C00840000,2026-09-18 19:52:41+00:00,840.0,0.39,0.43,0.45,-0.02000001,-4.8780513,300.0,1123.0,0.12275047180175781,False,REGULAR,USD,2026-11-20,761.6900024414062,2026-09-18 23:53:39.265099
SPY261120C00845000,2026-09-18 19:54:21+00:00,845.0,0.31,0.34,0.36,-0.030000001,-8.823529,206.0,1107.0,0.12427633544921876,False,REGULAR,USD,2026-11-20,761.6900024414062,2026-09-18 23:53:39.265099
SPY261120C00850000,2026-09-18 19:52:20+00:00,850.0,0.24,0.28,0.29,-0.030000016,-11.111116,27.0,3565.0,0.125985302734375,False,REGULAR,USD,2026-11-20,761.6900024414062,2026-09-18 23:53:39.265099
SPY261120C00855000,2026-09-18 19:43:50+00:00,855.0,0.21,0.22,0.23,0.0,0.0,57.0,992.0,0.12720599365234375,False,REGULAR,USD,2026-11-20,761.6900024414062,2026-09-18 23:53:39.265099
SPY261120C00860000,2026-09-18 19:05:58+00:00,860.0,0.17,0.18,0.19,-0.010000005,-5.555558,66.0,725.0,0.12928116821289062,False,REGULAR,USD,2026-11-20,761.6900024414062,2026-09-18 23:53:39.265099
SPY261120C00865000,2026-09-18 19:31:56+00:00,865.0,0.15,0.15,0.16,0.02000001,15.384624,9.0,713.0,0.13160048095703125,False,REGULAR,USD,2026-11-20,761.6900024414062,2026-09-18 23:53:39.265099
SPY261120C00870000,2026-09-18 18:05:16+00:00,870.0,0.12,0.13,0.14,0.009999998,9.090907,2.0,278.0,0.13453013916015627,False,REGULAR,USD,2026-11-20,761.6900024414062,2026-09-18 23:53:39.265099
SPY261120C00875000,2026-09-18 20:07:37+00:00,875.0,0.11,0.11,0.12,0.009999998,9.999997,173.0,23307.0,0.13697152099609378,False,REGULAR,USD,2026-11-20,761.6900024414062,2026-09-18 23:53:39.265099
SPY261120C00880000,2026-09-18 18:09:01+00:00,880.0,0.08,0.09,0.1,-0.020000003,-20.000002,10.0,1116.0,0.13868048828125001,False,REGULAR,USD,2026-11-20,761.6900024414062,2026-09-18 23:53:39.265099
SPY261120C00885000,2026-09-18 17:54:57+00:00,885.0,0.07,0.08,0.09,0.0,0.0,14.0,758.0,0.14185428466796873,False,REGULAR,USD,2026-11-20,761.6900024414062,2026-09-18 23:53:39.265099
SPY261120C00890000,2026-09-14 13:30:01+00:00,890.0,0.09,0.07,0.08,0.0,0.0,1.0,779.0,0.1445398046875,False,REGULAR,USD,2026-11-20,761.6900024414062,2026-09-18 23:53:39.265099
SPY261120C00895000,2026-09-18 13:44:14+00:00,895.0,0.06,0.06,0.07,-0.010000002,-14.285716,54.0,994.0,0.1469811865234375,False,REGULAR,USD,2026-11-20,761.6900024414062,2026-09-18 23:53:39.265099
SPY261120C00900000,2026-09-18 17:33:25+00:00,900.0,0.05,0.05,0.06,0.0,0.0,170.0,1950.0,0.1489342919921875,False,REGULAR,USD,2026-11-20,761.6900024414062,2026-09-18 23:53:39.265099
SPY261120C00905000,2026-09-14 14:45:13+00:00,905.0,0.04,0.04,0.05,0.0,0.0,3.0,1205.0,0.15039912109375003,False,REGULAR,USD,2026-11-20,761.6900024414062,2026-09-18 23:53:39.265099
SPY261120C00910000,2026-09-17 17:52:56+00:00,910.0,0.04,0.03,0.05,0.0,0.0,24.0,290.0,0.15528188476562502,False,REGULAR,USD,2026-11-20,761.6900024414062,2026-09-18 23:53:39.265099
SPY261120C00915000,2026-09-10 14:06:07+00:00,915.0,0.05,0.03,0.04,0.0,0.0,4.0,241.0,0.1557701611328125,False,REGULAR,USD,2026-11-20,761.6900024414062,2026-09-18 23:53:39.265099
SPY261120C00920000,2026-09-18 15:16:45+00:00,920.0,0.03,0.02,0.04,0.0,0.0,300.0,1290.0,0.1601646484375,False,REGULAR,USD,2026-11-20,761.6900024414062,2026-09-18 23:53:39.265099
SPY261120C00925000,2026-09-11 15:01:29+00:00,925.0,0.03,0.02,0.03,0.0,0.0,25.0,87.0,0.1601646484375,False,REGULAR,USD,2026-11-20,761.6900024414062,2026-09-18 23:53:39.265099
SPY261120C00930000,2026-09-18 13:47:20+00:00,930.0,0.03,0.02,0.03,0.0,0.0,4.0,77.0,0.16407085937500002,False,REGULAR,USD,2026-11-20,761.6900024414062,2026-09-18 23:53:39.265099
SPY261120C00935000,2026-09-11 15:02:39+00:00,935.0,0.03,0.01,0.03,0.0,0.0,4.0,13.0,0.16797707031250003,False,REGULAR,USD,2026-11-20,761.6900024414062,2026-09-18 23:53:39.265099
SPY261120C00940000,2026-09-18 18:06:30+00:00,940.0,0.01,0.01,0.02,-0.02,-66.66667,84.0,356.0,0.16602396484375004,False,REGULAR,USD,2026-11-20,761.6900024414062,2026-09-18 23:53:39.265099
SPY261120C00945000,2026-09-11 16:09:45+00:00,945.0,0.02,0.01,0.02,0.0,0.0,1.0,273.0,0.16993017578125003,False,REGULAR,USD,2026-11-20,761.6900024414062,2026-09-18 23:53:39.265099
SPY261120C00950000,2026-09-17 14:11:57+00:00,950.0,0.02,0.01,0.02,0.0,0.0,91.0,2395.0,0.17383638671875,False,REGULAR,USD,2026-11-20,761.6900024414062,2026-09-18 23:53:39.265099
SPY261120C00955000,2026-09-03 14:37:58+00:00,955.0,0.03,0.01,0.02,0.0,0.0,7.0,28.0,0.176766044921875,False,REGULAR,USD,2026-11-20,761.6900024414062,2026-09-18 23:53:39.265099
SPY261120C00960000,2026-09-03 15:35:11+00:00,960.0,0.03,0.01,0.02,0.0,0.0,2.0,30.0,0.180672255859375,False,REGULAR,USD,2026-11-20,761.6900024414062,2026-09-18 23:53:39.265099
SPY261120C00965000,2026-09-04 13:30:08+00:00,965.0,0.04,0.01,0.02,0.0,0.0,1.0,51.0,0.18360191406249998,False,REGULAR,USD,2026-11-20,761.6900024414062,2026-09-18 23:53:39.265099
SPY261120C00970000,2026-09-15 15:43:25+00:00,970.0,0.01,0.01,0.02,0.0,0.0,2.0,34.0,0.187508125,False,REGULAR,USD,2026-11-20,761.6900024414062,2026-09-18 23:53:39.265099
SPY261120C00975000,2026-09-08 14:55:00+00:00,975.0,0.03,0.0,0.02,0.0,0.0,40.0,49.0,0.1914143359375,False,REGULAR,USD,2026-11-20,761.6900024414062,2026-09-18 23:53:39.265099
SPY261120C00980000,2026-09-14 15:05:01+00:00,980.0,0.01,0.0,0.02,0.0,0.0,297.0,115.0,0.195320546875,False,REGULAR,USD,2026-11-20,761.6900024414062,2026-09-18 23:53:39.265099
SPY261120C00985000,2026-09-08 13:40:37+00:00,985.0,0.02,0.0,0.02,0.0,0.0,1.0,851.0,0.1992267578125,False,REGULAR,USD,2026-11-20,761.6900024414062,2026-09-18 23:53:39.265099
SPY261120C00990000,2026-09-01 15:49:30+00:00,990.0,0.02,0.0,0.01,0.0,0.0,90.0,526.0,0.1914143359375,False,REGULAR,USD,2026-11-20,761.6900024414062,2026-09-18 23:53:39.265099
SPY261120C00995000,2026-09-04 16:04:50+00:00,995.0,0.02,0.0,0.01,0.0,0.0,50.0,405.0,0.195320546875,False,REGULAR,USD,2026-11-20,761.6900024414062,2026-09-18 23:53:39.265099
SPY261120C01000000,2026-09-18 17:28:01+00:00,1000.0,0.02,0.0,0.01,0.01,100.0,3.0,777.0,0.1992267578125,False,REGULAR,USD,2026-11-20,761.6900024414062,2026-09-18 23:53:39.265099
SPY261130C00475000,2026-08-20 20:14:25+00:00,475.0,292.06,290.38,294.23,0.0,0.0,2.0,1.0,0.7022124505615235,True,REGULAR,USD,2026-11-30,761.6900024414062,2026-09-18 23:53:39.265099
SPY261130C00480000,2026-08-20 20:08:08+00:00,480.0,287.22,285.44,289.29,0.0,0.0,,0.0,0.690982094116211,True,REGULAR,USD,2026-11-30,761.6900024414062,2026-09-18 23:53:39.265099
SPY261130C00485000,2026-08-20 20:13:45+00:00,485.0,282.21,280.51,284.37,0.0,0.0,,25.0,0.6802094967651369,True,REGULAR,USD,2026-11-30,761.6900024414062,2026-09-18 23:53:39.265099
SPY261130C00500000,2026-07-15 18:10:28+00:00,500.0,262.32,266.95,270.07,0.0,0.0,1.0,1.0,0.6692537957763673,True,REGULAR,USD,2026-11-30,761.6900024414062,2026-09-18 23:53:39.265099
SPY261130C00520000,2026-09-14 14:41:01+00:00,520.0,241.84,245.75,249.84,0.0,0.0,4.0,6.0,0.601810622558594,True,REGULAR,USD,2026-11-30,761.6900024414062,2026-09-18 23:53:39.265099
SPY261130C00545000,2026-09-18 19:05:16+00:00,545.0,221.76,221.12,225.22,10.919998,5.1792817,27.0,5.0,0.5500838449096681,True,REGULAR,USD,2026-11-30,761.6900024414062,2026-09-18 23:53:39.265099
SPY261130C00550000,2026-09-11 14:29:33+00:00,550.0,219.78,216.19,220.29,0.0,0.0,2.0,4.0,0.5397079721069337,True,REGULAR,USD,2026-11-30,761.6900024414062,2026-09-18 23:53:39.265099
SPY261130C00555000,2026-09-10 19:06:32+00:00,555.0,207.07,211.51,215.39,0.0,0.0,4.0,5.0,0.532231240234375,True,REGULAR,USD,2026-11-30,761.6900024414062,2026-09-18 23:53:39.265099
SPY261130C00560000,2026-07-31 16:14:31+00:00,560.0,192.07,212.43,215.92,0.0,0.0,1.0,3.0,0.6214332290649415,True,REGULAR,USD,2026-11-30,761.6900024414062,2026-09-18 23:53:39.265099
SPY261130C00570000,2026-07-22 19:44:51+00:00,570.0,187.96,198.5,201.64,0.0,0.0,2.0,1.0,0.5274095111083985,True,REGULAR,USD,2026-11-30,761.6900024414062,2026-09-18 23:53:39.265099
SPY261130C00575000,2026-08-04 19:52:43+00:00,575.0,205.76,197.7,201.22,0.0,0.0,1.0,2.0,0.5861857788085938,True,REGULAR,USD,2026-11-30,761.6900024414062,2026-09-18 23:53:39.265099
SPY261130C00580000,2026-09-14 14:41:37+00:00,580.0,183.04,186.96,190.84,0.0,0.0,4.0,15.0,0.5164232928466796,True,REGULAR,USD,2026-11-30,761.6900024414062,2026-09-18 23:53:39.265099
SPY261130C00585000,2026-09-10 14:20:03+00:00,585.0,177.97,182.06,185.94,0.0,0.0,15.0,7.0,0.5058948336791992,True,REGULAR,USD,2026-11-30,761.6900024414062,2026-09-18 23:53:39.265099
SPY261130C00590000,2026-06-03 16:31:23+00:00,590.0,178.49,0.0,0.0,0.0,0.0,,0.0,1.0000000000000003e-05,True,REGULAR,USD,2026-11-30,761.6900024414062,2026-09-18 23:53:39.265099
SPY261130C00595000,2026-07-07 13:40:38+00:00,595.0,165.59,174.22,177.37,0.0,0.0,1.0,2.0,0.5038196591186525,True,REGULAR,USD,2026-11-30,761.6900024414062,2026-09-18 23:53:39.265099
SPY261130C00600000,2026-09-16 19:36:19+00:00,600.0,157.26,167.2,171.26,0.0,0.0,1.0,21.0,0.4746451461791992,True,REGULAR,USD,2026-11-30,761.6900024414062,2026-09-18 23:53:39.265099
SPY261130C00605000,2026-09-16 19:39:29+00:00,605.0,152.65,162.26,166.38,0.0,0.0,6.0,8.0,0.464421859741211,True,REGULAR,USD,2026-11-30,761.6900024414062,2026-09-18 23:53:39.265099
SPY261130C00610000,2026-08-17 17:46:03+00:00,610.0,171.85,157.38,161.49,0.0,0.0,,2.0,0.4540154696655273,True,REGULAR,USD,2026-11-30,761.6900024414062,2026-09-18 23:53:39.265099
SPY261130C00615000,2026-09-01 13:37:49+00:00,615.0,153.85,152.74,156.62,0.0,0.0,,2.0,0.4438837350463867,True,REGULAR,USD,2026-11-30,761.6900024414062,2026-09-18 23:53:39.265099
SPY261130C00620000,2026-09-01 13:32:53+00:00,620.0,148.74,147.87,151.75,0.0,0.0,1.0,12.0,0.43373674179077154,True,REGULAR,USD,2026-11-30,761.6900024414062,2026-09-18 23:53:39.265099
SPY261130C00622000,2026-09-03 15:09:32+00:00,622.0,154.99,145.73,149.81,0.0,0.0,,1.0,0.4297847549438477,True,REGULAR,USD,2026-11-30,761.6900024414062,2026-09-18 23:53:39.265099
SPY261130C00625000,2026-09-14 15:45:15+00:00,625.0,143.07,142.97,146.89,0.0,0.0,1.0,1.0,0.42368130035400386,True,REGULAR,USD,2026-11-30,761.6900024414062,2026-09-18 23:53:39.265099
SPY261130C00630000,2026-09-14 13:30:01+00:00,630.0,136.24,138.15,142.04,0.0,0.0,2.0,5.0,0.413717410736084,True,REGULAR,USD,2026-11-30,761.6900024414062,2026-09-18 23:53:39.265099
SPY261130C00635000,2026-09-16 18:59:55+00:00,635.0,125.42,133.26,137.19,0.0,0.0,1.0,3.0,0.40369248657226564,True,REGULAR,USD,2026-11-30,761.6900024414062,2026-09-18 23:53:39.265099
SPY261130C00640000,2026-09-04 18:36:54+00:00,640.0,136.2,128.55,132.21,0.0,0.0,1.0,164.0,0.39194333648681634,True,REGULAR,USD,2026-11-30,761.6900024414062,2026-09-18 23:53:39.265099
SPY261130C00645000,2026-07-31 19:16:15+00:00,645.0,114.62,129.7,133.22,0.0,0.0,1.0,16.0,0.4512536564636231,True,REGULAR,USD,2026-11-30,761.6900024414062,2026-09-18 23:53:39.265099
SPY261130C00650000,2026-09-17 15:58:35+00:00,650.0,118.6,118.89,122.56,0.0,0.0,1.0,14.0,0.3723207299804688,True,REGULAR,USD,2026-11-30,761.6900024414062,2026-09-18 23:53:39.265099
SPY261130C00655000,2026-09-17 13:40:24+00:00,655.0,112.6,114.08,117.75,0.0,0.0,2.0,799.0,0.36255520263671875,True,REGULAR,USD,2026-11-30,761.6900024414062,2026-09-18 23:53:39.265099
SPY261130C00660000,2026-09-15 18:45:11+00:00,660.0,104.89,109.28,112.95,0.0,0.0,335.0,978.0,0.3528201925659179,True,REGULAR,USD,2026-11-30,761.6900024414062,2026-09-18 23:53:39.265099
SPY261130C00665000,2026-09-15 19:02:10+00:00,665.0,100.26,104.59,108.17,0.0,0.0,321.0,1606.0,0.34323776885986323,True,REGULAR,USD,2026-11-30,761.6900024414062,2026-09-18 23:53:39.265099
SPY261130C00670000,2026-09-15 18:45:11+00:00,670.0,95.5,99.73,103.4,0.0,0.0,86.0,1377.0,0.3336095692443848,True,REGULAR,USD,2026-11-30,761.6900024414062,2026-09-18 23:53:39.265099
SPY261130C00672000,2026-07-07 18:46:31+00:00,672.0,95.99,100.95,104.14,0.0,0.0,2.0,1.0,0.358404853515625,True,REGULAR,USD,2026-11-30,761.6900024414062,2026-09-18 23:53:39.265099
SPY261130C00673000,2026-09-15 19:13:49+00:00,673.0,92.7,96.97,100.55,0.0,0.0,60.0,316.0,0.32791809783935544,True,REGULAR,USD,2026-11-30,761.6900024414062,2026-09-18 23:53:39.265099
SPY261130C00674000,2026-09-17 19:53:52+00:00,674.0,96.4,95.93,99.6,0.0,0.0,7.0,108.0,0.3259955096435546,True,REGULAR,USD,2026-11-30,761.6900024414062,2026-09-18 23:53:39.265099
SPY261130C00675000,2026-09-18 16:19:02+00:00,675.0,93.16,95.07,98.65,-0.75,-0.798637,1.0,207.0,0.3240729214477538,True,REGULAR,USD,2026-11-30,761.6900024414062,2026-09-18 23:53:39.265099
SPY261130C00676000,2026-08-20 14:52:28+00:00,676.0,102.32,94.12,97.71,0.0,0.0,16.0,30.0,0.32227240234374993,True,REGULAR,USD,2026-11-30,761.6900024414062,2026-09-18 23:53:39.265099
SPY261130C00677000,2026-06-09 16:38:16+00:00,677.0,76.73,93.89,97.25,0.0,0.0,,1.0,0.325629302368164,True,REGULAR,USD,2026-11-30,761.6900024414062,2026-09-18 23:53:39.265099
SPY261130C00678000,2026-09-03 14:07:51+00:00,678.0,99.25,92.14,95.82,0.0,0.0,1.0,127.0,0.318518777770996,True,REGULAR,USD,2026-11-30,761.6900024414062,2026-09-18 23:53:39.265099
SPY261130C00679000,2026-09-16 20:08:06+00:00,679.0,83.94,91.28,94.87,0.0,0.0,4.0,110.0,0.3165656723022461,True,REGULAR,USD,2026-11-30,761.6900024414062,2026-09-18 23:53:39.265099
SPY261130C00680000,2026-09-17 13:33:28+00:00,680.0,89.93,90.34,93.93,0.0,0.0,1.0,94.0,0.31473463592529294,True,REGULAR,USD,2026-11-30,761.6900024414062,2026-09-18 23:53:39.265099
SPY261130C00681000,2026-09-16 18:10:00+00:00,681.0,88.14,89.4,92.99,0.0,0.0,2.0,32.0,0.31287308227539057,True,REGULAR,USD,2026-11-30,761.6900024414062,2026-09-18 23:53:39.265099
SPY261130C00682000,2026-08-20 18:05:45+00:00,682.0,94.15,88.37,92.04,0.0,0.0,8.0,58.0,0.3109199768066406,True,REGULAR,USD,2026-11-30,761.6900024414062,2026-09-18 23:53:39.265099
SPY261130C00683000,2026-08-25 14:50:36+00:00,683.0,92.5,87.43,91.1,0.0,0.0,4.0,40.0,0.30905842315673826,True,REGULAR,USD,2026-11-30,761.6900024414062,2026-09-18 23:53:39.265099
SPY261130C00684000,2026-08-20 17:05:24+00:00,684.0,94.14,86.49,90.16,0.0,0.0,56.0,109.0,0.3071816108703613,True,REGULAR,USD,2026-11-30,761.6900024414062,2026-09-18 23:53:39.265099
SPY261130C00685000,2026-09-18 17:32:55+00:00,685.0,84.15,85.55,89.23,7.540001,9.842059,1.0,28.0,0.3053963504028321,True,REGULAR,USD,2026-11-30,761.6900024414062,2026-09-18 23:53:39.265099
SPY261130C00686000,2026-08-20 14:35:22+00:00,686.0,92.47,84.61,88.29,0.0,0.0,4.0,54.0,0.3035042794799804,True,REGULAR,USD,2026-11-30,761.6900024414062,2026-09-18 23:53:39.265099
SPY261130C00687000,2026-08-19 19:52:12+00:00,687.0,93.54,83.68,87.35,0.0,0.0,19.0,39.0,0.3016122085571289,True,REGULAR,USD,2026-11-30,761.6900024414062,2026-09-18 23:53:39.265099
SPY261130C00688000,2026-09-17 19:09:25+00:00,688.0,82.79,82.74,85.9,0.0,0.0,1.0,33.0,0.2944711666870117,True,REGULAR,USD,2026-11-30,761.6900024414062,2026-09-18 23:53:39.265099
SPY261130C00689000,2026-08-20 16:52:45+00:00,689.0,89.79,81.81,84.95,0.0,0.0,14.0,296.0,0.2924875439453124,True,REGULAR,USD,2026-11-30,761.6900024414062,2026-09-18 23:53:39.265099
SPY261130C00690000,2026-09-16 18:09:48+00:00,690.0,79.88,81.81,83.57,0.0,0.0,2.0,83.0,0.2860636579895019,True,REGULAR,USD,2026-11-30,761.6900024414062,2026-09-18 23:53:39.265099
SPY261130C00691000,2026-09-10 15:12:03+00:00,691.0,77.97,80.69,82.86,0.0,0.0,10.0,51.0,0.2865519343566894,True,REGULAR,USD,2026-11-30,761.6900024414062,2026-09-18 23:53:39.265099
SPY261130C00692000,2026-08-19 14:21:39+00:00,692.0,90.51,79.96,81.69,0.0,0.0,4.0,5.0,0.28231003341674804,True,REGULAR,USD,2026-11-30,761.6900024414062,2026-09-18 23:53:39.265099
SPY261130C00693000,2026-08-20 18:16:14+00:00,693.0,83.68,78.85,81.21,0.0,0.0,124.0,196.0,0.28507184661865226,True,REGULAR,USD,2026-11-30,761.6900024414062,2026-09-18 23:53:39.265099
SPY261130C00694000,2026-08-26 19:59:30+00:00,694.0,83.53,77.15,80.09,0.0,0.0,4.0,14.0,0.28134873931884763,True,REGULAR,USD,2026-11-30,761.6900024414062,2026-09-18 23:53:39.265099
SPY261130C00695000,2026-09-14 14:21:42+00:00,695.0,74.98,76.22,79.16,0.0,0.0,1.0,16.0,0.2795177029418945,True,REGULAR,USD,2026-11-30,761.6900024414062,2026-09-18 23:53:39.265099
SPY261130C00696000,2026-08-24 14:42:25+00:00,696.0,80.14,75.3,78.23,0.0,0.0,3.0,102.0,0.27768666656494134,True,REGULAR,USD,2026-11-30,761.6900024414062,2026-09-18 23:53:39.265099
SPY261130C00697000,2026-08-07 19:35:15+00:00,697.0,90.26,74.38,77.31,0.0,0.0,10.0,20.0,0.2759471820068359,True,REGULAR,USD,2026-11-30,761.6900024414062,2026-09-18 23:53:39.265099
SPY261130C00698000,2026-08-20 15:34:18+00:00,698.0,81.58,73.45,76.47,0.0,0.0,13.0,13.0,0.27497062927246096,True,REGULAR,USD,2026-11-30,761.6900024414062,2026-09-18 23:53:39.265099
SPY261130C00699000,2026-08-17 13:33:55+00:00,699.0,90.15,72.53,75.48,0.0,0.0,125.0,126.0,0.2725139888000488,True,REGULAR,USD,2026-11-30,761.6900024414062,2026-09-18 23:53:39.265099
SPY261130C00700000,2026-09-18 16:55:11+00:00,700.0,70.49,71.61,74.57,-0.5600052,-0.7881846,3.0,326.0,0.2708355387878418,True,REGULAR,USD,2026-11-30,761.6900024414062,2026-09-18 23:53:39.265099
SPY261130C00701000,2026-08-20 13:48:51+00:00,701.0,79.72,70.69,73.88,0.0,0.0,3.0,18.0,0.27126278060913084,True,REGULAR,USD,2026-11-30,761.6900024414062,2026-09-18 23:53:39.265099
SPY261130C00702000,2026-08-07 16:30:45+00:00,702.0,84.69,70.67,73.46,0.0,0.0,24.0,24.0,0.2742076974487304,True,REGULAR,USD,2026-11-30,761.6900024414062,2026-09-18 23:53:39.265099
SPY261130C00703000,2026-08-20 17:34:49+00:00,703.0,75.95,69.77,71.45,0.0,0.0,13.0,23.0,0.2619855296325684,True,REGULAR,USD,2026-11-30,761.6900024414062,2026-09-18 23:53:39.265099
SPY261130C00704000,2026-08-18 14:10:30+00:00,704.0,78.88,68.87,71.58,0.0,0.0,1.0,11.0,0.2701183828735352,True,REGULAR,USD,2026-11-30,761.6900024414062,2026-09-18 23:53:39.265099
SPY261130C00705000,2026-09-16 19:19:15+00:00,705.0,59.04,67.04,70.04,0.0,0.0,1.0,278.0,0.2624280300903321,True,REGULAR,USD,2026-11-30,761.6900024414062,2026-09-18 23:53:39.265099
SPY261130C00706000,2026-08-07 19:24:55+00:00,706.0,82.53,67.24,68.69,0.0,0.0,34.0,40.0,0.25653819641113285,True,REGULAR,USD,2026-11-30,761.6900024414062,2026-09-18 23:53:39.265099
SPY261130C00707000,2026-08-19 14:50:21+00:00,707.0,78.02,65.22,68.45,0.0,0.0,43.0,42.0,0.2610394941711425,True,REGULAR,USD,2026-11-30,761.6900024414062,2026-09-18 23:53:39.265099
SPY261130C00708000,2026-08-31 18:38:25+00:00,708.0,69.75,64.31,67.34,0.0,0.0,4.0,12.0,0.25739268005371096,True,REGULAR,USD,2026-11-30,761.6900024414062,2026-09-18 23:53:39.265099
SPY261130C00709000,2026-09-14 15:57:20+00:00,709.0,64.51,63.41,66.64,0.0,0.0,1.0,21.0,0.2575300077819825,True,REGULAR,USD,2026-11-30,761.6900024414062,2026-09-18 23:53:39.265099
SPY261130C00710000,2026-09-10 14:20:35+00:00,710.0,60.14,63.52,65.06,0.0,0.0,4.0,158.0,0.2495497409057617,True,REGULAR,USD,2026-11-30,761.6900024414062,2026-09-18 23:53:39.265099
SPY261130C00711000,2026-09-10 19:57:59+00:00,711.0,60.16,62.61,64.15,0.0,0.0,5.0,14.0,0.2477492218017578,True,REGULAR,USD,2026-11-30,761.6900024414062,2026-09-18 23:53:39.265099
SPY261130C00712000,2026-08-17 13:58:55+00:00,712.0,77.86,60.71,64.41,0.0,0.0,4.0,30.0,0.25652293777465823,True,REGULAR,USD,2026-11-30,761.6900024414062,2026-09-18 23:53:39.265099
SPY261130C00713000,2026-09-17 13:31:58+00:00,713.0,60.04,59.82,62.86,0.0,0.0,1.0,26.0,0.24890887817382812,True,REGULAR,USD,2026-11-30,761.6900024414062,2026-09-18 23:53:39.265099
SPY261130C00714000,2026-08-06 13:40:04+00:00,714.0,73.26,60.13,61.44,0.0,0.0,10.0,10.0,0.24245447494506833,True,REGULAR,USD,2026-11-30,761.6900024414062,2026-09-18 23:53:39.265099
SPY261130C00715000,2026-09-18 19:19:12+00:00,715.0,58.42,59.11,60.53,2.3199997,4.135472,6.0,154.0,0.24059292129516602,True,REGULAR,USD,2026-11-30,761.6900024414062,2026-09-18 23:53:39.265099
SPY261130C00716000,2026-09-04 19:04:39+00:00,716.0,65.58,57.15,60.39,0.0,0.0,1.0,155.0,0.24555197814941404,True,REGULAR,USD,2026-11-30,761.6900024414062,2026-09-18 23:53:39.265099
SPY261130C00717000,2026-08-31 13:43:35+00:00,717.0,62.36,56.27,59.32,0.0,0.0,2.0,84.0,0.2422255953979492,True,REGULAR,USD,2026-11-30,761.6900024414062,2026-09-18 23:53:39.265099
SPY261130C00718000,2026-09-18 19:55:04+00:00,718.0,56.33,56.5,58.63,8.390003,17.501049,1.0,59.0,0.24221033676147458,True,REGULAR,USD,2026-11-30,761.6900024414062,2026-09-18 23:53:39.265099
SPY261130C00719000,2026-09-14 14:17:27+00:00,719.0,54.34,55.64,57.63,0.0,0.0,4.0,16.0,0.23947904083251947,True,REGULAR,USD,2026-11-30,761.6900024414062,2026-09-18 23:53:39.265099
SPY261130C00720000,2026-09-18 17:40:02+00:00,720.0,52.9,53.63,57.15,-0.7799988,-1.4530529,1.0,403.0,0.241218525390625,True,REGULAR,USD,2026-11-30,761.6900024414062,2026-09-18 23:53:39.265099
SPY261130C00721000,2026-09-17 13:35:54+00:00,721.0,52.95,52.75,55.88,0.0,0.0,1.0,22.0,0.23613739944458007,True,REGULAR,USD,2026-11-30,761.6900024414062,2026-09-18 23:53:39.265099
SPY261130C00722000,2026-09-18 15:30:57+00:00,722.0,51.28,51.88,54.26,-0.83000183,-1.592788,1.0,25.0,0.2280503221130371,True,REGULAR,USD,2026-11-30,761.6900024414062,2026-09-18 23:53:39.265099
SPY261130C00723000,2026-09-03 16:12:59+00:00,723.0,62.78,51.01,54.24,0.0,0.0,1.0,1.0,0.23365024169921872,True,REGULAR,USD,2026-11-30,761.6900024414062,2026-09-18 23:53:39.265099
SPY261130C00724000,2026-09-10 19:57:59+00:00,724.0,49.23,50.14,53.28,0.0,0.0,4.0,175.0,0.23119360122680666,True,REGULAR,USD,2026-11-30,761.6900024414062,2026-09-18 23:53:39.265099
SPY261130C00725000,2026-09-18 19:18:40+00:00,725.0,49.76,49.28,52.35,1.3199997,2.7250202,4.0,243.0,0.2289810989379883,True,REGULAR,USD,2026-11-30,761.6900024414062,2026-09-18 23:53:39.265099
SPY261130C00726000,2026-09-04 17:19:30+00:00,726.0,57.55,48.42,51.53,0.0,0.0,1.0,213.0,0.22766885620117186,True,REGULAR,USD,2026-11-30,761.6900024414062,2026-09-18 23:53:39.265099
SPY261130C00727000,2026-08-31 13:43:33+00:00,727.0,53.86,47.56,50.86,0.0,0.0,6.0,9.0,0.2275773043823242,True,REGULAR,USD,2026-11-30,761.6900024414062,2026-09-18 23:53:39.265099
SPY261130C00728000,2026-09-16 17:01:14+00:00,728.0,45.64,46.71,49.84,0.0,0.0,1.0,227.0,0.2245560943603515,True,REGULAR,USD,2026-11-30,761.6900024414062,2026-09-18 23:53:39.265099
SPY261130C00729000,2026-09-18 19:57:20+00:00,729.0,46.75,45.85,48.99,-3.880001,-7.663443,2.0,29.0,0.22292342025756834,True,REGULAR,USD,2026-11-30,761.6900024414062,2026-09-18 23:53:39.265099
SPY261130C00730000,2026-09-18 14:10:13+00:00,730.0,44.51,45.01,48.15,-0.08000183,-0.17941654,2.0,662.0,0.22135178070068356,True,REGULAR,USD,2026-11-30,761.6900024414062,2026-09-18 23:53:39.265099
SPY261130C00731000,2026-09-16 18:47:01+00:00,731.0,42.39,44.16,47.32,0.0,0.0,57.0,75.0,0.21984117568969724,True,REGULAR,USD,2026-11-30,761.6900024414062,2026-09-18 23:53:39.265099
SPY261130C00732000,2026-09-16 18:36:46+00:00,732.0,40.34,43.32,46.5,0.0,0.0,30.0,351.0,0.21839160522460935,True,REGULAR,USD,2026-11-30,761.6900024414062,2026-09-18 23:53:39.265099
SPY261130C00733000,2026-08-31 18:56:20+00:00,733.0,48.35,42.49,45.79,0.0,0.0,3.0,205.0,0.21779651840209957,True,REGULAR,USD,2026-11-30,761.6900024414062,2026-09-18 23:53:39.265099
SPY261130C00734000,2026-09-11 15:23:37+00:00,734.0,46.19,41.66,45.04,0.0,0.0,1.0,47.0,0.21683522430419921,True,REGULAR,USD,2026-11-30,761.6900024414062,2026-09-18 23:53:39.265099
SPY261130C00735000,2026-09-18 19:56:16+00:00,735.0,41.66,40.83,43.13,1.5400009,3.838487,42.0,880.0,0.2065966792297363,True,REGULAR,USD,2026-11-30,761.6900024414062,2026-09-18 23:53:39.265099
SPY261130C00736000,2026-08-25 14:56:07+00:00,736.0,47.0,40.01,43.18,0.0,0.0,20.0,276.0,0.21199823654174804,True,REGULAR,USD,2026-11-30,761.6900024414062,2026-09-18 23:53:39.265099
SPY261130C00737000,2026-09-15 18:16:52+00:00,737.0,36.65,39.19,42.38,0.0,0.0,2.0,353.0,0.2105639247131348,True,REGULAR,USD,2026-11-30,761.6900024414062,2026-09-18 23:53:39.265099
SPY261130C00738000,2026-09-18 15:45:38+00:00,738.0,37.61,38.37,40.64,5.5,17.12862,6.0,85.0,0.20171391555786133,True,REGULAR,USD,2026-11-30,761.6900024414062,2026-09-18 23:53:39.265099
SPY261130C00739000,2026-08-25 14:55:45+00:00,739.0,44.65,37.56,40.73,0.0,0.0,164.0,97.0,0.2072528005981445,True,REGULAR,USD,2026-11-30,761.6900024414062,2026-09-18 23:53:39.265099
SPY261130C00740000,2026-09-18 20:12:28+00:00,740.0,38.67,36.96,39.97,2.0299988,5.5403895,6.0,622.0,0.20604736831665038,True,REGULAR,USD,2026-11-30,761.6900024414062,2026-09-18 23:53:39.265099
SPY261130C00741000,2026-09-18 20:12:52+00:00,741.0,37.14,36.31,39.11,0.18999863,0.5142047,1.0,164.0,0.20404848693847655,True,REGULAR,USD,2026-11-30,761.6900024414062,2026-09-18 23:53:39.265099
SPY261130C00742000,2026-09-11 19:51:57+00:00,742.0,38.77,35.57,38.4,0.0,0.0,3.0,105.0,0.20317874465942382,True,REGULAR,USD,2026-11-30,761.6900024414062,2026-09-18 23:53:39.265099
SPY261130C00743000,2026-09-17 16:14:59+00:00,743.0,35.07,34.91,37.61,0.0,0.0,4.0,255.0,0.20165288101196288,True,REGULAR,USD,2026-11-30,761.6900024414062,2026-09-18 23:53:39.265099
SPY261130C00744000,2026-09-17 14:51:16+00:00,744.0,33.48,33.99,36.83,0.0,0.0,5.0,511.0,0.2001880519104004,True,REGULAR,USD,2026-11-30,761.6900024414062,2026-09-18 23:53:39.265099
SPY261130C00745000,2026-09-18 20:12:28+00:00,745.0,34.73,33.4,34.99,1.2099991,3.6097825,16.0,606.0,0.1905751109313965,True,REGULAR,USD,2026-11-30,761.6900024414062,2026-09-18 23:53:39.265099
SPY261130C00746000,2026-09-17 16:12:48+00:00,746.0,32.67,32.7,35.31,0.0,0.0,2.0,509.0,0.19744149734497068,True,REGULAR,USD,2026-11-30,761.6900024414062,2026-09-18 23:53:39.265099
SPY261130C00747000,2026-09-17 20:13:40+00:00,747.0,32.04,31.26,33.44,0.0,0.0,4.0,710.0,0.18761493545532226,True,REGULAR,USD,2026-11-30,761.6900024414062,2026-09-18 23:53:39.265099
SPY261130C00748000,2026-09-14 15:15:08+00:00,748.0,30.08,30.49,33.57,0.0,0.0,9.0,96.0,0.19290968231201172,True,REGULAR,USD,2026-11-30,761.6900024414062,2026-09-18 23:53:39.265099
SPY261130C00749000,2026-09-17 18:15:02+00:00,749.0,30.82,30.19,32.91,0.0,0.0,2.0,152.0,0.1921772677612305,True,REGULAR,USD,2026-11-30,761.6900024414062,2026-09-18 23:53:39.265099
SPY261130C00750000,2026-09-18 18:53:18+00:00,750.0,29.9,30.58,31.1,0.09000015,0.30191264,416.0,773.0,0.1827779476928711,True,REGULAR,USD,2026-11-30,761.6900024414062,2026-09-18 23:53:39.265099
SPY261130C00751000,2026-09-17 19:54:40+00:00,751.0,29.59,28.7,31.35,0.0,0.0,3.0,214.0,0.18880510910034182,True,REGULAR,USD,2026-11-30,761.6900024414062,2026-09-18 23:53:39.265099
SPY261130C00752000,2026-09-16 19:15:39+00:00,752.0,22.64,28.47,30.16,0.0,0.0,411.0,188.0,0.18400626792907712,True,REGULAR,USD,2026-11-30,761.6900024414062,2026-09-18 23:53:39.265099
SPY261130C00753000,2026-09-18 18:59:21+00:00,753.0,27.55,27.69,29.43,-0.060001373,-0.21731754,4.0,278.0,0.1826101026916504,True,REGULAR,USD,2026-11-30,761.6900024414062,2026-09-18 23:53:39.265099
SPY261130C00754000,2026-09-18 16:14:46+00:00,754.0,25.54,27.6,28.7,-1.8899994,-6.890264,14.0,133.0,0.1811757908630371,True,REGULAR,USD,2026-11-30,761.6900024414062,2026-09-18 23:53:39.265099
SPY261130C00755000,2026-09-18 19:27:57+00:00,755.0,26.47,26.94,27.39,-0.030000687,-0.11321014,2.0,341.0,0.1754080262756348,True,REGULAR,USD,2026-11-30,761.6900024414062,2026-09-18 23:53:39.265099
SPY261130C00756000,2026-09-18 16:12:44+00:00,756.0,24.19,26.17,27.26,-0.539999,-2.1835787,14.0,362.0,0.1783224258422852,True,REGULAR,USD,2026-11-30,761.6900024414062,2026-09-18 23:53:39.265099
SPY261130C00757000,2026-09-18 15:36:15+00:00,757.0,23.87,25.02,26.08,-0.9899998,-3.9822998,4.0,190.0,0.1734549208068848,True,REGULAR,USD,2026-11-30,761.6900024414062,2026-09-18 23:53:39.265099
SPY261130C00758000,2026-09-18 13:31:57+00:00,758.0,24.44,24.62,25.41,-0.01999855,-0.08176023,1.0,2189.0,0.17229526443481447,True,REGULAR,USD,2026-11-30,761.6900024414062,2026-09-18 23:53:39.265099
SPY261130C00759000,2026-09-18 20:05:06+00:00,759.0,24.05,24.09,24.67,0.059999466,0.25010198,24.0,126.0,0.17058629714965823,True,REGULAR,USD,2026-11-30,761.6900024414062,2026-09-18 23:53:39.265099
SPY261130C00760000,2026-09-18 20:08:44+00:00,760.0,23.6,23.44,24.0,0.39999962,1.7241362,438.0,2491.0,0.16933508895874022,True,REGULAR,USD,2026-11-30,761.6900024414062,2026-09-18 23:53:39.265099
SPY261130C00761000,2026-09-18 19:54:12+00:00,761.0,22.5,22.74,23.43,0.6000004,2.7397277,225.0,292.0,0.16877051940917973,True,REGULAR,USD,2026-11-30,761.6900024414062,2026-09-18 23:53:39.265099
SPY261130C00762000,2026-09-18 20:01:59+00:00,762.0,21.99,22.08,23.09,0.11000061,0.50274503,18.0,599.0,0.16983862396240235,False,REGULAR,USD,2026-11-30,761.6900024414062,2026-09-18 23:53:39.265099
SPY261130C00763000,2026-09-18 20:05:47+00:00,763.0,21.5,21.23,22.46,0.12000084,0.56127614,11.0,869.0,0.16874000213623053,False,REGULAR,USD,2026-11-30,761.6900024414062,2026-09-18 23:53:39.265099
SPY261130C00764000,2026-09-18 20:08:03+00:00,764.0,21.09,20.48,21.62,0.45000076,2.1802363,28.0,416.0,0.16605448211669926,False,REGULAR,USD,2026-11-30,761.6900024414062,2026-09-18 23:53:39.265099
SPY261130C00765000,2026-09-18 20:12:41+00:00,765.0,20.49,20.15,20.81,0.5300007,2.6553142,290.0,737.0,0.1635368070983887,False,REGULAR,USD,2026-11-30,761.6900024414062,2026-09-18 23:53:39.265099
SPY261130C00766000,2026-09-18 19:01:59+00:00,766.0,18.88,19.75,19.85,-0.25,-1.3068479,2.0,189.0,0.1598747343444824,False,REGULAR,USD,2026-11-30,761.6900024414062,2026-09-18 23:53:39.265099
SPY261130C00767000,2026-09-18 19:11:47+00:00,767.0,18.3,19.13,19.23,-0.34000015,-1.8240352,26.0,308.0,0.15862352615356445,False,REGULAR,USD,2026-11-30,761.6900024414062,2026-09-18 23:53:39.265099
SPY261130C00768000,2026-09-18 19:40:46+00:00,768.0,17.66,18.52,18.63,-0.1800003,-1.0089703,19.0,538.0,0.15747912841796874,False,REGULAR,USD,2026-11-30,761.6900024414062,2026-09-18 23:53:39.265099
SPY261130C00769000,2026-09-18 18:47:10+00:00,769.0,17.11,17.93,18.03,0.710001,4.3292747,10.0,392.0,0.15627369613647463,False,REGULAR,USD,2026-11-30,761.6900024414062,2026-09-18 23:53:39.265099
SPY261130C00770000,2026-09-18 20:13:42+00:00,770.0,17.47,17.33,17.45,0.7199993,4.2985034,104.0,1436.0,0.15515981567382814,False,REGULAR,USD,2026-11-30,761.6900024414062,2026-09-18 23:53:39.265099
SPY261130C00771000,2026-09-18 18:54:08+00:00,771.0,16.23,16.76,16.86,0.25999928,1.6280481,5.0,552.0,0.1539238661193848,False,REGULAR,USD,2026-11-30,761.6900024414062,2026-09-18 23:53:39.265099
SPY261130C00772000,2026-09-18 19:36:30+00:00,772.0,15.29,16.19,16.29,-0.31000042,-1.9871821,2.0,726.0,0.15276420974731447,False,REGULAR,USD,2026-11-30,761.6900024414062,2026-09-18 23:53:39.265099
SPY261130C00773000,2026-09-18 19:36:30+00:00,773.0,14.75,15.64,15.74,-0.4499998,-2.960525,1.0,863.0,0.1516808465576172,False,REGULAR,USD,2026-11-30,761.6900024414062,2026-09-18 23:53:39.265099
SPY261130C00774000,2026-09-18 14:13:22+00:00,774.0,13.68,15.09,15.2,-0.77999973,-5.394189,1.0,341.0,0.15062800064086918,False,REGULAR,USD,2026-11-30,761.6900024414062,2026-09-18 23:53:39.265099
SPY261130C00775000,2026-09-18 20:14:21+00:00,775.0,14.6,14.55,14.66,0.15000057,1.0380663,143.0,706.0,0.14949886154174807,False,REGULAR,USD,2026-11-30,761.6900024414062,2026-09-18 23:53:39.265099
SPY261130C00776000,2026-09-18 15:33:20+00:00,776.0,12.73,14.04,14.14,-1.1400003,-8.21918,2.0,148.0,0.1484612742614746,False,REGULAR,USD,2026-11-30,761.6900024414062,2026-09-18 23:53:39.265099
SPY261130C00777000,2026-09-17 19:53:31+00:00,777.0,13.36,13.53,13.62,0.0,0.0,5.0,352.0,0.14736265243530272,False,REGULAR,USD,2026-11-30,761.6900024414062,2026-09-18 23:53:39.265099
SPY261130C00778000,2026-09-18 17:18:26+00:00,778.0,11.71,13.02,13.12,0.46000004,4.088889,3.0,530.0,0.1463403237915039,False,REGULAR,USD,2026-11-30,761.6900024414062,2026-09-18 23:53:39.265099
SPY261130C00779000,2026-09-17 16:05:06+00:00,779.0,12.13,12.53,12.63,0.0,0.0,81.0,922.0,0.1453179951477051,False,REGULAR,USD,2026-11-30,761.6900024414062,2026-09-18 23:53:39.265099
SPY261130C00780000,2026-09-18 19:57:30+00:00,780.0,11.61,12.06,12.15,-0.27000046,-2.272731,881.0,4176.0,0.14431092514038085,False,REGULAR,USD,2026-11-30,761.6900024414062,2026-09-18 23:53:39.265099
SPY261130C00781000,2026-09-17 13:37:12+00:00,781.0,10.73,11.59,11.68,0.0,0.0,1.0,668.0,0.14331911376953127,False,REGULAR,USD,2026-11-30,761.6900024414062,2026-09-18 23:53:39.265099
SPY261130C00782000,2026-09-17 16:58:49+00:00,782.0,10.63,11.13,11.23,0.0,0.0,4.0,360.0,0.1424035955810547,False,REGULAR,USD,2026-11-30,761.6900024414062,2026-09-18 23:53:39.265099
SPY261130C00783000,2026-09-17 18:18:24+00:00,783.0,10.38,10.69,10.79,0.0,0.0,1.0,246.0,0.14150333602905274,False,REGULAR,USD,2026-11-30,761.6900024414062,2026-09-18 23:53:39.265099
SPY261130C00784000,2026-09-16 19:10:49+00:00,784.0,7.11,10.26,10.35,0.0,0.0,2.0,60.0,0.14052678329467772,False,REGULAR,USD,2026-11-30,761.6900024414062,2026-09-18 23:53:39.265099
SPY261130C00785000,2026-09-18 20:11:58+00:00,785.0,10.01,9.85,9.93,0.39000034,4.0540576,18.0,831.0,0.1396265237426758,False,REGULAR,USD,2026-11-30,761.6900024414062,2026-09-18 23:53:39.265099
SPY261130C00786000,2026-09-18 14:08:12+00:00,786.0,8.34,9.44,9.52,1.3400002,19.142859,10.0,104.0,0.13874152282714847,False,REGULAR,USD,2026-11-30,761.6900024414062,2026-09-18 23:53:39.265099
SPY261130C00787000,2026-09-15 15:35:06+00:00,787.0,7.91,9.04,9.13,0.0,0.0,1.0,27.0,0.13794807373046875,False,REGULAR,USD,2026-11-30,761.6900024414062,2026-09-18 23:53:39.265099
SPY261130C00788000,2026-09-18 19:51:57+00:00,788.0,8.17,8.66,8.74,1.7000003,26.275122,2.0,95.0,0.13706307281494146,False,REGULAR,USD,2026-11-30,761.6900024414062,2026-09-18 23:53:39.265099
SPY261130C00789000,2026-09-18 20:03:45+00:00,789.0,8.17,8.28,8.37,0.1800003,2.25282,3.0,962.0,0.13628488235473635,False,REGULAR,USD,2026-11-30,761.6900024414062,2026-09-18 23:53:39.265099
SPY261130C00790000,2026-09-18 19:51:57+00:00,790.0,7.41,7.93,8.01,-0.41000032,-5.2429705,14.0,1410.0,0.1355066918945313,False,REGULAR,USD,2026-11-30,761.6900024414062,2026-09-18 23:53:39.265099
SPY261130C00791000,2026-09-17 19:59:53+00:00,791.0,7.3,7.58,7.66,0.0,0.0,2.0,16.0,0.1347437600708008,False,REGULAR,USD,2026-11-30,761.6900024414062,2026-09-18 23:53:39.265099
SPY261130C00792000,2026-09-17 13:55:33+00:00,792.0,6.87,7.24,7.32,0.21000004,3.153154,1.0,23.0,0.1339808282470703,False,REGULAR,USD,2026-11-30,761.6900024414062,2026-09-18 23:53:39.265099
SPY261130C00793000,2026-09-17 16:44:36+00:00,793.0,6.74,6.92,7.0,0.0,0.0,2.0,463.0,0.1333094482421875,False,REGULAR,USD,2026-11-30,761.6900024414062,2026-09-18 23:53:39.265099
SPY261130C00794000,2026-09-18 16:23:48+00:00,794.0,5.53,6.61,6.69,0.72000027,14.968822,5.0,105.0,0.1326685855102539,False,REGULAR,USD,2026-11-30,761.6900024414062,2026-09-18 23:53:39.265099
SPY261130C00795000,2026-09-18 19:56:16+00:00,795.0,5.98,6.31,6.38,-0.15999985,-2.6058607,53.0,579.0,0.1319361709594727,False,REGULAR,USD,2026-11-30,761.6900024414062,2026-09-18 23:53:39.265099
SPY261130C00796000,2026-09-18 15:41:09+00:00,796.0,5.19,6.02,6.09,-0.52,-9.10683,4.0,154.0,0.13129530822753904,False,REGULAR,USD,2026-11-30,761.6900024414062,2026-09-18 23:53:39.265099
SPY261130C00797000,2026-09-18 16:54:55+00:00,797.0,5.01,5.74,5.81,-0.52,-9.4032545,102.0,215.0,0.13068496276855468,False,REGULAR,USD,2026-11-30,761.6900024414062,2026-09-18 23:53:39.265099
SPY261130C00798000,2026-09-18 20:02:28+00:00,798.0,5.4,5.48,5.53,0.69000006,14.649683,4.0,2.0,0.12999832412719725,False,REGULAR,USD,2026-11-30,761.6900024414062,2026-09-18 23:53:39.265099
SPY261130C00799000,2026-09-18 18:45:03+00:00,799.0,4.67,5.22,5.27,-0.4499998,-8.789059,7.0,17.0,0.12941849594116211,False,REGULAR,USD,2026-11-30,761.6900024414062,2026-09-18 23:53:39.265099
SPY261130C00800000,2026-09-18 20:11:58+00:00,800.0,5.05,4.97,5.02,0.05000019,1.0000038,26.0,2276.0,0.12885392639160154,False,REGULAR,USD,2026-11-30,761.6900024414062,2026-09-18 23:53:39.265099
SPY261130C00801000,2026-09-18 15:54:44+00:00,801.0,4.03,4.74,4.78,-0.5999999,-12.9589615,5.0,145.0,0.1283046154785156,False,REGULAR,USD,2026-11-30,761.6900024414062,2026-09-18 23:53:39.265099
SPY261130C00802000,2026-09-17 20:00:01+00:00,802.0,3.92,4.51,4.55,-0.42000008,-9.677421,3.0,22.0,0.1277858218383789,False,REGULAR,USD,2026-11-30,761.6900024414062,2026-09-18 23:53:39.265099
SPY261130C00803000,2026-09-18 19:16:19+00:00,803.0,3.95,4.29,4.33,0.0,0.0,2.0,30.0,0.12729754547119143,False,REGULAR,USD,2026-11-30,761.6900024414062,2026-09-18 23:53:39.265099
SPY261130C00804000,2026-09-18 18:54:31+00:00,804.0,3.86,4.08,4.11,-0.16000009,-3.9801013,2.0,40.0,0.12673297592163085,False,REGULAR,USD,2026-11-30,761.6900024414062,2026-09-18 23:53:39.265099
SPY261130C00805000,2026-09-18 20:10:44+00:00,805.0,3.92,3.87,3.91,0.18000007,4.812836,13.0,251.0,0.12629047546386718,False,REGULAR,USD,2026-11-30,761.6900024414062,2026-09-18 23:53:39.265099
SPY261130C00806000,2026-09-18 20:01:57+00:00,806.0,3.58,3.68,3.72,0.03999996,1.1299424,16.0,20635.0,0.12589375091552735,False,REGULAR,USD,2026-11-30,761.6900024414062,2026-09-18 23:53:39.265099
SPY261130C00807000,2026-09-18 19:57:26+00:00,807.0,3.29,3.5,3.53,-0.11000013,-3.235298,3.0,530.0,0.12542073318481445,False,REGULAR,USD,2026-11-30,761.6900024414062,2026-09-18 23:53:39.265099
SPY261130C00808000,2026-09-18 17:02:08+00:00,808.0,2.82,3.32,3.36,-0.4100001,-12.6935005,1.0,881.0,0.12510030181884768,False,REGULAR,USD,2026-11-30,761.6900024414062,2026-09-18 23:53:39.265099
SPY261130C00809000,2026-09-18 14:01:17+00:00,809.0,2.84,3.15,3.19,-0.20000005,-6.5789485,1.0,123.0,0.1247035772705078,False,REGULAR,USD,2026-11-30,761.6900024414062,2026-09-18 23:53:39.265099
SPY261130C00810000,2026-09-18 18:54:31+00:00,810.0,2.81,2.99,3.02,-0.08000016,-2.7681715,5.0,601.0,0.12423055953979492,False,REGULAR,USD,2026-11-30,761.6900024414062,2026-09-18 23:53:39.265099
SPY261130C00811000,2026-09-17 18:30:52+00:00,811.0,2.79,2.83,2.87,0.0,0.0,23.0,185.0,0.12394064544677735,False,REGULAR,USD,2026-11-30,761.6900024414062,2026-09-18 23:53:39.265099
SPY261130C00812000,2026-09-16 18:56:07+00:00,812.0,1.9,2.69,2.72,0.0,0.0,285.0,444.0,0.1235439208984375,False,REGULAR,USD,2026-11-30,761.6900024414062,2026-09-18 23:53:39.265099
SPY261130C00813000,2026-09-17 13:43:13+00:00,813.0,2.34,2.55,2.58,0.0,0.0,2.0,12.0,0.12323874816894533,False,REGULAR,USD,2026-11-30,761.6900024414062,2026-09-18 23:53:39.265099
SPY261130C00814000,2026-09-18 18:45:03+00:00,814.0,2.12,2.41,2.45,-0.19000006,-8.225111,3.0,15.0,0.12299460998535157,False,REGULAR,USD,2026-11-30,761.6900024414062,2026-09-18 23:53:39.265099
SPY261130C00815000,2026-09-18 16:55:22+00:00,815.0,1.95,2.29,2.32,-0.3399999,-14.847158,299.0,311.0,0.12265891998291016,False,REGULAR,USD,2026-11-30,761.6900024414062,2026-09-18 23:53:39.265099
SPY261130C00816000,2026-09-18 14:36:06+00:00,816.0,1.86,2.17,2.2,0.31000006,20.000004,2.0,25.0,0.1223842645263672,False,REGULAR,USD,2026-11-30,761.6900024414062,2026-09-18 23:53:39.265099
SPY261130C00817000,2026-09-18 19:57:26+00:00,817.0,1.92,2.05,2.08,-0.03000009,-1.5384661,3.0,134.0,0.12204857452392578,False,REGULAR,USD,2026-11-30,761.6900024414062,2026-09-18 23:53:39.265099
SPY261130C00818000,2026-09-16 19:52:20+00:00,818.0,1.34,1.94,1.97,0.0,0.0,15.0,17.0,0.12180443634033203,False,REGULAR,USD,2026-11-30,761.6900024414062,2026-09-18 23:53:39.265099
SPY261130C00819000,2026-09-17 14:19:51+00:00,819.0,1.74,1.84,1.87,0.0,0.0,2.0,353.0,0.12165184997558594,False,REGULAR,USD,2026-11-30,761.6900024414062,2026-09-18 23:53:39.265099
SPY261130C00820000,2026-09-18 20:04:11+00:00,820.0,1.71,1.74,1.77,0.03000009,1.7857198,17.0,1822.0,0.12140771179199218,False,REGULAR,USD,2026-11-30,761.6900024414062,2026-09-18 23:53:39.265099
SPY261130C00825000,2026-09-18 19:41:01+00:00,825.0,1.19,1.32,1.35,-0.089999914,-7.0312433,10.0,236.0,0.1206142626953125,False,REGULAR,USD,2026-11-30,761.6900024414062,2026-09-18 23:53:39.265099
SPY261130C00830000,2026-09-18 20:10:27+00:00,830.0,1.01,1.0,1.03,-0.01999998,-1.9417458,131.0,1837.0,0.12012598632812499,False,REGULAR,USD,2026-11-30,761.6900024414062,2026-09-18 23:53:39.265099
SPY261130C00835000,2026-09-18 19:07:02+00:00,835.0,0.7,0.77,0.79,-0.06999999,-9.090908,19.0,1156.0,0.12006495178222655,False,REGULAR,USD,2026-11-30,761.6900024414062,2026-09-18 23:53:39.265099
SPY261130C00840000,2026-09-18 15:16:32+00:00,840.0,0.51,0.6,0.62,-0.06999999,-12.068964,2.0,358.0,0.12073633178710938,False,REGULAR,USD,2026-11-30,761.6900024414062,2026-09-18 23:53:39.265099
SPY261130C00845000,2026-09-16 19:05:24+00:00,845.0,0.47,0.47,0.49,0.16999999,56.666656,1.0,426.0,0.12152978088378906,False,REGULAR,USD,2026-11-30,761.6900024414062,2026-09-18 23:53:39.265099
SPY261130C00850000,2026-09-18 18:55:00+00:00,850.0,0.35,0.37,0.39,-0.030000001,-7.894737,71.0,5179.0,0.12256736816406251,False,REGULAR,USD,2026-11-30,761.6900024414062,2026-09-18 23:53:39.265099
SPY261130C00855000,2026-09-18 16:50:47+00:00,855.0,0.26,0.3,0.32,-0.02000001,-7.1428604,1.0,144.0,0.12415426635742188,False,REGULAR,USD,2026-11-30,761.6900024414062,2026-09-18 23:53:39.265099
SPY261130C00860000,2026-09-18 14:43:05+00:00,860.0,0.21,0.25,0.26,0.03999999,23.529406,6.0,659.0,0.1256190954589844,False,REGULAR,USD,2026-11-30,761.6900024414062,2026-09-18 23:53:39.265099
SPY261130C00865000,2026-09-18 14:15:47+00:00,865.0,0.19,0.2,0.22,0.00999999,5.55555,8.0,809.0,0.12769427001953126,False,REGULAR,USD,2026-11-30,761.6900024414062,2026-09-18 23:53:39.265099
SPY261130C00870000,2026-09-18 15:18:54+00:00,870.0,0.15,0.17,0.19,0.0,0.0,2.0,1179.0,0.13001358276367186,False,REGULAR,USD,2026-11-30,761.6900024414062,2026-09-18 23:53:39.265099
SPY261130C00875000,2026-09-18 13:59:58+00:00,875.0,0.14,0.14,0.16,0.030000001,27.272728,1.0,75.0,0.131844619140625,False,REGULAR,USD,2026-11-30,761.6900024414062,2026-09-18 23:53:39.265099
SPY261130C00880000,2026-09-18 15:14:53+00:00,880.0,0.11,0.12,0.14,0.0,0.0,10.0,1127.0,0.13428600097656251,False,REGULAR,USD,2026-11-30,761.6900024414062,2026-09-18 23:53:39.265099
SPY261130C00885000,2026-09-17 20:06:51+00:00,885.0,0.11,0.11,0.12,0.0,0.0,6.0,240.0,0.1362391064453125,False,REGULAR,USD,2026-11-30,761.6900024414062,2026-09-18 23:53:39.265099
SPY261130C00890000,2026-09-15 15:30:49+00:00,890.0,0.07,0.09,0.1,0.0,0.0,1.0,259.0,0.13794807373046875,False,REGULAR,USD,2026-11-30,761.6900024414062,2026-09-18 23:53:39.265099
SPY261130C00895000,2026-09-16 17:28:10+00:00,895.0,0.08,0.08,0.09,0.0,0.0,1.0,3261.0,0.14063359375,False,REGULAR,USD,2026-11-30,761.6900024414062,2026-09-18 23:53:39.265099
SPY261130C00900000,2026-09-18 18:49:43+00:00,900.0,0.07,0.07,0.08,0.010000002,16.66667,15.0,3990.0,0.1430749755859375,False,REGULAR,USD,2026-11-30,761.6900024414062,2026-09-18 23:53:39.265099
SPY261130C00905000,2026-09-15 16:53:06+00:00,905.0,0.05,0.06,0.07,0.0,0.0,1.0,141.0,0.1450280810546875,False,REGULAR,USD,2026-11-30,761.6900024414062,2026-09-18 23:53:39.265099
SPY261130C00910000,2026-09-18 17:37:00+00:00,910.0,0.05,0.05,0.06,0.0,0.0,24.0,60.0,0.1469811865234375,False,REGULAR,USD,2026-11-30,761.6900024414062,2026-09-18 23:53:39.265099
SPY261130C00915000,2026-09-17 20:07:27+00:00,915.0,0.05,0.04,0.06,0.0,0.0,24.0,85.0,0.15088739746093754,False,REGULAR,USD,2026-11-30,761.6900024414062,2026-09-18 23:53:39.265099
SPY261130C00920000,2026-09-18 18:59:03+00:00,920.0,0.04,0.04,0.05,0.0,0.0,48.0,302.0,0.1518639501953125,False,REGULAR,USD,2026-11-30,761.6900024414062,2026-09-18 23:53:39.265099
SPY261218C00150000,2026-07-17 15:27:40+00:00,150.0,596.0,612.55,615.8,0.0,0.0,2.0,6.0,1.6521013488769531,True,REGULAR,USD,2026-12-18,761.6900024414062,2026-09-18 23:53:39.265099
SPY261218C00200000,2026-09-18 16:42:46+00:00,200.0,561.04,563.15,567.03,-1.2600098,-0.22408141,7.0,752.0,1.44140904296875,True,REGULAR,USD,2026-12-18,761.6900024414062,2026-09-18 23:53:39.265099
SPY261218C00210000,2026-09-18 17:58:13+00:00,210.0,551.8,553.26,557.14,-5.5300293,-0.992236,1.0,382.0,1.3989287866210938,True,REGULAR,USD,2026-12-18,761.6900024414062,2026-09-18 23:53:39.265099
SPY261218C00220000,2026-05-07 13:51:31+00:00,220.0,515.9,519.23,522.72,0.0,0.0,71.0,82.0,1.0000000000000003e-05,True,REGULAR,USD,2026-12-18,761.6900024414062,2026-09-18 23:53:39.265099
SPY261218C00230000,2026-09-08 19:56:56+00:00,230.0,536.7,533.48,537.36,0.0,0.0,2.0,14.0,1.3195834802246091,True,REGULAR,USD,2026-12-18,761.6900024414062,2026-09-18 23:53:39.265099
SPY261218C00240000,2026-07-21 17:15:29+00:00,240.0,511.4,523.79,526.89,0.0,0.0,1.0,27.0,1.2703893902587888,True,REGULAR,USD,2026-12-18,761.6900024414062,2026-09-18 23:53:39.265099
SPY261218C00245000,2025-09-16 17:55:22+00:00,245.0,422.0,424.91,428.79,0.0,0.0,4.0,21.0,1.0000000000000003e-05,True,REGULAR,USD,2026-12-18,761.6900024414062,2026-09-18 23:53:39.265099
SPY261218C00250000,2026-09-18 15:26:03+00:00,250.0,512.4,513.7,517.58,4.290039,0.8443131,1.0,147.0,1.2463416589355467,True,REGULAR,USD,2026-12-18,761.6900024414062,2026-09-18 23:53:39.265099
SPY261218C00255000,2026-09-08 19:18:39+00:00,255.0,512.73,508.76,512.64,0.0,0.0,2.0,4.0,1.229129830932617,True,REGULAR,USD,2026-12-18,761.6900024414062,2026-09-18 23:53:39.265099
SPY261218C00260000,2026-08-24 14:03:45+00:00,260.0,504.85,503.81,507.69,0.0,0.0,1.0,15.0,1.2116738635253905,True,REGULAR,USD,2026-12-18,761.6900024414062,2026-09-18 23:53:39.265099
SPY261218C00265000,2026-01-02 15:03:32+00:00,265.0,427.58,430.6,434.44,0.0,0.0,2.0,120.0,1.0000000000000003e-05,True,REGULAR,USD,2026-12-18,761.6900024414062,2026-09-18 23:53:39.265099
SPY261218C00270000,2026-06-15 14:47:51+00:00,270.0,486.29,486.36,489.87,0.0,0.0,2.0,65.0,1.0000000000000003e-05,True,REGULAR,USD,2026-12-18,761.6900024414062,2026-09-18 23:53:39.265099
SPY261218C00275000,2026-08-24 14:03:16+00:00,275.0,490.09,488.98,492.86,0.0,0.0,2.0,124.0,1.1621745993041994,True,REGULAR,USD,2026-12-18,761.6900024414062,2026-09-18 23:53:39.265099
SPY261218C00280000,2026-09-08 19:33:29+00:00,280.0,488.33,484.03,487.91,0.0,0.0,2.0,56.0,1.1458782940673828,True,REGULAR,USD,2026-12-18,761.6900024414062,2026-09-18 23:53:39.265099
SPY261218C00285000,2025-08-05 14:43:07+00:00,285.0,353.65,385.58,389.46,0.0,0.0,2.0,103.0,1.0000000000000003e-05,True,REGULAR,USD,2026-12-18,761.6900024414062,2026-09-18 23:53:39.265099
SPY261218C00290000,2026-09-08 19:40:11+00:00,290.0,478.48,474.15,478.03,0.0,0.0,2.0,16.0,1.1149946594238282,True,REGULAR,USD,2026-12-18,761.6900024414062,2026-09-18 23:53:39.265099
SPY261218C00295000,2026-01-13 20:24:47+00:00,295.0,404.0,393.0,397.73,0.0,0.0,1.0,78.0,1.0000000000000003e-05,True,REGULAR,USD,2026-12-18,761.6900024414062,2026-09-18 23:53:39.265099
SPY261218C00300000,2026-09-18 14:09:58+00:00,300.0,462.4,464.26,468.02,-1.7099915,-0.3684453,1.0,241.0,1.0816696307373046,True,REGULAR,USD,2026-12-18,761.6900024414062,2026-09-18 23:53:39.265099
SPY261218C00305000,2026-09-14 14:41:42+00:00,305.0,454.68,459.32,463.2,0.0,0.0,1.0,6.0,1.0698288696289064,True,REGULAR,USD,2026-12-18,761.6900024414062,2026-09-18 23:53:39.265099
SPY261218C00310000,2026-06-04 13:45:56+00:00,310.0,446.05,0.0,0.0,0.0,0.0,1.0,0.0,1.0000000000000003e-05,True,REGULAR,USD,2026-12-18,761.6900024414062,2026-09-18 23:53:39.265099
SPY261218C00315000,2026-09-09 14:25:57+00:00,315.0,449.87,449.44,453.32,0.0,0.0,1.0,147.0,1.0410204199218753,True,REGULAR,USD,2026-12-18,761.6900024414062,2026-09-18 23:53:39.265099
SPY261218C00320000,2026-09-09 15:02:06+00:00,320.0,445.4,444.5,448.38,0.0,0.0,18.0,29.0,1.0269213693237305,True,REGULAR,USD,2026-12-18,761.6900024414062,2026-09-18 23:53:39.265099
SPY261218C00325000,2026-06-10 18:06:01+00:00,325.0,411.16,432.54,436.05,0.0,0.0,1.0,58.0,1.0000000000000003e-05,True,REGULAR,USD,2026-12-18,761.6900024414062,2026-09-18 23:53:39.265099
SPY261218C00330000,2026-09-16 18:00:16+00:00,330.0,432.07,434.61,438.49,0.0,0.0,7.0,16.0,0.9987793090820312,True,REGULAR,USD,2026-12-18,761.6900024414062,2026-09-18 23:53:39.265099
SPY261218C00335000,2026-06-08 14:47:47+00:00,335.0,414.01,422.77,426.28,0.0,0.0,1.0,11.0,1.0000000000000003e-05,True,REGULAR,USD,2026-12-18,761.6900024414062,2026-09-18 23:53:39.265099
SPY261218C00340000,2026-03-27 16:37:41+00:00,340.0,308.13,0.0,0.0,0.0,0.0,11.0,0.0,1.0000000000000003e-05,True,REGULAR,USD,2026-12-18,761.6900024414062,2026-09-18 23:53:39.265099
SPY261218C00345000,2026-05-29 14:19:42+00:00,345.0,416.84,0.0,0.0,0.0,0.0,2.0,0.0,1.0000000000000003e-05,True,REGULAR,USD,2026-12-18,761.6900024414062,2026-09-18 23:53:39.265099
SPY261218C00350000,2026-09-11 18:47:05+00:00,350.0,417.89,414.85,418.73,0.0,0.0,2.0,72.0,0.945313046875,True,REGULAR,USD,2026-12-18,761.6900024414062,2026-09-18 23:53:39.265099
SPY261218C00355000,2026-09-18 17:58:13+00:00,355.0,408.49,409.91,413.79,13.509979,3.420421,1.0,13.0,0.9323737231445313,True,REGULAR,USD,2026-12-18,761.6900024414062,2026-09-18 23:53:39.265099
SPY261218C00360000,2026-07-13 14:16:47+00:00,360.0,396.38,405.64,408.74,0.0,0.0,10.0,21.0,0.9296271685791015,True,REGULAR,USD,2026-12-18,761.6900024414062,2026-09-18 23:53:39.265099
SPY261218C00365000,2026-08-14 20:09:33+00:00,365.0,414.5,400.04,403.92,0.0,0.0,1.0,75.0,0.9071664556884764,True,REGULAR,USD,2026-12-18,761.6900024414062,2026-09-18 23:53:39.265099
SPY261218C00370000,2026-09-17 13:54:05+00:00,370.0,393.76,395.1,398.98,0.0,0.0,1.0,109.0,0.8945323046874999,True,REGULAR,USD,2026-12-18,761.6900024414062,2026-09-18 23:53:39.265099
SPY261218C00375000,2026-09-16 18:36:58+00:00,375.0,383.46,390.16,394.04,0.0,0.0,1.0,16.0,0.8820812573242187,True,REGULAR,USD,2026-12-18,761.6900024414062,2026-09-18 23:53:39.265099
SPY261218C00380000,2026-09-17 17:19:53+00:00,380.0,384.83,385.23,389.11,0.0,0.0,2.0,39.0,0.870118486328125,True,REGULAR,USD,2026-12-18,761.6900024414062,2026-09-18 23:53:39.265099
SPY261218C00385000,2026-09-10 14:20:35+00:00,385.0,375.75,380.29,384.17,0.0,0.0,7.0,26.0,0.8578505426025391,True,REGULAR,USD,2026-12-18,761.6900024414062,2026-09-18 23:53:39.265099
SPY261218C00390000,2026-09-14 15:22:43+00:00,390.0,372.09,375.35,379.23,0.0,0.0,4.0,143.0,0.8457657025146483,True,REGULAR,USD,2026-12-18,761.6900024414062,2026-09-18 23:53:39.265099
SPY261218C00395000,2026-08-20 13:34:46+00:00,395.0,375.82,370.42,374.3,0.0,0.0,100.0,93.0,0.8340470697021483,True,REGULAR,USD,2026-12-18,761.6900024414062,2026-09-18 23:53:39.265099
SPY261218C00400000,2026-09-18 14:09:33+00:00,400.0,363.62,365.48,369.36,1.1300049,0.31173408,4.0,13716.0,0.822145333251953,True,REGULAR,USD,2026-12-18,761.6900024414062,2026-09-18 23:53:39.265099
SPY261218C00405000,2026-09-01 15:30:49+00:00,405.0,362.09,360.55,364.43,0.0,0.0,4.0,254.0,0.8106708386230468,True,REGULAR,USD,2026-12-18,761.6900024414062,2026-09-18 23:53:39.265099
SPY261218C00410000,2026-08-24 13:40:14+00:00,410.0,357.69,355.62,359.5,0.0,0.0,2.0,183.0,0.7993184130859375,True,REGULAR,USD,2026-12-18,761.6900024414062,2026-09-18 23:53:39.265099
SPY261218C00415000,2026-09-17 18:04:35+00:00,415.0,350.57,350.68,354.56,0.0,0.0,1.0,329.0,0.7876608148193358,True,REGULAR,USD,2026-12-18,761.6900024414062,2026-09-18 23:53:39.265099
SPY261218C00420000,2026-09-11 14:01:13+00:00,420.0,348.95,345.75,349.63,0.0,0.0,1.0,173.0,0.776491492919922,True,REGULAR,USD,2026-12-18,761.6900024414062,2026-09-18 23:53:39.265099
SPY261218C00425000,2026-09-01 18:47:00+00:00,425.0,338.75,340.82,344.7,0.0,0.0,1.0,283.0,0.7653221710205078,True,REGULAR,USD,2026-12-18,761.6900024414062,2026-09-18 23:53:39.265099
SPY261218C00430000,2026-08-21 20:06:49+00:00,430.0,340.18,335.89,339.77,0.0,0.0,54.0,216.0,0.7542749182128907,True,REGULAR,USD,2026-12-18,761.6900024414062,2026-09-18 23:53:39.265099
SPY261218C00435000,2026-09-10 14:12:39+00:00,435.0,325.92,330.96,334.84,0.0,0.0,7.0,145.0,0.7432886999511719,True,REGULAR,USD,2026-12-18,761.6900024414062,2026-09-18 23:53:39.265099
SPY261218C00440000,2026-09-11 17:57:00+00:00,440.0,329.36,326.03,329.91,0.0,0.0,1.0,336.0,0.7323940335083007,True,REGULAR,USD,2026-12-18,761.6900024414062,2026-09-18 23:53:39.265099
SPY261218C00445000,2026-09-01 17:18:54+00:00,445.0,320.58,321.1,324.98,0.0,0.0,1.0,123.0,0.7215604016113282,True,REGULAR,USD,2026-12-18,761.6900024414062,2026-09-18 23:53:39.265099
SPY261218C00450000,2026-09-16 16:11:34+00:00,450.0,314.12,316.17,320.05,0.0,0.0,2.0,465.0,0.7108183215332031,True,REGULAR,USD,2026-12-18,761.6900024414062,2026-09-18 23:53:39.265099
SPY261218C00455000,2026-09-11 17:32:57+00:00,455.0,314.78,311.25,315.13,0.0,0.0,2.0,86.0,0.7003814141845703,True,REGULAR,USD,2026-12-18,761.6900024414062,2026-09-18 23:53:39.265099
SPY261218C00460000,2026-08-26 14:36:50+00:00,460.0,310.16,306.32,310.2,0.0,0.0,2.0,224.0,0.6897308859252932,True,REGULAR,USD,2026-12-18,761.6900024414062,2026-09-18 23:53:39.265099
SPY261218C00465000,2026-09-10 19:54:35+00:00,465.0,297.1,301.4,305.28,0.0,0.0,2.0,92.0,0.6793855303955079,True,REGULAR,USD,2026-12-18,761.6900024414062,2026-09-18 23:53:39.265099
SPY261218C00470000,2026-09-10 19:14:10+00:00,470.0,292.17,296.47,300.35,0.0,0.0,2.0,246.0,0.6688875885009766,True,REGULAR,USD,2026-12-18,761.6900024414062,2026-09-18 23:53:39.265099
SPY261218C00475000,2026-09-15 14:15:49+00:00,475.0,287.47,291.55,295.43,0.0,0.0,4.0,1083.0,0.6586948193359375,True,REGULAR,USD,2026-12-18,761.6900024414062,2026-09-18 23:53:39.265099
SPY261218C00480000,2026-09-17 17:15:28+00:00,480.0,286.2,286.63,290.51,0.0,0.0,2.0,203.0,0.6485020501708985,True,REGULAR,USD,2026-12-18,761.6900024414062,2026-09-18 23:53:39.265099
SPY261218C00485000,2026-09-14 19:35:00+00:00,485.0,282.66,281.71,285.59,0.0,0.0,7.0,866.0,0.6384008328247069,True,REGULAR,USD,2026-12-18,761.6900024414062,2026-09-18 23:53:39.265099
SPY261218C00490000,2026-09-15 14:49:27+00:00,490.0,271.5,276.79,280.67,0.0,0.0,1.0,820.0,0.6283301327514649,True,REGULAR,USD,2026-12-18,761.6900024414062,2026-09-18 23:53:39.265099
SPY261218C00495000,2026-09-10 18:57:34+00:00,495.0,267.79,271.88,275.76,0.0,0.0,1.0,1977.0,0.6185035708618166,True,REGULAR,USD,2026-12-18,761.6900024414062,2026-09-18 23:53:39.265099
SPY261218C00500000,2026-09-18 19:32:56+00:00,500.0,267.0,266.96,270.84,0.070007324,0.026226848,4.0,3721.0,0.608524422607422,True,REGULAR,USD,2026-12-18,761.6900024414062,2026-09-18 23:53:39.265099
SPY261218C00505000,2026-09-17 19:47:05+00:00,505.0,262.41,262.05,265.93,0.0,0.0,2.0,1447.0,0.598758895263672,True,REGULAR,USD,2026-12-18,761.6900024414062,2026-09-18 23:53:39.265099
SPY261218C00510000,2026-09-17 16:16:50+00:00,510.0,256.84,257.14,261.02,0.0,0.0,1.0,1953.0,0.5890544024658204,True,REGULAR,USD,2026-12-18,761.6900024414062,2026-09-18 23:53:39.265099
SPY261218C00515000,2026-09-11 18:00:15+00:00,515.0,250.59,252.23,256.11,-4.970001,-1.9447492,1.0,2045.0,0.5793804269409181,True,REGULAR,USD,2026-12-18,761.6900024414062,2026-09-18 23:53:39.265099
SPY261218C00520000,2026-09-15 19:36:19+00:00,520.0,242.0,247.32,251.2,0.0,0.0,3.0,3030.0,0.569736968688965,True,REGULAR,USD,2026-12-18,761.6900024414062,2026-09-18 23:53:39.265099
SPY261218C00525000,2026-09-18 16:26:33+00:00,525.0,239.78,242.41,246.29,-0.7200012,-0.29937682,1.0,854.0,0.5600935104370117,True,REGULAR,USD,2026-12-18,761.6900024414062,2026-09-18 23:53:39.265099
SPY261218C00530000,2026-09-17 14:55:46+00:00,530.0,235.68,237.51,241.39,0.0,0.0,24.0,2135.0,0.5506941903686525,True,REGULAR,USD,2026-12-18,761.6900024414062,2026-09-18 23:53:39.265099
SPY261218C00535000,2026-09-18 14:11:26+00:00,535.0,231.25,232.6,236.48,0.5700073,0.24709873,1.0,2369.0,0.5411117666625979,True,REGULAR,USD,2026-12-18,761.6900024414062,2026-09-18 23:53:39.265099
SPY261218C00540000,2026-09-17 17:00:50+00:00,540.0,225.92,227.7,231.58,0.0,0.0,2.0,3482.0,0.5317124465942383,True,REGULAR,USD,2026-12-18,761.6900024414062,2026-09-18 23:53:39.265099
SPY261218C00545000,2026-09-18 18:46:04+00:00,545.0,222.28,222.8,226.68,11.529999,5.470937,2.0,1688.0,0.522343643798828,True,REGULAR,USD,2026-12-18,761.6900024414062,2026-09-18 23:53:39.265099
SPY261218C00550000,2026-09-17 19:29:49+00:00,550.0,217.83,217.91,221.79,0.0,0.0,22.0,3990.0,0.5131884619140624,True,REGULAR,USD,2026-12-18,761.6900024414062,2026-09-18 23:53:39.265099
SPY261218C00555000,2026-09-18 20:11:13+00:00,555.0,215.0,213.01,216.89,2.1600037,1.0148486,3.0,1678.0,0.5038196591186525,True,REGULAR,USD,2026-12-18,761.6900024414062,2026-09-18 23:53:39.265099
SPY261218C00560000,2026-09-18 19:32:56+00:00,560.0,207.6,208.12,212.0,0.730011,0.35288393,14.0,1927.0,0.5254258883666992,True,REGULAR,USD,2026-12-18,761.6900024414062,2026-09-18 23:53:39.265099
SPY261218C00565000,2026-09-15 15:23:46+00:00,565.0,198.16,203.24,207.12,0.0,0.0,3.0,1684.0,0.5158129473876953,True,REGULAR,USD,2026-12-18,761.6900024414062,2026-09-18 23:53:39.265099
SPY261218C00570000,2026-09-17 16:53:15+00:00,570.0,198.15,198.35,202.23,0.0,0.0,2.0,5220.0,0.5060474200439453,True,REGULAR,USD,2026-12-18,761.6900024414062,2026-09-18 23:53:39.265099
SPY261218C00575000,2026-09-16 19:10:21+00:00,575.0,184.53,193.47,197.35,0.0,0.0,2.0,847.0,0.4964344790649414,True,REGULAR,USD,2026-12-18,761.6900024414062,2026-09-18 23:53:39.265099
SPY261218C00580000,2026-09-18 19:32:56+00:00,580.0,188.54,188.59,192.47,3.4599915,1.8694572,3.0,1989.0,0.48682153808593753,True,REGULAR,USD,2026-12-18,761.6900024414062,2026-09-18 23:53:39.265099
SPY261218C00585000,2026-09-17 15:19:08+00:00,585.0,182.5,183.72,187.23,0.0,0.0,2.0,957.0,0.4722037643432617,True,REGULAR,USD,2026-12-18,761.6900024414062,2026-09-18 23:53:39.265099
SPY261218C00590000,2026-09-18 17:24:39+00:00,590.0,177.13,178.85,181.81,3.7600098,2.1687777,1.0,2450.0,0.4552056433105469,True,REGULAR,USD,2026-12-18,761.6900024414062,2026-09-18 23:53:39.265099
SPY261218C00595000,2026-09-18 19:52:43+00:00,595.0,174.19,173.99,177.51,4.9900055,2.9491758,3.0,1513.0,0.45371029693603515,True,REGULAR,USD,2026-12-18,761.6900024414062,2026-09-18 23:53:39.265099
SPY261218C00600000,2026-09-18 16:21:24+00:00,600.0,167.21,169.16,172.66,-2.1599884,-1.2753075,5.0,4509.0,0.44455511505126954,True,REGULAR,USD,2026-12-18,761.6900024414062,2026-09-18 23:53:39.265099
SPY261218C00605000,2026-09-18 17:43:35+00:00,605.0,163.0,164.29,167.81,-1.5,-0.9118541,1.0,2748.0,0.4353846745300293,True,REGULAR,USD,2026-12-18,761.6900024414062,2026-09-18 23:53:39.265099
SPY261218C00610000,2026-09-17 15:36:40+00:00,610.0,157.96,159.44,162.93,0.0,0.0,1.0,1357.0,0.4258175094604493,True,REGULAR,USD,2026-12-18,761.6900024414062,2026-09-18 23:53:39.265099
SPY261218C00615000,2026-09-18 14:28:00+00:00,615.0,153.12,154.6,158.09,0.55999756,0.3670671,1.0,1468.0,0.4167081034851074,True,REGULAR,USD,2026-12-18,761.6900024414062,2026-09-18 23:53:39.265099
SPY261218C00620000,2026-09-18 18:21:00+00:00,620.0,149.0,149.77,153.3,10.5099945,7.5889916,1.0,2734.0,0.4081785256958008,True,REGULAR,USD,2026-12-18,761.6900024414062,2026-09-18 23:53:39.265099
SPY261218C00625000,2026-09-18 13:30:04+00:00,625.0,145.15,145.18,148.49,-0.070007324,-0.04820777,10.0,1617.0,0.3993590338134766,True,REGULAR,USD,2026-12-18,761.6900024414062,2026-09-18 23:53:39.265099
SPY261218C00630000,2026-09-18 19:32:56+00:00,630.0,140.19,140.37,143.71,-0.7799988,-0.55330837,10.0,905.0,0.3908141973876953,True,REGULAR,USD,2026-12-18,761.6900024414062,2026-09-18 23:53:39.265099
SPY261218C00635000,2026-09-14 19:35:00+00:00,635.0,135.32,135.56,138.91,0.0,0.0,1.0,1766.0,0.38196418823242184,True,REGULAR,USD,2026-12-18,761.6900024414062,2026-09-18 23:53:39.265099
SPY261218C00640000,2026-09-18 15:23:24+00:00,640.0,129.45,130.77,134.15,-0.15000916,-0.1157478,1.0,2240.0,0.3735109036254882,True,REGULAR,USD,2026-12-18,761.6900024414062,2026-09-18 23:53:39.265099
SPY261218C00645000,2026-09-18 19:32:55+00:00,645.0,127.75,125.98,129.39,1.4899979,1.1801028,19.0,1160.0,0.3649508085632324,True,REGULAR,USD,2026-12-18,761.6900024414062,2026-09-18 23:53:39.265099
SPY261218C00650000,2026-09-18 18:45:16+00:00,650.0,120.7,121.21,124.87,-0.8600006,-0.70747006,130.0,3529.0,0.35883209533691407,True,REGULAR,USD,2026-12-18,761.6900024414062,2026-09-18 23:53:39.265099
SPY261218C00655000,2026-09-18 16:17:47+00:00,655.0,114.61,116.45,120.11,-1.3899994,-1.1982753,3.0,1090.0,0.35004312072753896,True,REGULAR,USD,2026-12-18,761.6900024414062,2026-09-18 23:53:39.265099
SPY261218C00660000,2026-09-18 20:06:51+00:00,660.0,112.77,111.71,115.37,1.0199966,0.9127487,2.0,1396.0,0.34134569793701175,True,REGULAR,USD,2026-12-18,761.6900024414062,2026-09-18 23:53:39.265099
SPY261218C00665000,2026-09-18 19:32:55+00:00,665.0,107.83,106.99,110.65,0.59000397,0.55017155,3.0,1675.0,0.3327398269653321,True,REGULAR,USD,2026-12-18,761.6900024414062,2026-09-18 23:53:39.265099
SPY261218C00670000,2026-09-18 15:03:14+00:00,670.0,101.09,102.28,105.95,-1.4800034,-1.4429203,7.0,2354.0,0.3241949905395507,True,REGULAR,USD,2026-12-18,761.6900024414062,2026-09-18 23:53:39.265099
SPY261218C00675000,2026-09-18 19:05:25+00:00,675.0,97.89,97.61,101.27,-0.05999756,-0.061253253,3.0,4298.0,0.31571118865966785,True,REGULAR,USD,2026-12-18,761.6900024414062,2026-09-18 23:53:39.265099
SPY261218C00680000,2026-09-18 19:18:05+00:00,680.0,93.57,92.95,96.62,-0.37999725,-0.40446755,2.0,4727.0,0.307349455871582,True,REGULAR,USD,2026-12-18,761.6900024414062,2026-09-18 23:53:39.265099
SPY261218C00685000,2026-09-18 19:52:00+00:00,685.0,88.96,88.32,91.99,0.5,0.5652272,5.0,2845.0,0.2990029817199707,True,REGULAR,USD,2026-12-18,761.6900024414062,2026-09-18 23:53:39.265099
SPY261218C00690000,2026-09-16 20:14:25+00:00,690.0,76.47,83.71,87.39,0.0,0.0,9.0,3487.0,0.2907328007507323,True,REGULAR,USD,2026-12-18,761.6900024414062,2026-09-18 23:53:39.265099
SPY261218C00695000,2026-09-18 19:05:26+00:00,695.0,79.52,79.15,82.82,-0.6700058,-0.83552283,6.0,2169.0,0.2825083956909179,True,REGULAR,USD,2026-12-18,761.6900024414062,2026-09-18 23:53:39.265099
SPY261218C00700000,2026-09-18 19:55:47+00:00,700.0,75.53,74.62,78.29,0.41999817,0.5591774,44.0,10118.0,0.2743908010864258,True,REGULAR,USD,2026-12-18,761.6900024414062,2026-09-18 23:53:39.265099
SPY261218C00705000,2026-09-18 16:00:35+00:00,705.0,68.5,70.13,73.81,-2.209999,-3.1254406,9.0,3577.0,0.2664410514831543,True,REGULAR,USD,2026-12-18,761.6900024414062,2026-09-18 23:53:39.265099
SPY261218C00710000,2026-09-18 19:05:51+00:00,710.0,66.27,65.69,69.37,-0.16000366,-0.24086055,3.0,7393.0,0.2585218191528321,True,REGULAR,USD,2026-12-18,761.6900024414062,2026-09-18 23:53:39.265099
SPY261218C00715000,2026-09-17 19:20:14+00:00,715.0,62.0,61.3,64.99,0.0,0.0,6.0,2491.0,0.2507551731872558,True,REGULAR,USD,2026-12-18,761.6900024414062,2026-09-18 23:53:39.265099
SPY261218C00720000,2026-09-18 18:22:30+00:00,720.0,56.72,56.96,60.65,-1.079998,-1.8685087,13.0,4494.0,0.24295800994873046,True,REGULAR,USD,2026-12-18,761.6900024414062,2026-09-18 23:53:39.265099
SPY261218C00725000,2026-09-18 16:59:33+00:00,725.0,51.85,52.69,56.39,-1.7300034,-3.228823,5.0,5043.0,0.23538972625732418,True,REGULAR,USD,2026-12-18,761.6900024414062,2026-09-18 23:53:39.265099
SPY261218C00730000,2026-09-18 15:03:14+00:00,730.0,47.81,48.5,52.21,-1.2899971,-2.6272855,5.0,8449.0,0.22797402893066404,True,REGULAR,USD,2026-12-18,761.6900024414062,2026-09-18 23:53:39.265099
SPY261218C00735000,2026-09-18 19:47:30+00:00,735.0,45.31,44.4,48.11,-0.4699974,-1.0266435,1.0,4573.0,0.22066514205932614,True,REGULAR,USD,2026-12-18,761.6900024414062,2026-09-18 23:53:39.265099
SPY261218C00740000,2026-09-18 15:13:24+00:00,740.0,39.9,40.4,43.64,-1.5999985,-3.855418,17.0,6890.0,0.2102892692565918,True,REGULAR,USD,2026-12-18,761.6900024414062,2026-09-18 23:53:39.265099
SPY261218C00745000,2026-09-18 20:11:45+00:00,745.0,38.5,36.5,39.78,2.2299995,6.1483307,22.0,8260.0,0.20359072784423826,True,REGULAR,USD,2026-12-18,761.6900024414062,2026-09-18 23:53:39.265099
SPY261218C00750000,2026-09-18 20:11:47+00:00,750.0,34.79,32.73,35.0,0.87000275,2.5648668,213.0,29733.0,0.1901020932006836,True,REGULAR,USD,2026-12-18,761.6900024414062,2026-09-18 23:53:39.265099
SPY261218C00755000,2026-09-18 19:56:38+00:00,755.0,30.15,30.37,31.42,-0.39999962,-1.3093277,129.0,10556.0,0.18399863861083982,True,REGULAR,USD,2026-12-18,761.6900024414062,2026-09-18 23:53:39.265099
SPY261218C00760000,2026-09-18 20:11:13+00:00,760.0,27.52,26.95,27.95,0.9200001,3.4586468,385.0,15191.0,0.17780363220214845,True,REGULAR,USD,2026-12-18,761.6900024414062,2026-09-18 23:53:39.265099
SPY261218C00765000,2026-09-18 20:13:38+00:00,765.0,24.27,24.18,24.29,0.5300007,2.2325218,741.0,11136.0,0.16947241668701174,False,REGULAR,USD,2026-12-18,761.6900024414062,2026-09-18 23:53:39.265099
SPY261218C00770000,2026-09-18 20:08:31+00:00,770.0,20.97,21.09,21.2,0.21999931,1.0602376,804.0,13221.0,0.16387249710083013,False,REGULAR,USD,2026-12-18,761.6900024414062,2026-09-18 23:53:39.265099
SPY261218C00775000,2026-09-18 19:59:00+00:00,775.0,17.57,18.22,18.33,-0.050001144,-0.2837749,607.0,11776.0,0.15860826751708984,False,REGULAR,USD,2026-12-18,761.6900024414062,2026-09-18 23:53:39.265099
SPY261218C00780000,2026-09-18 20:09:56+00:00,780.0,15.45,15.58,15.7,0.34000015,2.2501664,282.0,29144.0,0.15375602111816405,False,REGULAR,USD,2026-12-18,761.6900024414062,2026-09-18 23:53:39.265099
SPY261218C00785000,2026-09-18 19:44:14+00:00,785.0,12.63,13.21,13.31,-0.32999992,-2.5462956,233.0,15701.0,0.14926235267639162,False,REGULAR,USD,2026-12-18,761.6900024414062,2026-09-18 23:53:39.265099
SPY261218C00790000,2026-09-18 20:00:46+00:00,790.0,10.75,11.08,11.17,0.029999733,0.27984825,146.0,14149.0,0.14515015014648439,False,REGULAR,USD,2026-12-18,761.6900024414062,2026-09-18 23:53:39.265099
SPY261218C00795000,2026-09-18 20:11:06+00:00,795.0,9.25,9.21,9.29,0.22000027,2.4363265,90.0,9957.0,0.14151859466552735,False,REGULAR,USD,2026-12-18,761.6900024414062,2026-09-18 23:53:39.265099
SPY261218C00800000,2026-09-18 20:14:57+00:00,800.0,7.66,7.58,7.66,0.35999966,4.931502,860.0,66603.0,0.13831428100585938,False,REGULAR,USD,2026-12-18,761.6900024414062,2026-09-18 23:53:39.265099
SPY261218C00805000,2026-09-18 20:14:09+00:00,805.0,6.24,6.22,6.25,0.13999987,2.2950797,237.0,12575.0,0.13541514007568362,False,REGULAR,USD,2026-12-18,761.6900024414062,2026-09-18 23:53:39.265099
SPY261218C00810000,2026-09-18 20:12:00+00:00,810.0,5.09,5.04,5.08,0.10000038,2.0040157,582.0,23093.0,0.13309582733154296,False,REGULAR,USD,2026-12-18,761.6900024414062,2026-09-18 23:53:39.265099
SPY261218C00815000,2026-09-18 19:59:12+00:00,815.0,3.82,4.06,4.1,-0.07000017,-1.7994902,354.0,15229.0,0.13111220458984374,False,REGULAR,USD,2026-12-18,761.6900024414062,2026-09-18 23:53:39.265099
SPY261218C00820000,2026-09-18 20:10:20+00:00,820.0,3.25,3.25,3.28,0.0,0.0,325.0,14315.0,0.12934220275878905,False,REGULAR,USD,2026-12-18,761.6900024414062,2026-09-18 23:53:39.265099
SPY261218C00825000,2026-09-18 20:02:02+00:00,825.0,2.53,2.58,2.61,-0.03999996,-1.5564188,207.0,14532.0,0.12787737365722657,False,REGULAR,USD,2026-12-18,761.6900024414062,2026-09-18 23:53:39.265099
SPY261218C00830000,2026-09-18 20:14:48+00:00,830.0,2.06,2.05,2.07,0.00999999,0.4878044,48.0,56922.0,0.12671771728515624,False,REGULAR,USD,2026-12-18,761.6900024414062,2026-09-18 23:53:39.265099
SPY261218C00835000,2026-09-18 20:10:21+00:00,835.0,1.61,1.62,1.64,0.0,0.0,633.0,11030.0,0.12589375091552735,False,REGULAR,USD,2026-12-18,761.6900024414062,2026-09-18 23:53:39.265099
SPY261218C00840000,2026-09-18 19:42:42+00:00,840.0,1.16,1.28,1.3,-0.08000004,-6.451616,661.0,7256.0,0.12534444000244144,False,REGULAR,USD,2026-12-18,761.6900024414062,2026-09-18 23:53:39.265099
SPY261218C00845000,2026-09-18 19:42:38+00:00,845.0,0.93,1.01,1.03,-0.060000002,-6.060606,68.0,4937.0,0.12500875,False,REGULAR,USD,2026-12-18,761.6900024414062,2026-09-18 23:53:39.265099
SPY261218C00850000,2026-09-18 20:00:03+00:00,850.0,0.76,0.81,0.83,-0.050000012,-6.1728406,465.0,12076.0,0.12525288818359376,False,REGULAR,USD,2026-12-18,761.6900024414062,2026-09-18 23:53:39.265099
SPY261218C00855000,2026-09-18 19:48:34+00:00,855.0,0.61,0.65,0.67,-0.03999996,-6.1538405,8.0,4002.0,0.1256190954589844,False,REGULAR,USD,2026-12-18,761.6900024414062,2026-09-18 23:53:39.265099
SPY261218C00860000,2026-09-18 18:10:31+00:00,860.0,0.44,0.53,0.54,-0.07999998,-15.384612,53.0,5055.0,0.12604633728027342,False,REGULAR,USD,2026-12-18,761.6900024414062,2026-09-18 23:53:39.265099
SPY261218C00865000,2026-09-18 16:59:21+00:00,865.0,0.37,0.43,0.45,-0.060000002,-13.953488,9.0,4116.0,0.12720599365234375,False,REGULAR,USD,2026-12-18,761.6900024414062,2026-09-18 23:53:39.265099
SPY261218C00870000,2026-09-18 19:57:17+00:00,870.0,0.35,0.36,0.37,-0.01000002,-2.7777834,16.0,2614.0,0.12806047729492187,False,REGULAR,USD,2026-12-18,761.6900024414062,2026-09-18 23:53:39.265099
SPY261218C00875000,2026-09-18 18:10:09+00:00,875.0,0.26,0.3,0.31,-0.050000012,-16.129036,9.0,3464.0,0.12928116821289062,False,REGULAR,USD,2026-12-18,761.6900024414062,2026-09-18 23:53:39.265099
SPY261218C00880000,2026-09-18 17:06:36+00:00,880.0,0.22,0.26,0.27,0.049999997,29.411762,24.0,5505.0,0.13123427368164062,False,REGULAR,USD,2026-12-18,761.6900024414062,2026-09-18 23:53:39.265099
SPY261218C00885000,2026-09-18 15:40:48+00:00,885.0,0.2,0.22,0.23,0.0,0.0,2.0,3956.0,0.13269910278320313,False,REGULAR,USD,2026-12-18,761.6900024414062,2026-09-18 23:53:39.265099
SPY261218C00890000,2026-09-17 13:31:23+00:00,890.0,0.19,0.19,0.2,0.0,0.0,5.0,2331.0,0.13453013916015627,False,REGULAR,USD,2026-12-18,761.6900024414062,2026-09-18 23:53:39.265099
SPY261218C00895000,2026-09-17 13:35:26+00:00,895.0,0.16,0.17,0.18,0.0,0.0,1.0,1406.0,0.13672738281250002,False,REGULAR,USD,2026-12-18,761.6900024414062,2026-09-18 23:53:39.265099
SPY261218C00900000,2026-09-18 14:50:30+00:00,900.0,0.13,0.15,0.16,-0.02000001,-13.333339,1.0,8390.0,0.13892462646484377,False,REGULAR,USD,2026-12-18,761.6900024414062,2026-09-18 23:53:39.265099
SPY261218C00905000,2026-09-08 15:24:22+00:00,905.0,0.22,0.13,0.14,0.0,0.0,2.0,2621.0,0.14063359375,False,REGULAR,USD,2026-12-18,761.6900024414062,2026-09-18 23:53:39.265099
SPY261218C00910000,2026-09-16 15:02:18+00:00,910.0,0.1,0.12,0.13,0.0,0.0,11.0,3936.0,0.14331911376953127,False,REGULAR,USD,2026-12-18,761.6900024414062,2026-09-18 23:53:39.265099
SPY261218C00915000,2026-09-15 15:31:39+00:00,915.0,0.09,0.1,0.12,0.0,0.0,1.0,2367.0,0.14576049560546872,False,REGULAR,USD,2026-12-18,761.6900024414062,2026-09-18 23:53:39.265099
SPY261218C00920000,2026-09-16 19:58:13+00:00,920.0,0.09,0.09,0.1,0.0,0.0,1.0,704.0,0.14649291015625,False,REGULAR,USD,2026-12-18,761.6900024414062,2026-09-18 23:53:39.265099
SPY261218C00925000,2026-09-15 15:09:36+00:00,925.0,0.07,0.08,0.09,0.0,0.0,1.0,1230.0,0.148446015625,False,REGULAR,USD,2026-12-18,761.6900024414062,2026-09-18 23:53:39.265099
SPY261218C00930000,2026-09-15 15:15:51+00:00,930.0,0.07,0.07,0.09,0.0,0.0,4.0,1713.0,0.15210808837890627,False,REGULAR,USD,2026-12-18,761.6900024414062,2026-09-18 23:53:39.265099
SPY261218C00935000,2026-09-18 18:52:13+00:00,935.0,0.08,0.07,0.08,0.009999998,14.285711,20.0,1991.0,0.1538170556640625,False,REGULAR,USD,2026-12-18,761.6900024414062,2026-09-18 23:53:39.265099
SPY261218C00940000,2026-09-16 13:32:54+00:00,940.0,0.05,0.06,0.07,0.0,0.0,1.0,435.0,0.15528188476562502,False,REGULAR,USD,2026-12-18,761.6900024414062,2026-09-18 23:53:39.265099
SPY261218C00945000,2026-08-26 20:13:22+00:00,945.0,0.12,0.05,0.06,0.0,0.0,3.0,56.0,0.1562584375,False,REGULAR,USD,2026-12-18,761.6900024414062,2026-09-18 23:53:39.265099
SPY261218C00950000,2026-09-18 14:14:57+00:00,950.0,0.05,0.05,0.06,-0.009999998,-16.666662,1.0,11226.0,0.1596763720703125,False,REGULAR,USD,2026-12-18,761.6900024414062,2026-09-18 23:53:39.265099
SPY261218C00955000,2026-09-18 13:41:31+00:00,955.0,0.05,0.04,0.05,0.0,0.0,5.0,168.0,0.1601646484375,False,REGULAR,USD,2026-12-18,761.6900024414062,2026-09-18 23:53:39.265099
SPY261218C00960000,2026-09-11 15:29:15+00:00,960.0,0.06,0.04,0.05,0.0,0.0,1.0,941.0,0.16358258300781253,False,REGULAR,USD,2026-12-18,761.6900024414062,2026-09-18 23:53:39.265099
SPY261218C00965000,2026-09-14 16:51:01+00:00,965.0,0.04,0.03,0.05,0.0,0.0,1.0,571.0,0.16700051757812504,False,REGULAR,USD,2026-12-18,761.6900024414062,2026-09-18 23:53:39.265099
SPY261218C00970000,2026-09-17 19:50:45+00:00,970.0,0.04,0.03,0.04,0.0,0.0,24.0,1031.0,0.16651224121093755,False,REGULAR,USD,2026-12-18,761.6900024414062,2026-09-18 23:53:39.265099
SPY261218C00975000,2026-08-17 14:26:02+00:00,975.0,0.1,0.03,0.04,0.0,0.0,5.0,1070.0,0.16993017578125003,False,REGULAR,USD,2026-12-18,761.6900024414062,2026-09-18 23:53:39.265099
SPY261218C00980000,2026-09-15 19:28:26+00:00,980.0,0.04,0.02,0.04,0.0,0.0,1.0,1298.0,0.17285983398437502,False,REGULAR,USD,2026-12-18,761.6900024414062,2026-09-18 23:53:39.265099
SPY261218C00985000,2026-09-16 15:47:36+00:00,985.0,0.03,0.02,0.03,0.0,0.0,100.0,640.0,0.17188328125000002,False,REGULAR,USD,2026-12-18,761.6900024414062,2026-09-18 23:53:39.265099
SPY261218C00990000,2026-09-08 19:15:25+00:00,990.0,0.05,0.02,0.03,0.0,0.0,3.0,868.0,0.174812939453125,False,REGULAR,USD,2026-12-18,761.6900024414062,2026-09-18 23:53:39.265099
SPY261218C00995000,2026-09-08 20:08:20+00:00,995.0,0.05,0.02,0.03,0.0,0.0,6.0,2272.0,0.17774259765625,False,REGULAR,USD,2026-12-18,761.6900024414062,2026-09-18 23:53:39.265099
SPY261218C01000000,2026-09-17 20:04:35+00:00,1000.0,0.02,0.02,0.03,0.0,0.0,12.0,2922.0,0.180672255859375,False,REGULAR,USD,2026-12-18,761.6900024414062,2026-09-18 23:53:39.265099
SPY261231C00460000,2026-08-20 20:11:41+00:00,460.0,308.17,306.34,310.16,0.0,0.0,4.0,21.0,0.6453587710571288,True,REGULAR,USD,2026-12-31,761.6900024414062,2026-09-18 23:53:39.265099
SPY261231C00470000,2026-04-29 19:11:01+00:00,470.0,253.11,277.2,280.59,0.0,0.0,,0.0,1.0000000000000003e-05,True,REGULAR,USD,2026-12-31,761.6900024414062,2026-09-18 23:53:39.265099
SPY261231C00475000,2026-07-09 15:19:48+00:00,475.0,283.28,292.87,295.99,0.0,0.0,,0.0,0.6364172100830079,True,REGULAR,USD,2026-12-31,761.6900024414062,2026-09-18 23:53:39.265099
SPY261231C00480000,2026-06-22 18:44:07+00:00,480.0,276.0,266.31,269.73,0.0,0.0,2.0,1.0,1.0000000000000003e-05,True,REGULAR,USD,2026-12-31,761.6900024414062,2026-09-18 23:53:39.265099
SPY261231C00485000,2026-07-13 16:29:16+00:00,485.0,274.52,283.11,286.22,0.0,0.0,1.0,1.0,0.6181678808593751,True,REGULAR,USD,2026-12-31,761.6900024414062,2026-09-18 23:53:39.265099
SPY261231C00490000,2026-08-20 15:10:58+00:00,490.0,282.57,276.74,280.7,0.0,0.0,1.0,4.0,0.58789474609375,True,REGULAR,USD,2026-12-31,761.6900024414062,2026-09-18 23:53:39.265099
SPY261231C00495000,2026-03-23 13:30:37+00:00,495.0,182.97,0.0,0.0,0.0,0.0,,0.0,1.0000000000000003e-05,True,REGULAR,USD,2026-12-31,761.6900024414062,2026-09-18 23:53:39.265099
SPY261231C00500000,2026-08-27 19:43:11+00:00,500.0,276.92,267.04,270.87,0.0,0.0,1.0,201.0,0.5706524868774415,True,REGULAR,USD,2026-12-31,761.6900024414062,2026-09-18 23:53:39.265099
SPY261231C00505000,2026-04-01 13:42:28+00:00,505.0,170.06,0.0,0.0,0.0,0.0,10.0,0.0,1.0000000000000003e-05,True,REGULAR,USD,2026-12-31,761.6900024414062,2026-09-18 23:53:39.265099
SPY261231C00510000,2026-08-10 19:30:04+00:00,510.0,270.42,257.23,261.06,0.0,0.0,10.0,25.0,0.5525862612915039,True,REGULAR,USD,2026-12-31,761.6900024414062,2026-09-18 23:53:39.265099
SPY261231C00515000,2026-06-23 16:03:56+00:00,515.0,234.89,232.62,236.05,0.0,0.0,2.0,2.0,1.0000000000000003e-05,True,REGULAR,USD,2026-12-31,761.6900024414062,2026-09-18 23:53:39.265099
SPY261231C00520000,2026-09-11 15:05:03+00:00,520.0,249.56,247.42,251.27,0.0,0.0,2.0,18.0,0.5348252084350585,True,REGULAR,USD,2026-12-31,761.6900024414062,2026-09-18 23:53:39.265099
SPY261231C00525000,2026-09-15 13:49:31+00:00,525.0,239.76,242.52,246.36,0.0,0.0,1.0,7.0,0.5258531301879883,True,REGULAR,USD,2026-12-31,761.6900024414062,2026-09-18 23:53:39.265099
SPY261231C00530000,2026-06-05 14:20:10+00:00,530.0,233.06,0.0,0.0,0.0,0.0,2.0,0.0,1.0000000000000003e-05,True,REGULAR,USD,2026-12-31,761.6900024414062,2026-09-18 23:53:39.265099
SPY261231C00535000,2026-09-18 16:08:41+00:00,535.0,230.87,232.61,236.59,26.36,12.889345,1.0,1.0,0.5075122491455077,True,REGULAR,USD,2026-12-31,761.6900024414062,2026-09-18 23:53:39.265099
SPY261231C00540000,2026-09-17 15:47:35+00:00,540.0,227.52,227.97,231.69,0.0,0.0,1.0,22.0,0.5008900009155274,True,REGULAR,USD,2026-12-31,761.6900024414062,2026-09-18 23:53:39.265099
SPY261231C00545000,2026-06-15 16:17:00+00:00,545.0,223.7,219.11,222.62,0.0,0.0,3.0,4.0,0.4514825360107422,True,REGULAR,USD,2026-12-31,761.6900024414062,2026-09-18 23:53:39.265099
SPY261231C00550000,2026-08-10 15:07:16+00:00,550.0,232.09,218.07,221.93,0.0,0.0,1.0,24.0,0.5123644955444336,True,REGULAR,USD,2026-12-31,761.6900024414062,2026-09-18 23:53:39.265099
SPY261231C00555000,2026-08-10 15:52:59+00:00,555.0,227.69,213.19,217.04,0.0,0.0,2.0,31.0,0.5031482791137696,True,REGULAR,USD,2026-12-31,761.6900024414062,2026-09-18 23:53:39.265099
SPY261231C00560000,2026-08-28 14:24:04+00:00,560.0,218.54,208.31,212.17,0.0,0.0,11.0,24.0,0.4942372354125977,True,REGULAR,USD,2026-12-31,761.6900024414062,2026-09-18 23:53:39.265099
SPY261231C00565000,2026-08-26 18:47:03+00:00,565.0,208.9,203.43,207.31,0.0,0.0,1.0,70.0,0.4854482608032227,True,REGULAR,USD,2026-12-31,761.6900024414062,2026-09-18 23:53:39.265099
SPY261231C00570000,2026-08-10 16:54:16+00:00,570.0,212.43,198.56,202.44,0.0,0.0,1.0,59.0,0.47653721710205077,True,REGULAR,USD,2026-12-31,761.6900024414062,2026-09-18 23:53:39.265099
SPY261231C00575000,2026-09-10 15:36:07+00:00,575.0,191.21,193.69,197.57,0.0,0.0,2.0,792.0,0.46759565612792964,True,REGULAR,USD,2026-12-31,761.6900024414062,2026-09-18 23:53:39.265099
SPY261231C00580000,2026-09-10 13:42:40+00:00,580.0,185.42,188.83,192.71,0.0,0.0,6.0,26.0,0.45880668151855475,True,REGULAR,USD,2026-12-31,761.6900024414062,2026-09-18 23:53:39.265099
SPY261231C00585000,2026-08-31 17:33:02+00:00,585.0,187.61,183.84,187.89,0.0,0.0,1.0,21.0,0.4505365005493164,True,REGULAR,USD,2026-12-31,761.6900024414062,2026-09-18 23:53:39.265099
SPY261231C00590000,2026-09-14 16:32:46+00:00,590.0,178.82,178.99,183.03,0.0,0.0,1.0,35.0,0.44171700866699215,True,REGULAR,USD,2026-12-31,761.6900024414062,2026-09-18 23:53:39.265099
SPY261231C00595000,2026-08-13 13:51:57+00:00,595.0,191.78,174.28,178.16,0.0,0.0,1.0,70.0,0.4327449304199219,True,REGULAR,USD,2026-12-31,761.6900024414062,2026-09-18 23:53:39.265099
SPY261231C00600000,2026-09-16 19:13:40+00:00,600.0,159.38,169.44,173.36,0.0,0.0,1.0,441.0,0.42462733581542966,True,REGULAR,USD,2026-12-31,761.6900024414062,2026-09-18 23:53:39.265099
SPY261231C00605000,2026-09-08 16:18:55+00:00,605.0,169.63,164.47,168.53,0.0,0.0,1.0,2179.0,0.4161130166625976,True,REGULAR,USD,2026-12-31,761.6900024414062,2026-09-18 23:53:39.265099
SPY261231C00610000,2026-09-08 13:30:33+00:00,610.0,167.02,159.78,163.72,0.0,0.0,1.0,388.0,0.407781801147461,True,REGULAR,USD,2026-12-31,761.6900024414062,2026-09-18 23:53:39.265099
SPY261231C00615000,2026-09-09 15:47:21+00:00,615.0,155.33,155.18,158.83,0.0,0.0,1.0,205.0,0.3985198088073731,True,REGULAR,USD,2026-12-31,761.6900024414062,2026-09-18 23:53:39.265099
SPY261231C00620000,2026-09-01 18:19:14+00:00,620.0,149.49,150.36,154.02,0.0,0.0,6.0,269.0,0.3901275587463379,True,REGULAR,USD,2026-12-31,761.6900024414062,2026-09-18 23:53:39.265099
SPY261231C00621000,2026-06-05 15:00:32+00:00,621.0,148.58,0.0,0.0,0.0,0.0,1.0,0.0,1.0000000000000003e-05,True,REGULAR,USD,2026-12-31,761.6900024414062,2026-09-18 23:53:39.265099
SPY261231C00622000,2026-06-05 15:00:32+00:00,622.0,147.68,0.0,0.0,0.0,0.0,1.0,0.0,1.0000000000000003e-05,True,REGULAR,USD,2026-12-31,761.6900024414062,2026-09-18 23:53:39.265099
SPY261231C00623000,2026-06-05 15:02:29+00:00,623.0,146.9,0.0,0.0,0.0,0.0,1.0,0.0,1.0000000000000003e-05,True,REGULAR,USD,2026-12-31,761.6900024414062,2026-09-18 23:53:39.265099
SPY261231C00624000,2026-06-12 16:13:09+00:00,624.0,137.76,144.94,148.4,0.0,0.0,1.0,785.0,0.36356227264404295,True,REGULAR,USD,2026-12-31,761.6900024414062,2026-09-18 23:53:39.265099
SPY261231C00625000,2026-09-01 18:37:16+00:00,625.0,145.4,145.56,149.21,0.0,0.0,2.0,78.0,0.3816895327758788,True,REGULAR,USD,2026-12-31,761.6900024414062,2026-09-18 23:53:39.265099
SPY261231C00626000,2026-06-05 15:02:47+00:00,626.0,143.8,0.0,0.0,0.0,0.0,1.0,0.0,1.0000000000000003e-05,True,REGULAR,USD,2026-12-31,761.6900024414062,2026-09-18 23:53:39.265099
SPY261231C00627000,2026-06-05 15:04:58+00:00,627.0,143.61,0.0,0.0,0.0,0.0,2.0,0.0,1.0000000000000003e-05,True,REGULAR,USD,2026-12-31,761.6900024414062,2026-09-18 23:53:39.265099
SPY261231C00628000,2026-09-11 14:38:37+00:00,628.0,145.51,142.68,146.34,0.0,0.0,2.0,179.0,0.3767762518310547,True,REGULAR,USD,2026-12-31,761.6900024414062,2026-09-18 23:53:39.265099
SPY261231C00629000,2026-08-06 17:26:41+00:00,629.0,152.97,141.73,145.38,0.0,0.0,1.0,1122.0,0.37509780181884766,True,REGULAR,USD,2026-12-31,761.6900024414062,2026-09-18 23:53:39.265099
SPY261231C00630000,2026-08-18 15:42:31+00:00,630.0,149.79,140.77,144.42,0.0,0.0,10.0,350.0,0.3734193518066406,True,REGULAR,USD,2026-12-31,761.6900024414062,2026-09-18 23:53:39.265099
SPY261231C00631000,2026-06-05 15:05:26+00:00,631.0,139.73,0.0,0.0,0.0,0.0,1.0,0.0,1.0000000000000003e-05,True,REGULAR,USD,2026-12-31,761.6900024414062,2026-09-18 23:53:39.265099
SPY261231C00632000,2026-07-08 15:46:10+00:00,632.0,128.67,141.32,144.51,0.0,0.0,4.0,6.0,0.39073790420532223,True,REGULAR,USD,2026-12-31,761.6900024414062,2026-09-18 23:53:39.265099
SPY261231C00633000,2026-09-15 15:24:49+00:00,633.0,133.6,137.9,141.55,0.0,0.0,1.0,32.0,0.3684602949523926,True,REGULAR,USD,2026-12-31,761.6900024414062,2026-09-18 23:53:39.265099
SPY261231C00634000,2026-09-04 20:00:16+00:00,634.0,144.95,136.94,140.6,0.0,0.0,3.0,5.0,0.36687339675903324,True,REGULAR,USD,2026-12-31,761.6900024414062,2026-09-18 23:53:39.265099
SPY261231C00635000,2026-09-14 14:22:17+00:00,635.0,133.98,136.07,139.64,0.0,0.0,2.0,50.0,0.3651796881103516,True,REGULAR,USD,2026-12-31,761.6900024414062,2026-09-18 23:53:39.265099
SPY261231C00636000,2026-07-23 16:26:35+00:00,636.0,121.71,137.56,140.76,0.0,0.0,2.0,33.0,0.3845276391601562,True,REGULAR,USD,2026-12-31,761.6900024414062,2026-09-18 23:53:39.265099
SPY261231C00637000,2026-05-04 15:19:55+00:00,637.0,111.3,123.0,126.52,0.0,0.0,2.0,14.0,0.208442974243164,True,REGULAR,USD,2026-12-31,761.6900024414062,2026-09-18 23:53:39.265099
SPY261231C00638000,2026-07-30 19:59:12+00:00,638.0,120.33,138.96,142.49,0.0,0.0,1.0,4.0,0.41568577484130853,True,REGULAR,USD,2026-12-31,761.6900024414062,2026-09-18 23:53:39.265099
SPY261231C00639000,2026-09-08 19:23:12+00:00,639.0,136.94,132.25,135.82,0.0,0.0,6.0,22.0,0.35858795715332037,True,REGULAR,USD,2026-12-31,761.6900024414062,2026-09-18 23:53:39.265099
SPY261231C00640000,2026-09-03 15:52:20+00:00,640.0,142.47,131.21,134.87,0.0,0.0,1.0,346.0,0.3569858003234863,True,REGULAR,USD,2026-12-31,761.6900024414062,2026-09-18 23:53:39.265099
SPY261231C00641000,2026-08-11 14:33:38+00:00,641.0,145.58,130.26,133.92,0.0,0.0,1.0,18.0,0.35538364349365226,True,REGULAR,USD,2026-12-31,761.6900024414062,2026-09-18 23:53:39.265099
SPY261231C00642000,2026-08-28 13:51:13+00:00,642.0,139.9,129.31,132.97,0.0,0.0,19.0,57.0,0.3537662280273437,True,REGULAR,USD,2026-12-31,761.6900024414062,2026-09-18 23:53:39.265099
SPY261231C00643000,2026-08-19 13:45:48+00:00,643.0,139.39,128.36,132.02,0.0,0.0,5.0,13.0,0.35214881256103514,True,REGULAR,USD,2026-12-31,761.6900024414062,2026-09-18 23:53:39.265099
SPY261231C00644000,2026-04-17 14:25:42+00:00,644.0,98.1,116.99,120.51,0.0,0.0,1.0,0.0,0.21857470886230468,True,REGULAR,USD,2026-12-31,761.6900024414062,2026-09-18 23:53:39.265099
SPY261231C00645000,2026-09-03 15:32:32+00:00,645.0,137.71,126.46,130.12,0.0,0.0,2.0,59.0,0.3489139816284179,True,REGULAR,USD,2026-12-31,761.6900024414062,2026-09-18 23:53:39.265099
SPY261231C00646000,2026-06-11 14:25:41+00:00,646.0,109.11,124.97,128.43,0.0,0.0,1.0,14.0,0.33991138610839844,True,REGULAR,USD,2026-12-31,761.6900024414062,2026-09-18 23:53:39.265099
SPY261231C00647000,2026-08-03 20:14:07+00:00,647.0,126.25,130.44,133.96,0.0,0.0,1.0,17.0,0.3993590338134766,True,REGULAR,USD,2026-12-31,761.6900024414062,2026-09-18 23:53:39.265099
SPY261231C00648000,2026-08-28 13:44:45+00:00,648.0,135.04,123.61,127.27,0.0,0.0,10.0,33.0,0.3440312179565429,True,REGULAR,USD,2026-12-31,761.6900024414062,2026-09-18 23:53:39.265099
SPY261231C00649000,2026-08-10 17:04:51+00:00,649.0,137.2,122.66,126.32,0.0,0.0,2.0,57.0,0.3423832852172851,True,REGULAR,USD,2026-12-31,761.6900024414062,2026-09-18 23:53:39.265099
SPY261231C00650000,2026-09-15 19:53:42+00:00,650.0,117.18,121.71,125.37,0.0,0.0,10.0,673.0,0.34075061111450194,True,REGULAR,USD,2026-12-31,761.6900024414062,2026-09-18 23:53:39.265099
SPY261231C00651000,2026-07-07 13:44:49+00:00,651.0,118.6,123.59,126.79,0.0,0.0,100.0,74.0,0.36151761535644533,True,REGULAR,USD,2026-12-31,761.6900024414062,2026-09-18 23:53:39.265099
SPY261231C00652000,2026-08-31 18:39:24+00:00,652.0,124.58,119.82,123.48,0.0,0.0,1.0,8.0,0.33756155609130856,True,REGULAR,USD,2026-12-31,761.6900024414062,2026-09-18 23:53:39.265099
SPY261231C00653000,2026-07-08 15:45:19+00:00,653.0,111.17,121.72,124.93,0.0,0.0,1.0,5.0,0.358404853515625,True,REGULAR,USD,2026-12-31,761.6900024414062,2026-09-18 23:53:39.265099
SPY261231C00654000,2026-06-23 19:48:12+00:00,654.0,106.61,103.96,107.29,0.0,0.0,6.0,8.0,1.0000000000000003e-05,True,REGULAR,USD,2026-12-31,761.6900024414062,2026-09-18 23:53:39.265099
SPY261231C00655000,2026-09-16 19:08:29+00:00,655.0,109.02,116.98,120.65,0.0,0.0,50.0,193.0,0.33280086151123045,True,REGULAR,USD,2026-12-31,761.6900024414062,2026-09-18 23:53:39.265099
SPY261231C00656000,2026-05-11 13:48:56+00:00,656.0,111.5,117.66,119.68,0.0,0.0,1.0,11.0,0.3309393078613281,True,REGULAR,USD,2026-12-31,761.6900024414062,2026-09-18 23:53:39.265099
SPY261231C00657000,2026-04-17 14:34:31+00:00,657.0,88.53,105.97,109.49,0.0,0.0,1.0,9.0,0.22835549484252932,True,REGULAR,USD,2026-12-31,761.6900024414062,2026-09-18 23:53:39.265099
SPY261231C00658000,2026-07-29 16:10:32+00:00,658.0,95.62,120.09,123.61,0.0,0.0,2.0,10.0,0.37973642730712887,True,REGULAR,USD,2026-12-31,761.6900024414062,2026-09-18 23:53:39.265099
SPY261231C00659000,2026-08-18 14:29:16+00:00,659.0,123.49,113.21,116.88,0.0,0.0,1.0,9.0,0.3264074928283691,True,REGULAR,USD,2026-12-31,761.6900024414062,2026-09-18 23:53:39.265099
SPY261231C00660000,2026-09-16 15:44:06+00:00,660.0,110.88,112.27,115.94,0.0,0.0,2.0,118.0,0.32482059463500973,True,REGULAR,USD,2026-12-31,761.6900024414062,2026-09-18 23:53:39.265099
SPY261231C00661000,2026-06-10 15:43:30+00:00,661.0,98.58,111.6,115.03,0.0,0.0,2.0,13.0,0.32350835189819327,True,REGULAR,USD,2026-12-31,761.6900024414062,2026-09-18 23:53:39.265099
SPY261231C00662000,2026-06-12 16:39:42+00:00,662.0,104.43,110.72,114.14,0.0,0.0,2.0,9.0,0.32236395416259755,True,REGULAR,USD,2026-12-31,761.6900024414062,2026-09-18 23:53:39.265099
SPY261231C00663000,2026-09-09 20:06:09+00:00,663.0,110.48,109.45,113.12,0.0,0.0,5.0,16.0,0.320044641418457,True,REGULAR,USD,2026-12-31,761.6900024414062,2026-09-18 23:53:39.265099
SPY261231C00664000,2026-08-20 14:44:09+00:00,664.0,116.63,108.6,112.18,0.0,0.0,1.0,12.0,0.31842722595214834,True,REGULAR,USD,2026-12-31,761.6900024414062,2026-09-18 23:53:39.265099
SPY261231C00665000,2026-09-16 18:59:53+00:00,665.0,100.27,107.66,111.25,0.0,0.0,4.0,275.0,0.3169166209411621,True,REGULAR,USD,2026-12-31,761.6900024414062,2026-09-18 23:53:39.265099
SPY261231C00666000,2026-09-15 14:20:23+00:00,666.0,103.66,106.64,110.31,0.0,0.0,1.0,9.0,0.3152992054748534,True,REGULAR,USD,2026-12-31,761.6900024414062,2026-09-18 23:53:39.265099
SPY261231C00667000,2026-08-25 14:49:04+00:00,667.0,110.87,105.71,109.38,0.0,0.0,1.0,19.0,0.3137733418273925,True,REGULAR,USD,2026-12-31,761.6900024414062,2026-09-18 23:53:39.265099
SPY261231C00668000,2026-06-10 18:41:03+00:00,668.0,91.32,105.44,108.86,0.0,0.0,2.0,23.0,0.3158942922973632,True,REGULAR,USD,2026-12-31,761.6900024414062,2026-09-18 23:53:39.265099
SPY261231C00669000,2026-07-21 16:04:00+00:00,669.0,100.0,107.04,110.26,0.0,0.0,2.0,213.0,0.3345556047058105,True,REGULAR,USD,2026-12-31,761.6900024414062,2026-09-18 23:53:39.265099
SPY261231C00670000,2026-09-18 19:21:49+00:00,670.0,104.07,102.91,106.58,1.5699997,1.531707,2.0,628.0,0.30905842315673826,True,REGULAR,USD,2026-12-31,761.6900024414062,2026-09-18 23:53:39.265099
SPY261231C00671000,2026-09-16 19:15:41+00:00,671.0,93.14,101.98,105.65,0.0,0.0,24.0,240.0,0.30751730087280266,True,REGULAR,USD,2026-12-31,761.6900024414062,2026-09-18 23:53:39.265099
SPY261231C00672000,2026-06-09 16:37:06+00:00,672.0,86.78,101.95,105.42,0.0,0.0,1.0,8.0,0.3120643745422363,True,REGULAR,USD,2026-12-31,761.6900024414062,2026-09-18 23:53:39.265099
SPY261231C00673000,2026-07-17 18:18:58+00:00,673.0,94.73,103.4,106.63,0.0,0.0,2.0,9.0,0.3286810296630859,True,REGULAR,USD,2026-12-31,761.6900024414062,2026-09-18 23:53:39.265099
SPY261231C00674000,2026-07-07 14:10:24+00:00,674.0,97.65,102.5,105.73,0.0,0.0,1.0,12.0,0.3272467178344727,True,REGULAR,USD,2026-12-31,761.6900024414062,2026-09-18 23:53:39.265099
SPY261231C00675000,2026-09-16 19:22:25+00:00,675.0,88.98,98.27,101.94,0.0,0.0,5.0,758.0,0.30133755310058596,True,REGULAR,USD,2026-12-31,761.6900024414062,2026-09-18 23:53:39.265099
SPY261231C00676000,2026-08-03 17:30:51+00:00,676.0,99.4,103.34,106.87,0.0,0.0,1.0,62.0,0.3483188948059082,True,REGULAR,USD,2026-12-31,761.6900024414062,2026-09-18 23:53:39.265099
SPY261231C00677000,2026-08-17 18:59:51+00:00,677.0,111.54,96.41,100.09,0.0,0.0,1.0,24.0,0.29825530853271476,True,REGULAR,USD,2026-12-31,761.6900024414062,2026-09-18 23:53:39.265099
SPY261231C00678000,2026-09-09 19:49:01+00:00,678.0,97.08,95.49,99.16,0.0,0.0,2.0,166.0,0.2966684103393554,True,REGULAR,USD,2026-12-31,761.6900024414062,2026-09-18 23:53:39.265099
SPY261231C00679000,2026-09-16 18:34:37+00:00,679.0,91.83,94.57,98.24,0.0,0.0,1.0,12.0,0.29514254669189455,True,REGULAR,USD,2026-12-31,761.6900024414062,2026-09-18 23:53:39.265099
SPY261231C00680000,2026-09-17 14:41:35+00:00,680.0,93.68,93.64,97.32,0.0,0.0,7.0,995.0,0.29363194168090817,True,REGULAR,USD,2026-12-31,761.6900024414062,2026-09-18 23:53:39.265099
SPY261231C00681000,2026-09-17 19:53:52+00:00,681.0,93.56,92.72,96.4,0.0,0.0,1.0,135.0,0.2921060780334472,True,REGULAR,USD,2026-12-31,761.6900024414062,2026-09-18 23:53:39.265099
SPY261231C00682000,2026-09-03 15:13:32+00:00,682.0,101.53,91.8,95.48,0.0,0.0,88.0,56.0,0.2905649557495117,True,REGULAR,USD,2026-12-31,761.6900024414062,2026-09-18 23:53:39.265099
SPY261231C00683000,2026-09-17 19:53:52+00:00,683.0,91.71,90.88,94.56,0.0,0.0,1.0,23.0,0.2890238334655761,True,REGULAR,USD,2026-12-31,761.6900024414062,2026-09-18 23:53:39.265099
SPY261231C00684000,2026-08-10 16:31:59+00:00,684.0,104.6,89.97,93.64,0.0,0.0,1.0,20.0,0.2874674525451659,True,REGULAR,USD,2026-12-31,761.6900024414062,2026-09-18 23:53:39.265099
SPY261231C00685000,2026-09-18 15:30:57+00:00,685.0,88.1,89.05,92.73,0.47999573,0.54781526,1.0,437.0,0.28600262344360344,True,REGULAR,USD,2026-12-31,761.6900024414062,2026-09-18 23:53:39.265099
SPY261231C00686000,2026-06-26 17:30:58+00:00,686.0,78.89,91.67,94.96,0.0,0.0,4.0,113.0,0.3097908377075196,True,REGULAR,USD,2026-12-31,761.6900024414062,2026-09-18 23:53:39.265099
SPY261231C00687000,2026-09-11 15:41:46+00:00,687.0,92.72,87.22,90.9,0.0,0.0,1.0,109.0,0.2829508961486816,True,REGULAR,USD,2026-12-31,761.6900024414062,2026-09-18 23:53:39.265099
SPY261231C00688000,2026-06-26 17:24:49+00:00,688.0,77.64,89.89,93.18,0.0,0.0,2.0,75.0,0.30689169677734374,True,REGULAR,USD,2026-12-31,761.6900024414062,2026-09-18 23:53:39.265099
SPY261231C00689000,2026-08-26 15:49:30+00:00,689.0,92.23,85.4,89.08,0.0,0.0,1.0,119.0,0.27994494476318355,True,REGULAR,USD,2026-12-31,761.6900024414062,2026-09-18 23:53:39.265099
SPY261231C00690000,2026-09-18 18:29:12+00:00,690.0,84.15,84.49,88.17,-0.55999756,-0.6610761,3.0,339.0,0.2784343397521973,True,REGULAR,USD,2026-12-31,761.6900024414062,2026-09-18 23:53:39.265099
SPY261231C00691000,2026-08-07 19:59:35+00:00,691.0,99.81,83.59,87.27,0.0,0.0,2.0,303.0,0.27698476928710936,True,REGULAR,USD,2026-12-31,761.6900024414062,2026-09-18 23:53:39.265099
SPY261231C00692000,2026-09-18 16:53:49+00:00,692.0,81.42,82.68,86.36,-8.959999,-9.913696,5.0,142.0,0.27545890563964837,True,REGULAR,USD,2026-12-31,761.6900024414062,2026-09-18 23:53:39.265099
SPY261231C00693000,2026-09-09 13:40:23+00:00,693.0,84.56,81.78,85.46,0.0,0.0,1.0,57.0,0.27400933517456055,True,REGULAR,USD,2026-12-31,761.6900024414062,2026-09-18 23:53:39.265099
SPY261231C00694000,2026-08-07 19:10:03+00:00,694.0,96.7,80.87,84.56,0.0,0.0,2.0,30.0,0.2725292474365234,True,REGULAR,USD,2026-12-31,761.6900024414062,2026-09-18 23:53:39.265099
SPY261231C00695000,2026-09-16 19:42:48+00:00,695.0,71.73,79.97,83.65,0.0,0.0,95.0,257.0,0.2709881251525879,True,REGULAR,USD,2026-12-31,761.6900024414062,2026-09-18 23:53:39.265099
SPY261231C00696000,2026-09-16 19:53:09+00:00,696.0,72.19,79.07,82.75,0.0,0.0,2.0,861.0,0.26949277877807615,True,REGULAR,USD,2026-12-31,761.6900024414062,2026-09-18 23:53:39.265099
SPY261231C00697000,2026-08-19 13:34:28+00:00,697.0,90.28,78.17,81.86,0.0,0.0,1.0,168.0,0.26807372558593745,True,REGULAR,USD,2026-12-31,761.6900024414062,2026-09-18 23:53:39.265099
SPY261231C00698000,2026-08-31 16:09:37+00:00,698.0,82.31,77.28,80.96,0.0,0.0,1.0,172.0,0.2665783792114258,True,REGULAR,USD,2026-12-31,761.6900024414062,2026-09-18 23:53:39.265099
SPY261231C00699000,2026-09-16 19:54:24+00:00,699.0,69.71,76.38,80.07,0.0,0.0,1.0,257.0,0.2651440673828125,True,REGULAR,USD,2026-12-31,761.6900024414062,2026-09-18 23:53:39.265099
SPY261231C00700000,2026-09-18 16:03:42+00:00,700.0,73.3,75.49,79.18,-2.3399963,-3.0935965,8.0,1627.0,0.2636944969177246,True,REGULAR,USD,2026-12-31,761.6900024414062,2026-09-18 23:53:39.265099
SPY261231C00701000,2026-09-11 15:34:50+00:00,701.0,77.64,74.6,78.29,0.0,0.0,1.0,209.0,0.26222966781616214,True,REGULAR,USD,2026-12-31,761.6900024414062,2026-09-18 23:53:39.265099
SPY261231C00702000,2026-09-14 19:50:54+00:00,702.0,74.66,73.7,77.4,0.0,0.0,1.0,551.0,0.2607648387145996,True,REGULAR,USD,2026-12-31,761.6900024414062,2026-09-18 23:53:39.265099
SPY261231C00703000,2026-09-14 19:50:54+00:00,703.0,73.8,72.82,76.51,0.0,0.0,1.0,278.0,0.25928475097656256,True,REGULAR,USD,2026-12-31,761.6900024414062,2026-09-18 23:53:39.265099
SPY261231C00704000,2026-08-05 19:40:27+00:00,704.0,87.43,78.1,81.52,0.0,0.0,2.0,325.0,0.3011925960540771,True,REGULAR,USD,2026-12-31,761.6900024414062,2026-09-18 23:53:39.265099
SPY261231C00705000,2026-09-18 15:08:53+00:00,705.0,70.44,71.05,74.74,-4.369995,-5.841459,1.0,527.0,0.2563856100463867,True,REGULAR,USD,2026-12-31,761.6900024414062,2026-09-18 23:53:39.265099
SPY261231C00706000,2026-09-17 14:06:50+00:00,706.0,69.0,70.17,73.86,0.0,0.0,3.0,23.0,0.2549512982177735,True,REGULAR,USD,2026-12-31,761.6900024414062,2026-09-18 23:53:39.265099
SPY261231C00707000,2026-09-16 19:08:11+00:00,707.0,63.15,69.29,72.98,0.0,0.0,28.0,132.0,0.2535017277526856,True,REGULAR,USD,2026-12-31,761.6900024414062,2026-09-18 23:53:39.265099
SPY261231C00708000,2026-06-30 16:31:57+00:00,708.0,69.49,72.53,75.76,0.0,0.0,3.0,183.0,0.2787013658905029,True,REGULAR,USD,2026-12-31,761.6900024414062,2026-09-18 23:53:39.265099
SPY261231C00709000,2026-08-28 18:46:37+00:00,709.0,76.88,67.53,71.22,0.0,0.0,1.0,15.0,0.2505720695495605,True,REGULAR,USD,2026-12-31,761.6900024414062,2026-09-18 23:53:39.265099
SPY261231C00710000,2026-09-17 14:41:35+00:00,710.0,66.93,66.66,70.35,0.0,0.0,7.0,269.0,0.2491682749938965,True,REGULAR,USD,2026-12-31,761.6900024414062,2026-09-18 23:53:39.265099
SPY261231C00711000,2026-09-15 14:57:36+00:00,711.0,62.43,65.79,69.48,0.0,0.0,2.0,179.0,0.2477492218017578,True,REGULAR,USD,2026-12-31,761.6900024414062,2026-09-18 23:53:39.265099
SPY261231C00712000,2026-09-17 13:34:01+00:00,712.0,64.97,64.92,68.61,0.0,0.0,2.0,11.0,0.24633016860961915,True,REGULAR,USD,2026-12-31,761.6900024414062,2026-09-18 23:53:39.265099
SPY261231C00713000,2026-09-17 14:02:43+00:00,713.0,63.0,64.05,67.74,0.0,0.0,2.0,33.0,0.24488059814453128,True,REGULAR,USD,2026-12-31,761.6900024414062,2026-09-18 23:53:39.265099
SPY261231C00714000,2026-09-17 13:34:38+00:00,714.0,63.05,63.18,66.88,0.0,0.0,2.0,55.0,0.2434920622253418,True,REGULAR,USD,2026-12-31,761.6900024414062,2026-09-18 23:53:39.265099
SPY261231C00715000,2026-09-17 19:14:25+00:00,715.0,62.95,62.32,66.01,0.0,0.0,6.0,1131.0,0.24202723312377927,True,REGULAR,USD,2026-12-31,761.6900024414062,2026-09-18 23:53:39.265099
SPY261231C00716000,2026-09-17 14:02:06+00:00,716.0,60.4,61.45,65.15,0.0,0.0,4.0,44.0,0.2406234385681152,True,REGULAR,USD,2026-12-31,761.6900024414062,2026-09-18 23:53:39.265099
SPY261231C00717000,2026-09-17 14:01:51+00:00,717.0,59.36,60.58,64.29,0.0,0.0,2.0,41.0,0.23919675605773924,True,REGULAR,USD,2026-12-31,761.6900024414062,2026-09-18 23:53:39.265099
SPY261231C00718000,2026-09-17 14:01:42+00:00,718.0,58.69,59.74,63.44,0.0,0.0,12.0,239.0,0.2378311080932617,True,REGULAR,USD,2026-12-31,761.6900024414062,2026-09-18 23:53:39.265099
SPY261231C00719000,2026-09-17 19:54:40+00:00,719.0,59.86,58.88,62.58,0.0,0.0,15.0,78.0,0.23638153762817382,True,REGULAR,USD,2026-12-31,761.6900024414062,2026-09-18 23:53:39.265099
SPY261231C00720000,2026-09-18 19:19:25+00:00,720.0,58.5,59.36,60.32,-0.29999924,-0.51020277,1727.0,4045.0,0.22509014663696286,True,REGULAR,USD,2026-12-31,761.6900024414062,2026-09-18 23:53:39.265099
SPY261231C00721000,2026-09-17 14:43:37+00:00,721.0,57.42,57.19,60.89,0.0,0.0,4.0,79.0,0.23365024169921872,True,REGULAR,USD,2026-12-31,761.6900024414062,2026-09-18 23:53:39.265099
SPY261231C00722000,2026-09-15 16:34:19+00:00,722.0,54.1,56.34,60.04,0.0,0.0,2.0,199.0,0.23222355918884277,True,REGULAR,USD,2026-12-31,761.6900024414062,2026-09-18 23:53:39.265099
SPY261231C00723000,2026-09-17 19:59:32+00:00,723.0,56.26,55.5,59.2,0.0,0.0,3.0,47.0,0.23085791122436522,True,REGULAR,USD,2026-12-31,761.6900024414062,2026-09-18 23:53:39.265099
SPY261231C00724000,2026-09-17 14:41:16+00:00,724.0,55.6,54.66,58.36,0.0,0.0,4.0,242.0,0.2294693753051758,True,REGULAR,USD,2026-12-31,761.6900024414062,2026-09-18 23:53:39.265099
SPY261231C00725000,2026-09-18 19:50:57+00:00,725.0,54.49,53.82,57.53,-0.13999939,-0.25626832,2.0,383.0,0.2281418739318848,True,REGULAR,USD,2026-12-31,761.6900024414062,2026-09-18 23:53:39.265099
SPY261231C00730000,2026-09-18 16:03:11+00:00,730.0,48.43,49.69,51.92,-1.5099983,-3.0236251,2.0,866.0,0.21143366699218746,True,REGULAR,USD,2026-12-31,761.6900024414062,2026-09-18 23:53:39.265099
SPY261231C00735000,2026-09-18 16:03:42+00:00,735.0,44.01,45.64,49.36,-2.1599998,-4.6783624,10.0,1934.0,0.21476004974365231,True,REGULAR,USD,2026-12-31,761.6900024414062,2026-09-18 23:53:39.265099
SPY261231C00740000,2026-09-18 15:30:58+00:00,740.0,41.45,41.75,43.91,-1.5499992,-3.6046493,1.0,1508.0,0.19857063644409179,True,REGULAR,USD,2026-12-31,761.6900024414062,2026-09-18 23:53:39.265099
SPY261231C00745000,2026-09-17 19:29:39+00:00,745.0,38.7,37.85,41.17,0.0,0.0,20.0,1469.0,0.19939460281372068,True,REGULAR,USD,2026-12-31,761.6900024414062,2026-09-18 23:53:39.265099
SPY261231C00750000,2026-09-18 18:55:42+00:00,750.0,34.95,34.94,36.26,-0.27999878,-0.7947737,59.0,3219.0,0.18582967498779296,True,REGULAR,USD,2026-12-31,761.6900024414062,2026-09-18 23:53:39.265099
SPY261231C00755000,2026-09-18 20:01:34+00:00,755.0,31.96,31.81,32.64,0.099998474,0.3138684,69.0,1156.0,0.17978725494384767,True,REGULAR,USD,2026-12-31,761.6900024414062,2026-09-18 23:53:39.265099
SPY261231C00760000,2026-09-18 19:48:44+00:00,760.0,28.14,28.47,29.36,-0.1800003,-0.6355943,261.0,4420.0,0.17510285354614258,True,REGULAR,USD,2026-12-31,761.6900024414062,2026-09-18 23:53:39.265099
SPY261231C00765000,2026-09-18 20:06:21+00:00,765.0,25.5,25.22,26.0,0.5,2.0,83.0,1724.0,0.16912146804809575,False,REGULAR,USD,2026-12-31,761.6900024414062,2026-09-18 23:53:39.265099
SPY261231C00770000,2026-09-18 20:07:34+00:00,770.0,22.55,22.58,22.71,0.62999916,2.8740838,21.0,1620.0,0.16268232345581057,False,REGULAR,USD,2026-12-31,761.6900024414062,2026-09-18 23:53:39.265099
SPY261231C00775000,2026-09-18 19:56:34+00:00,775.0,19.12,19.71,19.83,0.11000061,0.578646,284.0,3037.0,0.15779955978393556,False,REGULAR,USD,2026-12-31,761.6900024414062,2026-09-18 23:53:39.265099
SPY261231C00780000,2026-09-18 20:10:43+00:00,780.0,17.2,17.06,17.18,0.6800003,4.1162243,60.0,2416.0,0.15331352066040044,False,REGULAR,USD,2026-12-31,761.6900024414062,2026-09-18 23:53:39.265099
SPY261231C00785000,2026-09-18 19:43:44+00:00,785.0,14.01,14.64,14.75,-0.42000008,-2.9106033,4.0,1598.0,0.14910213699340819,False,REGULAR,USD,2026-12-31,761.6900024414062,2026-09-18 23:53:39.265099
SPY261231C00790000,2026-09-18 19:47:50+00:00,790.0,12.05,12.45,12.56,0.05000019,0.41666827,146.0,2654.0,0.14528747787475588,False,REGULAR,USD,2026-12-31,761.6900024414062,2026-09-18 23:53:39.265099
SPY261231C00795000,2026-09-18 20:04:48+00:00,795.0,10.36,10.5,10.6,0.2699995,2.675912,21.0,1315.0,0.14177799148559572,False,REGULAR,USD,2026-12-31,761.6900024414062,2026-09-18 23:53:39.265099
SPY261231C00800000,2026-09-18 20:10:17+00:00,800.0,8.75,8.79,8.88,0.23999977,2.8202088,288.0,5945.0,0.13869574691772463,False,REGULAR,USD,2026-12-31,761.6900024414062,2026-09-18 23:53:39.265099
SPY261231C00805000,2026-09-18 19:30:59+00:00,805.0,6.8,7.3,7.39,-0.3699999,-5.160389,112.0,1349.0,0.13601022689819336,False,REGULAR,USD,2026-12-31,761.6900024414062,2026-09-18 23:53:39.265099
SPY261231C00810000,2026-09-18 20:14:32+00:00,810.0,6.06,6.05,6.09,0.17000008,2.8862493,153.0,2732.0,0.1335078105163574,False,REGULAR,USD,2026-12-31,761.6900024414062,2026-09-18 23:53:39.265099
SPY261231C00815000,2026-09-18 19:45:41+00:00,815.0,4.68,4.96,5.0,-0.21000004,-4.2944794,5.0,3894.0,0.13147841186523437,False,REGULAR,USD,2026-12-31,761.6900024414062,2026-09-18 23:53:39.265099
SPY261231C00820000,2026-09-18 20:02:01+00:00,820.0,3.97,4.04,4.09,-0.029999971,-0.7499993,434.0,1529.0,0.12981522048950195,False,REGULAR,USD,2026-12-31,761.6900024414062,2026-09-18 23:53:39.265099
SPY261231C00825000,2026-09-18 20:02:54+00:00,825.0,3.2,3.28,3.32,-0.059999943,-1.840489,62.0,2771.0,0.1283046154785156,False,REGULAR,USD,2026-12-31,761.6900024414062,2026-09-18 23:53:39.265099
SPY261231C00830000,2026-09-18 15:26:02+00:00,830.0,2.37,2.65,2.68,-0.22000003,-8.49421,1.0,2932.0,0.12700763137817384,False,REGULAR,USD,2026-12-31,761.6900024414062,2026-09-18 23:53:39.265099
SPY261231C00835000,2026-09-18 18:47:08+00:00,835.0,1.96,2.13,2.16,-0.19000006,-8.837212,1.0,3120.0,0.1260158200073242,False,REGULAR,USD,2026-12-31,761.6900024414062,2026-09-18 23:53:39.265099
SPY261231C00840000,2026-09-18 18:47:08+00:00,840.0,1.58,1.71,1.74,-0.089999914,-5.3892164,29.0,2232.0,0.12528340545654298,False,REGULAR,USD,2026-12-31,761.6900024414062,2026-09-18 23:53:39.265099
SPY261231C00845000,2026-09-18 19:57:46+00:00,845.0,1.3,1.37,1.4,-0.07000005,-5.109493,50.0,1474.0,0.12476461181640625,False,REGULAR,USD,2026-12-31,761.6900024414062,2026-09-18 23:53:39.265099
SPY261231C00850000,2026-09-18 19:40:47+00:00,850.0,1.02,1.11,1.13,-0.08000004,-7.2727304,125.0,12619.0,0.1245204736328125,False,REGULAR,USD,2026-12-31,761.6900024414062,2026-09-18 23:53:39.265099
SPY261231C00855000,2026-09-18 18:54:53+00:00,855.0,0.83,0.89,0.92,0.00999999,1.219511,57.0,1712.0,0.12464254272460937,False,REGULAR,USD,2026-12-31,761.6900024414062,2026-09-18 23:53:39.265099
SPY261231C00860000,2026-09-18 19:48:44+00:00,860.0,0.7,0.73,0.75,-0.02000004,-2.7777834,56.0,3259.0,0.12488668090820312,False,REGULAR,USD,2026-12-31,761.6900024414062,2026-09-18 23:53:39.265099
SPY261231C00865000,2026-09-18 20:11:17+00:00,865.0,0.6,0.6,0.62,0.02000004,3.448283,26.0,1445.0,0.12549702636718751,False,REGULAR,USD,2026-12-31,761.6900024414062,2026-09-18 23:53:39.265099
SPY261231C00870000,2026-09-17 19:59:00+00:00,870.0,0.5,0.49,0.51,0.0,0.0,4.0,1703.0,0.125985302734375,False,REGULAR,USD,2026-12-31,761.6900024414062,2026-09-18 23:53:39.265099
SPY261231C00875000,2026-09-17 16:19:51+00:00,875.0,0.41,0.41,0.43,0.0,0.0,1.0,649.0,0.12708392456054687,False,REGULAR,USD,2026-12-31,761.6900024414062,2026-09-18 23:53:39.265099
SPY261231C00880000,2026-09-18 19:07:47+00:00,880.0,0.33,0.35,0.36,0.10000001,43.478264,7.0,497.0,0.127938408203125,False,REGULAR,USD,2026-12-31,761.6900024414062,2026-09-18 23:53:39.265099
SPY261231C00885000,2026-09-18 16:47:10+00:00,885.0,0.27,0.3,0.31,0.040000007,17.391306,4.0,1259.0,0.1294032373046875,False,REGULAR,USD,2026-12-31,761.6900024414062,2026-09-18 23:53:39.265099
SPY261231C00890000,2026-09-17 19:00:47+00:00,890.0,0.25,0.26,0.27,0.0,0.0,2.0,652.0,0.13099013549804686,False,REGULAR,USD,2026-12-31,761.6900024414062,2026-09-18 23:53:39.265099
SPY261231C00895000,2026-09-18 19:57:42+00:00,895.0,0.23,0.22,0.24,0.010000005,4.545457,1.0,1007.0,0.132821171875,False,REGULAR,USD,2026-12-31,761.6900024414062,2026-09-18 23:53:39.265099
SPY261231C00900000,2026-09-18 20:03:13+00:00,900.0,0.21,0.2,0.21,0.0,0.0,87.0,8153.0,0.1344080700683594,False,REGULAR,USD,2026-12-31,761.6900024414062,2026-09-18 23:53:39.265099
SPY261231C00905000,2026-09-15 14:58:09+00:00,905.0,0.13,0.17,0.19,0.0,0.0,2.0,490.0,0.13648324462890626,False,REGULAR,USD,2026-12-31,761.6900024414062,2026-09-18 23:53:39.265099
SPY261231C00910000,2026-09-18 15:32:05+00:00,910.0,0.15,0.15,0.17,-0.00999999,-6.2499943,7.0,678.0,0.13843635009765626,False,REGULAR,USD,2026-12-31,761.6900024414062,2026-09-18 23:53:39.265099
SPY261231C00915000,2026-09-15 20:08:26+00:00,915.0,0.12,0.14,0.15,0.0,0.0,6.0,549.0,0.13990117919921874,False,REGULAR,USD,2026-12-31,761.6900024414062,2026-09-18 23:53:39.265099
SPY261231C00920000,2026-09-10 18:54:59+00:00,920.0,0.15,0.12,0.14,0.0,0.0,6.0,397.0,0.14234256103515625,False,REGULAR,USD,2026-12-31,761.6900024414062,2026-09-18 23:53:39.265099
SPY261231C00925000,2026-09-16 19:36:43+00:00,925.0,0.09,0.11,0.13,0.0,0.0,307.0,302.0,0.14478394287109375,False,REGULAR,USD,2026-12-31,761.6900024414062,2026-09-18 23:53:39.265099
SPY261231C00930000,2026-09-18 13:50:35+00:00,930.0,0.12,0.1,0.12,0.019999996,19.999994,2.0,281.0,0.1469811865234375,False,REGULAR,USD,2026-12-31,761.6900024414062,2026-09-18 23:53:39.265099
SPY261231C00935000,2026-09-17 19:52:00+00:00,935.0,0.1,0.09,0.11,0.0,0.0,6.0,137.0,0.1489342919921875,False,REGULAR,USD,2026-12-31,761.6900024414062,2026-09-18 23:53:39.265099
SPY261231C00940000,2026-09-18 15:52:49+00:00,940.0,0.08,0.08,0.1,0.009999998,14.285711,15.0,664.0,0.15088739746093754,False,REGULAR,USD,2026-12-31,761.6900024414062,2026-09-18 23:53:39.265099
SPY270115C00050000,2026-09-17 18:03:51+00:00,50.0,712.44,711.35,715.16,0.0,0.0,415.0,0.0,2.3046917382812495,True,REGULAR,USD,2027-01-15,761.6900024414062,2026-09-18 23:53:39.265099
SPY270115C00055000,2026-06-12 13:40:51+00:00,55.0,682.21,698.1,701.53,0.0,0.0,1.0,0.0,1.0000000000000003e-05,True,REGULAR,USD,2027-01-15,761.6900024414062,2026-09-18 23:53:39.265099
SPY270115C00060000,2026-08-17 13:46:02+00:00,60.0,715.61,701.46,705.27,0.0,0.0,10.0,0.0,2.1586960095214844,True,REGULAR,USD,2027-01-15,761.6900024414062,2026-09-18 23:53:39.265099
SPY270115C00065000,2026-07-13 14:16:47+00:00,65.0,686.33,697.3,700.58,0.0,0.0,,4.0,2.1875045312499997,True,REGULAR,USD,2027-01-15,761.6900024414062,2026-09-18 23:53:39.265099
SPY270115C00070000,2026-09-18 16:31:37+00:00,70.0,688.35,691.55,695.38,-17.309998,-2.4530225,1.0,10.0,2.035893582153321,True,REGULAR,USD,2027-01-15,761.6900024414062,2026-09-18 23:53:39.265099
SPY270115C00075000,2026-06-26 19:59:58+00:00,75.0,655.17,687.33,690.61,0.0,0.0,10.0,10.0,2.054936503295898,True,REGULAR,USD,2027-01-15,761.6900024414062,2026-09-18 23:53:39.265099
SPY270115C00080000,2026-09-14 16:59:09+00:00,80.0,681.99,681.67,685.49,0.0,0.0,5.0,0.0,1.933838221435547,True,REGULAR,USD,2027-01-15,761.6900024414062,2026-09-18 23:53:39.265099
SPY270115C00085000,2026-05-28 14:12:59+00:00,85.0,668.07,0.0,0.0,0.0,0.0,,0.0,1.0000000000000003e-05,True,REGULAR,USD,2027-01-15,761.6900024414062,2026-09-18 23:53:39.265099
SPY270115C00095000,2026-06-30 19:12:13+00:00,95.0,653.24,667.41,670.66,0.0,0.0,,5.0,1.8425300842285153,True,REGULAR,USD,2027-01-15,761.6900024414062,2026-09-18 23:53:39.265099
SPY270115C00100000,2026-09-14 16:59:09+00:00,100.0,662.04,661.89,665.71,0.0,0.0,5.0,35.0,1.7646496142578125,True,REGULAR,USD,2027-01-15,761.6900024414062,2026-09-18 23:53:39.265099
SPY270115C00105000,2026-06-30 19:12:13+00:00,105.0,643.34,657.41,660.69,0.0,0.0,,8.0,1.7526867834472655,True,REGULAR,USD,2027-01-15,761.6900024414062,2026-09-18 23:53:39.265099
SPY270115C00110000,2026-03-19 18:32:32+00:00,110.0,547.7,599.37,602.88,0.0,0.0,50.0,0.0,1.0000000000000003e-05,True,REGULAR,USD,2027-01-15,761.6900024414062,2026-09-18 23:53:39.265099
SPY270115C00120000,2026-05-15 13:33:27+00:00,120.0,620.0,631.59,634.94,0.0,0.0,1.0,1.0,1.0000000000000003e-05,True,REGULAR,USD,2027-01-15,761.6900024414062,2026-09-18 23:53:39.265099
SPY270115C00130000,2026-03-20 14:14:45+00:00,130.0,525.03,579.53,583.04,0.0,0.0,1.0,0.0,1.0000000000000003e-05,True,REGULAR,USD,2027-01-15,761.6900024414062,2026-09-18 23:53:39.265099
SPY270115C00135000,2026-03-20 14:15:07+00:00,135.0,520.32,574.58,578.08,0.0,0.0,1.0,0.0,1.0000000000000003e-05,True,REGULAR,USD,2027-01-15,761.6900024414062,2026-09-18 23:53:39.265099
SPY270115C00145000,2026-06-26 19:59:58+00:00,145.0,586.16,617.53,620.8,0.0,0.0,10.0,10.0,1.4753444201660155,True,REGULAR,USD,2027-01-15,761.6900024414062,2026-09-18 23:53:39.265099
SPY270115C00150000,2026-09-17 18:01:14+00:00,150.0,612.41,612.62,616.27,0.0,0.0,2.0,2.0,1.4714381896972655,True,REGULAR,USD,2027-01-15,761.6900024414062,2026-09-18 23:53:39.265099
SPY270115C00155000,2026-02-05 17:12:54+00:00,155.0,527.5,505.13,508.97,0.0,0.0,1.0,21.0,1.0000000000000003e-05,True,REGULAR,USD,2027-01-15,761.6900024414062,2026-09-18 23:53:39.265099
SPY270115C00160000,2026-07-01 13:31:00+00:00,160.0,585.53,602.67,605.85,0.0,0.0,1.0,31.0,1.3973418804931639,True,REGULAR,USD,2027-01-15,761.6900024414062,2026-09-18 23:53:39.265099
SPY270115C00165000,2026-09-15 15:22:57+00:00,165.0,592.15,597.9,601.43,0.0,0.0,10.0,115.0,1.4045439929199217,True,REGULAR,USD,2027-01-15,761.6900024414062,2026-09-18 23:53:39.265099
SPY270115C00170000,2026-07-01 13:31:02+00:00,170.0,575.4,592.82,595.9,0.0,0.0,3.0,69.0,1.3526643695068359,True,REGULAR,USD,2027-01-15,761.6900024414062,2026-09-18 23:53:39.265099
SPY270115C00175000,2026-08-20 14:55:55+00:00,175.0,592.6,587.89,591.54,0.0,0.0,6.0,99.0,1.3555940423583983,True,REGULAR,USD,2027-01-15,761.6900024414062,2026-09-18 23:53:39.265099
SPY270115C00180000,2026-05-12 16:48:01+00:00,180.0,552.99,572.37,575.71,0.0,0.0,121.0,252.0,1.0000000000000003e-05,True,REGULAR,USD,2027-01-15,761.6900024414062,2026-09-18 23:53:39.265099
SPY270115C00185000,2026-06-26 19:59:58+00:00,185.0,547.66,578.03,581.11,0.0,0.0,1.0,43.0,1.2948033306884763,True,REGULAR,USD,2027-01-15,761.6900024414062,2026-09-18 23:53:39.265099
SPY270115C00190000,2026-05-07 16:15:23+00:00,190.0,543.55,548.62,551.99,0.0,0.0,,45.0,1.0000000000000003e-05,True,REGULAR,USD,2027-01-15,761.6900024414062,2026-09-18 23:53:39.265099
SPY270115C00195000,2026-09-18 19:27:37+00:00,195.0,568.28,568.23,571.77,0.2800293,0.04930093,67.0,72.0,1.2788121997070312,True,REGULAR,USD,2027-01-15,761.6900024414062,2026-09-18 23:53:39.265099
SPY270115C00200000,2026-09-18 15:24:25+00:00,200.0,561.62,563.29,566.82,-9.52002,-1.6668451,2.0,53.0,1.2596472564697265,True,REGULAR,USD,2027-01-15,761.6900024414062,2026-09-18 23:53:39.265099
SPY270115C00205000,2025-07-28 19:38:27+00:00,205.0,436.75,461.0,464.72,0.0,0.0,75.0,1.0,1.0000000000000003e-05,True,REGULAR,USD,2027-01-15,761.6900024414062,2026-09-18 23:53:39.265099
SPY270115C00210000,2026-07-31 19:17:07+00:00,210.0,538.22,558.58,562.0,0.0,0.0,10.0,10.0,1.4669216107177734,True,REGULAR,USD,2027-01-15,761.6900024414062,2026-09-18 23:53:39.265099
SPY270115C00215000,2025-06-30 16:44:28+00:00,215.0,408.8,451.5,455.3,0.0,0.0,75.0,0.0,1.0000000000000003e-05,True,REGULAR,USD,2027-01-15,761.6900024414062,2026-09-18 23:53:39.265099
SPY270115C00220000,2025-12-29 15:59:24+00:00,220.0,471.91,473.75,477.5,0.0,0.0,2.0,3.0,1.0000000000000003e-05,True,REGULAR,USD,2027-01-15,761.6900024414062,2026-09-18 23:53:39.265099
SPY270115C00230000,2026-06-12 13:40:45+00:00,230.0,509.15,525.5,528.86,0.0,0.0,,2.0,1.0000000000000003e-05,True,REGULAR,USD,2027-01-15,761.6900024414062,2026-09-18 23:53:39.265099
SPY270115C00235000,2026-06-25 13:30:00+00:00,235.0,508.06,528.77,531.86,0.0,0.0,1.0,1.0,1.1298871630859377,True,REGULAR,USD,2027-01-15,761.6900024414062,2026-09-18 23:53:39.265099
SPY270115C00240000,2025-10-08 19:15:27+00:00,240.0,440.19,437.15,440.03,0.0,0.0,5.0,4.0,1.0000000000000003e-05,True,REGULAR,USD,2027-01-15,761.6900024414062,2026-09-18 23:53:39.265099
SPY270115C00250000,2026-08-28 17:18:57+00:00,250.0,520.6,513.85,517.41,0.0,0.0,2.0,51.0,1.0907027886962892,True,REGULAR,USD,2027-01-15,761.6900024414062,2026-09-18 23:53:39.265099
SPY270115C00255000,2025-11-25 20:01:06+00:00,255.0,425.25,441.21,444.5,0.0,0.0,2.0,2.0,1.0000000000000003e-05,True,REGULAR,USD,2027-01-15,761.6900024414062,2026-09-18 23:53:39.265099
SPY270115C00260000,2025-09-08 14:26:21+00:00,260.0,395.84,400.31,405.0,0.0,0.0,2.0,12.0,1.0000000000000003e-05,True,REGULAR,USD,2027-01-15,761.6900024414062,2026-09-18 23:53:39.265099
SPY270115C00265000,2026-01-02 15:03:32+00:00,265.0,427.58,430.63,434.5,0.0,0.0,2.0,2.0,1.0000000000000003e-05,True,REGULAR,USD,2027-01-15,761.6900024414062,2026-09-18 23:53:39.265099
SPY270115C00270000,2026-09-01 18:25:39+00:00,270.0,493.18,493.97,497.65,0.0,0.0,2.0,6.0,1.0291796588134767,True,REGULAR,USD,2027-01-15,761.6900024414062,2026-09-18 23:53:39.265099
SPY270115C00275000,2026-07-01 13:31:00+00:00,275.0,473.29,489.39,492.48,0.0,0.0,2.0,9.0,1.018193385620117,True,REGULAR,USD,2027-01-15,761.6900024414062,2026-09-18 23:53:39.265099
SPY270115C00280000,2026-06-18 13:30:43+00:00,280.0,473.21,461.01,464.6,0.0,0.0,1.0,55.0,1.0000000000000003e-05,True,REGULAR,USD,2027-01-15,761.6900024414062,2026-09-18 23:53:39.265099
SPY270115C00285000,2026-06-18 13:30:43+00:00,285.0,468.35,456.12,459.71,0.0,0.0,1.0,152.0,1.0000000000000003e-05,True,REGULAR,USD,2027-01-15,761.6900024414062,2026-09-18 23:53:39.265099
SPY270115C00290000,2026-07-01 13:31:00+00:00,290.0,458.68,474.63,477.72,0.0,0.0,1.0,7.0,0.9797975653076172,True,REGULAR,USD,2027-01-15,761.6900024414062,2026-09-18 23:53:39.265099
SPY270115C00295000,2026-07-01 18:33:01+00:00,295.0,456.85,469.71,472.8,0.0,0.0,2.0,24.0,0.9672854833984376,True,REGULAR,USD,2027-01-15,761.6900024414062,2026-09-18 23:53:39.265099
SPY270115C00300000,2026-09-17 19:22:08+00:00,300.0,464.4,464.33,468.03,0.0,0.0,3.0,163.0,0.948669946899414,True,REGULAR,USD,2027-01-15,761.6900024414062,2026-09-18 23:53:39.265099
SPY270115C00305000,2026-07-01 13:31:02+00:00,305.0,443.72,459.87,462.96,0.0,0.0,2.0,19.0,0.942810630493164,True,REGULAR,USD,2027-01-15,761.6900024414062,2026-09-18 23:53:39.265099
SPY270115C00310000,2026-07-01 13:31:02+00:00,310.0,438.86,454.95,458.04,0.0,0.0,2.0,5.0,0.9307868249511719,True,REGULAR,USD,2027-01-15,761.6900024414062,2026-09-18 23:53:39.265099
SPY270115C00315000,2026-07-01 13:31:02+00:00,315.0,433.99,450.04,453.13,0.0,0.0,3.0,5.0,0.9191902612304688,True,REGULAR,USD,2027-01-15,761.6900024414062,2026-09-18 23:53:39.265099
SPY270115C00320000,2026-07-01 13:30:37+00:00,320.0,429.1,445.12,448.21,0.0,0.0,4.0,89.0,0.9074716284179687,True,REGULAR,USD,2027-01-15,761.6900024414062,2026-09-18 23:53:39.265099
SPY270115C00325000,2026-07-01 13:30:37+00:00,325.0,424.24,440.2,443.29,0.0,0.0,5.0,24.0,0.8957529956054686,True,REGULAR,USD,2027-01-15,761.6900024414062,2026-09-18 23:53:39.265099
SPY270115C00330000,2026-09-17 17:38:25+00:00,330.0,434.26,434.83,438.42,0.0,0.0,131.0,192.0,0.8771374591064454,True,REGULAR,USD,2027-01-15,761.6900024414062,2026-09-18 23:53:39.265099
SPY270115C00335000,2026-07-01 13:30:37+00:00,335.0,414.52,430.37,433.47,0.0,0.0,3.0,14.0,0.8733533172607422,True,REGULAR,USD,2027-01-15,761.6900024414062,2026-09-18 23:53:39.265099
SPY270115C00340000,2026-09-17 15:37:41+00:00,340.0,423.9,424.96,428.56,0.0,0.0,1.0,25.0,0.8538832971191408,True,REGULAR,USD,2027-01-15,761.6900024414062,2026-09-18 23:53:39.265099
SPY270115C00345000,2026-09-11 15:31:51+00:00,345.0,423.11,420.03,423.63,0.0,0.0,1.0,11.0,0.8425308715820312,True,REGULAR,USD,2027-01-15,761.6900024414062,2026-09-18 23:53:39.265099
SPY270115C00350000,2026-09-17 17:30:12+00:00,350.0,414.35,415.09,418.7,0.0,0.0,258.0,323.0,0.8311174114990234,True,REGULAR,USD,2027-01-15,761.6900024414062,2026-09-18 23:53:39.265099
SPY270115C00355000,2026-05-28 19:57:33+00:00,355.0,406.04,0.0,0.0,0.0,0.0,2.0,0.0,1.0000000000000003e-05,True,REGULAR,USD,2027-01-15,761.6900024414062,2026-09-18 23:53:39.265099
SPY270115C00360000,2026-09-18 14:05:02+00:00,360.0,403.35,405.23,408.84,-8.619995,-2.092384,5.0,25.0,0.809022905883789,True,REGULAR,USD,2027-01-15,761.6900024414062,2026-09-18 23:53:39.265099
SPY270115C00365000,2026-08-10 18:09:22+00:00,365.0,412.0,400.18,403.91,0.0,0.0,10.0,22.0,0.7962666857910157,True,REGULAR,USD,2027-01-15,761.6900024414062,2026-09-18 23:53:39.265099
SPY270115C00370000,2026-09-17 17:26:55+00:00,370.0,394.59,395.37,398.98,0.0,0.0,22.0,132.0,0.7872946075439453,True,REGULAR,USD,2027-01-15,761.6900024414062,2026-09-18 23:53:39.265099
SPY270115C00375000,2026-06-30 19:11:17+00:00,375.0,379.75,391.09,394.19,0.0,0.0,1.0,48.0,0.7881490911865234,True,REGULAR,USD,2027-01-15,761.6900024414062,2026-09-18 23:53:39.265099
SPY270115C00380000,2026-08-11 15:27:55+00:00,380.0,397.09,385.51,389.13,0.0,0.0,1.0,95.0,0.7661766546630859,True,REGULAR,USD,2027-01-15,761.6900024414062,2026-09-18 23:53:39.265099
SPY270115C00385000,2026-09-14 18:54:21+00:00,385.0,380.3,380.46,384.2,0.0,0.0,20.0,22.0,0.7539697454833985,True,REGULAR,USD,2027-01-15,761.6900024414062,2026-09-18 23:53:39.265099
SPY270115C00390000,2026-09-09 14:02:29+00:00,390.0,376.61,375.65,379.28,0.0,0.0,10.0,38.0,0.745394391784668,True,REGULAR,USD,2027-01-15,761.6900024414062,2026-09-18 23:53:39.265099
SPY270115C00395000,2026-08-07 17:05:41+00:00,395.0,382.08,370.73,374.36,0.0,0.0,1.0,13.0,0.735354208984375,True,REGULAR,USD,2027-01-15,761.6900024414062,2026-09-18 23:53:39.265099
SPY270115C00400000,2026-09-18 16:25:40+00:00,400.0,362.49,365.69,369.43,-14.51001,-3.848809,16.0,485.0,0.7236355761718749,True,REGULAR,USD,2027-01-15,761.6900024414062,2026-09-18 23:53:39.265099
SPY270115C00405000,2026-09-14 13:51:50+00:00,405.0,358.39,360.76,364.51,0.0,0.0,1.0,49.0,0.7136259106445313,True,REGULAR,USD,2027-01-15,761.6900024414062,2026-09-18 23:53:39.265099
SPY270115C00410000,2026-08-19 17:07:27+00:00,410.0,364.64,355.96,359.59,0.0,0.0,1.0,102.0,0.7053862469482424,True,REGULAR,USD,2027-01-15,761.6900024414062,2026-09-18 23:53:39.265099
SPY270115C00415000,2026-08-27 15:40:06+00:00,415.0,359.29,351.03,354.67,0.0,0.0,3.0,47.0,0.6954986505126954,True,REGULAR,USD,2027-01-15,761.6900024414062,2026-09-18 23:53:39.265099
SPY270115C00420000,2026-09-01 14:47:35+00:00,420.0,348.21,346.11,349.75,0.0,0.0,1.0,61.0,0.6857941577148439,True,REGULAR,USD,2027-01-15,761.6900024414062,2026-09-18 23:53:39.265099
SPY270115C00425000,2026-09-17 13:53:08+00:00,425.0,339.49,341.08,344.84,0.0,0.0,9.0,71.0,0.6749605258178714,True,REGULAR,USD,2027-01-15,761.6900024414062,2026-09-18 23:53:39.265099
SPY270115C00430000,2026-09-16 19:19:57+00:00,430.0,326.41,336.28,339.96,0.0,0.0,1.0,134.0,0.6673617248535157,True,REGULAR,USD,2027-01-15,761.6900024414062,2026-09-18 23:53:39.265099
SPY270115C00435000,2026-08-27 16:07:27+00:00,435.0,340.79,331.26,335.08,0.0,0.0,1.0,30.0,0.6571079211425781,True,REGULAR,USD,2027-01-15,761.6900024414062,2026-09-18 23:53:39.265099
SPY270115C00440000,2026-09-14 19:55:17+00:00,440.0,325.48,326.37,330.19,0.0,0.0,1.0,101.0,0.6483799810791016,True,REGULAR,USD,2027-01-15,761.6900024414062,2026-09-18 23:53:39.265099
SPY270115C00445000,2026-09-16 18:06:41+00:00,445.0,319.2,321.45,325.28,0.0,0.0,8.0,37.0,0.6391027301025392,True,REGULAR,USD,2027-01-15,761.6900024414062,2026-09-18 23:53:39.265099
SPY270115C00450000,2026-09-17 19:47:04+00:00,450.0,316.69,316.58,320.41,0.0,0.0,1.0,193.0,0.63086306640625,True,REGULAR,USD,2027-01-15,761.6900024414062,2026-09-18 23:53:39.265099
SPY270115C00455000,2026-09-03 13:47:44+00:00,455.0,319.5,311.78,315.52,0.0,0.0,1.0,57.0,0.6231421963500977,True,REGULAR,USD,2027-01-15,761.6900024414062,2026-09-18 23:53:39.265099
SPY270115C00460000,2026-09-03 17:17:44+00:00,460.0,317.29,306.89,310.63,0.0,0.0,1.0,85.0,0.6145058081054688,True,REGULAR,USD,2027-01-15,761.6900024414062,2026-09-18 23:53:39.265099
SPY270115C00465000,2026-09-16 14:27:31+00:00,465.0,298.56,301.99,305.75,0.0,0.0,12.0,69.0,0.60586941986084,True,REGULAR,USD,2027-01-15,761.6900024414062,2026-09-18 23:53:39.265099
SPY270115C00470000,2026-09-17 19:38:56+00:00,470.0,297.4,297.1,300.83,0.0,0.0,3.0,187.0,0.5969583761596681,True,REGULAR,USD,2027-01-15,761.6900024414062,2026-09-18 23:53:39.265099
SPY270115C00475000,2026-08-12 18:32:09+00:00,475.0,305.0,292.1,295.96,0.0,0.0,5.0,71.0,0.5874980215454101,True,REGULAR,USD,2027-01-15,761.6900024414062,2026-09-18 23:53:39.265099
SPY270115C00480000,2026-09-18 13:42:21+00:00,480.0,287.5,287.26,291.09,-3.5899963,-1.2332942,1.0,71.0,0.5796550823974609,True,REGULAR,USD,2027-01-15,761.6900024414062,2026-09-18 23:53:39.265099
SPY270115C00485000,2026-09-16 14:33:16+00:00,485.0,279.05,282.38,286.21,0.0,0.0,2.0,83.0,0.5713238668823243,True,REGULAR,USD,2027-01-15,761.6900024414062,2026-09-18 23:53:39.265099
SPY270115C00490000,2026-09-09 13:55:21+00:00,490.0,279.01,277.5,281.33,0.0,0.0,1.0,137.0,0.5629926513671876,True,REGULAR,USD,2027-01-15,761.6900024414062,2026-09-18 23:53:39.265099
SPY270115C00495000,2026-09-16 14:29:48+00:00,495.0,269.42,272.57,276.44,0.0,0.0,2.0,81.0,0.5541426422119142,True,REGULAR,USD,2027-01-15,761.6900024414062,2026-09-18 23:53:39.265099
SPY270115C00500000,2026-09-16 19:01:36+00:00,500.0,259.74,267.81,271.57,0.0,0.0,3.0,493.0,0.5470321176147462,True,REGULAR,USD,2027-01-15,761.6900024414062,2026-09-18 23:53:39.265099
SPY270115C00505000,2026-07-22 16:26:49+00:00,505.0,255.19,264.29,267.46,0.0,0.0,4.0,61.0,0.5566450585937501,True,REGULAR,USD,2027-01-15,761.6900024414062,2026-09-18 23:53:39.265099
SPY270115C00510000,2026-09-17 17:46:32+00:00,510.0,257.92,258.0,261.82,0.0,0.0,13.0,1408.0,0.530125548400879,True,REGULAR,USD,2027-01-15,761.6900024414062,2026-09-18 23:53:39.265099
SPY270115C00515000,2026-09-15 19:37:15+00:00,515.0,248.0,253.13,256.95,0.0,0.0,5.0,147.0,0.5220384710693358,True,REGULAR,USD,2027-01-15,761.6900024414062,2026-09-18 23:53:39.265099
SPY270115C00520000,2026-09-17 17:57:11+00:00,520.0,248.16,248.2,252.08,0.0,0.0,2.0,212.0,0.5134631173706053,True,REGULAR,USD,2027-01-15,761.6900024414062,2026-09-18 23:53:39.265099
SPY270115C00525000,2026-09-10 16:09:19+00:00,525.0,239.51,243.44,247.21,0.0,0.0,1.0,535.0,0.5062610409545899,True,REGULAR,USD,2027-01-15,761.6900024414062,2026-09-18 23:53:39.265099
SPY270115C00530000,2026-08-28 18:27:43+00:00,530.0,246.41,238.54,242.34,0.0,0.0,1.0,236.0,0.5262803720092774,True,REGULAR,USD,2027-01-15,761.6900024414062,2026-09-18 23:53:39.265099
SPY270115C00535000,2026-07-21 13:40:24+00:00,535.0,221.75,235.31,238.46,0.0,0.0,1.0,177.0,0.5093432855224609,True,REGULAR,USD,2027-01-15,761.6900024414062,2026-09-18 23:53:39.265099
SPY270115C00540000,2026-09-03 14:52:47+00:00,540.0,235.2,228.82,232.62,0.0,0.0,2.0,184.0,0.5093127682495118,True,REGULAR,USD,2027-01-15,761.6900024414062,2026-09-18 23:53:39.265099
SPY270115C00545000,2026-09-10 17:44:37+00:00,545.0,220.37,224.0,227.76,0.0,0.0,2.0,91.0,0.5008289663696289,True,REGULAR,USD,2027-01-15,761.6900024414062,2026-09-18 23:53:39.265099
SPY270115C00550000,2026-09-16 19:25:52+00:00,550.0,207.0,219.12,222.91,0.0,0.0,11.0,1094.0,0.4924824922180176,True,REGULAR,USD,2027-01-15,761.6900024414062,2026-09-18 23:53:39.265099
SPY270115C00555000,2026-09-01 13:42:45+00:00,555.0,214.75,214.27,218.06,0.0,0.0,1.0,157.0,0.48413601806640627,True,REGULAR,USD,2027-01-15,761.6900024414062,2026-09-18 23:53:39.265099
SPY270115C00560000,2026-09-18 14:11:22+00:00,560.0,207.84,209.45,213.22,3.3099976,1.6183434,1.0,275.0,0.47592687164306635,True,REGULAR,USD,2027-01-15,761.6900024414062,2026-09-18 23:53:39.265099
SPY270115C00565000,2026-09-16 15:41:47+00:00,565.0,202.72,204.59,208.38,0.0,0.0,1.0,185.0,0.4676872079467773,True,REGULAR,USD,2027-01-15,761.6900024414062,2026-09-18 23:53:39.265099
SPY270115C00570000,2026-09-16 15:43:02+00:00,570.0,198.0,199.77,203.54,0.0,0.0,3.0,318.0,0.4594628028869629,True,REGULAR,USD,2027-01-15,761.6900024414062,2026-09-18 23:53:39.265099
SPY270115C00575000,2026-09-17 16:12:14+00:00,575.0,194.65,194.84,198.71,0.0,0.0,1.0,1346.0,0.45134520828247077,True,REGULAR,USD,2027-01-15,761.6900024414062,2026-09-18 23:53:39.265099
SPY270115C00580000,2026-09-18 19:14:00+00:00,580.0,190.35,190.02,193.89,0.51000977,0.26865244,3.0,2833.0,0.4433191654968262,True,REGULAR,USD,2027-01-15,761.6900024414062,2026-09-18 23:53:39.265099
SPY270115C00585000,2026-09-18 15:46:50+00:00,585.0,183.36,185.31,189.07,2.6100006,1.4439838,2.0,1720.0,0.43527786407470703,True,REGULAR,USD,2027-01-15,761.6900024414062,2026-09-18 23:53:39.265099
SPY270115C00590000,2026-09-17 19:25:34+00:00,590.0,180.54,180.49,184.26,0.0,0.0,47.0,2171.0,0.42732811447143565,True,REGULAR,USD,2027-01-15,761.6900024414062,2026-09-18 23:53:39.265099
SPY270115C00595000,2026-09-16 14:40:43+00:00,595.0,172.86,175.59,179.45,0.0,0.0,6.0,1026.0,0.4193478475952148,True,REGULAR,USD,2027-01-15,761.6900024414062,2026-09-18 23:53:39.265099
SPY270115C00600000,2026-09-18 15:08:22+00:00,600.0,169.83,171.03,174.54,-0.7200012,-0.4221643,10.0,2637.0,0.41025370025634766,True,REGULAR,USD,2027-01-15,761.6900024414062,2026-09-18 23:53:39.265099
SPY270115C00605000,2026-09-08 20:07:44+00:00,605.0,171.49,166.21,169.86,0.0,0.0,3.0,1684.0,0.4036161933898926,True,REGULAR,USD,2027-01-15,761.6900024414062,2026-09-18 23:53:39.265099
SPY270115C00610000,2026-09-17 17:27:16+00:00,610.0,161.04,161.43,165.08,0.0,0.0,1.0,980.0,0.39584954742431644,True,REGULAR,USD,2027-01-15,761.6900024414062,2026-09-18 23:53:39.265099
SPY270115C00615000,2026-09-16 14:53:44+00:00,615.0,154.07,156.68,160.3,0.0,0.0,9.0,1893.0,0.38803712554931635,True,REGULAR,USD,2027-01-15,761.6900024414062,2026-09-18 23:53:39.265099
SPY270115C00620000,2026-09-17 15:21:33+00:00,620.0,150.6,151.89,155.54,0.0,0.0,2.0,868.0,0.3803772900390625,True,REGULAR,USD,2027-01-15,761.6900024414062,2026-09-18 23:53:39.265099
SPY270115C00625000,2026-09-17 17:21:44+00:00,625.0,147.44,147.13,150.78,0.75,0.51128227,1.0,3840.0,0.3726564199829102,True,REGULAR,USD,2027-01-15,761.6900024414062,2026-09-18 23:53:39.265099
SPY270115C00630000,2026-09-18 16:13:26+00:00,630.0,140.15,142.39,146.05,-2.2100067,-1.552407,21.0,1560.0,0.365164429473877,True,REGULAR,USD,2027-01-15,761.6900024414062,2026-09-18 23:53:39.265099
SPY270115C00635000,2026-09-18 19:48:28+00:00,635.0,137.59,137.7,141.31,0.6499939,0.47465596,1.0,815.0,0.35750459396362305,True,REGULAR,USD,2027-01-15,761.6900024414062,2026-09-18 23:53:39.265099
SPY270115C00640000,2026-09-17 14:33:35+00:00,640.0,132.17,132.98,136.6,0.0,0.0,2.0,797.0,0.35005837936401357,True,REGULAR,USD,2027-01-15,761.6900024414062,2026-09-18 23:53:39.265099
SPY270115C00645000,2026-09-17 17:11:59+00:00,645.0,128.23,128.26,131.9,0.0,0.0,5.0,1164.0,0.3425969061279296,True,REGULAR,USD,2027-01-15,761.6900024414062,2026-09-18 23:53:39.265099
SPY270115C00650000,2026-09-18 17:42:12+00:00,650.0,122.3,123.58,127.22,-1.6100006,-1.2993306,41.0,4887.0,0.3352422433471679,True,REGULAR,USD,2027-01-15,761.6900024414062,2026-09-18 23:53:39.265099
SPY270115C00655000,2026-09-18 16:49:59+00:00,655.0,117.0,118.91,122.55,-2.1299973,-1.7879604,2.0,1464.0,0.327857063293457,True,REGULAR,USD,2027-01-15,761.6900024414062,2026-09-18 23:53:39.265099
SPY270115C00660000,2026-09-18 19:22:45+00:00,660.0,114.41,114.23,117.9,-0.17999268,-0.15707539,12.0,7579.0,0.3205481764221191,True,REGULAR,USD,2027-01-15,761.6900024414062,2026-09-18 23:53:39.265099
SPY270115C00665000,2026-09-18 14:21:40+00:00,665.0,108.0,109.6,113.27,5.7300034,5.60282,1.0,4437.0,0.3132698068237304,True,REGULAR,USD,2027-01-15,761.6900024414062,2026-09-18 23:53:39.265099
SPY270115C00670000,2026-09-18 19:22:45+00:00,670.0,105.33,105.0,108.67,7.1900024,7.326271,48.0,2676.0,0.3061135063171387,True,REGULAR,USD,2027-01-15,761.6900024414062,2026-09-18 23:53:39.265099
SPY270115C00675000,2026-09-18 14:45:37+00:00,675.0,98.77,100.41,104.09,6.7999954,7.39371,4.0,2007.0,0.29897246444702147,True,REGULAR,USD,2027-01-15,761.6900024414062,2026-09-18 23:53:39.265099
SPY270115C00680000,2026-09-18 19:14:51+00:00,680.0,96.23,95.86,99.52,-0.36999512,-0.38301772,20.0,5986.0,0.29177038803100575,True,REGULAR,USD,2027-01-15,761.6900024414062,2026-09-18 23:53:39.265099
SPY270115C00685000,2026-09-18 14:59:13+00:00,685.0,90.53,91.33,95.01,-1.2600021,-1.3727008,26.0,4035.0,0.28484296707153317,True,REGULAR,USD,2027-01-15,761.6900024414062,2026-09-18 23:53:39.265099
SPY270115C00690000,2026-09-18 18:41:48+00:00,690.0,86.57,86.87,90.52,0.80000305,0.9327307,8.0,3084.0,0.2778850288391113,True,REGULAR,USD,2027-01-15,761.6900024414062,2026-09-18 23:53:39.265099
SPY270115C00695000,2026-09-18 18:49:07+00:00,695.0,83.01,83.42,86.07,-0.069999695,-0.08425577,5.0,3230.0,0.27103390106201175,True,REGULAR,USD,2027-01-15,761.6900024414062,2026-09-18 23:53:39.265099
SPY270115C00700000,2026-09-18 19:12:19+00:00,700.0,78.59,77.96,81.66,1.3699951,1.7741454,175.0,9681.0,0.2642285491943359,True,REGULAR,USD,2027-01-15,761.6900024414062,2026-09-18 23:53:39.265099
SPY270115C00705000,2026-09-18 19:16:03+00:00,705.0,74.14,73.6,77.29,1.5,2.064978,6.0,2885.0,0.25748423187255864,True,REGULAR,USD,2027-01-15,761.6900024414062,2026-09-18 23:53:39.265099
SPY270115C00710000,2026-09-18 20:04:11+00:00,710.0,70.23,69.27,72.97,0.69000244,0.99223816,82.0,2773.0,0.2508162077331542,True,REGULAR,USD,2027-01-15,761.6900024414062,2026-09-18 23:53:39.265099
SPY270115C00715000,2026-09-18 20:01:32+00:00,715.0,66.32,64.99,68.69,0.87000275,1.3292632,493.0,2360.0,0.24414818359375,True,REGULAR,USD,2027-01-15,761.6900024414062,2026-09-18 23:53:39.265099
SPY270115C00720000,2026-09-18 20:05:49+00:00,720.0,62.0,60.78,64.48,0.61999893,1.0100993,11.0,5366.0,0.23764037513732908,True,REGULAR,USD,2027-01-15,761.6900024414062,2026-09-18 23:53:39.265099
SPY270115C00725000,2026-09-18 19:50:27+00:00,725.0,57.44,56.63,60.34,1.0900002,1.9343393,30.0,4166.0,0.2312546357727051,True,REGULAR,USD,2027-01-15,761.6900024414062,2026-09-18 23:53:39.265099
SPY270115C00730000,2026-09-18 15:26:47+00:00,730.0,52.32,52.55,56.27,-1.1899986,-2.223881,5.0,4390.0,0.22493756027221679,True,REGULAR,USD,2027-01-15,761.6900024414062,2026-09-18 23:53:39.265099
SPY270115C00735000,2026-09-18 20:08:53+00:00,735.0,50.57,48.56,51.88,1.1699982,2.3684173,10.0,1681.0,0.21630117202758786,True,REGULAR,USD,2027-01-15,761.6900024414062,2026-09-18 23:53:39.265099
SPY270115C00740000,2026-09-18 20:12:01+00:00,740.0,46.97,44.8,48.01,1.6500015,3.64078,19.0,5819.0,0.21044185562133788,True,REGULAR,USD,2027-01-15,761.6900024414062,2026-09-18 23:53:39.265099
SPY270115C00745000,2026-09-18 16:38:17+00:00,745.0,40.12,40.85,44.2,-1.8800011,-4.476193,16.0,4617.0,0.20447572875976558,True,REGULAR,USD,2027-01-15,761.6900024414062,2026-09-18 23:53:39.265099
SPY270115C00750000,2026-09-18 20:02:01+00:00,750.0,38.67,38.01,40.07,0.30999756,0.8081271,133.0,7830.0,0.19612925460815428,True,REGULAR,USD,2027-01-15,761.6900024414062,2026-09-18 23:53:39.265099
SPY270115C00755000,2026-09-18 19:59:58+00:00,755.0,34.51,34.96,35.83,-0.20000076,-0.576205,70.0,4664.0,0.18665364135742188,True,REGULAR,USD,2027-01-15,761.6900024414062,2026-09-18 23:53:39.265099
SPY270115C00760000,2026-09-18 20:00:28+00:00,760.0,31.4,31.54,32.39,0.1800003,0.5765545,453.0,4140.0,0.18122156677246093,True,REGULAR,USD,2027-01-15,761.6900024414062,2026-09-18 23:53:39.265099
SPY270115C00765000,2026-09-18 20:12:02+00:00,765.0,29.0,28.29,29.09,0.79999924,2.8368766,362.0,6283.0,0.1759191905975342,False,REGULAR,USD,2027-01-15,761.6900024414062,2026-09-18 23:53:39.265099
SPY270115C00770000,2026-09-18 20:10:26+00:00,770.0,25.6,25.57,25.69,0.65999985,2.6463506,246.0,10989.0,0.16931220100402833,False,REGULAR,USD,2027-01-15,761.6900024414062,2026-09-18 23:53:39.265099
SPY270115C00775000,2026-09-18 20:11:45+00:00,775.0,22.8,22.64,22.76,0.61999893,2.7953062,257.0,7837.0,0.16460491165161134,False,REGULAR,USD,2027-01-15,761.6900024414062,2026-09-18 23:53:39.265099
SPY270115C00780000,2026-09-18 20:12:14+00:00,780.0,20.03,19.88,20.01,0.62000084,3.1942341,438.0,9279.0,0.16007309661865232,False,REGULAR,USD,2027-01-15,761.6900024414062,2026-09-18 23:53:39.265099
SPY270115C00785000,2026-09-18 19:54:41+00:00,785.0,16.7,17.36,17.47,-0.03999901,-0.2389427,105.0,5611.0,0.1558693422698975,False,REGULAR,USD,2027-01-15,761.6900024414062,2026-09-18 23:53:39.265099
SPY270115C00790000,2026-09-18 19:29:01+00:00,790.0,14.32,15.03,15.14,-0.20000076,-1.3774157,205.0,6338.0,0.15194024337768558,False,REGULAR,USD,2027-01-15,761.6900024414062,2026-09-18 23:53:39.265099
SPY270115C00795000,2026-09-18 18:26:56+00:00,795.0,12.0,12.92,13.03,-0.71000004,-5.5861526,102.0,9829.0,0.14835446380615236,False,REGULAR,USD,2027-01-15,761.6900024414062,2026-09-18 23:53:39.265099
SPY270115C00800000,2026-09-18 20:13:09+00:00,800.0,11.09,11.04,11.14,0.3800001,3.548087,842.0,25217.0,0.14510437423706057,False,REGULAR,USD,2027-01-15,761.6900024414062,2026-09-18 23:53:39.265099
SPY270115C00805000,2026-09-18 19:42:51+00:00,805.0,8.9,9.39,9.46,-0.39000034,-4.198066,149.0,7004.0,0.14217471603393556,False,REGULAR,USD,2027-01-15,761.6900024414062,2026-09-18 23:53:39.265099
SPY270115C00810000,2026-09-18 20:10:02+00:00,810.0,7.87,7.9,7.99,0.069999695,0.89743197,1229.0,4925.0,0.13958074783325197,False,REGULAR,USD,2027-01-15,761.6900024414062,2026-09-18 23:53:39.265099
SPY270115C00815000,2026-09-18 20:06:44+00:00,815.0,6.59,6.65,6.69,0.10000038,1.540838,21.0,8812.0,0.13713936599731447,False,REGULAR,USD,2027-01-15,761.6900024414062,2026-09-18 23:53:39.265099
SPY270115C00820000,2026-09-18 20:05:50+00:00,820.0,5.5,5.55,5.59,0.17000008,3.1894948,165.0,6673.0,0.13515574325561525,False,REGULAR,USD,2027-01-15,761.6900024414062,2026-09-18 23:53:39.265099
SPY270115C00825000,2026-09-18 20:11:29+00:00,825.0,4.66,4.62,4.65,0.15999985,3.5555522,117.0,10981.0,0.13344677597045895,False,REGULAR,USD,2027-01-15,761.6900024414062,2026-09-18 23:53:39.265099
SPY270115C00830000,2026-09-18 20:11:45+00:00,830.0,3.87,3.82,3.85,0.12999988,3.4759326,15.0,5074.0,0.1319514295959473,False,REGULAR,USD,2027-01-15,761.6900024414062,2026-09-18 23:53:39.265099
SPY270115C00835000,2026-09-18 19:12:58+00:00,835.0,2.95,3.14,3.18,-0.059999943,-1.9933536,49.0,5762.0,0.1307154800415039,False,REGULAR,USD,2027-01-15,761.6900024414062,2026-09-18 23:53:39.265099
SPY270115C00840000,2026-09-18 20:10:11+00:00,840.0,2.57,2.58,2.62,0.06999993,2.7999973,37.0,6811.0,0.12970841003417968,False,REGULAR,USD,2027-01-15,761.6900024414062,2026-09-18 23:53:39.265099
SPY270115C00845000,2026-09-18 19:48:33+00:00,845.0,2.0,2.11,2.15,-0.059999943,-2.9126186,6.0,4954.0,0.1288234091186523,False,REGULAR,USD,2027-01-15,761.6900024414062,2026-09-18 23:53:39.265099
SPY270115C00850000,2026-09-18 20:09:23+00:00,850.0,1.71,1.73,1.76,-0.01999998,-1.1560682,66.0,15083.0,0.1281215118408203,False,REGULAR,USD,2027-01-15,761.6900024414062,2026-09-18 23:53:39.265099
SPY270115C00855000,2026-09-18 19:25:21+00:00,855.0,1.31,1.41,1.44,-0.07000005,-5.072468,7.0,8536.0,0.12757220092773439,False,REGULAR,USD,2027-01-15,761.6900024414062,2026-09-18 23:53:39.265099
SPY270115C00860000,2026-09-18 19:41:53+00:00,860.0,1.08,1.16,1.19,-0.029999971,-2.7027001,26.0,4440.0,0.1274501318359375,False,REGULAR,USD,2027-01-15,761.6900024414062,2026-09-18 23:53:39.265099
SPY270115C00865000,2026-09-18 18:37:34+00:00,865.0,0.84,0.95,0.98,-0.100000024,-10.6383,24.0,6257.0,0.12738909729003906,False,REGULAR,USD,2027-01-15,761.6900024414062,2026-09-18 23:53:39.265099
SPY270115C00870000,2026-09-18 20:00:45+00:00,870.0,0.77,0.79,0.81,-0.00999999,-1.2820501,13.0,9379.0,0.1274501318359375,False,REGULAR,USD,2027-01-15,761.6900024414062,2026-09-18 23:53:39.265099
SPY270115C00875000,2026-09-18 19:14:29+00:00,875.0,0.61,0.65,0.67,0.0,0.0,56.0,7705.0,0.1276332354736328,False,REGULAR,USD,2027-01-15,761.6900024414062,2026-09-18 23:53:39.265099
SPY270115C00880000,2026-09-17 19:42:29+00:00,880.0,0.54,0.55,0.57,0.0,0.0,17.0,18326.0,0.12848771911621093,False,REGULAR,USD,2027-01-15,761.6900024414062,2026-09-18 23:53:39.265099
SPY270115C00885000,2026-09-18 16:23:22+00:00,885.0,0.41,0.46,0.48,-0.03999999,-8.888887,10.0,6352.0,0.1290980645751953,False,REGULAR,USD,2027-01-15,761.6900024414062,2026-09-18 23:53:39.265099
SPY270115C00890000,2026-09-18 19:33:47+00:00,890.0,0.37,0.39,0.41,-0.030000001,-7.5,49.0,7927.0,0.13001358276367186,False,REGULAR,USD,2027-01-15,761.6900024414062,2026-09-18 23:53:39.265099
SPY270115C00895000,2026-09-18 19:03:53+00:00,895.0,0.31,0.34,0.35,0.0,0.0,26.0,1826.0,0.13086806640624998,False,REGULAR,USD,2027-01-15,761.6900024414062,2026-09-18 23:53:39.265099
SPY270115C00900000,2026-09-18 20:02:59+00:00,900.0,0.29,0.29,0.3,0.0,0.0,591.0,27221.0,0.131844619140625,False,REGULAR,USD,2027-01-15,761.6900024414062,2026-09-18 23:53:39.265099
SPY270115C00905000,2026-09-17 15:27:54+00:00,905.0,0.24,0.25,0.27,0.0,0.0,118.0,4355.0,0.13367565551757812,False,REGULAR,USD,2027-01-15,761.6900024414062,2026-09-18 23:53:39.265099
SPY270115C00910000,2026-09-17 15:14:28+00:00,910.0,0.21,0.22,0.24,0.0,0.0,1.0,4862.0,0.13526255371093754,False,REGULAR,USD,2027-01-15,761.6900024414062,2026-09-18 23:53:39.265099
SPY270115C00915000,2026-09-17 15:14:18+00:00,915.0,0.18,0.2,0.22,0.0,0.0,1.0,3507.0,0.13721565917968753,False,REGULAR,USD,2027-01-15,761.6900024414062,2026-09-18 23:53:39.265099
SPY270115C00920000,2026-09-17 15:50:47+00:00,920.0,0.18,0.18,0.19,0.0,0.0,201.0,1576.0,0.1381922119140625,False,REGULAR,USD,2027-01-15,761.6900024414062,2026-09-18 23:53:39.265099
SPY270115C00925000,2026-09-17 19:03:43+00:00,925.0,0.17,0.16,0.18,0.010000005,6.2500033,30.0,1816.0,0.14063359375,False,REGULAR,USD,2027-01-15,761.6900024414062,2026-09-18 23:53:39.265099
SPY270115C00930000,2026-09-18 19:33:37+00:00,930.0,0.14,0.14,0.16,0.0,0.0,30.0,586.0,0.1420984228515625,False,REGULAR,USD,2027-01-15,761.6900024414062,2026-09-18 23:53:39.265099
SPY270115C00935000,2026-09-02 15:05:44+00:00,935.0,0.18,0.13,0.15,0.0,0.0,14.0,1074.0,0.14429566650390624,False,REGULAR,USD,2027-01-15,761.6900024414062,2026-09-18 23:53:39.265099
SPY270115C00940000,2026-09-18 18:54:06+00:00,940.0,0.11,0.12,0.13,-0.009999998,-8.333331,112.0,418.0,0.14527221923828126,False,REGULAR,USD,2027-01-15,761.6900024414062,2026-09-18 23:53:39.265099
SPY270115C00945000,2026-09-16 19:47:36+00:00,945.0,0.1,0.11,0.12,0.0,0.0,6.0,264.0,0.1469811865234375,False,REGULAR,USD,2027-01-15,761.6900024414062,2026-09-18 23:53:39.265099
SPY270115C00950000,2026-09-18 18:07:56+00:00,950.0,0.1,0.1,0.11,-0.009999998,-9.090907,103.0,2606.0,0.1489342919921875,False,REGULAR,USD,2027-01-15,761.6900024414062,2026-09-18 23:53:39.265099
SPY270115C00955000,2026-09-16 18:19:36+00:00,955.0,0.07,0.09,0.1,0.0,0.0,2.0,427.0,0.15039912109375003,False,REGULAR,USD,2027-01-15,761.6900024414062,2026-09-18 23:53:39.265099
SPY270115C00960000,2026-09-18 14:24:05+00:00,960.0,0.08,0.08,0.1,0.0,0.0,301.0,6311.0,0.15332877929687502,False,REGULAR,USD,2027-01-15,761.6900024414062,2026-09-18 23:53:39.265099
SPY270115C00965000,2026-09-15 14:45:21+00:00,965.0,0.07,0.07,0.09,0.0,0.0,1.0,234.0,0.15479360839843753,False,REGULAR,USD,2027-01-15,761.6900024414062,2026-09-18 23:53:39.265099
SPY270115C00970000,2026-09-15 17:55:59+00:00,970.0,0.06,0.07,0.08,0.0,0.0,2.0,636.0,0.1557701611328125,False,REGULAR,USD,2027-01-15,761.6900024414062,2026-09-18 23:53:39.265099
SPY270115C00975000,2026-09-18 18:58:40+00:00,975.0,0.06,0.06,0.08,-0.010000002,-14.285716,90.0,3317.0,0.15869981933593752,False,REGULAR,USD,2027-01-15,761.6900024414062,2026-09-18 23:53:39.265099
SPY270115C00980000,2026-09-16 18:54:14+00:00,980.0,0.05,0.06,0.07,0.0,0.0,140.0,1426.0,0.1596763720703125,False,REGULAR,USD,2027-01-15,761.6900024414062,2026-09-18 23:53:39.265099
SPY270115C00985000,2026-09-16 18:54:37+00:00,985.0,0.06,0.05,0.07,0.0,0.0,31.0,1066.0,0.1626060302734375,False,REGULAR,USD,2027-01-15,761.6900024414062,2026-09-18 23:53:39.265099
SPY270115C00990000,2026-09-16 18:55:14+00:00,990.0,0.05,0.05,0.06,0.0,0.0,60.0,1866.0,0.1626060302734375,False,REGULAR,USD,2027-01-15,761.6900024414062,2026-09-18 23:53:39.265099
SPY270115C00995000,2026-09-16 19:46:23+00:00,995.0,0.04,0.04,0.06,0.0,0.0,65.0,1086.0,0.16553568847656253,False,REGULAR,USD,2027-01-15,761.6900024414062,2026-09-18 23:53:39.265099
SPY270115C01000000,2026-09-18 19:36:23+00:00,1000.0,0.04,0.05,0.06,-0.010000002,-20.000002,95.0,23174.0,0.16846534667968754,False,REGULAR,USD,2027-01-15,761.6900024414062,2026-09-18 23:53:39.265099
SPY270115C01010000,2026-09-15 17:56:09+00:00,1010.0,0.04,0.03,0.05,0.0,0.0,46.0,822.0,0.17090672851562502,False,REGULAR,USD,2027-01-15,761.6900024414062,2026-09-18 23:53:39.265099
SPY270115C01020000,2026-09-04 13:31:53+00:00,1020.0,0.04,0.03,0.04,-0.02,-33.333336,250.0,2208.0,0.17285983398437502,False,REGULAR,USD,2027-01-15,761.6900024414062,2026-09-18 23:53:39.265099
SPY270115C01030000,2026-09-16 19:53:15+00:00,1030.0,0.02,0.02,0.04,0.0,0.0,1.0,1311.0,0.17774259765625,False,REGULAR,USD,2027-01-15,761.6900024414062,2026-09-18 23:53:39.265099
SPY270115C01040000,2026-09-18 13:37:33+00:00,1040.0,0.03,0.02,0.04,0.0,0.0,1.0,2128.0,0.18311363769531247,False,REGULAR,USD,2027-01-15,761.6900024414062,2026-09-18 23:53:39.265099
SPY270115C01050000,2026-09-16 19:46:02+00:00,1050.0,0.03,0.02,0.03,0.0,0.0,5.0,3957.0,0.18360191406249998,False,REGULAR,USD,2027-01-15,761.6900024414062,2026-09-18 23:53:39.265099
SPY270115C01060000,2026-08-18 13:30:01+00:00,1060.0,0.05,0.01,0.03,0.0,0.0,25.0,4829.0,0.188484677734375,False,REGULAR,USD,2027-01-15,761.6900024414062,2026-09-18 23:53:39.265099
SPY270115C01070000,2026-09-03 17:25:52+00:00,1070.0,0.03,0.01,0.03,0.0,0.0,1.0,770.0,0.19336744140625,False,REGULAR,USD,2027-01-15,761.6900024414062,2026-09-18 23:53:39.265099
SPY270115C01080000,2026-09-17 18:12:49+00:00,1080.0,0.02,0.01,0.03,0.0,0.0,7.0,2306.0,0.198250205078125,False,REGULAR,USD,2027-01-15,761.6900024414062,2026-09-18 23:53:39.265099
SPY270115C01090000,2026-09-15 15:46:15+00:00,1090.0,0.01,0.01,0.03,0.0,0.0,1.0,466.0,0.20313296874999998,False,REGULAR,USD,2027-01-15,761.6900024414062,2026-09-18 23:53:39.265099
SPY270115C01100000,2026-09-14 14:31:35+00:00,1100.0,0.02,0.01,0.03,0.01,100.0,1.0,622.0,0.20703917968749996,False,REGULAR,USD,2027-01-15,761.6900024414062,2026-09-18 23:53:39.265099
SPY270115C01110000,2026-09-02 18:54:50+00:00,1110.0,0.03,0.01,0.02,0.0,0.0,1.0,203.0,0.20508607421874997,False,REGULAR,USD,2027-01-15,761.6900024414062,2026-09-18 23:53:39.265099
SPY270115C01120000,2026-09-04 13:37:15+00:00,1120.0,0.02,0.01,0.02,0.0,0.0,4.0,165.0,0.20899228515624996,False,REGULAR,USD,2027-01-15,761.6900024414062,2026-09-18 23:53:39.265099
SPY270115C01130000,2026-08-10 13:30:01+00:00,1130.0,0.05,0.01,0.02,0.0,0.0,5.0,204.0,0.213875048828125,False,REGULAR,USD,2027-01-15,761.6900024414062,2026-09-18 23:53:39.265099
SPY270115C01140000,2026-08-05 16:00:01+00:00,1140.0,0.05,0.01,0.03,0.0,0.0,2.0,476.0,0.225593681640625,False,REGULAR,USD,2027-01-15,761.6900024414062,2026-09-18 23:53:39.265099
SPY270115C01150000,2026-09-10 14:05:00+00:00,1150.0,0.02,0.0,0.02,0.0,0.0,2.0,863.0,0.22266402343749997,False,REGULAR,USD,2027-01-15,761.6900024414062,2026-09-18 23:53:39.265099
SPY270115C01160000,2026-09-18 15:16:46+00:00,1160.0,0.01,0.01,0.02,0.0,0.0,1.0,1801.0,0.22657023437499998,False,REGULAR,USD,2027-01-15,761.6900024414062,2026-09-18 23:53:39.265099
SPY270115C01170000,2026-09-10 14:03:32+00:00,1170.0,0.01,0.0,0.02,0.0,0.0,3.0,1504.0,0.2304764453125,False,REGULAR,USD,2027-01-15,761.6900024414062,2026-09-18 23:53:39.265099
SPY270115C01180000,2026-09-15 19:02:08+00:00,1180.0,0.01,0.0,0.02,0.0,0.0,1.0,1052.0,0.23438265625,False,REGULAR,USD,2027-01-15,761.6900024414062,2026-09-18 23:53:39.265099
SPY270115C01190000,2026-09-17 18:12:47+00:00,1190.0,0.01,0.0,0.02,0.0,0.0,2.0,404.0,0.24024197265624997,False,REGULAR,USD,2027-01-15,761.6900024414062,2026-09-18 23:53:39.265099
SPY270115C01200000,2026-09-15 13:31:13+00:00,1200.0,0.01,0.0,0.02,0.0,0.0,1.0,3023.0,0.24414818359375,False,REGULAR,USD,2027-01-15,761.6900024414062,2026-09-18 23:53:39.265099
SPY270115C01210000,2026-09-11 16:10:03+00:00,1210.0,0.01,0.0,0.02,0.0,0.0,86.0,1202.0,0.24805439453125,False,REGULAR,USD,2027-01-15,761.6900024414062,2026-09-18 23:53:39.265099
SPY270115C01220000,2026-09-11 16:10:06+00:00,1220.0,0.01,0.0,0.02,0.0,0.0,86.0,3342.0,0.25196060546875,False,REGULAR,USD,2027-01-15,761.6900024414062,2026-09-18 23:53:39.265099
SPY270115C01230000,2026-08-31 13:36:07+00:00,1230.0,0.01,0.0,0.02,0.0,0.0,10.0,4049.0,0.25586681640625003,False,REGULAR,USD,2027-01-15,761.6900024414062,2026-09-18 23:53:39.265099
SPY270115C01240000,2026-09-01 16:12:17+00:00,1240.0,0.01,0.0,0.02,0.0,0.0,10.0,225.0,0.25977302734375,False,REGULAR,USD,2027-01-15,761.6900024414062,2026-09-18 23:53:39.265099
SPY270115C01250000,2026-08-24 19:29:09+00:00,1250.0,0.01,0.0,0.01,0.0,0.0,3.0,509.0,0.2500075,False,REGULAR,USD,2027-01-15,761.6900024414062,2026-09-18 23:53:39.265099
SPY270115C01260000,2026-08-24 19:29:09+00:00,1260.0,0.01,0.0,0.01,0.0,0.0,3.0,243.0,0.25391371093750004,False,REGULAR,USD,2027-01-15,761.6900024414062,2026-09-18 23:53:39.265099
SPY270115C01270000,2026-09-10 16:06:33+00:00,1270.0,0.01,0.0,0.01,0.0,0.0,1.0,321.0,0.257819921875,False,REGULAR,USD,2027-01-15,761.6900024414062,2026-09-18 23:53:39.265099
SPY270115C01280000,2026-09-15 17:11:44+00:00,1280.0,0.01,0.0,0.01,0.0,0.0,4.0,1699.0,0.2617261328125,False,REGULAR,USD,2027-01-15,761.6900024414062,2026-09-18 23:53:39.265099
SPY270115C01290000,2026-09-08 15:50:59+00:00,1290.0,0.01,0.0,0.01,0.0,0.0,117.0,3502.0,0.26563234375,False,REGULAR,USD,2027-01-15,761.6900024414062,2026-09-18 23:53:39.265099
SPY270115C01300000,2026-08-26 13:56:28+00:00,1300.0,0.01,0.0,0.01,0.0,0.0,20.0,1405.0,0.2695385546875,False,REGULAR,USD,2027-01-15,761.6900024414062,2026-09-18 23:53:39.265099
SPY270115C01310000,2026-09-08 13:30:04+00:00,1310.0,0.01,0.0,0.01,0.0,0.0,2.0,519.0,0.273444765625,False,REGULAR,USD,2027-01-15,761.6900024414062,2026-09-18 23:53:39.265099
SPY270115C01320000,2026-08-28 13:51:58+00:00,1320.0,0.01,0.0,0.01,0.0,0.0,10.0,154.0,0.27735097656249996,False,REGULAR,USD,2027-01-15,761.6900024414062,2026-09-18 23:53:39.265099
SPY270115C01330000,2026-08-31 13:58:53+00:00,1330.0,0.01,0.0,0.01,0.0,0.0,36.0,2392.0,0.27735097656249996,False,REGULAR,USD,2027-01-15,761.6900024414062,2026-09-18 23:53:39.265099
SPY270115C01340000,2026-08-28 13:32:24+00:00,1340.0,0.01,0.0,0.01,0.0,0.0,10.0,1647.0,0.28125718749999995,False,REGULAR,USD,2027-01-15,761.6900024414062,2026-09-18 23:53:39.265099
SPY270115C01350000,2026-08-19 13:33:27+00:00,1350.0,0.01,0.0,0.01,0.0,0.0,10.0,26.0,0.28516339843749994,False,REGULAR,USD,2027-01-15,761.6900024414062,2026-09-18 23:53:39.265099
SPY270115C01360000,2026-08-14 13:48:53+00:00,1360.0,0.01,0.0,0.01,0.0,0.0,20.0,22.0,0.2890696093749999,False,REGULAR,USD,2027-01-15,761.6900024414062,2026-09-18 23:53:39.265099
SPY270115C01370000,2026-08-17 13:32:10+00:00,1370.0,0.01,0.0,0.01,0.0,0.0,10.0,60.0,0.2929758203124999,False,REGULAR,USD,2027-01-15,761.6900024414062,2026-09-18 23:53:39.265099
SPY270115C01380000,2026-08-13 13:42:03+00:00,1380.0,0.01,0.0,0.01,0.0,0.0,10.0,722.0,0.29688203124999996,False,REGULAR,USD,2027-01-15,761.6900024414062,2026-09-18 23:53:39.265099
SPY270115C01390000,2026-06-22 13:30:01+00:00,1390.0,0.03,0.0,0.02,0.0,0.0,,1.0,0.31445998046874996,False,REGULAR,USD,2027-01-15,761.6900024414062,2026-09-18 23:53:39.265099
SPY270115C01400000,2026-08-13 14:12:31+00:00,1400.0,0.01,0.0,0.01,0.0,0.0,1.0,6.0,0.3007882421875,False,REGULAR,USD,2027-01-15,761.6900024414062,2026-09-18 23:53:39.265099
SPY270115C01410000,2026-08-13 14:13:11+00:00,1410.0,0.01,0.0,0.01,0.0,0.0,9.0,10.0,0.304694453125,False,REGULAR,USD,2027-01-15,761.6900024414062,2026-09-18 23:53:39.265099
SPY270115C01420000,2026-08-04 16:54:06+00:00,1420.0,0.01,0.0,0.01,0.0,0.0,1.0,36.0,0.3086006640625,False,REGULAR,USD,2027-01-15,761.6900024414062,2026-09-18 23:53:39.265099
SPY270115C01430000,2026-08-04 18:07:48+00:00,1430.0,0.01,0.0,0.01,0.0,0.0,1.0,23.0,0.31250687499999996,False,REGULAR,USD,2027-01-15,761.6900024414062,2026-09-18 23:53:39.265099
SPY270115C01440000,2026-08-04 18:08:20+00:00,1440.0,0.01,0.0,0.01,0.0,0.0,2.0,77.0,0.31641308593749995,False,REGULAR,USD,2027-01-15,761.6900024414062,2026-09-18 23:53:39.265099
SPY270115C01450000,2026-08-03 17:23:46+00:00,1450.0,0.01,0.0,0.01,0.0,0.0,5.0,19.0,0.31641308593749995,False,REGULAR,USD,2027-01-15,761.6900024414062,2026-09-18 23:53:39.265099
SPY270115C01460000,2026-08-04 19:56:31+00:00,1460.0,0.01,0.0,0.01,0.0,0.0,3.0,24.0,0.32031929687499994,False,REGULAR,USD,2027-01-15,761.6900024414062,2026-09-18 23:53:39.265099
SPY270115C01470000,2026-08-06 14:16:04+00:00,1470.0,0.01,0.0,0.01,0.0,0.0,3.0,112.0,0.3242255078124999,False,REGULAR,USD,2027-01-15,761.6900024414062,2026-09-18 23:53:39.265099
SPY270115C01480000,2026-09-14 18:26:52+00:00,1480.0,0.01,0.0,0.01,0.0,0.0,99.0,338.0,0.32813171874999997,False,REGULAR,USD,2027-01-15,761.6900024414062,2026-09-18 23:53:39.265099
SPY270129C00485000,2026-09-16 14:31:56+00:00,485.0,280.12,283.41,287.27,0.0,0.0,2.0,9.0,0.5586897158813476,True,REGULAR,USD,2027-01-29,761.6900024414062,2026-09-18 23:53:39.265099
SPY270129C00490000,2026-08-18 18:34:15+00:00,490.0,285.98,278.54,282.41,0.0,0.0,,13.0,0.5506941903686525,True,REGULAR,USD,2027-01-29,761.6900024414062,2026-09-18 23:53:39.265099
SPY270129C00495000,2026-08-05 13:30:36+00:00,495.0,290.38,279.43,282.95,0.0,0.0,,1.0,0.6232642654418946,True,REGULAR,USD,2027-01-29,761.6900024414062,2026-09-18 23:53:39.265099
SPY270129C00500000,2026-09-01 14:06:58+00:00,500.0,269.61,268.81,272.69,0.0,0.0,15.0,16.0,0.5348557257080078,True,REGULAR,USD,2027-01-29,761.6900024414062,2026-09-18 23:53:39.265099
SPY270129C00505000,2026-08-28 16:41:52+00:00,505.0,272.49,263.95,267.84,0.0,0.0,,1.0,0.5270433038330078,True,REGULAR,USD,2027-01-29,761.6900024414062,2026-09-18 23:53:39.265099
SPY270129C00520000,2026-09-14 15:03:33+00:00,520.0,245.46,249.39,253.28,0.0,0.0,3.0,25.0,0.503758624572754,True,REGULAR,USD,2027-01-29,761.6900024414062,2026-09-18 23:53:39.265099
SPY270129C00525000,2026-09-11 13:46:24+00:00,525.0,248.25,244.65,248.43,0.0,0.0,,30.0,0.5226793338012695,True,REGULAR,USD,2027-01-29,761.6900024414062,2026-09-18 23:53:39.265099
SPY270129C00540000,2026-08-20 19:20:54+00:00,540.0,233.26,230.01,233.92,0.0,0.0,,1.0,0.4985249122619629,True,REGULAR,USD,2027-01-29,761.6900024414062,2026-09-18 23:53:39.265099
SPY270129C00550000,2026-09-18 14:46:01+00:00,550.0,218.39,220.32,224.26,-13.5099945,-5.825785,2.0,5.0,0.4825948957824708,True,REGULAR,USD,2027-01-29,761.6900024414062,2026-09-18 23:53:39.265099
SPY270129C00560000,2026-09-18 14:50:32+00:00,560.0,209.16,210.67,214.64,-16.940002,-7.492261,4.0,7.0,0.46710737976074224,True,REGULAR,USD,2027-01-29,761.6900024414062,2026-09-18 23:53:39.265099
SPY270129C00565000,2026-08-14 19:39:00+00:00,565.0,221.87,205.88,209.8,0.0,0.0,,1.0,0.4590203024291992,True,REGULAR,USD,2027-01-29,761.6900024414062,2026-09-18 23:53:39.265099
SPY270129C00570000,2026-09-18 14:50:32+00:00,570.0,199.54,201.05,205.02,-5.450012,-2.658672,2.0,1.0,0.45157408782958985,True,REGULAR,USD,2027-01-29,761.6900024414062,2026-09-18 23:53:39.265099
SPY270129C00575000,2026-08-31 13:54:22+00:00,575.0,201.49,196.36,200.21,0.0,0.0,,2.0,0.443792183227539,True,REGULAR,USD,2027-01-29,761.6900024414062,2026-09-18 23:53:39.265099
SPY270129C00580000,2026-09-18 14:50:31+00:00,580.0,189.95,191.56,195.43,-11.040009,-5.4928145,2.0,3.0,0.43630019271850584,True,REGULAR,USD,2027-01-29,761.6900024414062,2026-09-18 23:53:39.265099
SPY270129C00595000,2026-08-20 13:39:33+00:00,595.0,184.71,177.25,180.9,0.0,0.0,7.0,8.0,0.41174904663085937,True,REGULAR,USD,2027-01-29,761.6900024414062,2026-09-18 23:53:39.265099
SPY270129C00600000,2026-08-13 18:32:23+00:00,600.0,190.02,172.48,176.13,0.0,0.0,1.0,21.0,0.40427231475830083,True,REGULAR,USD,2027-01-29,761.6900024414062,2026-09-18 23:53:39.265099
SPY270129C00605000,2026-07-28 19:19:10+00:00,605.0,154.35,173.51,177.03,0.0,0.0,,1.0,0.4490106369018554,True,REGULAR,USD,2027-01-29,761.6900024414062,2026-09-18 23:53:39.265099
SPY270129C00610000,2026-09-09 16:08:35+00:00,610.0,162.98,162.95,166.6,0.0,0.0,,18.0,0.38930359237670903,True,REGULAR,USD,2027-01-29,761.6900024414062,2026-09-18 23:53:39.265099
SPY270129C00615000,2026-09-14 15:46:56+00:00,615.0,157.95,158.2,161.86,0.0,0.0,3.0,4.0,0.38199470550537107,True,REGULAR,USD,2027-01-29,761.6900024414062,2026-09-18 23:53:39.265099
SPY270129C00630000,2026-08-12 18:30:53+00:00,630.0,158.27,144.03,147.69,0.0,0.0,1.0,1.0,0.360159596710205,True,REGULAR,USD,2027-01-29,761.6900024414062,2026-09-18 23:53:39.265099
SPY270129C00640000,2026-09-11 16:13:59+00:00,640.0,138.18,134.65,138.31,0.0,0.0,1.0,16.0,0.34584699569702143,True,REGULAR,USD,2027-01-29,761.6900024414062,2026-09-18 23:53:39.265099
SPY270129C00645000,2026-08-17 15:37:26+00:00,645.0,146.06,129.98,133.64,0.0,0.0,,3.0,0.33875172973632806,True,REGULAR,USD,2027-01-29,761.6900024414062,2026-09-18 23:53:39.265099
SPY270129C00650000,2026-09-18 14:50:08+00:00,650.0,124.01,125.33,129.0,2.3600006,1.9399923,3.0,14.0,0.33179379150390625,True,REGULAR,USD,2027-01-29,761.6900024414062,2026-09-18 23:53:39.265099
SPY270129C00655000,2026-09-16 16:13:14+00:00,655.0,119.96,120.69,124.36,0.0,0.0,15.0,16.0,0.32474430145263666,True,REGULAR,USD,2027-01-29,761.6900024414062,2026-09-18 23:53:39.265099
SPY270129C00660000,2026-09-17 17:26:19+00:00,660.0,116.23,116.08,119.75,0.0,0.0,1.0,9.0,0.31781688049316403,True,REGULAR,USD,2027-01-29,761.6900024414062,2026-09-18 23:53:39.265099
SPY270129C00665000,2026-09-17 17:26:40+00:00,665.0,111.4,111.49,115.16,0.0,0.0,2.0,3.0,0.3109352354431152,True,REGULAR,USD,2027-01-29,761.6900024414062,2026-09-18 23:53:39.265099
SPY270129C00670000,2026-08-31 18:11:55+00:00,670.0,112.77,106.92,110.59,0.0,0.0,,0.0,0.30406884902954096,True,REGULAR,USD,2027-01-29,761.6900024414062,2026-09-18 23:53:39.265099
SPY270129C00671000,2026-09-16 20:03:13+00:00,671.0,99.43,106.01,109.68,0.0,0.0,9.0,9.0,0.3027108303833008,True,REGULAR,USD,2027-01-29,761.6900024414062,2026-09-18 23:53:39.265099
SPY270129C00673000,2026-09-14 18:41:49+00:00,673.0,105.0,105.2,107.19,0.0,0.0,1.0,1.0,0.29505862419128415,True,REGULAR,USD,2027-01-29,761.6900024414062,2026-09-18 23:53:39.265099
SPY270129C00674000,2026-09-10 14:24:41+00:00,674.0,102.5,103.28,106.59,0.0,0.0,,1.0,0.29598177169799805,True,REGULAR,USD,2027-01-29,761.6900024414062,2026-09-18 23:53:39.265099
SPY270129C00675000,2026-09-14 18:41:49+00:00,675.0,103.17,103.41,105.36,0.0,0.0,1.0,15.0,0.2922739230346678,True,REGULAR,USD,2027-01-29,761.6900024414062,2026-09-18 23:53:39.265099
SPY270129C00676000,2026-08-21 17:27:16+00:00,676.0,106.87,101.51,104.98,0.0,0.0,1.0,1.0,0.2947610807800292,True,REGULAR,USD,2027-01-29,761.6900024414062,2026-09-18 23:53:39.265099
SPY270129C00679000,2026-08-12 19:16:46+00:00,679.0,113.92,99.82,101.71,0.0,0.0,,2.0,0.28670452072143554,True,REGULAR,USD,2027-01-29,761.6900024414062,2026-09-18 23:53:39.265099
SPY270129C00680000,2026-09-16 19:22:32+00:00,680.0,88.4,97.9,101.53,0.0,0.0,3.0,13.0,0.29051917984008785,True,REGULAR,USD,2027-01-29,761.6900024414062,2026-09-18 23:53:39.265099
SPY270129C00683000,2026-09-01 18:36:17+00:00,683.0,96.22,95.2,98.85,0.0,0.0,2.0,46.0,0.28661296890258786,True,REGULAR,USD,2027-01-29,761.6900024414062,2026-09-18 23:53:39.265099
SPY270129C00684000,2026-09-16 18:34:37+00:00,684.0,91.83,94.3,97.17,0.0,0.0,1.0,2.0,0.2797770997619628,True,REGULAR,USD,2027-01-29,761.6900024414062,2026-09-18 23:53:39.265099
SPY270129C00685000,2026-09-18 15:30:57+00:00,685.0,92.66,93.41,97.06,6.830002,7.9575925,1.0,2.0,0.28394270751953116,True,REGULAR,USD,2027-01-29,761.6900024414062,2026-09-18 23:53:39.265099
SPY270129C00686000,2026-09-01 18:42:50+00:00,686.0,93.03,92.52,95.36,0.0,0.0,,1.0,0.27700002792358397,True,REGULAR,USD,2027-01-29,761.6900024414062,2026-09-18 23:53:39.265099
SPY270129C00687000,2026-09-01 18:35:19+00:00,687.0,92.65,91.62,94.46,0.0,0.0,,1.0,0.2756420092773437,True,REGULAR,USD,2027-01-29,761.6900024414062,2026-09-18 23:53:39.265099
SPY270129C00688000,2026-08-28 15:26:26+00:00,688.0,103.53,90.73,93.56,0.0,0.0,1.0,0.0,0.27426873199462887,True,REGULAR,USD,2027-01-29,761.6900024414062,2026-09-18 23:53:39.265099
SPY270129C00689000,2026-08-20 14:25:14+00:00,689.0,98.61,89.84,92.67,0.0,0.0,,23.0,0.2729717478942871,True,REGULAR,USD,2027-01-29,761.6900024414062,2026-09-18 23:53:39.265099
SPY270129C00690000,2026-09-10 18:53:26+00:00,690.0,87.12,88.97,91.77,0.0,0.0,65.0,74.0,0.2715832119750976,True,REGULAR,USD,2027-01-29,761.6900024414062,2026-09-18 23:53:39.265099
SPY270129C00694000,2026-08-20 13:58:20+00:00,694.0,93.96,85.4,89.07,0.0,0.0,,195.0,0.2720333417510986,True,REGULAR,USD,2027-01-29,761.6900024414062,2026-09-18 23:53:39.265099
SPY270129C00695000,2026-09-16 19:04:37+00:00,695.0,78.4,84.53,87.31,0.0,0.0,3.0,174.0,0.26483889465332033,True,REGULAR,USD,2027-01-29,761.6900024414062,2026-09-18 23:53:39.265099
SPY270129C00696000,2026-08-12 19:15:22+00:00,696.0,99.05,83.65,86.41,0.0,0.0,,2.0,0.263404582824707,True,REGULAR,USD,2027-01-29,761.6900024414062,2026-09-18 23:53:39.265099
SPY270129C00697000,2026-09-15 14:58:13+00:00,697.0,79.09,82.78,85.52,0.0,0.0,2.0,6.0,0.2620465641784668,True,REGULAR,USD,2027-01-29,761.6900024414062,2026-09-18 23:53:39.265099
SPY270129C00698000,2026-09-16 16:11:25+00:00,698.0,80.98,81.9,84.64,0.0,0.0,2.0,22.0,0.2607343214416504,True,REGULAR,USD,2027-01-29,761.6900024414062,2026-09-18 23:53:39.265099
SPY270129C00700000,2026-09-18 19:44:49+00:00,700.0,81.48,80.16,83.84,6.170006,8.192811,3.0,22.0,0.2643887648773193,True,REGULAR,USD,2027-01-29,761.6900024414062,2026-09-18 23:53:39.265099
SPY270129C00702000,2026-09-15 19:14:13+00:00,702.0,75.15,78.41,82.08,0.0,0.0,2.0,32.0,0.26166509826660156,True,REGULAR,USD,2027-01-29,761.6900024414062,2026-09-18 23:53:39.265099
SPY270129C00703000,2026-08-13 15:57:48+00:00,703.0,96.11,77.56,80.24,0.0,0.0,,1.0,0.25407392662048345,True,REGULAR,USD,2027-01-29,761.6900024414062,2026-09-18 23:53:39.265099
SPY270129C00704000,2026-09-17 14:09:51+00:00,704.0,75.28,76.7,80.35,0.0,0.0,3.0,45.0,0.2591016473388672,True,REGULAR,USD,2027-01-29,761.6900024414062,2026-09-18 23:53:39.265099
SPY270129C00705000,2026-09-17 15:00:02+00:00,705.0,75.02,75.81,79.51,0.0,0.0,2.0,42.0,0.25795724960327154,True,REGULAR,USD,2027-01-29,761.6900024414062,2026-09-18 23:53:39.265099
SPY270129C00706000,2026-08-21 18:59:10+00:00,706.0,82.29,74.95,78.63,0.0,0.0,1.0,1.0,0.25655345504760746,True,REGULAR,USD,2027-01-29,761.6900024414062,2026-09-18 23:53:39.265099
SPY270129C00707000,2026-09-17 14:50:38+00:00,707.0,73.43,74.09,77.77,0.0,0.0,2.0,9.0,0.2552717295837403,True,REGULAR,USD,2027-01-29,761.6900024414062,2026-09-18 23:53:39.265099
SPY270129C00708000,2026-09-18 15:30:57+00:00,708.0,72.7,73.24,76.44,0.069999695,0.09637849,3.0,11.0,0.2509993113708496,True,REGULAR,USD,2027-01-29,761.6900024414062,2026-09-18 23:53:39.265099
SPY270129C00709000,2026-09-18 15:08:53+00:00,709.0,71.94,72.38,76.06,-6.1800003,-7.910906,1.0,11.0,0.25273879592895504,True,REGULAR,USD,2027-01-29,761.6900024414062,2026-09-18 23:53:39.265099
SPY270129C00710000,2026-09-17 19:06:55+00:00,710.0,72.5,71.53,75.23,0.0,0.0,3.0,21.0,0.25161728614807133,True,REGULAR,USD,2027-01-29,761.6900024414062,2026-09-18 23:53:39.265099
SPY270129C00713000,2026-09-18 14:20:37+00:00,713.0,68.08,68.98,72.69,1.6900024,2.5455678,2.0,2.0,0.2478636615753174,True,REGULAR,USD,2027-01-29,761.6900024414062,2026-09-18 23:53:39.265099
SPY270129C00715000,2026-08-21 13:54:53+00:00,715.0,75.49,67.3,69.87,0.0,0.0,1.0,3.0,0.23835753105163573,True,REGULAR,USD,2027-01-29,761.6900024414062,2026-09-18 23:53:39.265099
SPY270129C00716000,2026-09-16 19:02:14+00:00,716.0,61.2,66.46,69.02,0.0,0.0,48.0,49.0,0.23706817626953125,True,REGULAR,USD,2027-01-29,761.6900024414062,2026-09-18 23:53:39.265099
SPY270129C00717000,2026-09-10 14:35:07+00:00,717.0,65.06,65.62,68.18,0.0,0.0,,1.0,0.23583222671508786,True,REGULAR,USD,2027-01-29,761.6900024414062,2026-09-18 23:53:39.265099
SPY270129C00718000,2026-08-10 14:54:03+00:00,718.0,82.59,64.78,68.49,0.0,0.0,,10.0,0.2415999913024902,True,REGULAR,USD,2027-01-29,761.6900024414062,2026-09-18 23:53:39.265099
SPY270129C00719000,2026-09-16 15:37:18+00:00,719.0,63.34,63.95,67.64,0.0,0.0,2.0,0.0,0.24025723129272458,True,REGULAR,USD,2027-01-29,761.6900024414062,2026-09-18 23:53:39.265099
SPY270129C00720000,2026-09-17 19:51:10+00:00,720.0,63.66,63.12,66.81,0.0,0.0,5.0,764.0,0.23901365242004394,True,REGULAR,USD,2027-01-29,761.6900024414062,2026-09-18 23:53:39.265099
SPY270129C00722000,2026-09-09 13:49:02+00:00,722.0,64.5,61.47,65.16,0.0,0.0,1.0,2.0,0.23656464126586912,True,REGULAR,USD,2027-01-29,761.6900024414062,2026-09-18 23:53:39.265099
SPY270129C00723000,2026-08-05 14:31:17+00:00,723.0,79.66,66.92,70.12,0.0,0.0,,2.0,0.26961484786987305,True,REGULAR,USD,2027-01-29,761.6900024414062,2026-09-18 23:53:39.265099
SPY270129C00725000,2026-09-15 14:40:39+00:00,725.0,56.32,59.01,62.71,0.0,0.0,1.0,21.0,0.23294834442138673,True,REGULAR,USD,2027-01-29,761.6900024414062,2026-09-18 23:53:39.265099
SPY270129C00726000,2026-08-25 18:10:22+00:00,726.0,65.34,58.2,61.9,0.0,0.0,2.0,17.0,0.23175054145812987,True,REGULAR,USD,2027-01-29,761.6900024414062,2026-09-18 23:53:39.265099
SPY270129C00727000,2026-08-05 14:30:17+00:00,727.0,76.66,63.63,66.83,0.0,0.0,12.0,16.0,0.26413699737548824,True,REGULAR,USD,2027-01-29,761.6900024414062,2026-09-18 23:53:39.265099
SPY270129C00728000,2026-09-15 15:25:06+00:00,728.0,54.43,56.58,60.29,0.0,0.0,1.0,1.0,0.22937782348632813,True,REGULAR,USD,2027-01-29,761.6900024414062,2026-09-18 23:53:39.265099
SPY270129C00729000,2026-09-11 17:51:28+00:00,729.0,60.08,55.78,59.49,0.0,0.0,2.0,5.0,0.22820290847778318,True,REGULAR,USD,2027-01-29,761.6900024414062,2026-09-18 23:53:39.265099
SPY270129C00730000,2026-09-16 19:57:26+00:00,730.0,50.12,54.98,58.69,0.0,0.0,2.0,43.0,0.22701273483276363,True,REGULAR,USD,2027-01-29,761.6900024414062,2026-09-18 23:53:39.265099
SPY270129C00732000,2026-08-26 13:43:34+00:00,732.0,61.05,53.39,57.1,0.0,0.0,1.0,3.0,0.2246552754974365,True,REGULAR,USD,2027-01-29,761.6900024414062,2026-09-18 23:53:39.265099
SPY270129C00733000,2026-08-21 13:47:32+00:00,733.0,60.39,52.6,56.31,0.0,0.0,1.0,2.0,0.22348036048889156,True,REGULAR,USD,2027-01-29,761.6900024414062,2026-09-18 23:53:39.265099
SPY270129C00734000,2026-08-03 14:36:36+00:00,734.0,54.65,57.98,61.08,0.0,0.0,1.0,0.0,0.2541731077575684,True,REGULAR,USD,2027-01-29,761.6900024414062,2026-09-18 23:53:39.265099
SPY270129C00735000,2026-08-28 14:33:31+00:00,735.0,62.0,51.02,54.73,0.0,0.0,1.0,15.0,0.2210923838806152,True,REGULAR,USD,2027-01-29,761.6900024414062,2026-09-18 23:53:39.265099
SPY270129C00736000,2026-08-25 14:30:36+00:00,736.0,56.52,50.24,53.95,0.0,0.0,4.0,2.0,0.21993272750854487,True,REGULAR,USD,2027-01-29,761.6900024414062,2026-09-18 23:53:39.265099
SPY270129C00737000,2026-08-25 14:33:17+00:00,737.0,56.48,49.46,52.81,0.0,0.0,3.0,12.0,0.2166978965759277,True,REGULAR,USD,2027-01-29,761.6900024414062,2026-09-18 23:53:39.265099
SPY270129C00738000,2026-09-16 19:51:01+00:00,738.0,43.9,48.69,52.04,0.0,0.0,2.0,16.0,0.21556875747680665,True,REGULAR,USD,2027-01-29,761.6900024414062,2026-09-18 23:53:39.265099
SPY270129C00739000,2026-08-25 14:30:04+00:00,739.0,54.88,47.92,51.26,0.0,0.0,5.0,9.0,0.21436332519531248,True,REGULAR,USD,2027-01-29,761.6900024414062,2026-09-18 23:53:39.265099
SPY270129C00740000,2026-09-16 19:58:29+00:00,740.0,42.59,47.15,50.5,0.0,0.0,138.0,402.0,0.21325707405090333,True,REGULAR,USD,2027-01-29,761.6900024414062,2026-09-18 23:53:39.265099
SPY270129C00741000,2026-08-25 18:10:22+00:00,741.0,53.33,46.39,49.76,0.0,0.0,4.0,8.0,0.2122500040435791,True,REGULAR,USD,2027-01-29,761.6900024414062,2026-09-18 23:53:39.265099
SPY270129C00742000,2026-09-11 19:49:21+00:00,742.0,49.17,45.63,49.0,0.0,0.0,1.0,2.0,0.2111132356262207,True,REGULAR,USD,2027-01-29,761.6900024414062,2026-09-18 23:53:39.265099
SPY270129C00743000,2026-09-11 18:20:01+00:00,743.0,49.0,44.87,48.24,0.0,0.0,8.0,8.0,0.20995357925415037,True,REGULAR,USD,2027-01-29,761.6900024414062,2026-09-18 23:53:39.265099
SPY270129C00745000,2026-09-17 19:51:45+00:00,745.0,44.5,43.37,46.75,0.0,0.0,2.0,52.0,0.20775633560180662,True,REGULAR,USD,2027-01-29,761.6900024414062,2026-09-18 23:53:39.265099
SPY270129C00746000,2026-08-04 16:10:35+00:00,746.0,56.5,48.64,51.9,0.0,0.0,1.0,11.0,0.23944852355957028,True,REGULAR,USD,2027-01-29,761.6900024414062,2026-09-18 23:53:39.265099
SPY270129C00747000,2026-07-31 17:52:24+00:00,747.0,39.9,47.97,50.88,0.0,0.0,2.0,16.0,0.23670196899414062,True,REGULAR,USD,2027-01-29,761.6900024414062,2026-09-18 23:53:39.265099
SPY270129C00748000,2026-07-28 13:39:42+00:00,748.0,36.18,47.26,50.07,0.0,0.0,,20.0,0.23511507080078126,True,REGULAR,USD,2027-01-29,761.6900024414062,2026-09-18 23:53:39.265099
SPY270129C00749000,2026-07-28 13:42:53+00:00,749.0,35.27,46.51,49.37,0.0,0.0,,40.0,0.23412325942993162,True,REGULAR,USD,2027-01-29,761.6900024414062,2026-09-18 23:53:39.265099
SPY270129C00750000,2026-09-18 14:55:21+00:00,750.0,40.77,40.62,41.89,0.27000046,0.6666678,6.0,511.0,0.19565623687744144,True,REGULAR,USD,2027-01-29,761.6900024414062,2026-09-18 23:53:39.265099
SPY270129C00752000,2026-09-18 14:50:00+00:00,752.0,37.88,39.56,40.55,4.5699997,13.719603,2.0,5.0,0.19405408004760744,True,REGULAR,USD,2027-01-29,761.6900024414062,2026-09-18 23:53:39.265099
SPY270129C00753000,2026-09-17 13:34:55+00:00,753.0,38.0,38.31,40.39,0.0,0.0,1.0,22.0,0.19602244415283204,True,REGULAR,USD,2027-01-29,761.6900024414062,2026-09-18 23:53:39.265099
SPY270129C00754000,2026-09-16 19:06:34+00:00,754.0,33.16,37.61,39.68,0.0,0.0,8.0,7.0,0.19493908096313478,True,REGULAR,USD,2027-01-29,761.6900024414062,2026-09-18 23:53:39.265099
SPY270129C00755000,2026-09-18 18:46:46+00:00,755.0,36.98,37.44,38.29,-0.36999893,-0.99062634,8.0,247.0,0.1901020932006836,True,REGULAR,USD,2027-01-29,761.6900024414062,2026-09-18 23:53:39.265099
SPY270129C00756000,2026-09-16 19:46:41+00:00,756.0,31.05,36.76,37.76,0.0,0.0,7.0,13.0,0.18997239479064945,True,REGULAR,USD,2027-01-29,761.6900024414062,2026-09-18 23:53:39.265099
SPY270129C00757000,2026-09-17 19:56:10+00:00,757.0,35.91,36.08,37.03,-0.069999695,-0.19455168,12.0,85.0,0.18872118659973144,True,REGULAR,USD,2027-01-29,761.6900024414062,2026-09-18 23:53:39.265099
SPY270129C00758000,2026-09-18 16:39:04+00:00,758.0,33.56,35.36,36.35,4.120001,13.994568,1.0,70.0,0.1877217459106445,True,REGULAR,USD,2027-01-29,761.6900024414062,2026-09-18 23:53:39.265099
SPY270129C00759000,2026-09-18 19:39:32+00:00,759.0,34.22,34.72,35.66,-2.3099976,-6.323563,30.0,126.0,0.1866383827209473,True,REGULAR,USD,2027-01-29,761.6900024414062,2026-09-18 23:53:39.265099
SPY270129C00760000,2026-09-18 20:07:52+00:00,760.0,34.35,34.05,35.09,0.98999786,2.9676194,269.0,189.0,0.18619588226318357,True,REGULAR,USD,2027-01-29,761.6900024414062,2026-09-18 23:53:39.265099
SPY270129C00761000,2026-09-17 13:32:19+00:00,761.0,33.87,33.38,34.31,0.86999893,2.6363604,1.0,19.0,0.18457846679687498,True,REGULAR,USD,2027-01-29,761.6900024414062,2026-09-18 23:53:39.265099
SPY270129C00762000,2026-09-18 19:47:01+00:00,762.0,32.51,32.73,33.65,5.6499977,21.034986,1.0,21.0,0.18358665542602537,False,REGULAR,USD,2027-01-29,761.6900024414062,2026-09-18 23:53:39.265099
SPY270129C00763000,2026-09-17 19:20:35+00:00,763.0,31.86,32.07,33.03,0.0,0.0,4.0,132.0,0.1827932063293457,False,REGULAR,USD,2027-01-29,761.6900024414062,2026-09-18 23:53:39.265099
SPY270129C00764000,2026-09-15 16:04:32+00:00,764.0,28.84,31.42,32.36,0.0,0.0,10.0,342.0,0.18170984313964844,False,REGULAR,USD,2027-01-29,761.6900024414062,2026-09-18 23:53:39.265099
SPY270129C00765000,2026-09-18 20:12:37+00:00,765.0,31.36,30.79,31.68,0.84000015,2.752294,30.0,185.0,0.1805349281311035,False,REGULAR,USD,2027-01-29,761.6900024414062,2026-09-18 23:53:39.265099
SPY270129C00766000,2026-09-17 13:47:01+00:00,766.0,28.92,30.15,31.04,0.0,0.0,1.0,28.0,0.17955837539672853,False,REGULAR,USD,2027-01-29,761.6900024414062,2026-09-18 23:53:39.265099
SPY270129C00767000,2026-09-18 20:12:37+00:00,767.0,30.11,29.46,30.41,7.0600014,30.629074,7.0,24.0,0.17861233993530273,False,REGULAR,USD,2027-01-29,761.6900024414062,2026-09-18 23:53:39.265099
SPY270129C00768000,2026-09-18 18:23:21+00:00,768.0,28.04,28.9,29.77,-0.13999939,-0.4968041,3.0,186.0,0.17759001129150392,False,REGULAR,USD,2027-01-29,761.6900024414062,2026-09-18 23:53:39.265099
SPY270129C00769000,2026-09-18 18:38:44+00:00,769.0,27.26,28.72,28.85,1.8899994,7.4497414,4.0,147.0,0.1750113017272949,False,REGULAR,USD,2027-01-29,761.6900024414062,2026-09-18 23:53:39.265099
SPY270129C00770000,2026-09-18 18:37:11+00:00,770.0,26.72,28.1,28.25,-0.40000153,-1.4749318,1.0,466.0,0.17414155944824222,False,REGULAR,USD,2027-01-29,761.6900024414062,2026-09-18 23:53:39.265099
SPY270129C00771000,2026-09-18 15:31:13+00:00,771.0,25.84,27.48,27.64,-0.030000687,-0.11596709,1.0,210.0,0.17319552398681642,False,REGULAR,USD,2027-01-29,761.6900024414062,2026-09-18 23:53:39.265099
SPY270129C00772000,2026-09-18 19:44:02+00:00,772.0,26.1,26.89,27.03,0.11000061,0.42324206,2.0,308.0,0.17221897125244146,False,REGULAR,USD,2027-01-29,761.6900024414062,2026-09-18 23:53:39.265099
SPY270129C00773000,2026-09-16 15:06:52+00:00,773.0,25.0,26.3,26.44,0.0,0.0,1.0,14.0,0.17132634101867675,False,REGULAR,USD,2027-01-29,761.6900024414062,2026-09-18 23:53:39.265099
SPY270129C00774000,2026-09-09 19:55:25+00:00,774.0,26.61,25.71,25.85,0.0,0.0,1.0,8.0,0.17040319351196292,False,REGULAR,USD,2027-01-29,761.6900024414062,2026-09-18 23:53:39.265099
SPY270129C00775000,2026-09-18 19:16:35+00:00,775.0,24.3,25.13,25.27,-0.3600006,-1.4598565,13.0,130.0,0.16950293395996097,False,REGULAR,USD,2027-01-29,761.6900024414062,2026-09-18 23:53:39.265099
SPY270129C00776000,2026-09-18 18:54:23+00:00,776.0,24.02,24.54,24.69,0.020000458,0.08333524,1.0,394.0,0.16857215713500984,False,REGULAR,USD,2027-01-29,761.6900024414062,2026-09-18 23:53:39.265099
SPY270129C00777000,2026-09-16 15:09:45+00:00,777.0,23.05,23.99,24.13,0.0,0.0,1.0,261.0,0.16772530281066897,False,REGULAR,USD,2027-01-29,761.6900024414062,2026-09-18 23:53:39.265099
SPY270129C00778000,2026-09-18 14:00:14+00:00,778.0,22.06,23.43,23.57,-1.1900005,-5.118282,1.0,13.0,0.16684793121337893,False,REGULAR,USD,2027-01-29,761.6900024414062,2026-09-18 23:53:39.265099
SPY270129C00779000,2026-09-18 18:54:23+00:00,779.0,22.36,22.88,23.01,1.5600014,7.5000067,6.0,301.0,0.16594004234313967,False,REGULAR,USD,2027-01-29,761.6900024414062,2026-09-18 23:53:39.265099
SPY270129C00780000,2026-09-18 18:51:16+00:00,780.0,21.58,22.33,22.47,0.789999,3.7998989,3.0,546.0,0.16510844665527347,False,REGULAR,USD,2027-01-29,761.6900024414062,2026-09-18 23:53:39.265099
SPY270129C00785000,2026-09-18 18:18:31+00:00,785.0,18.4,19.72,19.85,-0.32999992,-1.761879,13.0,491.0,0.1609275802612305,False,REGULAR,USD,2027-01-29,761.6900024414062,2026-09-18 23:53:39.265099
SPY270129C00790000,2026-09-17 19:51:10+00:00,790.0,16.77,17.3,17.43,-0.17000008,-1.0035423,1.0,990.0,0.15702899864196782,False,REGULAR,USD,2027-01-29,761.6900024414062,2026-09-18 23:53:39.265099
SPY270129C00795000,2026-09-15 19:37:53+00:00,795.0,12.98,15.08,15.21,0.0,0.0,130.0,1009.0,0.15340507247924806,False,REGULAR,USD,2027-01-29,761.6900024414062,2026-09-18 23:53:39.265099
SPY270129C00800000,2026-09-18 19:57:20+00:00,800.0,12.65,13.06,13.19,-0.030000687,-0.23659848,32.0,1089.0,0.1500634310913086,False,REGULAR,USD,2027-01-29,761.6900024414062,2026-09-18 23:53:39.265099
SPY270129C00805000,2026-09-18 15:25:05+00:00,805.0,10.39,11.25,11.37,-0.48999977,-4.5036745,2.0,1010.0,0.14699644515991211,False,REGULAR,USD,2027-01-29,761.6900024414062,2026-09-18 23:53:39.265099
SPY270129C00810000,2026-09-18 13:33:14+00:00,810.0,9.44,9.64,9.75,0.069999695,0.74706185,4.0,1158.0,0.1442422612762451,False,REGULAR,USD,2027-01-29,761.6900024414062,2026-09-18 23:53:39.265099
SPY270129C00815000,2026-09-18 17:00:33+00:00,815.0,7.39,8.22,8.32,-0.55999994,-7.0440245,552.0,1217.0,0.1417932501220703,False,REGULAR,USD,2027-01-29,761.6900024414062,2026-09-18 23:53:39.265099
SPY270129C00820000,2026-09-18 19:51:36+00:00,820.0,6.62,6.99,7.04,-0.13000011,-1.9259276,57.0,618.0,0.13939764419555667,False,REGULAR,USD,2027-01-29,761.6900024414062,2026-09-18 23:53:39.265099
SPY270129C00825000,2026-09-18 18:45:25+00:00,825.0,5.44,5.91,5.96,-0.4000001,-6.849316,1.0,748.0,0.1375513491821289,False,REGULAR,USD,2027-01-29,761.6900024414062,2026-09-18 23:53:39.265099
SPY270129C00830000,2026-09-18 18:37:11+00:00,830.0,4.51,4.97,5.02,-0.30999994,-6.431534,5.0,1011.0,0.1358728991699219,False,REGULAR,USD,2027-01-29,761.6900024414062,2026-09-18 23:53:39.265099
SPY270129C00835000,2026-09-17 18:35:31+00:00,835.0,3.97,4.16,4.21,0.0,0.0,11.0,260.0,0.1343775527954102,False,REGULAR,USD,2027-01-29,761.6900024414062,2026-09-18 23:53:39.265099
SPY270129C00840000,2026-09-18 20:05:52+00:00,840.0,3.44,3.48,3.52,0.08000016,2.3809574,4.0,467.0,0.13308056869506835,False,REGULAR,USD,2027-01-29,761.6900024414062,2026-09-18 23:53:39.265099
SPY270129C00845000,2026-09-18 19:52:15+00:00,845.0,2.72,2.9,2.94,-0.01999998,-0.7299263,1.0,98.0,0.13204298141479492,False,REGULAR,USD,2027-01-29,761.6900024414062,2026-09-18 23:53:39.265099
SPY270129C00850000,2026-09-18 17:59:49+00:00,850.0,2.13,2.4,2.44,-0.2099998,-8.974351,11.0,533.0,0.13103591140747067,False,REGULAR,USD,2027-01-29,761.6900024414062,2026-09-18 23:53:39.265099
SPY270129C00855000,2026-09-18 16:44:13+00:00,855.0,1.72,1.99,2.03,-0.19999993,-10.416663,7.0,312.0,0.13031875549316402,False,REGULAR,USD,2027-01-29,761.6900024414062,2026-09-18 23:53:39.265099
SPY270129C00860000,2026-09-18 20:05:52+00:00,860.0,1.64,1.65,1.69,0.029999971,1.8633523,11.0,128.0,0.12983047912597656,False,REGULAR,USD,2027-01-29,761.6900024414062,2026-09-18 23:53:39.265099
SPY270129C00865000,2026-09-18 18:36:32+00:00,865.0,1.22,1.37,1.4,-0.100000024,-7.575759,16.0,323.0,0.12931168548583982,False,REGULAR,USD,2027-01-29,761.6900024414062,2026-09-18 23:53:39.265099
SPY270129C00870000,2026-09-18 17:09:54+00:00,870.0,1.0,1.14,1.17,-0.08000004,-7.4074106,29.0,99.0,0.12918961639404297,False,REGULAR,USD,2027-01-29,761.6900024414062,2026-09-18 23:53:39.265099
SPY270129C00875000,2026-09-17 14:05:29+00:00,875.0,0.85,0.95,0.98,0.0,0.0,25.0,321.0,0.12918961639404297,False,REGULAR,USD,2027-01-29,761.6900024414062,2026-09-18 23:53:39.265099
SPY270129C00880000,2026-09-17 13:36:47+00:00,880.0,0.73,0.8,0.82,0.0,0.0,1.0,391.0,0.12925065093994142,False,REGULAR,USD,2027-01-29,761.6900024414062,2026-09-18 23:53:39.265099
SPY270129C00885000,2026-09-15 13:33:25+00:00,885.0,0.6,0.67,0.69,0.0,0.0,1.0,574.0,0.12952530639648438,False,REGULAR,USD,2027-01-29,761.6900024414062,2026-09-18 23:53:39.265099
SPY270129C00890000,2026-09-18 15:21:18+00:00,890.0,0.52,0.57,0.59,0.06999999,15.555553,2.0,72.0,0.13013565185546871,False,REGULAR,USD,2027-01-29,761.6900024414062,2026-09-18 23:53:39.265099
SPY270129C00895000,2026-09-10 14:54:59+00:00,895.0,0.56,0.48,0.5,0.0,0.0,2.0,23.0,0.13056289367675777,False,REGULAR,USD,2027-01-29,761.6900024414062,2026-09-18 23:53:39.265099
SPY270129C00900000,2026-09-18 20:00:52+00:00,900.0,0.4,0.42,0.43,-0.01999998,-4.7619004,20.0,338.0,0.1313563427734375,False,REGULAR,USD,2027-01-29,761.6900024414062,2026-09-18 23:53:39.265099
SPY270129C00905000,2026-09-17 13:58:23+00:00,905.0,0.32,0.36,0.38,0.0,0.0,1.0,157.0,0.13257703369140628,False,REGULAR,USD,2027-01-29,761.6900024414062,2026-09-18 23:53:39.265099
SPY270129C00910000,2026-09-16 15:06:20+00:00,910.0,0.28,0.31,0.33,0.0,0.0,1.0,102.0,0.13355358642578125,False,REGULAR,USD,2027-01-29,761.6900024414062,2026-09-18 23:53:39.265099
SPY270129C00915000,2026-09-17 15:12:57+00:00,915.0,0.26,0.28,0.29,0.0,0.0,1.0,361.0,0.13465220825195315,False,REGULAR,USD,2027-01-29,761.6900024414062,2026-09-18 23:53:39.265099
SPY270129C00920000,2026-09-17 15:14:47+00:00,920.0,0.23,0.24,0.26,0.0,0.0,1.0,119.0,0.13611703735351563,False,REGULAR,USD,2027-01-29,761.6900024414062,2026-09-18 23:53:39.265099
SPY270129C00925000,2026-09-16 17:39:07+00:00,925.0,0.2,0.22,0.23,0.0,0.0,1.0,53.0,0.13721565917968753,False,REGULAR,USD,2027-01-29,761.6900024414062,2026-09-18 23:53:39.265099
SPY270129C00930000,2026-09-18 13:56:58+00:00,930.0,0.2,0.2,0.21,0.019999996,11.111108,20.0,918.0,0.13892462646484377,False,REGULAR,USD,2027-01-29,761.6900024414062,2026-09-18 23:53:39.265099
SPY270226C00540000,2026-09-18 14:50:27+00:00,540.0,230.94,232.63,236.76,3.6900024,1.6237634,26.0,14.0,0.484303863067627,True,REGULAR,USD,2027-02-26,761.6900024414062,2026-09-18 23:53:39.265099
SPY270226C00570000,2026-09-18 14:52:35+00:00,570.0,202.68,203.93,208.06,-4.2100067,-2.034901,44.0,3.0,0.4402674382019042,True,REGULAR,USD,2027-02-26,761.6900024414062,2026-09-18 23:53:39.265099
SPY270226C00630000,2026-09-18 14:50:24+00:00,630.0,145.88,147.49,151.16,-13.119995,-8.251569,18.0,3.0,0.35443760803222646,True,REGULAR,USD,2027-02-26,761.6900024414062,2026-09-18 23:53:39.265099
SPY270226C00650000,2026-09-18 14:50:29+00:00,650.0,127.65,129.05,132.72,-0.25,-0.1954652,10.0,411.0,0.3283605982971191,True,REGULAR,USD,2027-02-26,761.6900024414062,2026-09-18 23:53:39.265099
SPY270226C00660000,2026-09-18 14:50:29+00:00,660.0,118.61,119.94,123.62,-2.959999,-2.4348104,16.0,22.0,0.3156196368408203,True,REGULAR,USD,2027-02-26,761.6900024414062,2026-09-18 23:53:39.265099
SPY270226C00685000,2026-09-18 14:50:23+00:00,685.0,96.41,97.65,101.29,7.4000015,8.313674,2.0,1.0,0.2845072770690917,True,REGULAR,USD,2027-02-26,761.6900024414062,2026-09-18 23:53:39.265099
SPY270226C00690000,2026-09-18 20:01:15+00:00,690.0,94.5,93.28,96.92,1.6900024,1.8209271,40.0,69.0,0.2784648570251465,True,REGULAR,USD,2027-02-26,761.6900024414062,2026-09-18 23:53:39.265099
SPY270226C00696000,2026-09-08 18:47:45+00:00,696.0,93.6,88.09,90.79,0.0,0.0,,1.0,0.26578493011474613,True,REGULAR,USD,2027-02-26,761.6900024414062,2026-09-18 23:53:39.265099
SPY270226C00700000,2026-09-18 19:01:37+00:00,700.0,85.01,84.59,88.29,0.099998474,0.11776996,7.0,32.0,0.2665249739837646,True,REGULAR,USD,2027-02-26,761.6900024414062,2026-09-18 23:53:39.265099
SPY270226C00710000,2026-09-16 14:52:59+00:00,710.0,74.02,76.13,79.82,0.0,0.0,3.0,74.0,0.2547453066253662,True,REGULAR,USD,2027-02-26,761.6900024414062,2026-09-18 23:53:39.265099
SPY270226C00720000,2026-09-18 18:44:50+00:00,720.0,67.9,67.87,71.58,-1.8199997,-2.6104412,5.0,16.0,0.2433699931335449,True,REGULAR,USD,2027-02-26,761.6900024414062,2026-09-18 23:53:39.265099
SPY270226C00725000,2026-09-01 14:41:31+00:00,725.0,67.91,63.83,67.55,0.0,0.0,,1.0,0.23779296150207516,True,REGULAR,USD,2027-02-26,761.6900024414062,2026-09-18 23:53:39.265099
SPY270226C00728000,2026-09-01 19:02:07+00:00,728.0,62.25,61.44,65.16,0.0,0.0,,1.0,0.23447420806884767,True,REGULAR,USD,2027-02-26,761.6900024414062,2026-09-18 23:53:39.265099
SPY270226C00730000,2026-09-17 17:44:15+00:00,730.0,60.26,59.86,63.57,0.0,0.0,8.0,91.0,0.23221592987060546,True,REGULAR,USD,2027-02-26,761.6900024414062,2026-09-18 23:53:39.265099
SPY270226C00735000,2026-09-14 18:05:03+00:00,735.0,57.38,55.96,59.69,0.0,0.0,3.0,5.0,0.22686777778625486,True,REGULAR,USD,2027-02-26,761.6900024414062,2026-09-18 23:53:39.265099
SPY270226C00740000,2026-09-17 19:57:04+00:00,740.0,53.21,52.19,55.87,0.0,0.0,10.0,45.0,0.22151199638366698,True,REGULAR,USD,2027-02-26,761.6900024414062,2026-09-18 23:53:39.265099
SPY270226C00745000,2026-09-10 19:28:47+00:00,745.0,47.65,48.39,52.13,0.0,0.0,,2.0,0.2162325081634521,True,REGULAR,USD,2027-02-26,761.6900024414062,2026-09-18 23:53:39.265099
SPY270226C00746000,2026-09-02 14:52:40+00:00,746.0,51.18,47.66,51.39,0.0,0.0,,1.0,0.21517203292846682,True,REGULAR,USD,2027-02-26,761.6900024414062,2026-09-18 23:53:39.265099
SPY270226C00750000,2026-09-18 18:47:27+00:00,750.0,45.66,44.85,46.99,1.329998,3.000221,185.0,17.0,0.20356783988952634,True,REGULAR,USD,2027-02-26,761.6900024414062,2026-09-18 23:53:39.265099
SPY270226C00755000,2026-09-16 19:51:48+00:00,755.0,37.0,41.88,44.14,0.0,0.0,11.0,12.0,0.2020419762420654,True,REGULAR,USD,2027-02-26,761.6900024414062,2026-09-18 23:53:39.265099
SPY270226C00757000,2026-09-16 19:45:37+00:00,757.0,35.05,40.51,42.76,0.0,0.0,1.0,7.0,0.20010412940979003,True,REGULAR,USD,2027-02-26,761.6900024414062,2026-09-18 23:53:39.265099
SPY270226C00759000,2026-09-18 13:51:02+00:00,759.0,38.78,39.75,40.77,0.5,1.3061651,1.0,4.0,0.19507640869140624,True,REGULAR,USD,2027-02-26,761.6900024414062,2026-09-18 23:53:39.265099
SPY270226C00760000,2026-09-18 20:02:17+00:00,760.0,39.17,39.1,40.1,0.4699974,1.2144636,15.0,21.0,0.19414563186645512,True,REGULAR,USD,2027-02-26,761.6900024414062,2026-09-18 23:53:39.265099
SPY270226C00763000,2026-09-18 14:02:28+00:00,763.0,35.47,36.49,38.7,-1.1499977,-3.1403544,1.0,6.0,0.19427533027648927,False,REGULAR,USD,2027-02-26,761.6900024414062,2026-09-18 23:53:39.265099
SPY270226C00764000,2026-09-09 14:35:09+00:00,764.0,38.25,35.84,37.79,0.0,0.0,2.0,4.0,0.19208571594238283,False,REGULAR,USD,2027-02-26,761.6900024414062,2026-09-18 23:53:39.265099
SPY270226C00765000,2026-09-18 18:47:27+00:00,765.0,35.42,35.81,36.79,-0.1800003,-0.5056189,47.0,384.0,0.1894307131958008,False,REGULAR,USD,2027-02-26,761.6900024414062,2026-09-18 23:53:39.265099
SPY270226C00766000,2026-09-18 19:07:06+00:00,766.0,34.66,35.15,36.13,0.54999924,1.6124281,1.0,19.0,0.18843890182495115,False,REGULAR,USD,2027-02-26,761.6900024414062,2026-09-18 23:53:39.265099
SPY270226C00767000,2026-09-17 20:01:14+00:00,767.0,34.0,33.91,36.09,0.0,0.0,1.0,15.0,0.19049118843078613,False,REGULAR,USD,2027-02-26,761.6900024414062,2026-09-18 23:53:39.265099
SPY270226C00768000,2026-09-18 18:26:04+00:00,768.0,32.88,33.88,34.85,-0.40999985,-1.2316006,2.0,5.0,0.18659260681152345,False,REGULAR,USD,2027-02-26,761.6900024414062,2026-09-18 23:53:39.265099
SPY270226C00769000,2026-09-18 19:24:50+00:00,769.0,32.72,33.26,34.22,0.65999985,2.0586395,16.0,44.0,0.18569234725952144,False,REGULAR,USD,2027-02-26,761.6900024414062,2026-09-18 23:53:39.265099
SPY270226C00770000,2026-09-18 19:56:46+00:00,770.0,32.4,32.65,33.59,0.40000153,1.2500048,12.0,333.0,0.18476157043457028,False,REGULAR,USD,2027-02-26,761.6900024414062,2026-09-18 23:53:39.265099
SPY270226C00771000,2026-09-08 16:40:36+00:00,771.0,35.91,31.43,33.57,0.0,0.0,5.0,6.0,0.1868367449951172,False,REGULAR,USD,2027-02-26,761.6900024414062,2026-09-18 23:53:39.265099
SPY270226C00772000,2026-09-16 16:26:20+00:00,772.0,30.21,31.85,32.01,0.0,0.0,10.0,17.0,0.18126734268188477,False,REGULAR,USD,2027-02-26,761.6900024414062,2026-09-18 23:53:39.265099
SPY270226C00773000,2026-09-14 16:48:32+00:00,773.0,31.6,31.22,31.4,0.0,0.0,5.0,10.0,0.18037471244812012,False,REGULAR,USD,2027-02-26,761.6900024414062,2026-09-18 23:53:39.265099
SPY270226C00774000,2026-09-18 19:29:36+00:00,774.0,29.59,30.64,30.8,-1.3999996,-4.5175853,4.0,10.0,0.1795125994873047,False,REGULAR,USD,2027-02-26,761.6900024414062,2026-09-18 23:53:39.265099
SPY270226C00775000,2026-09-18 18:02:36+00:00,775.0,28.49,30.02,30.2,-0.7900009,-2.6980906,1.0,288.0,0.17862759857177735,False,REGULAR,USD,2027-02-26,761.6900024414062,2026-09-18 23:53:39.265099
SPY270226C00776000,2026-09-18 17:50:06+00:00,776.0,27.77,29.43,29.61,-1.8599987,-6.2774177,2.0,10.0,0.17776548561096192,False,REGULAR,USD,2027-02-26,761.6900024414062,2026-09-18 23:53:39.265099
SPY270226C00777000,2026-09-17 14:54:03+00:00,777.0,27.13,28.87,29.02,0.0,0.0,2.0,21.0,0.17688048469543458,False,REGULAR,USD,2027-02-26,761.6900024414062,2026-09-18 23:53:39.265099
SPY270226C00778000,2026-09-17 15:05:22+00:00,778.0,26.49,28.29,28.44,0.0,0.0,2.0,29.0,0.17602600105285646,False,REGULAR,USD,2027-02-26,761.6900024414062,2026-09-18 23:53:39.265099
SPY270226C00779000,2026-09-18 17:50:06+00:00,779.0,26.08,27.72,27.87,-1.7399998,-6.2544923,2.0,18.0,0.1751944053649902,False,REGULAR,USD,2027-02-26,761.6900024414062,2026-09-18 23:53:39.265099
SPY270226C00780000,2026-09-17 15:06:04+00:00,780.0,25.36,27.15,27.3,0.0,0.0,6.0,521.0,0.17433992172241214,False,REGULAR,USD,2027-02-26,761.6900024414062,2026-09-18 23:53:39.265099
SPY270226C00781000,2026-09-17 14:39:44+00:00,781.0,25.52,26.59,26.74,0.0,0.0,1.0,26.0,0.1735159553527832,False,REGULAR,USD,2027-02-26,761.6900024414062,2026-09-18 23:53:39.265099
SPY270226C00782000,2026-09-14 17:33:39+00:00,782.0,26.24,26.04,26.19,0.0,0.0,9.0,26.0,0.1727072476196289,False,REGULAR,USD,2027-02-26,761.6900024414062,2026-09-18 23:53:39.265099
SPY270226C00783000,2026-09-14 16:32:49+00:00,783.0,25.43,25.49,25.64,0.0,0.0,1.0,19.0,0.17188328125000002,False,REGULAR,USD,2027-02-26,761.6900024414062,2026-09-18 23:53:39.265099
SPY270226C00784000,2026-09-14 16:48:22+00:00,784.0,25.2,24.95,25.1,0.0,0.0,6.0,21.0,0.17108220283508302,False,REGULAR,USD,2027-02-26,761.6900024414062,2026-09-18 23:53:39.265099
SPY270226C00785000,2026-09-17 16:28:36+00:00,785.0,23.72,24.42,24.57,0.0,0.0,6.0,206.0,0.17031164169311525,False,REGULAR,USD,2027-02-26,761.6900024414062,2026-09-18 23:53:39.265099
SPY270226C00786000,2026-09-14 17:37:50+00:00,786.0,24.14,23.89,24.04,0.0,0.0,4.0,272.0,0.16950293395996097,False,REGULAR,USD,2027-02-26,761.6900024414062,2026-09-18 23:53:39.265099
SPY270226C00787000,2026-09-14 17:45:36+00:00,787.0,23.59,23.37,23.52,0.0,0.0,3.0,92.0,0.1687247434997559,False,REGULAR,USD,2027-02-26,761.6900024414062,2026-09-18 23:53:39.265099
SPY270226C00788000,2026-09-14 17:51:00+00:00,788.0,23.07,22.86,23.01,0.0,0.0,3.0,21.0,0.16797707031250003,False,REGULAR,USD,2027-02-26,761.6900024414062,2026-09-18 23:53:39.265099
SPY270226C00789000,2026-09-14 17:55:40+00:00,789.0,22.64,22.35,22.5,0.0,0.0,8.0,25.0,0.16719887985229492,False,REGULAR,USD,2027-02-26,761.6900024414062,2026-09-18 23:53:39.265099
SPY270226C00790000,2026-09-18 16:13:04+00:00,790.0,20.16,21.85,22.0,-0.10000038,-0.4935853,14.0,382.0,0.1664435773468018,False,REGULAR,USD,2027-02-26,761.6900024414062,2026-09-18 23:53:39.265099
SPY270226C00791000,2026-09-14 17:11:38+00:00,791.0,21.51,21.36,21.5,0.0,0.0,3.0,378.0,0.1656653868865967,False,REGULAR,USD,2027-02-26,761.6900024414062,2026-09-18 23:53:39.265099
SPY270226C00792000,2026-09-18 19:53:25+00:00,792.0,20.25,20.87,21.02,0.17000008,0.84661394,34.0,39.0,0.16495586029052733,False,REGULAR,USD,2027-02-26,761.6900024414062,2026-09-18 23:53:39.265099
SPY270226C00793000,2026-09-14 17:26:15+00:00,793.0,20.44,20.39,20.54,0.0,0.0,4.0,18.0,0.16422344573974612,False,REGULAR,USD,2027-02-26,761.6900024414062,2026-09-18 23:53:39.265099
SPY270226C00794000,2026-09-14 17:39:39+00:00,794.0,20.22,19.92,20.06,0.0,0.0,2.0,17.0,0.16346814323425296,False,REGULAR,USD,2027-02-26,761.6900024414062,2026-09-18 23:53:39.265099
SPY270226C00795000,2026-09-16 19:00:46+00:00,795.0,16.1,19.45,19.6,0.0,0.0,4.0,54.0,0.1627891339111328,False,REGULAR,USD,2027-02-26,761.6900024414062,2026-09-18 23:53:39.265099
SPY270226C00796000,2026-09-14 17:59:59+00:00,796.0,19.11,18.99,19.14,0.0,0.0,3.0,14.0,0.16207197799682616,False,REGULAR,USD,2027-02-26,761.6900024414062,2026-09-18 23:53:39.265099
SPY270226C00797000,2026-09-14 17:45:43+00:00,797.0,18.75,18.54,18.69,0.0,0.0,3.0,81.0,0.16138533935546873,False,REGULAR,USD,2027-02-26,761.6900024414062,2026-09-18 23:53:39.265099
SPY270226C00798000,2026-09-14 17:38:01+00:00,798.0,18.4,18.1,18.24,0.0,0.0,3.0,326.0,0.16066818344116213,False,REGULAR,USD,2027-02-26,761.6900024414062,2026-09-18 23:53:39.265099
SPY270226C00799000,2026-09-17 13:34:46+00:00,799.0,16.79,17.66,17.8,0.0,0.0,2.0,106.0,0.1599815447998047,False,REGULAR,USD,2027-02-26,761.6900024414062,2026-09-18 23:53:39.265099
SPY270226C00800000,2026-09-18 18:38:47+00:00,800.0,16.16,17.23,17.37,-0.38000107,-2.297467,2.0,390.0,0.1593177941131592,False,REGULAR,USD,2027-02-26,761.6900024414062,2026-09-18 23:53:39.265099
SPY270226C00801000,2026-09-17 13:34:36+00:00,801.0,15.84,16.81,16.95,0.0,0.0,2.0,65.0,0.1586769313812256,False,REGULAR,USD,2027-02-26,761.6900024414062,2026-09-18 23:53:39.265099
SPY270226C00802000,2026-09-14 18:00:26+00:00,802.0,16.55,16.39,16.53,0.0,0.0,3.0,149.0,0.15800555137634278,False,REGULAR,USD,2027-02-26,761.6900024414062,2026-09-18 23:53:39.265099
SPY270226C00803000,2026-09-17 19:51:43+00:00,803.0,15.64,15.99,16.14,0.0,0.0,2.0,10.0,0.15746386978149413,False,REGULAR,USD,2027-02-26,761.6900024414062,2026-09-18 23:53:39.265099
SPY270226C00804000,2026-09-11 15:32:25+00:00,804.0,17.61,15.59,15.72,0.0,0.0,1.0,5.0,0.15673908454895022,False,REGULAR,USD,2027-02-26,761.6900024414062,2026-09-18 23:53:39.265099
SPY270226C00805000,2026-09-18 20:11:06+00:00,805.0,15.25,15.19,15.33,3.04,24.897625,13.0,146.0,0.15614399772644044,False,REGULAR,USD,2027-02-26,761.6900024414062,2026-09-18 23:53:39.265099
SPY270226C00806000,2026-09-11 15:24:20+00:00,806.0,16.56,14.81,14.94,0.0,0.0,1.0,13.0,0.15551839363098144,False,REGULAR,USD,2027-02-26,761.6900024414062,2026-09-18 23:53:39.265099
SPY270226C00807000,2026-09-11 15:30:15+00:00,807.0,16.28,14.43,14.56,0.0,0.0,,3.0,0.1549156774902344,False,REGULAR,USD,2027-02-26,761.6900024414062,2026-09-18 23:53:39.265099
SPY270226C00808000,2026-09-17 19:51:43+00:00,808.0,13.79,14.05,14.19,0.0,0.0,2.0,5.0,0.15434347862243655,False,REGULAR,USD,2027-02-26,761.6900024414062,2026-09-18 23:53:39.265099
SPY270226C00809000,2026-09-17 13:33:39+00:00,809.0,13.0,13.68,13.82,0.0,0.0,1.0,5.0,0.15374076248168944,False,REGULAR,USD,2027-02-26,761.6900024414062,2026-09-18 23:53:39.265099
SPY270226C00810000,2026-09-18 19:01:37+00:00,810.0,12.72,13.34,13.46,-0.2699995,-2.0785182,50.0,146.0,0.1531609342956543,False,REGULAR,USD,2027-02-26,761.6900024414062,2026-09-18 23:53:39.265099
SPY270226C00815000,2026-09-18 16:51:55+00:00,815.0,10.61,11.64,11.77,-0.53999996,-4.843049,4.0,94.0,0.15044489700317387,False,REGULAR,USD,2027-02-26,761.6900024414062,2026-09-18 23:53:39.265099
SPY270226C00820000,2026-09-17 16:17:39+00:00,820.0,9.73,10.13,10.26,0.0,0.0,87.0,420.0,0.1480340324401856,False,REGULAR,USD,2027-02-26,761.6900024414062,2026-09-18 23:53:39.265099
SPY270226C00830000,2026-09-18 19:57:17+00:00,830.0,7.33,7.62,7.68,0.029999733,0.41095525,15.0,286.0,0.14365480377197265,False,REGULAR,USD,2027-02-26,761.6900024414062,2026-09-18 23:53:39.265099
SPY270226C00840000,2026-09-18 20:01:17+00:00,840.0,5.54,5.65,5.7,0.07000017,1.2797107,5.0,565.0,0.14035893829345703,False,REGULAR,USD,2027-02-26,761.6900024414062,2026-09-18 23:53:39.265099
SPY270226C00850000,2026-09-18 20:01:17+00:00,850.0,4.06,4.12,4.17,0.0,0.0,4.0,377.0,0.13761238372802737,False,REGULAR,USD,2027-02-26,761.6900024414062,2026-09-18 23:53:39.265099
SPY270226C00860000,2026-09-18 18:48:24+00:00,860.0,2.79,2.98,3.03,0.56999993,25.675673,2.0,568.0,0.13556772644042972,False,REGULAR,USD,2027-02-26,761.6900024414062,2026-09-18 23:53:39.265099
SPY270226C00870000,2026-09-18 16:40:59+00:00,870.0,1.86,2.14,2.18,-0.16999996,-8.374382,6.0,36.0,0.13395031097412108,False,REGULAR,USD,2027-02-26,761.6900024414062,2026-09-18 23:53:39.265099
SPY270226C00880000,2026-09-14 19:07:04+00:00,880.0,1.31,1.53,1.57,0.0,0.0,1.0,797.0,0.13294324096679688,False,REGULAR,USD,2027-02-26,761.6900024414062,2026-09-18 23:53:39.265099
SPY270226C00890000,2026-09-18 17:44:32+00:00,890.0,0.95,1.1,1.13,-0.089999974,-8.653844,52.0,183.0,0.13233289550781252,False,REGULAR,USD,2027-02-26,761.6900024414062,2026-09-18 23:53:39.265099
SPY270226C00900000,2026-09-18 20:07:53+00:00,900.0,0.8,0.8,0.83,0.06999999,9.58904,5.0,42.0,0.13251599914550782,False,REGULAR,USD,2027-02-26,761.6900024414062,2026-09-18 23:53:39.265099
SPY270226C00910000,2026-09-17 14:04:37+00:00,910.0,0.52,0.59,0.61,0.0,0.0,1.0,68.0,0.13288220642089843,False,REGULAR,USD,2027-02-26,761.6900024414062,2026-09-18 23:53:39.265099
SPY270226C00920000,2026-09-18 15:36:27+00:00,920.0,0.4,0.44,0.46,-0.00999999,-2.439022,1.0,84.0,0.13385875915527345,False,REGULAR,USD,2027-02-26,761.6900024414062,2026-09-18 23:53:39.265099
SPY270319C00250000,2026-09-16 17:03:28+00:00,250.0,512.16,515.27,519.15,0.0,0.0,1.0,5.0,0.9426885614013671,True,REGULAR,USD,2027-03-19,761.6900024414062,2026-09-18 23:53:39.265099
SPY270319C00255000,2026-06-05 13:30:29+00:00,255.0,501.39,0.0,0.0,0.0,0.0,1.0,0.0,1.0000000000000003e-05,True,REGULAR,USD,2027-03-19,761.6900024414062,2026-09-18 23:53:39.265099
SPY270319C00260000,2026-06-23 15:09:48+00:00,260.0,484.53,482.47,486.06,0.0,0.0,1.0,7.0,1.0000000000000003e-05,True,REGULAR,USD,2027-03-19,761.6900024414062,2026-09-18 23:53:39.265099
SPY270319C00265000,2026-06-09 16:40:44+00:00,265.0,463.0,493.22,496.83,0.0,0.0,1.0,2.0,0.532231240234375,True,REGULAR,USD,2027-03-19,761.6900024414062,2026-09-18 23:53:39.265099
SPY270319C00270000,2026-06-05 13:30:16+00:00,270.0,487.3,0.0,0.0,0.0,0.0,1.0,0.0,1.0000000000000003e-05,True,REGULAR,USD,2027-03-19,761.6900024414062,2026-09-18 23:53:39.265099
SPY270319C00275000,2026-07-13 14:16:45+00:00,275.0,482.06,490.78,494.41,0.0,0.0,1.0,6.0,0.8802502209472656,True,REGULAR,USD,2027-03-19,761.6900024414062,2026-09-18 23:53:39.265099
SPY270319C00280000,2026-06-11 17:57:51+00:00,280.0,459.25,478.76,482.37,0.0,0.0,,1.0,0.6081582153320313,True,REGULAR,USD,2027-03-19,761.6900024414062,2026-09-18 23:53:39.265099
SPY270319C00285000,2026-06-08 13:30:00+00:00,285.0,463.88,473.91,477.55,0.0,0.0,1.0,2.0,0.6170692590332032,True,REGULAR,USD,2027-03-19,761.6900024414062,2026-09-18 23:53:39.265099
SPY270319C00290000,2026-06-08 13:30:00+00:00,290.0,459.08,469.12,472.73,0.0,0.0,1.0,1.0,0.62305064453125,True,REGULAR,USD,2027-03-19,761.6900024414062,2026-09-18 23:53:39.265099
SPY270319C00295000,2026-06-08 13:30:00+00:00,295.0,454.29,464.19,467.91,0.0,0.0,1.0,3.0,0.6269568554687501,True,REGULAR,USD,2027-03-19,761.6900024414062,2026-09-18 23:53:39.265099
SPY270319C00300000,2026-08-28 18:31:23+00:00,300.0,473.87,466.56,470.44,0.0,0.0,1.0,6.0,0.8367325897216795,True,REGULAR,USD,2027-03-19,761.6900024414062,2026-09-18 23:53:39.265099
SPY270319C00305000,2026-07-13 14:16:45+00:00,305.0,453.22,461.74,465.3,0.0,0.0,,1.0,0.8239153350830077,True,REGULAR,USD,2027-03-19,761.6900024414062,2026-09-18 23:53:39.265099
SPY270319C00310000,2026-06-05 13:31:12+00:00,310.0,448.55,0.0,0.0,0.0,0.0,1.0,0.0,1.0000000000000003e-05,True,REGULAR,USD,2027-03-19,761.6900024414062,2026-09-18 23:53:39.265099
SPY270319C00315000,2026-06-05 13:31:35+00:00,315.0,444.48,0.0,0.0,0.0,0.0,5.0,0.0,1.0000000000000003e-05,True,REGULAR,USD,2027-03-19,761.6900024414062,2026-09-18 23:53:39.265099
SPY270319C00320000,2026-09-09 15:11:13+00:00,320.0,446.0,447.09,450.97,0.0,0.0,1.0,6.0,0.7978230667114258,True,REGULAR,USD,2027-03-19,761.6900024414062,2026-09-18 23:53:39.265099
SPY270319C00330000,2026-06-05 13:30:29+00:00,330.0,429.55,0.0,0.0,0.0,0.0,1.0,0.0,1.0000000000000003e-05,True,REGULAR,USD,2027-03-19,761.6900024414062,2026-09-18 23:53:39.265099
SPY270319C00335000,2026-09-15 17:04:42+00:00,335.0,427.22,432.5,436.38,0.0,0.0,8.0,12.0,0.7698997619628907,True,REGULAR,USD,2027-03-19,761.6900024414062,2026-09-18 23:53:39.265099
SPY270319C00340000,2026-06-08 13:30:00+00:00,340.0,411.25,420.93,424.61,0.0,0.0,1.0,4.0,0.5301560656738282,True,REGULAR,USD,2027-03-19,761.6900024414062,2026-09-18 23:53:39.265099
SPY270319C00345000,2026-06-05 13:30:29+00:00,345.0,415.23,0.0,0.0,0.0,0.0,1.0,0.0,1.0000000000000003e-05,True,REGULAR,USD,2027-03-19,761.6900024414062,2026-09-18 23:53:39.265099
SPY270319C00350000,2026-08-28 18:31:23+00:00,350.0,425.11,417.92,421.8,0.0,0.0,1.0,28.0,0.7428309408569335,True,REGULAR,USD,2027-03-19,761.6900024414062,2026-09-18 23:53:39.265099
SPY270319C00355000,2026-07-13 14:16:49+00:00,355.0,404.7,413.31,416.87,0.0,0.0,1.0,9.0,0.7358424853515625,True,REGULAR,USD,2027-03-19,761.6900024414062,2026-09-18 23:53:39.265099
SPY270319C00360000,2026-06-26 19:59:59+00:00,360.0,380.83,408.47,412.03,0.0,0.0,21.0,12.0,0.7273892007446289,True,REGULAR,USD,2027-03-19,761.6900024414062,2026-09-18 23:53:39.265099
SPY270319C00365000,2026-06-05 13:30:16+00:00,365.0,396.48,0.0,0.0,0.0,0.0,1.0,0.0,1.0000000000000003e-05,True,REGULAR,USD,2027-03-19,761.6900024414062,2026-09-18 23:53:39.265099
SPY270319C00370000,2026-09-04 18:35:15+00:00,370.0,406.12,398.49,402.37,0.0,0.0,1.0,29.0,0.7079496978759765,True,REGULAR,USD,2027-03-19,761.6900024414062,2026-09-18 23:53:39.265099
SPY270319C00375000,2026-06-18 13:30:00+00:00,375.0,384.5,371.92,375.52,0.0,0.0,1.0,1.0,1.0000000000000003e-05,True,REGULAR,USD,2027-03-19,761.6900024414062,2026-09-18 23:53:39.265099
SPY270319C00380000,2026-09-08 14:40:25+00:00,380.0,393.14,388.78,392.66,0.0,0.0,3.0,7.0,0.6909515768432618,True,REGULAR,USD,2027-03-19,761.6900024414062,2026-09-18 23:53:39.265099
SPY270319C00385000,2026-09-15 19:43:26+00:00,385.0,378.1,383.93,387.81,0.0,0.0,1.0,2.0,0.6826203613281252,True,REGULAR,USD,2027-03-19,761.6900024414062,2026-09-18 23:53:39.265099
SPY270319C00390000,2026-09-03 16:13:21+00:00,390.0,389.29,379.1,382.95,0.0,0.0,6.0,7.0,0.6744417321777345,True,REGULAR,USD,2027-03-19,761.6900024414062,2026-09-18 23:53:39.265099
SPY270319C00395000,2026-09-03 14:11:42+00:00,395.0,379.78,374.22,378.1,0.0,0.0,1.0,4.0,0.6659579302978518,True,REGULAR,USD,2027-03-19,761.6900024414062,2026-09-18 23:53:39.265099
SPY270319C00400000,2026-09-04 19:27:00+00:00,400.0,376.71,369.37,373.25,0.0,0.0,1.0,15.0,0.6577793011474609,True,REGULAR,USD,2027-03-19,761.6900024414062,2026-09-18 23:53:39.265099
SPY270319C00405000,2026-06-05 13:30:29+00:00,405.0,358.06,0.0,0.0,0.0,0.0,1.0,0.0,1.0000000000000003e-05,True,REGULAR,USD,2027-03-19,761.6900024414062,2026-09-18 23:53:39.265099
SPY270319C00410000,2026-09-16 14:30:58+00:00,410.0,355.96,359.67,363.55,0.0,0.0,2.0,27.0,0.6415441119384766,True,REGULAR,USD,2027-03-19,761.6900024414062,2026-09-18 23:53:39.265099
SPY270319C00415000,2026-07-13 14:16:47+00:00,415.0,347.42,355.35,358.92,0.0,0.0,3.0,16.0,0.6394994546508789,True,REGULAR,USD,2027-03-19,761.6900024414062,2026-09-18 23:53:39.265099
SPY270319C00420000,2026-09-16 15:52:08+00:00,420.0,348.24,349.98,353.86,0.0,0.0,6.0,3.0,0.6256751300048828,True,REGULAR,USD,2027-03-19,761.6900024414062,2026-09-18 23:53:39.265099
SPY270319C00425000,2026-09-03 19:10:25+00:00,425.0,357.0,345.19,349.02,0.0,0.0,4.0,18.0,0.6182289154052736,True,REGULAR,USD,2027-03-19,761.6900024414062,2026-09-18 23:53:39.265099
SPY270319C00430000,2026-08-10 16:32:02+00:00,430.0,351.49,340.3,344.18,0.0,0.0,1.0,8.0,0.6100808035278321,True,REGULAR,USD,2027-03-19,761.6900024414062,2026-09-18 23:53:39.265099
SPY270319C00435000,2026-06-05 13:30:48+00:00,435.0,329.49,0.0,0.0,0.0,0.0,5.0,0.0,1.0000000000000003e-05,True,REGULAR,USD,2027-03-19,761.6900024414062,2026-09-18 23:53:39.265099
SPY270319C00440000,2026-08-04 19:52:37+00:00,440.0,343.23,336.33,339.85,0.0,0.0,1.0,5.0,0.66836879486084,True,REGULAR,USD,2027-03-19,761.6900024414062,2026-09-18 23:53:39.265099
SPY270319C00445000,2026-07-31 18:10:09+00:00,445.0,312.38,331.5,335.02,0.0,0.0,2.0,253.0,0.6595187857055665,True,REGULAR,USD,2027-03-19,761.6900024414062,2026-09-18 23:53:39.265099
SPY270319C00450000,2026-09-18 13:37:54+00:00,450.0,320.67,320.95,324.83,0.21002197,0.06553766,1.0,306.0,0.5794414614868165,True,REGULAR,USD,2027-03-19,761.6900024414062,2026-09-18 23:53:39.265099
SPY270319C00455000,2026-09-15 19:55:08+00:00,455.0,310.78,316.12,320.0,0.0,0.0,4.0,181.0,0.5719647296142578,True,REGULAR,USD,2027-03-19,761.6900024414062,2026-09-18 23:53:39.265099
SPY270319C00460000,2026-09-16 14:30:06+00:00,460.0,308.21,311.36,315.17,0.0,0.0,2.0,89.0,0.5649762741088868,True,REGULAR,USD,2027-03-19,761.6900024414062,2026-09-18 23:53:39.265099
SPY270319C00465000,2026-08-19 16:39:23+00:00,465.0,315.97,306.46,310.34,0.0,0.0,4.0,12.0,0.5570570417785647,True,REGULAR,USD,2027-03-19,761.6900024414062,2026-09-18 23:53:39.265099
SPY270319C00470000,2026-08-25 16:16:46+00:00,470.0,306.02,301.63,305.51,0.0,0.0,4.0,17.0,0.5496260858154298,True,REGULAR,USD,2027-03-19,761.6900024414062,2026-09-18 23:53:39.265099
SPY270319C00475000,2026-09-17 19:41:35+00:00,475.0,296.88,296.81,300.69,0.0,0.0,3.0,9.0,0.5423629748535157,True,REGULAR,USD,2027-03-19,761.6900024414062,2026-09-18 23:53:39.265099
SPY270319C00480000,2026-08-31 15:10:59+00:00,480.0,296.01,291.98,295.86,0.0,0.0,2.0,24.0,0.5349777947998047,True,REGULAR,USD,2027-03-19,761.6900024414062,2026-09-18 23:53:39.265099
SPY270319C00485000,2026-09-17 14:17:53+00:00,485.0,285.83,287.16,291.04,0.0,0.0,1.0,62.0,0.52774520111084,True,REGULAR,USD,2027-03-19,761.6900024414062,2026-09-18 23:53:39.265099
SPY270319C00490000,2026-09-16 19:23:05+00:00,490.0,268.8,282.34,286.22,0.0,0.0,1.0,29.0,0.5205278660583494,True,REGULAR,USD,2027-03-19,761.6900024414062,2026-09-18 23:53:39.265099
SPY270319C00495000,2026-09-16 18:32:22+00:00,495.0,273.21,277.53,281.41,0.0,0.0,1.0,69.0,0.5134326000976561,True,REGULAR,USD,2027-03-19,761.6900024414062,2026-09-18 23:53:39.265099
SPY270319C00500000,2026-09-17 15:08:32+00:00,500.0,270.75,272.72,276.6,0.0,0.0,11.0,151.0,0.5063525927734375,True,REGULAR,USD,2027-03-19,761.6900024414062,2026-09-18 23:53:39.265099
SPY270319C00505000,2026-08-17 17:06:35+00:00,505.0,282.26,267.91,271.79,0.0,0.0,1.0,61.0,0.5207872628784179,True,REGULAR,USD,2027-03-19,761.6900024414062,2026-09-18 23:53:39.265099
SPY270319C00510000,2026-09-15 15:22:58+00:00,510.0,257.01,263.2,266.98,0.0,0.0,22.0,37.0,0.5133257896423338,True,REGULAR,USD,2027-03-19,761.6900024414062,2026-09-18 23:53:39.265099
SPY270319C00515000,2026-09-09 14:37:31+00:00,515.0,259.25,258.3,262.18,0.0,0.0,34.0,4.0,0.5059863854980469,True,REGULAR,USD,2027-03-19,761.6900024414062,2026-09-18 23:53:39.265099
SPY270319C00520000,2026-09-17 15:52:48+00:00,520.0,253.11,253.61,257.38,0.0,0.0,10.0,201.0,0.4986622399902344,True,REGULAR,USD,2027-03-19,761.6900024414062,2026-09-18 23:53:39.265099
SPY270319C00525000,2026-09-18 19:20:12+00:00,525.0,248.92,248.71,252.59,0.30000305,0.12066731,10.0,546.0,0.4914449049377442,True,REGULAR,USD,2027-03-19,761.6900024414062,2026-09-18 23:53:39.265099
SPY270319C00530000,2026-09-18 16:26:33+00:00,530.0,241.3,243.92,247.8,-5.779999,-2.3393228,1.0,190.0,0.48422756988525395,True,REGULAR,USD,2027-03-19,761.6900024414062,2026-09-18 23:53:39.265099
SPY270319C00535000,2026-09-16 13:47:47+00:00,535.0,236.46,239.25,243.01,0.0,0.0,9.0,2916.0,0.4770254934692383,True,REGULAR,USD,2027-03-19,761.6900024414062,2026-09-18 23:53:39.265099
SPY270319C00540000,2026-09-18 16:33:32+00:00,540.0,232.42,234.37,238.23,-1.8300018,-0.78121746,4.0,51.0,0.4699149688720704,True,REGULAR,USD,2027-03-19,761.6900024414062,2026-09-18 23:53:39.265099
SPY270319C00545000,2026-09-18 16:33:32+00:00,545.0,227.74,229.61,233.46,-2.9099884,-1.2616469,3.0,456.0,0.46289599609375004,True,REGULAR,USD,2027-03-19,761.6900024414062,2026-09-18 23:53:39.265099
SPY270319C00550000,2026-09-18 16:34:33+00:00,550.0,223.08,224.84,228.69,-0.2899933,-0.12982643,8.0,493.0,0.4558770233154297,True,REGULAR,USD,2027-03-19,761.6900024414062,2026-09-18 23:53:39.265099
SPY270319C00555000,2026-09-18 16:37:19+00:00,555.0,218.14,220.1,223.93,-2.1100006,-0.95800257,8.0,3125.0,0.44894960235595704,True,REGULAR,USD,2027-03-19,761.6900024414062,2026-09-18 23:53:39.265099
SPY270319C00560000,2026-09-18 16:37:19+00:00,560.0,213.37,215.41,219.17,-1.1600037,-0.5407186,24.0,485.0,0.4419916641235352,True,REGULAR,USD,2027-03-19,761.6900024414062,2026-09-18 23:53:39.265099
SPY270319C00565000,2026-09-09 14:37:30+00:00,565.0,211.68,210.58,214.42,0.0,0.0,2.0,63.0,0.435125277709961,True,REGULAR,USD,2027-03-19,761.6900024414062,2026-09-18 23:53:39.265099
SPY270319C00570000,2026-09-18 14:50:32+00:00,570.0,204.18,205.84,209.68,-2.880005,-1.3909036,10.0,341.0,0.4283351844787598,True,REGULAR,USD,2027-03-19,761.6900024414062,2026-09-18 23:53:39.265099
SPY270319C00575000,2026-09-09 14:37:23+00:00,575.0,202.38,201.29,204.94,0.0,0.0,2.0,173.0,0.4215145739746094,True,REGULAR,USD,2027-03-19,761.6900024414062,2026-09-18 23:53:39.265099
SPY270319C00580000,2026-09-18 14:50:31+00:00,580.0,194.75,196.56,200.21,-2.949997,-1.4921583,6.0,66.0,0.41475499801635746,True,REGULAR,USD,2027-03-19,761.6900024414062,2026-09-18 23:53:39.265099
SPY270319C00585000,2026-09-18 14:19:13+00:00,585.0,191.0,191.84,195.5,0.0,0.0,1.0,2374.0,0.4081480084228516,True,REGULAR,USD,2027-03-19,761.6900024414062,2026-09-18 23:53:39.265099
SPY270319C00590000,2026-09-18 14:50:31+00:00,590.0,185.44,187.12,190.78,1.3500061,0.73334026,4.0,581.0,0.4014189497375488,True,REGULAR,USD,2027-03-19,761.6900024414062,2026-09-18 23:53:39.265099
SPY270319C00595000,2026-09-14 14:01:38+00:00,595.0,180.91,182.42,186.08,0.0,0.0,1.0,114.0,0.3948272187805176,True,REGULAR,USD,2027-03-19,761.6900024414062,2026-09-18 23:53:39.265099
SPY270319C00600000,2026-09-18 14:50:30+00:00,600.0,176.09,177.73,181.39,1.1900024,0.68039024,4.0,657.0,0.38828126373291016,True,REGULAR,USD,2027-03-19,761.6900024414062,2026-09-18 23:53:39.265099
SPY270319C00605000,2026-09-16 14:59:56+00:00,605.0,170.64,173.05,176.71,0.0,0.0,1.0,158.0,0.38176582595825187,True,REGULAR,USD,2027-03-19,761.6900024414062,2026-09-18 23:53:39.265099
SPY270319C00610000,2026-09-18 16:41:50+00:00,610.0,166.38,168.39,172.05,7.7900085,4.9120426,14.0,410.0,0.375357198638916,True,REGULAR,USD,2027-03-19,761.6900024414062,2026-09-18 23:53:39.265099
SPY270319C00615000,2026-09-11 14:02:17+00:00,615.0,166.77,163.73,167.13,0.0,0.0,1.0,71.0,0.36699546585083004,True,REGULAR,USD,2027-03-19,761.6900024414062,2026-09-18 23:53:39.265099
SPY270319C00620000,2026-09-18 14:45:58+00:00,620.0,157.09,159.09,162.48,2.1399994,1.3810903,2.0,144.0,0.3606020971679687,True,REGULAR,USD,2027-03-19,761.6900024414062,2026-09-18 23:53:39.265099
SPY270319C00625000,2026-09-18 15:06:18+00:00,625.0,153.4,154.47,157.95,-4.330002,-2.7451987,1.0,622.0,0.35500217758178704,True,REGULAR,USD,2027-03-19,761.6900024414062,2026-09-18 23:53:39.265099
SPY270319C00630000,2026-09-18 14:50:30+00:00,630.0,148.35,149.85,153.29,3.630005,2.5082953,4.0,411.0,0.34841044662475584,True,REGULAR,USD,2027-03-19,761.6900024414062,2026-09-18 23:53:39.265099
SPY270319C00635000,2026-09-18 16:45:21+00:00,635.0,144.12,145.26,148.72,6.0899963,4.4120817,25.0,429.0,0.3423832852172851,True,REGULAR,USD,2027-03-19,761.6900024414062,2026-09-18 23:53:39.265099
SPY270319C00640000,2026-09-18 14:46:02+00:00,640.0,138.82,140.68,144.19,0.040008545,0.028828755,4.0,519.0,0.3365392274475098,True,REGULAR,USD,2027-03-19,761.6900024414062,2026-09-18 23:53:39.265099
SPY270319C00645000,2026-09-15 20:01:49+00:00,645.0,131.58,136.12,139.64,0.0,0.0,1.0,339.0,0.3304815487670898,True,REGULAR,USD,2027-03-19,761.6900024414062,2026-09-18 23:53:39.265099
SPY270319C00650000,2026-09-18 18:58:58+00:00,650.0,132.08,131.58,135.1,0.08999634,0.068184204,5.0,5754.0,0.324400982131958,True,REGULAR,USD,2027-03-19,761.6900024414062,2026-09-18 23:53:39.265099
SPY270319C00655000,2026-09-18 14:50:08+00:00,655.0,125.79,127.07,130.61,-0.37999725,-0.30117878,3.0,2485.0,0.31854929504394525,True,REGULAR,USD,2027-03-19,761.6900024414062,2026-09-18 23:53:39.265099
SPY270319C00660000,2026-09-18 14:45:58+00:00,660.0,120.86,122.57,126.13,0.6100006,0.507277,2.0,890.0,0.3126594613647461,True,REGULAR,USD,2027-03-19,761.6900024414062,2026-09-18 23:53:39.265099
SPY270319C00665000,2026-09-16 19:22:17+00:00,665.0,108.58,118.1,121.67,0.0,0.0,2.0,317.0,0.3067925156402588,True,REGULAR,USD,2027-03-19,761.6900024414062,2026-09-18 23:53:39.265099
SPY270319C00670000,2026-09-18 14:50:29+00:00,670.0,112.3,113.65,117.25,-1.3299942,-1.1704605,3.0,264.0,0.30104763900756837,True,REGULAR,USD,2027-03-19,761.6900024414062,2026-09-18 23:53:39.265099
SPY270319C00675000,2026-09-18 15:18:38+00:00,675.0,108.08,109.25,112.87,-1.5299988,-1.395857,3.0,924.0,0.29542483146667475,True,REGULAR,USD,2027-03-19,761.6900024414062,2026-09-18 23:53:39.265099
SPY270319C00680000,2026-09-18 19:34:15+00:00,680.0,105.0,104.84,108.51,-0.019996643,-0.019040795,4.0,2119.0,0.2897867652893066,True,REGULAR,USD,2027-03-19,761.6900024414062,2026-09-18 23:53:39.265099
SPY270319C00685000,2026-09-18 19:05:42+00:00,685.0,100.99,100.5,104.16,-0.12000275,-0.118685335,2.0,1195.0,0.284064776611328,True,REGULAR,USD,2027-03-19,761.6900024414062,2026-09-18 23:53:39.265099
SPY270319C00690000,2026-09-18 19:05:32+00:00,690.0,96.68,96.14,99.84,-0.12000275,-0.12396978,1.0,4911.0,0.2783580465698242,True,REGULAR,USD,2027-03-19,761.6900024414062,2026-09-18 23:53:39.265099
SPY270319C00695000,2026-09-18 19:05:39+00:00,695.0,92.42,91.86,95.56,-0.12000275,-0.12967663,6.0,2598.0,0.2727352390289306,True,REGULAR,USD,2027-03-19,761.6900024414062,2026-09-18 23:53:39.265099
SPY270319C00700000,2026-09-18 18:30:39+00:00,700.0,86.13,87.61,91.32,-1.8700027,-2.125003,9.0,1855.0,0.267158207397461,True,REGULAR,USD,2027-03-19,761.6900024414062,2026-09-18 23:53:39.265099
SPY270319C00705000,2026-09-18 19:35:10+00:00,705.0,83.57,83.41,87.12,-0.62999725,-0.7482153,14.0,1367.0,0.2616193223571777,True,REGULAR,USD,2027-03-19,761.6900024414062,2026-09-18 23:53:39.265099
SPY270319C00710000,2026-09-18 15:49:30+00:00,710.0,78.21,79.25,82.74,-1.5599976,-1.9556195,1.0,1018.0,0.2549665568542481,True,REGULAR,USD,2027-03-19,761.6900024414062,2026-09-18 23:53:39.265099
SPY270319C00715000,2026-09-18 18:43:56+00:00,715.0,74.44,75.14,78.65,5.5200043,8.009293,1.0,1322.0,0.24964129272460936,True,REGULAR,USD,2027-03-19,761.6900024414062,2026-09-18 23:53:39.265099
SPY270319C00720000,2026-09-18 15:40:20+00:00,720.0,70.31,71.09,74.62,-1.5400009,-2.1433556,2.0,1145.0,0.24439232177734377,True,REGULAR,USD,2027-03-19,761.6900024414062,2026-09-18 23:53:39.265099
SPY270319C00725000,2026-09-18 19:05:25+00:00,725.0,67.69,67.1,70.64,-0.0799942,-0.11803778,5.0,860.0,0.23918149742126463,True,REGULAR,USD,2027-03-19,761.6900024414062,2026-09-18 23:53:39.265099
SPY270319C00730000,2026-09-18 19:24:55+00:00,730.0,63.6,63.18,66.72,-0.12000275,-0.18832822,1.0,1267.0,0.23401644897460935,True,REGULAR,USD,2027-03-19,761.6900024414062,2026-09-18 23:53:39.265099
SPY270319C00735000,2026-09-18 15:49:30+00:00,735.0,58.57,59.32,62.87,6.380001,12.224566,1.0,3737.0,0.22893532302856445,True,REGULAR,USD,2027-03-19,761.6900024414062,2026-09-18 23:53:39.265099
SPY270319C00740000,2026-09-17 15:37:27+00:00,740.0,55.8,55.53,59.1,0.0,0.0,1.0,727.0,0.22396100753784176,True,REGULAR,USD,2027-03-19,761.6900024414062,2026-09-18 23:53:39.265099
SPY270319C00745000,2026-09-18 19:03:00+00:00,745.0,52.48,51.82,55.23,1.3899994,2.7206879,3.0,2450.0,0.21820850158691402,True,REGULAR,USD,2027-03-19,761.6900024414062,2026-09-18 23:53:39.265099
SPY270319C00750000,2026-09-18 20:00:52+00:00,750.0,49.5,48.19,51.63,0.47000122,0.95859927,34.0,3165.0,0.21344017768859866,True,REGULAR,USD,2027-03-19,761.6900024414062,2026-09-18 23:53:39.265099
SPY270319C00755000,2026-09-18 19:56:05+00:00,755.0,45.74,45.88,47.06,-0.0099983215,-0.021854255,8.0,2705.0,0.20377383148193356,True,REGULAR,USD,2027-03-19,761.6900024414062,2026-09-18 23:53:39.265099
SPY270319C00760000,2026-09-18 19:16:13+00:00,760.0,41.94,42.48,43.64,-0.6100006,-1.433609,20.0,7530.0,0.19917335258483884,True,REGULAR,USD,2027-03-19,761.6900024414062,2026-09-18 23:53:39.265099
SPY270319C00765000,2026-09-18 19:36:45+00:00,765.0,38.68,39.18,40.0,-0.20000076,-0.51440525,23.0,3344.0,0.19314619117736817,False,REGULAR,USD,2027-03-19,761.6900024414062,2026-09-18 23:53:39.265099
SPY270319C00770000,2026-09-18 18:32:42+00:00,770.0,35.04,35.99,37.1,-0.80999756,-2.2594075,23.0,4405.0,0.19014786911010745,False,REGULAR,USD,2027-03-19,761.6900024414062,2026-09-18 23:53:39.265099
SPY270319C00775000,2026-09-18 19:05:25+00:00,775.0,32.51,33.45,33.6,-0.12000275,-0.36776814,581.0,6439.0,0.1839070867919922,False,REGULAR,USD,2027-03-19,761.6900024414062,2026-09-18 23:53:39.265099
SPY270319C00780000,2026-09-18 20:08:46+00:00,780.0,30.4,30.5,30.66,0.5,1.6722409,226.0,8451.0,0.17978725494384767,False,REGULAR,USD,2027-03-19,761.6900024414062,2026-09-18 23:53:39.265099
SPY270319C00785000,2026-09-18 19:50:56+00:00,785.0,26.92,27.72,27.86,-0.10000038,-0.37009764,152.0,4512.0,0.17581238014221193,False,REGULAR,USD,2027-03-19,761.6900024414062,2026-09-18 23:53:39.265099
SPY270319C00790000,2026-09-18 19:58:02+00:00,790.0,24.55,25.06,25.22,0.03999901,0.16319464,43.0,8937.0,0.17205875556945802,False,REGULAR,USD,2027-03-19,761.6900024414062,2026-09-18 23:53:39.265099
SPY270319C00795000,2026-09-18 19:57:00+00:00,795.0,22.0,22.59,22.73,-0.069999695,-0.31717125,128.0,6698.0,0.16845771736145024,False,REGULAR,USD,2027-03-19,761.6900024414062,2026-09-18 23:53:39.265099
SPY270319C00800000,2026-09-18 20:12:56+00:00,800.0,20.32,20.26,20.39,0.69000053,3.5150309,419.0,18551.0,0.16500163619995117,False,REGULAR,USD,2027-03-19,761.6900024414062,2026-09-18 23:53:39.265099
SPY270319C00805000,2026-09-18 20:05:54+00:00,805.0,18.0,18.1,18.23,0.4699993,2.681114,150.0,7026.0,0.1618278398132324,False,REGULAR,USD,2027-03-19,761.6900024414062,2026-09-18 23:53:39.265099
SPY270319C00810000,2026-09-18 19:48:11+00:00,810.0,15.62,16.09,16.22,0.010000229,0.06406297,293.0,6511.0,0.1587837418365479,False,REGULAR,USD,2027-03-19,761.6900024414062,2026-09-18 23:53:39.265099
SPY270319C00815000,2026-09-18 19:56:00+00:00,815.0,13.82,14.26,14.38,0.21999931,1.6176419,60.0,3680.0,0.15598378204345703,False,REGULAR,USD,2027-03-19,761.6900024414062,2026-09-18 23:53:39.265099
SPY270319C00820000,2026-09-18 19:55:09+00:00,820.0,12.19,12.6,12.71,0.03999996,0.3292178,734.0,25398.0,0.1534355897521973,False,REGULAR,USD,2027-03-19,761.6900024414062,2026-09-18 23:53:39.265099
SPY270319C00825000,2026-09-18 19:36:38+00:00,825.0,10.5,11.08,11.19,-0.1800003,-1.6853961,63.0,3820.0,0.15107050109863285,False,REGULAR,USD,2027-03-19,761.6900024414062,2026-09-18 23:53:39.265099
SPY270319C00830000,2026-09-18 20:11:49+00:00,830.0,9.82,9.75,9.81,0.3699999,3.9153428,200.0,5051.0,0.14884274017333982,False,REGULAR,USD,2027-03-19,761.6900024414062,2026-09-18 23:53:39.265099
SPY270319C00835000,2026-09-18 19:05:19+00:00,835.0,8.11,8.53,8.59,-0.07000065,-0.8557536,9.0,4656.0,0.14692015197753905,False,REGULAR,USD,2027-03-19,761.6900024414062,2026-09-18 23:53:39.265099
SPY270319C00840000,2026-09-18 19:05:18+00:00,840.0,7.06,7.44,7.49,-0.07999992,-1.1204472,122.0,7592.0,0.14510437423706057,False,REGULAR,USD,2027-03-19,761.6900024414062,2026-09-18 23:53:39.265099
SPY270319C00845000,2026-09-18 19:05:19+00:00,845.0,6.14,6.48,6.53,-0.12000036,-1.9169387,4.0,2835.0,0.1435937692260742,False,REGULAR,USD,2027-03-19,761.6900024414062,2026-09-18 23:53:39.265099
SPY270319C00850000,2026-09-18 19:59:07+00:00,850.0,5.4,5.62,5.67,-0.059999943,-1.0989001,83.0,5421.0,0.14214419876098633,False,REGULAR,USD,2027-03-19,761.6900024414062,2026-09-18 23:53:39.265099
SPY270319C00855000,2026-09-18 18:27:39+00:00,855.0,4.45,4.86,4.91,-0.26999998,-5.720339,6.0,1674.0,0.14083195602416992,False,REGULAR,USD,2027-03-19,761.6900024414062,2026-09-18 23:53:39.265099
SPY270319C00860000,2026-09-18 20:00:05+00:00,860.0,4.05,4.2,4.24,-0.03999996,-0.97799414,831.0,11461.0,0.1396265237426758,False,REGULAR,USD,2027-03-19,761.6900024414062,2026-09-18 23:53:39.265099
SPY270319C00865000,2026-09-18 19:59:22+00:00,865.0,3.49,3.62,3.66,-0.06999993,-1.9662902,87.0,4515.0,0.13861945373535156,False,REGULAR,USD,2027-03-19,761.6900024414062,2026-09-18 23:53:39.265099
SPY270319C00870000,2026-09-18 19:24:18+00:00,870.0,2.9,3.11,3.15,-0.06999993,-2.3569,3.0,4152.0,0.13767341827392582,False,REGULAR,USD,2027-03-19,761.6900024414062,2026-09-18 23:53:39.265099
SPY270319C00875000,2026-09-18 16:59:09+00:00,875.0,2.37,2.68,2.71,-0.19000006,-7.4218774,5.0,6660.0,0.1368799691772461,False,REGULAR,USD,2027-03-19,761.6900024414062,2026-09-18 23:53:39.265099
SPY270319C00880000,2026-09-18 19:51:45+00:00,880.0,2.16,2.3,2.33,-0.06999993,-3.1390104,315.0,5144.0,0.13620858917236328,False,REGULAR,USD,2027-03-19,761.6900024414062,2026-09-18 23:53:39.265099
SPY270319C00885000,2026-09-17 19:44:44+00:00,885.0,1.91,1.97,2.0,0.0,0.0,1.0,2715.0,0.13559824371337892,False,REGULAR,USD,2027-03-19,761.6900024414062,2026-09-18 23:53:39.265099
SPY270319C00890000,2026-09-18 14:42:32+00:00,890.0,1.5,1.69,1.72,0.0,0.0,5.0,2336.0,0.13517100189208986,False,REGULAR,USD,2027-03-19,761.6900024414062,2026-09-18 23:53:39.265099
SPY270319C00895000,2026-09-17 18:52:39+00:00,895.0,1.36,1.45,1.48,0.0,0.0,39.0,1582.0,0.13483531188964848,False,REGULAR,USD,2027-03-19,761.6900024414062,2026-09-18 23:53:39.265099
SPY270319C00900000,2026-09-18 18:34:39+00:00,900.0,1.12,1.25,1.28,-0.08000004,-6.6666694,31.0,8884.0,0.13471324279785157,False,REGULAR,USD,2027-03-19,761.6900024414062,2026-09-18 23:53:39.265099
SPY270319C00905000,2026-09-17 13:57:14+00:00,905.0,0.96,1.08,1.1,0.0,0.0,1.0,2306.0,0.13446910461425782,False,REGULAR,USD,2027-03-19,761.6900024414062,2026-09-18 23:53:39.265099
SPY270319C00910000,2026-09-18 15:09:43+00:00,910.0,0.85,0.93,0.95,-0.029999971,-3.4090877,177.0,2570.0,0.1344385873413086,False,REGULAR,USD,2027-03-19,761.6900024414062,2026-09-18 23:53:39.265099
SPY270319C00915000,2026-09-16 17:48:22+00:00,915.0,0.68,0.81,0.83,0.0,0.0,1.0,588.0,0.13471324279785157,False,REGULAR,USD,2027-03-19,761.6900024414062,2026-09-18 23:53:39.265099
SPY270319C00920000,2026-09-17 14:34:20+00:00,920.0,0.65,0.7,0.72,0.0,0.0,2.0,1007.0,0.13483531188964848,False,REGULAR,USD,2027-03-19,761.6900024414062,2026-09-18 23:53:39.265099
SPY270319C00925000,2026-09-16 19:31:46+00:00,925.0,0.6,0.61,0.63,0.18000004,42.857155,1.0,565.0,0.13514048461914066,False,REGULAR,USD,2027-03-19,761.6900024414062,2026-09-18 23:53:39.265099
SPY270319C00930000,2026-09-17 13:47:05+00:00,930.0,0.48,0.54,0.55,0.0,0.0,2.0,432.0,0.13544565734863284,False,REGULAR,USD,2027-03-19,761.6900024414062,2026-09-18 23:53:39.265099
SPY270319C00935000,2026-09-18 15:45:14+00:00,935.0,0.43,0.47,0.49,-0.00999999,-2.272725,5.0,3476.0,0.13617807189941405,False,REGULAR,USD,2027-03-19,761.6900024414062,2026-09-18 23:53:39.265099
SPY270319C00940000,2026-09-16 19:04:15+00:00,940.0,0.3,0.42,0.44,0.0,0.0,10.0,1749.0,0.13703255554199223,False,REGULAR,USD,2027-03-19,761.6900024414062,2026-09-18 23:53:39.265099
SPY270319C00945000,2026-09-17 13:38:08+00:00,945.0,0.36,0.38,0.39,0.01000002,2.8571486,4.0,149.0,0.1376429010009766,False,REGULAR,USD,2027-03-19,761.6900024414062,2026-09-18 23:53:39.265099
SPY270319C00950000,2026-09-18 16:10:31+00:00,950.0,0.31,0.34,0.35,-0.02000001,-6.060609,26.0,6158.0,0.13843635009765626,False,REGULAR,USD,2027-03-19,761.6900024414062,2026-09-18 23:53:39.265099
SPY270319C00955000,2026-09-17 16:08:36+00:00,955.0,0.3,0.3,0.32,0.0,0.0,1.0,123.0,0.139657041015625,False,REGULAR,USD,2027-03-19,761.6900024414062,2026-09-18 23:53:39.265099
SPY270319C00960000,2026-09-18 18:56:35+00:00,960.0,0.26,0.28,0.29,-0.01000002,-3.703711,3.0,537.0,0.14063359375,False,REGULAR,USD,2027-03-19,761.6900024414062,2026-09-18 23:53:39.265099
SPY270319C00965000,2026-09-04 19:40:06+00:00,965.0,0.36,0.25,0.27,0.0,0.0,449.0,249.0,0.1419763537597656,False,REGULAR,USD,2027-03-19,761.6900024414062,2026-09-18 23:53:39.265099
SPY270319C00970000,2026-09-03 18:14:49+00:00,970.0,0.35,0.23,0.25,0.0,0.0,1.0,822.0,0.14331911376953127,False,REGULAR,USD,2027-03-19,761.6900024414062,2026-09-18 23:53:39.265099
SPY270319C00975000,2026-09-18 16:25:03+00:00,975.0,0.19,0.21,0.23,-0.030000001,-13.636364,5.0,159.0,0.14441773559570312,False,REGULAR,USD,2027-03-19,761.6900024414062,2026-09-18 23:53:39.265099
SPY270319C00980000,2026-09-16 18:28:10+00:00,980.0,0.17,0.19,0.21,0.0,0.0,9.0,767.0,0.145516357421875,False,REGULAR,USD,2027-03-19,761.6900024414062,2026-09-18 23:53:39.265099
SPY270319C00985000,2026-09-15 14:09:58+00:00,985.0,0.15,0.18,0.19,0.0,0.0,70.0,1044.0,0.14624877197265623,False,REGULAR,USD,2027-03-19,761.6900024414062,2026-09-18 23:53:39.265099
SPY270319C00990000,2026-09-15 17:03:14+00:00,990.0,0.13,0.16,0.18,0.0,0.0,2.0,737.0,0.14783567016601565,False,REGULAR,USD,2027-03-19,761.6900024414062,2026-09-18 23:53:39.265099
SPY270319C00995000,2026-09-15 17:06:16+00:00,995.0,0.12,0.15,0.17,0.0,0.0,1.0,455.0,0.149422568359375,False,REGULAR,USD,2027-03-19,761.6900024414062,2026-09-18 23:53:39.265099
SPY270319C01000000,2026-09-18 15:34:55+00:00,1000.0,0.13,0.14,0.16,-0.010000005,-7.1428604,36.0,2964.0,0.15088739746093754,False,REGULAR,USD,2027-03-19,761.6900024414062,2026-09-18 23:53:39.265099
SPY270319C01010000,2026-09-15 17:03:22+00:00,1010.0,0.1,0.12,0.14,0.0,0.0,2.0,957.0,0.15332877929687502,False,REGULAR,USD,2027-03-19,761.6900024414062,2026-09-18 23:53:39.265099
SPY270319C01020000,2026-09-10 19:38:55+00:00,1020.0,0.11,0.1,0.12,0.0,0.0,1.0,28.0,0.15552602294921875,False,REGULAR,USD,2027-03-19,761.6900024414062,2026-09-18 23:53:39.265099
SPY270319C01030000,2026-08-19 17:08:01+00:00,1030.0,0.17,0.09,0.11,0.0,0.0,4.0,41.0,0.15869981933593752,False,REGULAR,USD,2027-03-19,761.6900024414062,2026-09-18 23:53:39.265099
SPY270319C01040000,2026-09-14 17:38:19+00:00,1040.0,0.09,0.08,0.1,0.0,0.0,1.0,538.0,0.16162947753906248,False,REGULAR,USD,2027-03-19,761.6900024414062,2026-09-18 23:53:39.265099
SPY270319C01050000,2026-09-11 14:30:36+00:00,1050.0,0.09,0.07,0.09,0.0,0.0,25.0,1001.0,0.16407085937500002,False,REGULAR,USD,2027-03-19,761.6900024414062,2026-09-18 23:53:39.265099
SPY270319C01060000,2026-09-17 15:42:40+00:00,1060.0,0.06,0.06,0.08,0.0,0.0,1.0,79.0,0.16651224121093755,False,REGULAR,USD,2027-03-19,761.6900024414062,2026-09-18 23:53:39.265099
SPY270319C01070000,2026-09-04 14:42:27+00:00,1070.0,0.08,0.05,0.07,0.0,0.0,4.0,51.0,0.16846534667968754,False,REGULAR,USD,2027-03-19,761.6900024414062,2026-09-18 23:53:39.265099
SPY270319C01080000,2026-08-20 17:34:01+00:00,1080.0,0.08,0.05,0.06,0.0,0.0,6.0,1249.0,0.17041845214843754,False,REGULAR,USD,2027-03-19,761.6900024414062,2026-09-18 23:53:39.265099
SPY270319C01090000,2026-09-17 14:48:17+00:00,1090.0,0.06,0.04,0.06,0.0,0.0,1.0,572.0,0.17432466308593753,False,REGULAR,USD,2027-03-19,761.6900024414062,2026-09-18 23:53:39.265099
SPY270319C01100000,2026-09-15 14:29:52+00:00,1100.0,0.05,0.04,0.05,0.0,0.0,4.0,11271.0,0.1753012158203125,False,REGULAR,USD,2027-03-19,761.6900024414062,2026-09-18 23:53:39.265099
SPY270319C01110000,2026-09-01 13:43:36+00:00,1110.0,0.05,0.03,0.05,0.0,0.0,1.0,21.0,0.17920742675781248,False,REGULAR,USD,2027-03-19,761.6900024414062,2026-09-18 23:53:39.265099
SPY270319C01120000,2026-09-17 14:38:30+00:00,1120.0,0.03,0.03,0.05,0.0,0.0,3.0,333.0,0.18311363769531247,False,REGULAR,USD,2027-03-19,761.6900024414062,2026-09-18 23:53:39.265099
SPY270319C01130000,2026-08-05 15:16:47+00:00,1130.0,0.11,0.05,0.06,0.0,0.0,2.0,7502.0,0.18994950683593753,False,REGULAR,USD,2027-03-19,761.6900024414062,2026-09-18 23:53:39.265099
SPY270319C01140000,2026-08-21 16:21:08+00:00,1140.0,0.05,0.02,0.04,0.0,0.0,100.0,77.0,0.1870198486328125,False,REGULAR,USD,2027-03-19,761.6900024414062,2026-09-18 23:53:39.265099
SPY270319C01150000,2026-08-31 13:30:00+00:00,1150.0,0.03,0.02,0.04,0.0,0.0,8.0,13.0,0.19043778320312502,False,REGULAR,USD,2027-03-19,761.6900024414062,2026-09-18 23:53:39.265099
SPY270319C01160000,2026-09-17 16:01:38+00:00,1160.0,0.03,0.02,0.04,0.0,0.0,10.0,40.0,0.194343994140625,False,REGULAR,USD,2027-03-19,761.6900024414062,2026-09-18 23:53:39.265099
SPY270319C01170000,2026-09-03 15:19:00+00:00,1170.0,0.05,0.02,0.04,0.0,0.0,1.0,119.0,0.1977619287109375,False,REGULAR,USD,2027-03-19,761.6900024414062,2026-09-18 23:53:39.265099
SPY270319C01180000,2026-08-20 14:11:48+00:00,1180.0,0.04,0.02,0.03,0.0,0.0,1.0,5.0,0.196297099609375,False,REGULAR,USD,2027-03-19,761.6900024414062,2026-09-18 23:53:39.265099
SPY270319C01190000,2026-09-14 13:45:43+00:00,1190.0,0.03,0.01,0.03,0.0,0.0,25.0,66.0,0.20020331054687499,False,REGULAR,USD,2027-03-19,761.6900024414062,2026-09-18 23:53:39.265099
SPY270319C01200000,2026-09-15 14:30:10+00:00,1200.0,0.03,0.01,0.03,0.0,0.0,3.0,1209.0,0.20313296874999998,False,REGULAR,USD,2027-03-19,761.6900024414062,2026-09-18 23:53:39.265099
SPY270319C01210000,2026-08-14 16:29:28+00:00,1210.0,0.04,0.01,0.03,0.0,0.0,298.0,436.0,0.20703917968749996,False,REGULAR,USD,2027-03-19,761.6900024414062,2026-09-18 23:53:39.265099
SPY270319C01220000,2026-06-01 13:30:03+00:00,1220.0,0.08,0.0,0.0,0.0,0.0,1.0,0.0,0.12500875,False,REGULAR,USD,2027-03-19,761.6900024414062,2026-09-18 23:53:39.265099
SPY270319C01230000,2026-09-10 13:32:34+00:00,1230.0,0.03,0.01,0.03,0.0,0.0,1.0,114.0,0.21289849609375,False,REGULAR,USD,2027-03-19,761.6900024414062,2026-09-18 23:53:39.265099
SPY270319C01240000,2026-09-17 15:02:42+00:00,1240.0,0.01,0.01,0.03,0.0,0.0,1.0,101.0,0.21680470703125,False,REGULAR,USD,2027-03-19,761.6900024414062,2026-09-18 23:53:39.265099
SPY270319C01250000,2026-09-11 17:21:20+00:00,1250.0,0.01,0.01,0.03,0.0,0.0,5.0,63.0,0.21973436523437498,False,REGULAR,USD,2027-03-19,761.6900024414062,2026-09-18 23:53:39.265099
SPY270319C01260000,2026-08-05 18:23:03+00:00,1260.0,0.05,0.02,0.03,0.0,0.0,1.0,2.0,0.22266402343749997,False,REGULAR,USD,2027-03-19,761.6900024414062,2026-09-18 23:53:39.265099
SPY270319C01270000,2026-06-03 14:48:20+00:00,1270.0,0.05,0.0,0.0,0.0,0.0,25.0,0.0,0.12500875,False,REGULAR,USD,2027-03-19,761.6900024414062,2026-09-18 23:53:39.265099
SPY270319C01280000,2026-09-17 18:23:04+00:00,1280.0,0.02,0.01,0.02,0.0,0.0,9.0,1416.0,0.22266402343749997,False,REGULAR,USD,2027-03-19,761.6900024414062,2026-09-18 23:53:39.265099
SPY270319C01290000,2026-08-21 14:02:33+00:00,1290.0,0.02,0.01,0.02,0.0,0.0,12.0,2013.0,0.22461712890624996,False,REGULAR,USD,2027-03-19,761.6900024414062,2026-09-18 23:53:39.265099
SPY270319C01300000,2026-09-02 14:48:30+00:00,1300.0,0.02,0.0,0.02,0.0,0.0,1.0,6635.0,0.22852333984375,False,REGULAR,USD,2027-03-19,761.6900024414062,2026-09-18 23:53:39.265099
SPY270319C01310000,2026-09-10 16:21:28+00:00,1310.0,0.01,0.0,0.02,0.0,0.0,1.0,7348.0,0.231452998046875,False,REGULAR,USD,2027-03-19,761.6900024414062,2026-09-18 23:53:39.265099
SPY270319C01320000,2026-08-26 14:08:19+00:00,1320.0,0.01,0.0,0.02,0.0,0.0,1.0,100.0,0.23438265625,False,REGULAR,USD,2027-03-19,761.6900024414062,2026-09-18 23:53:39.265099
SPY270319C01330000,2026-09-18 19:06:25+00:00,1330.0,0.01,0.0,0.02,-0.01,-50.0,10.0,293.0,0.23633576171874998,False,REGULAR,USD,2027-03-19,761.6900024414062,2026-09-18 23:53:39.265099
SPY270319C01340000,2026-09-18 17:24:27+00:00,1340.0,0.01,0.0,0.02,-0.01,-50.0,15.0,1632.0,0.24024197265624997,False,REGULAR,USD,2027-03-19,761.6900024414062,2026-09-18 23:53:39.265099
SPY270319C01350000,2026-06-10 17:14:24+00:00,1350.0,0.04,0.02,0.04,0.0,0.0,,51.0,0.25586681640625003,False,REGULAR,USD,2027-03-19,761.6900024414062,2026-09-18 23:53:39.265099
SPY270319C01360000,2026-09-17 15:01:04+00:00,1360.0,0.01,0.0,0.02,0.0,0.0,2.0,336.0,0.2461012890625,False,REGULAR,USD,2027-03-19,761.6900024414062,2026-09-18 23:53:39.265099
SPY270319C01370000,2026-09-18 14:11:04+00:00,1370.0,0.01,0.0,0.02,-0.01,-50.0,5.0,615.0,0.24805439453125,False,REGULAR,USD,2027-03-19,761.6900024414062,2026-09-18 23:53:39.265099
SPY270319C01380000,2026-09-17 15:02:50+00:00,1380.0,0.01,0.01,0.02,0.0,0.0,1.0,703.0,0.25196060546875,False,REGULAR,USD,2027-03-19,761.6900024414062,2026-09-18 23:53:39.265099
SPY270319C01390000,2026-08-06 19:20:06+00:00,1390.0,0.02,0.0,0.02,0.0,0.0,11.0,14.0,0.25391371093750004,False,REGULAR,USD,2027-03-19,761.6900024414062,2026-09-18 23:53:39.265099
SPY270319C01400000,2026-08-07 15:31:31+00:00,1400.0,0.03,0.0,0.02,0.0,0.0,8.0,28.0,0.257819921875,False,REGULAR,USD,2027-03-19,761.6900024414062,2026-09-18 23:53:39.265099
SPY270319C01410000,2026-08-07 13:46:16+00:00,1410.0,0.02,0.0,0.02,0.0,0.0,1.0,33.0,0.25977302734375,False,REGULAR,USD,2027-03-19,761.6900024414062,2026-09-18 23:53:39.265099
SPY270319C01420000,2026-08-10 14:20:02+00:00,1420.0,0.02,0.0,0.02,0.0,0.0,61.0,32.0,0.2617261328125,False,REGULAR,USD,2027-03-19,761.6900024414062,2026-09-18 23:53:39.265099
SPY270319C01430000,2026-09-02 17:41:27+00:00,1430.0,0.01,0.0,0.02,0.0,0.0,3.0,16.0,0.26563234375,False,REGULAR,USD,2027-03-19,761.6900024414062,2026-09-18 23:53:39.265099
SPY270319C01440000,2026-08-24 16:56:15+00:00,1440.0,0.01,0.0,0.02,0.0,0.0,10.0,11.0,0.26758544921875,False,REGULAR,USD,2027-03-19,761.6900024414062,2026-09-18 23:53:39.265099
SPY270319C01450000,2026-09-03 14:09:30+00:00,1450.0,0.01,0.0,0.02,0.0,0.0,10.0,108.0,0.2695385546875,False,REGULAR,USD,2027-03-19,761.6900024414062,2026-09-18 23:53:39.265099
SPY270319C01460000,2026-09-03 13:57:16+00:00,1460.0,0.01,0.0,0.02,0.0,0.0,10.0,26.0,0.273444765625,False,REGULAR,USD,2027-03-19,761.6900024414062,2026-09-18 23:53:39.265099
SPY270319C01470000,2026-09-04 19:16:10+00:00,1470.0,0.01,0.0,0.01,0.0,0.0,1.0,53.0,0.2617261328125,False,REGULAR,USD,2027-03-19,761.6900024414062,2026-09-18 23:53:39.265099
SPY270319C01480000,2026-09-04 14:56:22+00:00,1480.0,0.01,0.0,0.01,0.0,0.0,5.0,587.0,0.26563234375,False,REGULAR,USD,2027-03-19,761.6900024414062,2026-09-18 23:53:39.265099
SPY270331C00250000,2026-08-25 14:30:29+00:00,250.0,516.32,515.06,518.83,0.0,0.0,1.0,2.0,0.9042367974853516,True,REGULAR,USD,2027-03-31,761.6900024414062,2026-09-18 23:53:39.265099
SPY270331C00350000,2026-09-14 13:32:36+00:00,350.0,412.14,417.83,421.61,0.0,0.0,4.0,14.0,0.7167081552124023,True,REGULAR,USD,2027-03-31,761.6900024414062,2026-09-18 23:53:39.265099
SPY270331C00400000,2026-05-06 18:25:30+00:00,400.0,345.19,348.0,353.0,0.0,0.0,2.0,3.0,1.0000000000000003e-05,True,REGULAR,USD,2027-03-31,761.6900024414062,2026-09-18 23:53:39.265099
SPY270331C00450000,2026-09-15 14:02:00+00:00,450.0,317.78,321.09,324.81,0.0,0.0,3.0,22.0,0.5621381677246093,True,REGULAR,USD,2027-03-31,761.6900024414062,2026-09-18 23:53:39.265099
SPY270331C00455000,2026-06-08 19:14:47+00:00,455.0,297.04,310.91,314.57,0.0,0.0,4.0,11.0,0.5036365554809571,True,REGULAR,USD,2027-03-31,761.6900024414062,2026-09-18 23:53:39.265099
SPY270331C00460000,2026-08-27 19:08:02+00:00,460.0,319.65,311.44,315.16,0.0,0.0,1.0,2.0,0.5477492735290528,True,REGULAR,USD,2027-03-31,761.6900024414062,2026-09-18 23:53:39.265099
SPY270331C00465000,2026-08-10 16:09:41+00:00,465.0,320.39,306.62,310.35,0.0,0.0,1.0,4.0,0.5407150421142579,True,REGULAR,USD,2027-03-31,761.6900024414062,2026-09-18 23:53:39.265099
SPY270331C00470000,2026-05-14 14:45:48+00:00,470.0,293.5,296.31,299.48,0.0,0.0,1.0,2.0,0.47614049255371094,True,REGULAR,USD,2027-03-31,761.6900024414062,2026-09-18 23:53:39.265099
SPY270331C00490000,2026-03-30 14:20:19+00:00,490.0,174.0,260.92,264.8,0.0,0.0,,2.0,1.0000000000000003e-05,True,REGULAR,USD,2027-03-31,761.6900024414062,2026-09-18 23:53:39.265099
SPY270331C00495000,2026-07-10 17:10:29+00:00,495.0,274.34,279.01,282.24,0.0,0.0,1.0,0.0,0.5103808728027344,True,REGULAR,USD,2027-03-31,761.6900024414062,2026-09-18 23:53:39.265099
SPY270331C00500000,2026-09-17 16:11:21+00:00,500.0,272.5,272.93,276.68,0.0,0.0,1.0,3.0,0.512578116455078,True,REGULAR,USD,2027-03-31,761.6900024414062,2026-09-18 23:53:39.265099
SPY270331C00505000,2026-05-08 15:14:03+00:00,505.0,251.02,249.6,253.48,0.0,0.0,1.0,0.0,1.0000000000000003e-05,True,REGULAR,USD,2027-03-31,761.6900024414062,2026-09-18 23:53:39.265099
SPY270331C00510000,2026-03-30 16:34:56+00:00,510.0,157.0,242.58,246.46,0.0,0.0,,5.0,1.0000000000000003e-05,True,REGULAR,USD,2027-03-31,761.6900024414062,2026-09-18 23:53:39.265099
SPY270331C00515000,2026-08-13 17:47:19+00:00,515.0,274.77,258.45,262.3,0.0,0.0,1.0,17.0,0.49136861175537117,True,REGULAR,USD,2027-03-31,761.6900024414062,2026-09-18 23:53:39.265099
SPY270331C00520000,2026-06-02 19:14:54+00:00,520.0,257.24,0.0,0.0,0.0,0.0,3.0,0.0,1.0000000000000003e-05,True,REGULAR,USD,2027-03-31,761.6900024414062,2026-09-18 23:53:39.265099
SPY270331C00525000,2026-09-01 13:42:24+00:00,525.0,249.07,248.97,252.75,0.0,0.0,1.0,2.0,0.4776358389282227,True,REGULAR,USD,2027-03-31,761.6900024414062,2026-09-18 23:53:39.265099
SPY270331C00530000,2026-09-03 18:38:38+00:00,530.0,255.85,244.19,247.98,0.0,0.0,3.0,5.0,0.47079996978759764,True,REGULAR,USD,2027-03-31,761.6900024414062,2026-09-18 23:53:39.265099
SPY270331C00535000,2026-07-27 14:51:55+00:00,535.0,221.68,245.16,248.68,0.0,0.0,1.0,2.0,0.5127612200927734,True,REGULAR,USD,2027-03-31,761.6900024414062,2026-09-18 23:53:39.265099
SPY270331C00540000,2026-04-22 15:03:27+00:00,540.0,194.75,217.62,221.5,0.0,0.0,1.0,1.0,1.0000000000000003e-05,True,REGULAR,USD,2027-03-31,761.6900024414062,2026-09-18 23:53:39.265099
SPY270331C00545000,2026-06-30 19:38:42+00:00,545.0,222.5,231.61,234.79,0.0,0.0,1.0,1.0,0.46034780380249024,True,REGULAR,USD,2027-03-31,761.6900024414062,2026-09-18 23:53:39.265099
SPY270331C00550000,2026-09-08 18:40:33+00:00,550.0,230.05,225.12,228.99,0.0,0.0,1.0,14.0,0.4442957182312011,True,REGULAR,USD,2027-03-31,761.6900024414062,2026-09-18 23:53:39.265099
SPY270331C00555000,2026-05-28 15:17:46+00:00,555.0,220.02,0.0,0.0,0.0,0.0,1.0,0.0,1.0000000000000003e-05,True,REGULAR,USD,2027-03-31,761.6900024414062,2026-09-18 23:53:39.265099
SPY270331C00560000,2026-09-17 13:33:06+00:00,560.0,215.11,215.62,219.5,0.0,0.0,1.0,16.0,0.43100544586181644,True,REGULAR,USD,2027-03-31,761.6900024414062,2026-09-18 23:53:39.265099
SPY270331C00570000,2026-09-18 13:52:27+00:00,570.0,205.57,206.29,209.94,4.1700134,2.0705132,100.0,9.0,0.4170895693969726,True,REGULAR,USD,2027-03-31,761.6900024414062,2026-09-18 23:53:39.265099
SPY270331C00575000,2026-09-18 13:52:27+00:00,575.0,201.07,201.56,205.22,-3.9199982,-1.9122875,100.0,8.0,0.41060464889526366,True,REGULAR,USD,2027-03-31,761.6900024414062,2026-09-18 23:53:39.265099
SPY270331C00578000,2026-06-12 14:52:46+00:00,578.0,185.33,196.25,199.69,0.0,0.0,,1.0,0.38448186325073236,True,REGULAR,USD,2027-03-31,761.6900024414062,2026-09-18 23:53:39.265099
SPY270331C00580000,2026-08-25 13:30:05+00:00,580.0,202.48,196.84,200.5,0.0,0.0,100.0,116.0,0.4041044697570801,True,REGULAR,USD,2027-03-31,761.6900024414062,2026-09-18 23:53:39.265099
SPY270331C00581000,2026-08-25 13:30:05+00:00,581.0,201.56,195.9,199.56,0.0,0.0,,100.0,0.4028380029296875,True,REGULAR,USD,2027-03-31,761.6900024414062,2026-09-18 23:53:39.265099
SPY270331C00582000,2026-06-26 19:59:59+00:00,582.0,173.2,197.0,200.11,0.0,0.0,1.0,1.0,0.41322913436889647,True,REGULAR,USD,2027-03-31,761.6900024414062,2026-09-18 23:53:39.265099
SPY270331C00585000,2026-08-06 16:18:02+00:00,585.0,201.5,192.14,195.79,0.0,0.0,3.0,2.0,0.39765006652832036,True,REGULAR,USD,2027-03-31,761.6900024414062,2026-09-18 23:53:39.265099
SPY270331C00588000,2026-08-05 18:25:59+00:00,588.0,202.85,195.11,198.48,0.0,0.0,,1.0,0.4350032086181641,True,REGULAR,USD,2027-03-31,761.6900024414062,2026-09-18 23:53:39.265099
SPY270331C00590000,2026-08-05 18:25:59+00:00,590.0,200.99,193.24,196.61,0.0,0.0,1.0,4.0,0.43223376609802244,True,REGULAR,USD,2027-03-31,761.6900024414062,2026-09-18 23:53:39.265099
SPY270331C00592000,2026-04-16 17:01:30+00:00,592.0,142.73,171.42,175.3,0.0,0.0,2.0,1.0,0.26129889099121095,True,REGULAR,USD,2027-03-31,761.6900024414062,2026-09-18 23:53:39.265099
SPY270331C00593000,2026-08-07 16:32:16+00:00,593.0,197.31,184.62,188.29,0.0,0.0,1.0,1.0,0.38754884918212884,True,REGULAR,USD,2027-03-31,761.6900024414062,2026-09-18 23:53:39.265099
SPY270331C00594000,2026-04-16 15:31:42+00:00,594.0,141.75,169.68,173.56,0.0,0.0,,1.0,0.2617261328125,True,REGULAR,USD,2027-03-31,761.6900024414062,2026-09-18 23:53:39.265099
SPY270331C00595000,2026-07-10 16:30:38+00:00,595.0,181.59,184.98,188.08,0.0,0.0,1.0,1.0,0.397466962890625,True,REGULAR,USD,2027-03-31,761.6900024414062,2026-09-18 23:53:39.265099
SPY270331C00596000,2026-08-20 16:35:59+00:00,596.0,188.18,181.81,185.47,0.0,0.0,,1.0,0.3836884141540527,True,REGULAR,USD,2027-03-31,761.6900024414062,2026-09-18 23:53:39.265099
SPY270331C00597000,2026-08-20 16:27:39+00:00,597.0,187.0,180.88,184.54,0.0,0.0,1.0,1.0,0.38246772323608397,True,REGULAR,USD,2027-03-31,761.6900024414062,2026-09-18 23:53:39.265099
SPY270331C00598000,2026-05-22 18:30:56+00:00,598.0,176.35,0.0,0.0,0.0,0.0,1.0,0.0,1.0000000000000003e-05,True,REGULAR,USD,2027-03-31,761.6900024414062,2026-09-18 23:53:39.265099
SPY270331C00599000,2026-07-29 16:41:31+00:00,599.0,158.11,184.82,188.19,0.0,0.0,3.0,3.0,0.41970642555236815,True,REGULAR,USD,2027-03-31,761.6900024414062,2026-09-18 23:53:39.265099
SPY270331C00600000,2026-09-17 17:11:34+00:00,600.0,176.94,178.07,181.73,0.0,0.0,4.0,31.0,0.3786530641174316,True,REGULAR,USD,2027-03-31,761.6900024414062,2026-09-18 23:53:39.265099
SPY270331C00601000,2026-08-27 17:56:53+00:00,601.0,187.5,177.14,180.8,0.0,0.0,1.0,11.0,0.3774323731994628,True,REGULAR,USD,2027-03-31,761.6900024414062,2026-09-18 23:53:39.265099
SPY270331C00602000,2026-05-06 19:54:55+00:00,602.0,162.93,162.77,166.65,0.0,0.0,7.0,7.0,0.2630231169128418,True,REGULAR,USD,2027-03-31,761.6900024414062,2026-09-18 23:53:39.265099
SPY270331C00603000,2026-04-23 19:40:43+00:00,603.0,140.77,161.91,165.79,0.0,0.0,,1.0,0.2631299273681641,True,REGULAR,USD,2027-03-31,761.6900024414062,2026-09-18 23:53:39.265099
SPY270331C00604000,2026-09-14 19:28:39+00:00,604.0,174.0,174.34,178.0,0.0,0.0,1.0,2.0,0.37367874862670897,True,REGULAR,USD,2027-03-31,761.6900024414062,2026-09-18 23:53:39.265099
SPY270331C00605000,2026-05-08 14:25:11+00:00,605.0,162.54,160.19,164.07,0.0,0.0,7.0,7.0,0.263251996459961,True,REGULAR,USD,2027-03-31,761.6900024414062,2026-09-18 23:53:39.265099
SPY270331C00606000,2026-08-27 18:02:19+00:00,606.0,182.0,172.47,176.14,0.0,0.0,,1.0,0.3712221081542969,True,REGULAR,USD,2027-03-31,761.6900024414062,2026-09-18 23:53:39.265099
SPY270331C00607000,2026-08-28 15:47:39+00:00,607.0,183.2,171.54,175.2,0.0,0.0,1.0,2.0,0.3699098654174804,True,REGULAR,USD,2027-03-31,761.6900024414062,2026-09-18 23:53:39.265099
SPY270331C00608000,2026-08-10 17:47:51+00:00,608.0,184.57,170.61,174.28,0.0,0.0,1.0,3.0,0.3687502090454102,True,REGULAR,USD,2027-03-31,761.6900024414062,2026-09-18 23:53:39.265099
SPY270331C00609000,2026-09-18 13:50:17+00:00,609.0,169.0,169.68,173.35,3.9700012,2.405624,1.0,1.0,0.3675142594909668,True,REGULAR,USD,2027-03-31,761.6900024414062,2026-09-18 23:53:39.265099
SPY270331C00610000,2026-08-24 13:39:02+00:00,610.0,170.62,168.75,172.42,0.0,0.0,2.0,8.0,0.3662630513000488,True,REGULAR,USD,2027-03-31,761.6900024414062,2026-09-18 23:53:39.265099
SPY270331C00611000,2026-06-25 18:19:03+00:00,611.0,154.05,170.29,173.39,0.0,0.0,1.0,2.0,0.37842418457031246,True,REGULAR,USD,2027-03-31,761.6900024414062,2026-09-18 23:53:39.265099
SPY270331C00612000,2026-08-14 18:30:09+00:00,612.0,183.37,166.89,170.56,0.0,0.0,1.0,3.0,0.36377589355468753,True,REGULAR,USD,2027-03-31,761.6900024414062,2026-09-18 23:53:39.265099
SPY270331C00615000,2026-08-04 13:42:29+00:00,615.0,168.73,169.98,173.33,0.0,0.0,4.0,18.0,0.3979704978942871,True,REGULAR,USD,2027-03-31,761.6900024414062,2026-09-18 23:53:39.265099
SPY270331C00616000,2026-08-04 13:42:13+00:00,616.0,168.02,169.06,172.4,0.0,0.0,4.0,3.0,0.39658196197509765,True,REGULAR,USD,2027-03-31,761.6900024414062,2026-09-18 23:53:39.265099
SPY270331C00617000,2026-05-06 13:31:59+00:00,617.0,144.97,149.95,153.83,0.0,0.0,2.0,3.0,0.2632214791870118,True,REGULAR,USD,2027-03-31,761.6900024414062,2026-09-18 23:53:39.265099
SPY270331C00618000,2026-06-05 16:02:14+00:00,618.0,157.82,0.0,0.0,0.0,0.0,2.0,0.0,1.0000000000000003e-05,True,REGULAR,USD,2027-03-31,761.6900024414062,2026-09-18 23:53:39.265099
SPY270331C00619000,2026-09-03 13:32:40+00:00,619.0,166.9,160.42,164.08,0.0,0.0,1.0,1.0,0.3552310571289062,True,REGULAR,USD,2027-03-31,761.6900024414062,2026-09-18 23:53:39.265099
SPY270331C00620000,2026-08-21 18:13:45+00:00,620.0,165.01,159.5,163.16,0.0,0.0,1.0,13.0,0.3540408834838866,True,REGULAR,USD,2027-03-31,761.6900024414062,2026-09-18 23:53:39.265099
SPY270331C00621000,2026-08-10 13:54:40+00:00,621.0,174.0,158.57,162.24,0.0,0.0,1.0,8.0,0.3528354512023925,True,REGULAR,USD,2027-03-31,761.6900024414062,2026-09-18 23:53:39.265099
SPY270331C00622000,2026-05-12 14:46:51+00:00,622.0,146.08,157.76,159.99,0.0,0.0,1.0,1.0,0.3424595783996582,True,REGULAR,USD,2027-03-31,761.6900024414062,2026-09-18 23:53:39.265099
SPY270331C00623000,2026-06-03 18:49:07+00:00,623.0,162.52,0.0,0.0,0.0,0.0,2.0,0.0,1.0000000000000003e-05,True,REGULAR,USD,2027-03-31,761.6900024414062,2026-09-18 23:53:39.265099
SPY270331C00624000,2026-04-09 18:03:18+00:00,624.0,100.94,145.5,149.0,0.0,0.0,2.0,2.0,0.2716900224304199,True,REGULAR,USD,2027-03-31,761.6900024414062,2026-09-18 23:53:39.265099
SPY270331C00625000,2026-08-10 19:30:26+00:00,625.0,169.52,154.89,158.55,0.0,0.0,4.0,314.0,0.3479679461669921,True,REGULAR,USD,2027-03-31,761.6900024414062,2026-09-18 23:53:39.265099
SPY270331C00626000,2026-06-08 14:11:35+00:00,626.0,147.14,153.33,156.77,0.0,0.0,1.0,0.0,0.3409337147521973,True,REGULAR,USD,2027-03-31,761.6900024414062,2026-09-18 23:53:39.265099
SPY270331C00627000,2026-05-04 15:20:02+00:00,627.0,128.74,141.52,145.4,0.0,0.0,,1.0,0.2621838919067383,True,REGULAR,USD,2027-03-31,761.6900024414062,2026-09-18 23:53:39.265099
SPY270331C00628000,2026-06-29 16:01:53+00:00,628.0,140.99,154.88,157.98,0.0,0.0,1.0,1.0,0.3588626126098633,True,REGULAR,USD,2027-03-31,761.6900024414062,2026-09-18 23:53:39.265099
SPY270331C00629000,2026-08-07 16:53:08+00:00,629.0,165.2,151.21,154.87,0.0,0.0,1.0,12.0,0.34313095840454094,True,REGULAR,USD,2027-03-31,761.6900024414062,2026-09-18 23:53:39.265099
SPY270331C00630000,2026-09-16 19:50:12+00:00,630.0,141.81,150.29,153.96,0.0,0.0,1.0,78.0,0.3419865606689453,True,REGULAR,USD,2027-03-31,761.6900024414062,2026-09-18 23:53:39.265099
SPY270331C00631000,2026-07-29 15:59:02+00:00,631.0,131.01,155.27,158.61,0.0,0.0,2.0,1.0,0.37674573455810545,True,REGULAR,USD,2027-03-31,761.6900024414062,2026-09-18 23:53:39.265099
SPY270331C00632000,2026-08-07 16:20:18+00:00,632.0,163.64,148.46,152.13,0.0,0.0,1.0,2.0,0.33960621337890623,True,REGULAR,USD,2027-03-31,761.6900024414062,2026-09-18 23:53:39.265099
SPY270331C00633000,2026-08-07 16:20:59+00:00,633.0,162.68,147.54,151.21,0.0,0.0,2.0,5.0,0.33838552246093745,True,REGULAR,USD,2027-03-31,761.6900024414062,2026-09-18 23:53:39.265099
SPY270331C00634000,2026-08-27 16:16:26+00:00,634.0,156.44,146.63,150.29,0.0,0.0,3.0,2.0,0.3371648315429688,True,REGULAR,USD,2027-03-31,761.6900024414062,2026-09-18 23:53:39.265099
SPY270331C00635000,2026-09-02 15:15:29+00:00,635.0,150.68,145.71,149.38,0.0,0.0,1.0,11.0,0.33598991653442384,True,REGULAR,USD,2027-03-31,761.6900024414062,2026-09-18 23:53:39.265099
SPY270331C00636000,2026-06-05 19:35:10+00:00,636.0,135.96,0.0,0.0,0.0,0.0,2.0,0.0,1.0000000000000003e-05,True,REGULAR,USD,2027-03-31,761.6900024414062,2026-09-18 23:53:39.265099
SPY270331C00637000,2026-06-05 19:35:14+00:00,637.0,135.29,0.0,0.0,0.0,0.0,2.0,0.0,1.0000000000000003e-05,True,REGULAR,USD,2027-03-31,761.6900024414062,2026-09-18 23:53:39.265099
SPY270331C00638000,2026-08-31 17:06:10+00:00,638.0,148.15,142.98,146.65,0.0,0.0,3.0,6.0,0.3324804301452637,True,REGULAR,USD,2027-03-31,761.6900024414062,2026-09-18 23:53:39.265099
SPY270331C00639000,2026-07-06 13:30:14+00:00,639.0,138.95,145.02,148.11,0.0,0.0,8.0,20.0,0.346411565246582,True,REGULAR,USD,2027-03-31,761.6900024414062,2026-09-18 23:53:39.265099
SPY270331C00640000,2026-09-02 17:03:01+00:00,640.0,145.12,141.16,144.83,0.0,0.0,1.0,35.0,0.3301306001281738,True,REGULAR,USD,2027-03-31,761.6900024414062,2026-09-18 23:53:39.265099
SPY270331C00641000,2026-08-04 13:54:37+00:00,641.0,146.72,146.08,149.5,0.0,0.0,1.0,2.0,0.36379115219116215,True,REGULAR,USD,2027-03-31,761.6900024414062,2026-09-18 23:53:39.265099
SPY270331C00642000,2026-08-31 13:33:33+00:00,642.0,145.76,139.34,143.01,0.0,0.0,1.0,3.0,0.32776551147460936,True,REGULAR,USD,2027-03-31,761.6900024414062,2026-09-18 23:53:39.265099
SPY270331C00643000,2026-09-02 17:04:08+00:00,643.0,142.46,138.43,142.1,0.0,0.0,3.0,3.0,0.3265753378295898,True,REGULAR,USD,2027-03-31,761.6900024414062,2026-09-18 23:53:39.265099
SPY270331C00644000,2026-08-03 13:50:40+00:00,644.0,134.17,143.45,146.78,0.0,0.0,1.0,15.0,0.3599307171630859,True,REGULAR,USD,2027-03-31,761.6900024414062,2026-09-18 23:53:39.265099
SPY270331C00645000,2026-09-14 13:57:26+00:00,645.0,135.0,136.62,140.29,0.0,0.0,2.0,10.0,0.32424839576721187,True,REGULAR,USD,2027-03-31,761.6900024414062,2026-09-18 23:53:39.265099
SPY270331C00646000,2026-06-05 19:34:53+00:00,646.0,126.77,0.0,0.0,0.0,0.0,1.0,0.0,1.0000000000000003e-05,True,REGULAR,USD,2027-03-31,761.6900024414062,2026-09-18 23:53:39.265099
SPY270331C00647000,2026-05-14 15:40:46+00:00,647.0,137.68,136.33,138.47,0.0,0.0,11.0,6.0,0.3218451605224609,True,REGULAR,USD,2027-03-31,761.6900024414062,2026-09-18 23:53:39.265099
SPY270331C00648000,2026-09-03 16:09:09+00:00,648.0,144.62,133.9,137.58,0.0,0.0,3.0,5.0,0.32076942665100094,True,REGULAR,USD,2027-03-31,761.6900024414062,2026-09-18 23:53:39.265099
SPY270331C00649000,2026-06-18 17:23:32+00:00,649.0,132.64,119.8,123.22,0.0,0.0,6.0,12.0,0.22808083938598633,True,REGULAR,USD,2027-03-31,761.6900024414062,2026-09-18 23:53:39.265099
SPY270331C00650000,2026-09-17 15:24:44+00:00,650.0,131.01,132.1,135.77,0.0,0.0,1.0,249.0,0.3184119673156737,True,REGULAR,USD,2027-03-31,761.6900024414062,2026-09-18 23:53:39.265099
SPY270331C00651000,2026-06-09 15:38:22+00:00,651.0,117.03,131.73,135.15,0.0,0.0,1.0,1.0,0.3189765368652343,True,REGULAR,USD,2027-03-31,761.6900024414062,2026-09-18 23:53:39.265099
SPY270331C00652000,2026-05-06 19:06:06+00:00,652.0,120.57,120.91,124.77,0.0,0.0,2.0,3.0,0.25661448959350586,True,REGULAR,USD,2027-03-31,761.6900024414062,2026-09-18 23:53:39.265099
SPY270331C00653000,2026-09-04 16:03:31+00:00,653.0,136.86,129.41,133.07,0.0,0.0,3.0,2.0,0.31494062751770013,True,REGULAR,USD,2027-03-31,761.6900024414062,2026-09-18 23:53:39.265099
SPY270331C00654000,2026-06-12 16:48:01+00:00,654.0,122.04,129.1,132.59,0.0,0.0,3.0,6.0,0.3163367927551269,True,REGULAR,USD,2027-03-31,761.6900024414062,2026-09-18 23:53:39.265099
SPY270331C00655000,2026-09-08 18:56:03+00:00,655.0,132.4,127.62,131.28,0.0,0.0,2.0,32.0,0.3126670906829834,True,REGULAR,USD,2027-03-31,761.6900024414062,2026-09-18 23:53:39.265099
SPY270331C00656000,2026-08-07 17:33:04+00:00,656.0,141.0,126.72,130.39,0.0,0.0,2.0,16.0,0.31156083953857416,True,REGULAR,USD,2027-03-31,761.6900024414062,2026-09-18 23:53:39.265099
SPY270331C00657000,2026-05-04 18:21:33+00:00,657.0,104.52,116.88,120.74,0.0,0.0,2.0,6.0,0.2551801777648926,True,REGULAR,USD,2027-03-31,761.6900024414062,2026-09-18 23:53:39.265099
SPY270331C00658000,2026-09-09 15:39:53+00:00,658.0,125.59,124.93,128.6,0.0,0.0,1.0,4.0,0.30925678543090823,True,REGULAR,USD,2027-03-31,761.6900024414062,2026-09-18 23:53:39.265099
SPY270331C00659000,2026-06-22 13:36:21+00:00,659.0,126.11,111.5,114.93,0.0,0.0,9.0,11.0,0.22580730255126952,True,REGULAR,USD,2027-03-31,761.6900024414062,2026-09-18 23:53:39.265099
SPY270331C00660000,2026-09-09 15:52:15+00:00,660.0,124.25,123.14,126.81,0.0,0.0,1.0,65.0,0.3069527313232422,True,REGULAR,USD,2027-03-31,761.6900024414062,2026-09-18 23:53:39.265099
SPY270331C00661000,2026-04-21 14:52:38+00:00,661.0,95.28,113.68,117.54,0.0,0.0,2.0,3.0,0.25394422821044926,True,REGULAR,USD,2027-03-31,761.6900024414062,2026-09-18 23:53:39.265099
SPY270331C00662000,2026-04-14 14:41:01+00:00,662.0,80.08,114.52,118.4,0.0,0.0,,1.0,0.2642132905578613,True,REGULAR,USD,2027-03-31,761.6900024414062,2026-09-18 23:53:39.265099
SPY270331C00663000,2026-09-09 15:53:52+00:00,663.0,121.6,120.47,124.14,0.0,0.0,3.0,8.0,0.3035424260711669,True,REGULAR,USD,2027-03-31,761.6900024414062,2026-09-18 23:53:39.265099
SPY270331C00664000,2026-06-23 18:11:26+00:00,664.0,109.58,107.4,110.83,0.0,0.0,6.0,7.0,0.22443402526855466,True,REGULAR,USD,2027-03-31,761.6900024414062,2026-09-18 23:53:39.265099
SPY270331C00665000,2026-09-10 15:39:22+00:00,665.0,116.47,118.69,122.35,0.0,0.0,1.0,25.0,0.3011925960540771,True,REGULAR,USD,2027-03-31,761.6900024414062,2026-09-18 23:53:39.265099
SPY270331C00666000,2026-05-20 19:43:39+00:00,666.0,114.94,0.0,0.0,0.0,0.0,10.0,0.0,1.0000000000000003e-05,True,REGULAR,USD,2027-03-31,761.6900024414062,2026-09-18 23:53:39.265099
SPY270331C00667000,2026-05-07 16:07:45+00:00,667.0,108.82,108.91,112.77,0.0,0.0,1.0,27.0,0.25193008819580076,True,REGULAR,USD,2027-03-31,761.6900024414062,2026-09-18 23:53:39.265099
SPY270331C00668000,2026-09-10 16:03:33+00:00,668.0,113.97,116.04,119.69,0.0,0.0,3.0,53.0,0.29778229080200186,True,REGULAR,USD,2027-03-31,761.6900024414062,2026-09-18 23:53:39.265099
SPY270331C00669000,2026-09-17 14:01:28+00:00,669.0,113.6,115.15,118.82,0.0,0.0,2.0,178.0,0.2967294448852539,True,REGULAR,USD,2027-03-31,761.6900024414062,2026-09-18 23:53:39.265099
SPY270331C00670000,2026-09-17 14:03:45+00:00,670.0,112.76,114.29,117.94,0.0,0.0,2.0,43.0,0.29561556442260745,True,REGULAR,USD,2027-03-31,761.6900024414062,2026-09-18 23:53:39.265099
SPY270331C00671000,2026-09-02 13:30:36+00:00,671.0,114.95,113.37,117.06,0.0,0.0,1.0,184.0,0.2945016839599609,True,REGULAR,USD,2027-03-31,761.6900024414062,2026-09-18 23:53:39.265099
SPY270331C00672000,2026-09-16 18:37:42+00:00,672.0,107.78,112.53,116.18,0.0,0.0,145.0,185.0,0.29337254486083975,True,REGULAR,USD,2027-03-31,761.6900024414062,2026-09-18 23:53:39.265099
SPY270331C00673000,2026-09-10 16:03:33+00:00,673.0,109.64,111.61,115.3,0.0,0.0,3.0,114.0,0.292251035079956,True,REGULAR,USD,2027-03-31,761.6900024414062,2026-09-18 23:53:39.265099
SPY270331C00674000,2026-05-15 15:53:33+00:00,674.0,108.15,114.05,116.14,0.0,0.0,1.0,4.0,0.30083401809692384,True,REGULAR,USD,2027-03-31,761.6900024414062,2026-09-18 23:53:39.265099
SPY270331C00675000,2026-09-17 14:01:03+00:00,675.0,108.52,109.86,111.9,0.0,0.0,2.0,73.0,0.2806544713592528,True,REGULAR,USD,2027-03-31,761.6900024414062,2026-09-18 23:53:39.265099
SPY270331C00676000,2026-09-17 14:00:54+00:00,676.0,107.76,108.99,112.66,0.0,0.0,2.0,12.0,0.2888407298278808,True,REGULAR,USD,2027-03-31,761.6900024414062,2026-09-18 23:53:39.265099
SPY270331C00677000,2026-09-11 14:57:51+00:00,677.0,111.34,108.11,111.8,0.0,0.0,1.0,4.0,0.28780314254760736,True,REGULAR,USD,2027-03-31,761.6900024414062,2026-09-18 23:53:39.265099
SPY270331C00678000,2026-09-14 15:53:28+00:00,678.0,107.1,107.24,110.93,0.0,0.0,2.0,3.0,0.2867121500396729,True,REGULAR,USD,2027-03-31,761.6900024414062,2026-09-18 23:53:39.265099
SPY270331C00679000,2026-09-18 14:31:40+00:00,679.0,105.05,106.37,110.06,-18.399994,-14.904815,2.0,12.0,0.28561352821350094,True,REGULAR,USD,2027-03-31,761.6900024414062,2026-09-18 23:53:39.265099
SPY270331C00680000,2026-09-18 19:33:54+00:00,680.0,103.93,105.5,108.88,-5.800003,-5.2857037,2.0,29.0,0.28278305114746094,True,REGULAR,USD,2027-03-31,761.6900024414062,2026-09-18 23:53:39.265099
SPY270331C00685000,2026-09-16 14:12:22+00:00,685.0,99.38,101.17,104.57,0.0,0.0,2.0,90.0,0.2774196404266357,True,REGULAR,USD,2027-03-31,761.6900024414062,2026-09-18 23:53:39.265099
SPY270331C00690000,2026-09-11 17:46:34+00:00,690.0,101.07,96.87,100.55,0.0,0.0,4.0,240.0,0.2734752828979492,True,REGULAR,USD,2027-03-31,761.6900024414062,2026-09-18 23:53:39.265099
SPY270331C00695000,2026-09-14 15:35:08+00:00,695.0,92.36,92.61,96.32,0.0,0.0,4.0,75.0,0.2682263119506836,True,REGULAR,USD,2027-03-31,761.6900024414062,2026-09-18 23:53:39.265099
SPY270331C00700000,2026-09-17 15:52:22+00:00,700.0,88.59,88.4,92.11,0.0,0.0,4.0,300.0,0.2629163064575196,True,REGULAR,USD,2027-03-31,761.6900024414062,2026-09-18 23:53:39.265099
SPY270331C00705000,2026-09-17 15:35:31+00:00,705.0,84.12,84.23,87.92,0.0,0.0,2.0,131.0,0.2575376371002198,True,REGULAR,USD,2027-03-31,761.6900024414062,2026-09-18 23:53:39.265099
SPY270331C00710000,2026-09-17 15:50:45+00:00,710.0,80.12,80.1,83.8,0.0,0.0,6.0,139.0,0.2523344420623779,True,REGULAR,USD,2027-03-31,761.6900024414062,2026-09-18 23:53:39.265099
SPY270331C00715000,2026-09-17 14:29:07+00:00,715.0,76.13,76.02,79.73,0.0,0.0,2.0,1709.0,0.24719228157043457,True,REGULAR,USD,2027-03-31,761.6900024414062,2026-09-18 23:53:39.265099
SPY270331C00720000,2026-09-18 18:35:48+00:00,720.0,72.05,72.0,75.73,3.7300034,5.4596066,2.0,361.0,0.24218744880676268,True,REGULAR,USD,2027-03-31,761.6900024414062,2026-09-18 23:53:39.265099
SPY270331C00725000,2026-09-17 17:26:44+00:00,725.0,67.81,68.05,71.76,0.0,0.0,3.0,228.0,0.23710632286071778,True,REGULAR,USD,2027-03-31,761.6900024414062,2026-09-18 23:53:39.265099
SPY270331C00730000,2026-09-18 18:53:47+00:00,730.0,65.1,64.15,67.88,1.0999985,1.7187476,4.0,481.0,0.23222355918884277,True,REGULAR,USD,2027-03-31,761.6900024414062,2026-09-18 23:53:39.265099
SPY270331C00735000,2026-09-18 14:57:15+00:00,735.0,59.9,60.32,64.06,-0.9399986,-1.5450339,2.0,943.0,0.22737131278991699,True,REGULAR,USD,2027-03-31,761.6900024414062,2026-09-18 23:53:39.265099
SPY270331C00740000,2026-09-17 19:15:59+00:00,740.0,57.14,56.56,60.29,0.0,0.0,10.0,706.0,0.22249617843627928,True,REGULAR,USD,2027-03-31,761.6900024414062,2026-09-18 23:53:39.265099
SPY270331C00745000,2026-09-18 14:50:21+00:00,745.0,52.3,52.87,56.26,-0.15999985,-0.304994,1.0,136.0,0.21613332702636717,True,REGULAR,USD,2027-03-31,761.6900024414062,2026-09-18 23:53:39.265099
SPY270331C00750000,2026-09-18 14:06:05+00:00,750.0,48.7,49.27,51.5,-1.6300011,-3.2386272,3.0,455.0,0.20616943740844723,True,REGULAR,USD,2027-03-31,761.6900024414062,2026-09-18 23:53:39.265099
SPY270331C00755000,2026-09-18 19:59:58+00:00,755.0,46.67,46.3,48.84,1.5699997,3.4811525,2.0,129.0,0.2054904280853271,True,REGULAR,USD,2027-03-31,761.6900024414062,2026-09-18 23:53:39.265099
SPY270331C00760000,2026-09-18 18:52:32+00:00,760.0,43.22,43.61,44.76,1.2600021,3.002865,3.0,362.0,0.19800606689453126,True,REGULAR,USD,2027-03-31,761.6900024414062,2026-09-18 23:53:39.265099
SPY270331C00765000,2026-09-17 19:59:01+00:00,765.0,40.03,40.32,41.43,0.0,0.0,7.0,1806.0,0.1935505450439453,False,REGULAR,USD,2027-03-31,761.6900024414062,2026-09-18 23:53:39.265099
SPY270331C00770000,2026-09-18 19:00:16+00:00,770.0,37.0,37.15,38.28,0.91999817,2.5498838,58.0,339.0,0.18951463569641117,False,REGULAR,USD,2027-03-31,761.6900024414062,2026-09-18 23:53:39.265099
SPY270331C00775000,2026-09-18 15:48:59+00:00,775.0,32.64,34.59,34.76,-0.15999985,-0.4878044,11.0,412.0,0.18338829315185545,False,REGULAR,USD,2027-03-31,761.6900024414062,2026-09-18 23:53:39.265099
SPY270331C00780000,2026-09-17 16:11:05+00:00,780.0,30.82,31.65,31.82,0.0,0.0,13.0,673.0,0.179421047668457,False,REGULAR,USD,2027-03-31,761.6900024414062,2026-09-18 23:53:39.265099
SPY270331C00785000,2026-09-18 14:52:04+00:00,785.0,27.25,28.86,29.03,3.8700008,16.552614,3.0,126.0,0.17565979377746582,False,REGULAR,USD,2027-03-31,761.6900024414062,2026-09-18 23:53:39.265099
SPY270331C00790000,2026-09-18 19:50:56+00:00,790.0,25.52,26.2,26.37,0.8600006,3.4874315,1.0,460.0,0.1719900917053223,False,REGULAR,USD,2027-03-31,761.6900024414062,2026-09-18 23:53:39.265099
SPY270331C00795000,2026-09-17 18:54:02+00:00,795.0,22.77,23.7,23.86,0.0,0.0,12.0,301.0,0.16849586395263677,False,REGULAR,USD,2027-03-31,761.6900024414062,2026-09-18 23:53:39.265099
SPY270331C00800000,2026-09-18 19:31:10+00:00,800.0,20.49,21.35,21.51,-0.21000099,-1.0144975,370.0,1149.0,0.1652076277923584,False,REGULAR,USD,2027-03-31,761.6900024414062,2026-09-18 23:53:39.265099
SPY270331C00805000,2026-09-17 19:53:01+00:00,805.0,18.75,19.15,19.32,0.0,0.0,10.0,385.0,0.16211775390625,False,REGULAR,USD,2027-03-31,761.6900024414062,2026-09-18 23:53:39.265099
SPY270331C00810000,2026-09-17 19:53:01+00:00,810.0,16.74,17.12,17.28,0.0,0.0,21.0,604.0,0.15917283706665042,False,REGULAR,USD,2027-03-31,761.6900024414062,2026-09-18 23:53:39.265099
SPY270331C00815000,2026-09-17 18:02:09+00:00,815.0,14.68,15.26,15.4,0.0,0.0,14.0,482.0,0.1564262825012207,False,REGULAR,USD,2027-03-31,761.6900024414062,2026-09-18 23:53:39.265099
SPY270331C00820000,2026-09-18 19:31:10+00:00,820.0,12.89,13.54,13.68,1.9900007,18.256887,358.0,1274.0,0.15390097816467288,False,REGULAR,USD,2027-03-31,761.6900024414062,2026-09-18 23:53:39.265099
SPY270331C00825000,2026-09-18 13:36:28+00:00,825.0,11.46,11.98,12.12,0.4300003,3.8984616,1.0,873.0,0.15161218269348145,False,REGULAR,USD,2027-03-31,761.6900024414062,2026-09-18 23:53:39.265099
SPY270331C00830000,2026-09-17 18:13:21+00:00,830.0,10.12,10.57,10.71,0.0,0.0,5.0,257.0,0.1495293788146973,False,REGULAR,USD,2027-03-31,761.6900024414062,2026-09-18 23:53:39.265099
SPY270331C00835000,2026-09-18 19:59:00+00:00,835.0,9.0,9.34,9.4,0.17000008,1.9252557,2.0,155.0,0.14740842834472656,False,REGULAR,USD,2027-03-31,761.6900024414062,2026-09-18 23:53:39.265099
SPY270331C00840000,2026-09-18 18:00:57+00:00,840.0,7.44,8.2,8.26,-0.3699999,-4.7375145,1.0,606.0,0.1456842024230957,False,REGULAR,USD,2027-03-31,761.6900024414062,2026-09-18 23:53:39.265099
SPY270331C00845000,2026-09-17 13:59:05+00:00,845.0,6.53,7.18,7.24,0.0,0.0,11.0,1235.0,0.14411256286621094,False,REGULAR,USD,2027-03-31,761.6900024414062,2026-09-18 23:53:39.265099
SPY270331C00850000,2026-09-18 20:06:08+00:00,850.0,6.25,6.28,6.34,0.25,4.1666665,34.0,740.0,0.1427698028564453,False,REGULAR,USD,2027-03-31,761.6900024414062,2026-09-18 23:53:39.265099
SPY270331C00855000,2026-09-17 17:50:18+00:00,855.0,5.14,5.47,5.53,0.0,0.0,16.0,434.0,0.1414728187561035,False,REGULAR,USD,2027-03-31,761.6900024414062,2026-09-18 23:53:39.265099
SPY270331C00860000,2026-09-18 15:40:16+00:00,860.0,4.25,4.76,4.81,-0.3000002,-6.5934105,1.0,812.0,0.14026738647460937,False,REGULAR,USD,2027-03-31,761.6900024414062,2026-09-18 23:53:39.265099
SPY270331C00865000,2026-09-16 19:47:37+00:00,865.0,3.01,4.13,4.18,0.0,0.0,32.0,1359.0,0.13922979919433598,False,REGULAR,USD,2027-03-31,761.6900024414062,2026-09-18 23:53:39.265099
SPY270331C00870000,2026-09-17 13:30:02+00:00,870.0,3.46,3.58,3.63,0.0,0.0,1.0,1853.0,0.13832953964233397,False,REGULAR,USD,2027-03-31,761.6900024414062,2026-09-18 23:53:39.265099
SPY270331C00875000,2026-09-18 19:23:12+00:00,875.0,2.9,3.09,3.14,0.11000013,3.9426572,187.0,604.0,0.13744453872680668,False,REGULAR,USD,2027-03-31,761.6900024414062,2026-09-18 23:53:39.265099
SPY270331C00880000,2026-09-18 19:23:12+00:00,880.0,2.5,2.67,2.72,0.07999992,3.3057818,195.0,2071.0,0.13675790008544925,False,REGULAR,USD,2027-03-31,761.6900024414062,2026-09-18 23:53:39.265099
SPY270331C00885000,2026-09-17 16:19:27+00:00,885.0,2.17,2.31,2.35,0.0,0.0,204.0,1500.0,0.13611703735351563,False,REGULAR,USD,2027-03-31,761.6900024414062,2026-09-18 23:53:39.265099
SPY270331C00890000,2026-09-14 14:16:24+00:00,890.0,1.94,1.99,2.03,0.0,0.0,2.0,322.0,0.13556772644042972,False,REGULAR,USD,2027-03-31,761.6900024414062,2026-09-18 23:53:39.265099
SPY270331C00895000,2026-09-17 13:33:32+00:00,895.0,1.59,1.72,1.76,0.0,0.0,1.0,1164.0,0.1352320364379883,False,REGULAR,USD,2027-03-31,761.6900024414062,2026-09-18 23:53:39.265099
SPY270331C00900000,2026-09-17 19:21:49+00:00,900.0,1.41,1.48,1.52,0.0,0.0,77.0,12812.0,0.1348658291625977,False,REGULAR,USD,2027-03-31,761.6900024414062,2026-09-18 23:53:39.265099
SPY270331C00905000,2026-09-17 15:08:44+00:00,905.0,1.14,1.28,1.32,0.0,0.0,30.0,775.0,0.13471324279785157,False,REGULAR,USD,2027-03-31,761.6900024414062,2026-09-18 23:53:39.265099
SPY270331C00910000,2026-09-17 19:44:20+00:00,910.0,1.08,1.11,1.14,0.0,0.0,5.0,1437.0,0.13446910461425782,False,REGULAR,USD,2027-03-31,761.6900024414062,2026-09-18 23:53:39.265099
SPY270331C00915000,2026-09-09 17:27:43+00:00,915.0,1.2,0.96,0.99,0.0,0.0,20.0,842.0,0.1344385873413086,False,REGULAR,USD,2027-03-31,761.6900024414062,2026-09-18 23:53:39.265099
SPY270331C00920000,2026-09-14 14:31:15+00:00,920.0,0.74,0.83,0.86,0.0,0.0,1.0,625.0,0.13446910461425782,False,REGULAR,USD,2027-03-31,761.6900024414062,2026-09-18 23:53:39.265099
SPY270331C00925000,2026-09-18 19:20:09+00:00,925.0,0.68,0.73,0.75,-0.01999998,-2.85714,30.0,916.0,0.13459117370605472,False,REGULAR,USD,2027-03-31,761.6900024414062,2026-09-18 23:53:39.265099
SPY270331C00930000,2026-09-17 19:36:10+00:00,930.0,0.62,0.63,0.66,0.0,0.0,1.0,1353.0,0.1348963464355469,False,REGULAR,USD,2027-03-31,761.6900024414062,2026-09-18 23:53:39.265099
SPY270331C00935000,2026-09-17 17:31:37+00:00,935.0,0.51,0.56,0.58,0.0,0.0,17.0,740.0,0.13526255371093754,False,REGULAR,USD,2027-03-31,761.6900024414062,2026-09-18 23:53:39.265099
SPY270331C00940000,2026-09-17 19:44:36+00:00,940.0,0.49,0.49,0.51,0.0,0.0,10.0,256.0,0.13556772644042972,False,REGULAR,USD,2027-03-31,761.6900024414062,2026-09-18 23:53:39.265099
SPY270331C00945000,2026-09-18 14:02:05+00:00,945.0,0.41,0.44,0.46,0.0,0.0,25.0,81.0,0.1364222100830078,False,REGULAR,USD,2027-03-31,761.6900024414062,2026-09-18 23:53:39.265099
SPY270331C00950000,2026-09-17 16:06:13+00:00,950.0,0.38,0.39,0.41,0.0,0.0,1.0,762.0,0.13703255554199223,False,REGULAR,USD,2027-03-31,761.6900024414062,2026-09-18 23:53:39.265099
SPY270331C00955000,2026-09-16 19:47:54+00:00,955.0,0.27,0.35,0.37,0.0,0.0,2.0,128.0,0.1378260046386719,False,REGULAR,USD,2027-03-31,761.6900024414062,2026-09-18 23:53:39.265099
SPY270331C00960000,2026-09-18 14:08:35+00:00,960.0,0.29,0.32,0.34,0.00999999,3.5714252,2.0,82.0,0.13904669555664065,False,REGULAR,USD,2027-03-31,761.6900024414062,2026-09-18 23:53:39.265099
SPY270331C00965000,2026-08-19 20:11:03+00:00,965.0,0.58,0.29,0.31,0.0,0.0,1.0,35.0,0.14002324829101562,False,REGULAR,USD,2027-03-31,761.6900024414062,2026-09-18 23:53:39.265099
SPY270331C00970000,2026-08-19 18:49:31+00:00,970.0,0.51,0.26,0.28,0.0,0.0,2.0,3.0,0.14075566284179689,False,REGULAR,USD,2027-03-31,761.6900024414062,2026-09-18 23:53:39.265099
SPY270331C00975000,2026-09-17 13:32:04+00:00,975.0,0.24,0.24,0.26,0.0,0.0,1.0,1274.0,0.1420984228515625,False,REGULAR,USD,2027-03-31,761.6900024414062,2026-09-18 23:53:39.265099
SPY270617C00050000,2026-06-24 19:07:43+00:00,50.0,681.91,711.5,716.0,0.0,0.0,6.0,5.0,1.5981465405273436,True,REGULAR,USD,2027-06-17,761.6900024414062,2026-09-18 23:53:39.265099
SPY270617C00060000,2026-08-19 18:22:12+00:00,60.0,709.46,701.21,704.37,0.0,0.0,5.0,0.0,1.342776723632812,True,REGULAR,USD,2027-06-17,761.6900024414062,2026-09-18 23:53:39.265099
SPY270617C00080000,2026-08-19 18:22:12+00:00,80.0,689.56,681.43,685.4,0.0,0.0,,5.0,1.263431417236328,True,REGULAR,USD,2027-06-17,761.6900024414062,2026-09-18 23:53:39.265099
SPY270617C00085000,2026-06-25 13:56:17+00:00,85.0,647.0,676.5,681.41,0.0,0.0,1.0,1.0,1.2824742907714843,True,REGULAR,USD,2027-06-17,761.6900024414062,2026-09-18 23:53:39.265099
SPY270617C00110000,2026-06-25 13:57:10+00:00,110.0,622.0,651.5,656.49,0.0,0.0,1.0,1.0,1.129154744873047,True,REGULAR,USD,2027-06-17,761.6900024414062,2026-09-18 23:53:39.265099
SPY270617C00115000,2026-03-12 14:04:02+00:00,115.0,556.0,594.0,598.5,0.0,0.0,,0.0,1.0000000000000003e-05,True,REGULAR,USD,2027-06-17,761.6900024414062,2026-09-18 23:53:39.265099
SPY270617C00120000,2026-03-12 14:04:01+00:00,120.0,551.0,589.0,593.91,0.0,0.0,,0.0,1.0000000000000003e-05,True,REGULAR,USD,2027-06-17,761.6900024414062,2026-09-18 23:53:39.265099
SPY270617C00125000,2026-03-12 14:04:02+00:00,125.0,546.0,584.0,588.94,0.0,0.0,,0.0,1.0000000000000003e-05,True,REGULAR,USD,2027-06-17,761.6900024414062,2026-09-18 23:53:39.265099
SPY270617C00130000,2026-03-12 14:04:02+00:00,130.0,541.0,579.0,583.97,0.0,0.0,,0.0,1.0000000000000003e-05,True,REGULAR,USD,2027-06-17,761.6900024414062,2026-09-18 23:53:39.265099
SPY270617C00135000,2026-03-12 14:04:02+00:00,135.0,536.0,574.0,578.99,0.0,0.0,,0.0,1.0000000000000003e-05,True,REGULAR,USD,2027-06-17,761.6900024414062,2026-09-18 23:53:39.265099
SPY270617C00140000,2026-06-09 14:14:13+00:00,140.0,602.0,614.0,618.36,0.0,0.0,,1.0,1.0000000000000003e-05,True,REGULAR,USD,2027-06-17,761.6900024414062,2026-09-18 23:53:39.265099
SPY270617C00150000,2026-06-10 16:11:42+00:00,150.0,581.0,604.5,608.8,0.0,0.0,,1.0,1.0000000000000003e-05,True,REGULAR,USD,2027-06-17,761.6900024414062,2026-09-18 23:53:39.265099
SPY270617C00155000,2026-06-05 19:11:09+00:00,155.0,583.5,0.0,0.0,0.0,0.0,1.0,0.0,1.0000000000000003e-05,True,REGULAR,USD,2027-06-17,761.6900024414062,2026-09-18 23:53:39.265099
SPY270617C00160000,2026-06-09 15:23:40+00:00,160.0,576.0,594.5,599.25,0.0,0.0,,1.0,1.0000000000000003e-05,True,REGULAR,USD,2027-06-17,761.6900024414062,2026-09-18 23:53:39.265099
SPY270617C00170000,2026-06-09 14:14:11+00:00,170.0,573.5,585.0,589.7,0.0,0.0,,1.0,1.0000000000000003e-05,True,REGULAR,USD,2027-06-17,761.6900024414062,2026-09-18 23:53:39.265099
SPY270617C00180000,2026-06-09 15:29:09+00:00,180.0,553.5,575.5,580.15,0.0,0.0,,1.0,1.0000000000000003e-05,True,REGULAR,USD,2027-06-17,761.6900024414062,2026-09-18 23:53:39.265099
SPY270617C00190000,2026-06-09 15:29:09+00:00,190.0,544.0,566.0,570.5,0.0,0.0,,1.0,1.0000000000000003e-05,True,REGULAR,USD,2027-06-17,761.6900024414062,2026-09-18 23:53:39.265099
SPY270617C00195000,2026-07-10 13:40:17+00:00,195.0,561.26,568.54,573.5,0.0,0.0,100.0,100.0,0.8901378173828124,True,REGULAR,USD,2027-06-17,761.6900024414062,2026-09-18 23:53:39.265099
SPY270617C00200000,2026-09-16 13:46:09+00:00,200.0,561.57,565.2,568.64,0.0,0.0,34.0,125.0,0.9067392138671875,True,REGULAR,USD,2027-06-17,761.6900024414062,2026-09-18 23:53:39.265099
SPY270617C00205000,2026-09-01 13:30:01+00:00,205.0,560.0,560.39,563.8,0.0,0.0,1.0,2.0,0.8965464447021483,True,REGULAR,USD,2027-06-17,761.6900024414062,2026-09-18 23:53:39.265099
SPY270617C00245000,2026-06-01 19:36:41+00:00,245.0,519.92,0.0,0.0,0.0,0.0,2.0,0.0,1.0000000000000003e-05,True,REGULAR,USD,2027-06-17,761.6900024414062,2026-09-18 23:53:39.265099
SPY270617C00250000,2026-09-16 17:03:27+00:00,250.0,513.73,517.14,520.65,0.0,0.0,1.0,10.0,0.8159808441162109,True,REGULAR,USD,2027-06-17,761.6900024414062,2026-09-18 23:53:39.265099
SPY270617C00255000,2026-06-22 18:48:15+00:00,255.0,498.16,489.0,493.4,0.0,0.0,,0.0,1.0000000000000003e-05,True,REGULAR,USD,2027-06-17,761.6900024414062,2026-09-18 23:53:39.265099
SPY270617C00260000,2026-06-22 18:47:46+00:00,260.0,493.53,484.0,488.66,0.0,0.0,,0.0,1.0000000000000003e-05,True,REGULAR,USD,2027-06-17,761.6900024414062,2026-09-18 23:53:39.265099
SPY270617C00280000,2026-08-28 17:14:28+00:00,280.0,495.0,488.34,491.85,0.0,0.0,2.0,3.0,0.7655052746582032,True,REGULAR,USD,2027-06-17,761.6900024414062,2026-09-18 23:53:39.265099
SPY270617C00300000,2026-07-31 15:46:10+00:00,300.0,450.05,474.24,477.98,0.0,0.0,1.0,63.0,0.8208330905151366,True,REGULAR,USD,2027-06-17,761.6900024414062,2026-09-18 23:53:39.265099
SPY270617C00305000,2026-09-17 19:25:06+00:00,305.0,464.0,464.37,467.9,0.0,0.0,3.0,12.0,0.7260464407348632,True,REGULAR,USD,2027-06-17,761.6900024414062,2026-09-18 23:53:39.265099
SPY270617C00310000,2026-09-15 16:37:50+00:00,310.0,454.21,459.58,463.12,0.0,0.0,1.0,50.0,0.7184476397705077,True,REGULAR,USD,2027-06-17,761.6900024414062,2026-09-18 23:53:39.265099
SPY270617C00315000,2026-08-07 19:16:09+00:00,315.0,466.13,454.79,458.39,0.0,0.0,14.0,11.0,0.71133711517334,True,REGULAR,USD,2027-06-17,761.6900024414062,2026-09-18 23:53:39.265099
SPY270617C00330000,2026-08-19 19:58:36+00:00,330.0,447.13,440.42,444.0,0.0,0.0,1.0,0.0,0.6885101950073244,True,REGULAR,USD,2027-06-17,761.6900024414062,2026-09-18 23:53:39.265099
SPY270617C00335000,2026-06-22 18:46:18+00:00,335.0,422.65,413.0,417.62,0.0,0.0,,0.0,1.0000000000000003e-05,True,REGULAR,USD,2027-06-17,761.6900024414062,2026-09-18 23:53:39.265099
SPY270617C00340000,2026-07-24 19:49:37+00:00,340.0,409.2,430.0,434.5,0.0,0.0,7.0,6.0,0.6677279321289065,True,REGULAR,USD,2027-06-17,761.6900024414062,2026-09-18 23:53:39.265099
SPY270617C00345000,2026-05-14 16:44:41+00:00,345.0,414.76,417.01,420.71,0.0,0.0,1.0,3.0,0.5315598602294922,True,REGULAR,USD,2027-06-17,761.6900024414062,2026-09-18 23:53:39.265099
SPY270617C00350000,2026-09-17 14:22:35+00:00,350.0,420.0,421.29,424.91,0.0,0.0,3.0,9.0,0.6597324066162109,True,REGULAR,USD,2027-06-17,761.6900024414062,2026-09-18 23:53:39.265099
SPY270617C00355000,2026-06-05 19:10:53+00:00,355.0,395.0,0.0,0.0,0.0,0.0,1.0,0.0,1.0000000000000003e-05,True,REGULAR,USD,2027-06-17,761.6900024414062,2026-09-18 23:53:39.265099
SPY270617C00360000,2026-09-18 14:05:02+00:00,360.0,409.66,411.74,415.36,-7.8399963,-1.8778434,5.0,47.0,0.6456639437866211,True,REGULAR,USD,2027-06-17,761.6900024414062,2026-09-18 23:53:39.265099
SPY270617C00365000,2026-07-10 18:05:26+00:00,365.0,401.98,406.02,411.0,0.0,0.0,5.0,6.0,0.6349828982543947,True,REGULAR,USD,2027-06-17,761.6900024414062,2026-09-18 23:53:39.265099
SPY270617C00370000,2026-08-05 18:07:10+00:00,370.0,413.02,407.31,411.0,0.0,0.0,2.0,5.0,0.6964294273376466,True,REGULAR,USD,2027-06-17,761.6900024414062,2026-09-18 23:53:39.265099
SPY270617C00375000,2026-09-04 18:35:15+00:00,375.0,404.66,397.41,401.07,0.0,0.0,1.0,35.0,0.6249732327270509,True,REGULAR,USD,2027-06-17,761.6900024414062,2026-09-18 23:53:39.265099
SPY270617C00380000,2026-08-27 13:33:25+00:00,380.0,399.31,392.64,396.32,0.0,0.0,1.0,11.0,0.618289949951172,True,REGULAR,USD,2027-06-17,761.6900024414062,2026-09-18 23:53:39.265099
SPY270617C00385000,2026-05-29 18:31:00+00:00,385.0,385.34,0.0,0.0,0.0,0.0,2.0,0.0,1.0000000000000003e-05,True,REGULAR,USD,2027-06-17,761.6900024414062,2026-09-18 23:53:39.265099
SPY270617C00390000,2026-08-04 14:20:52+00:00,390.0,387.37,388.23,391.97,0.0,0.0,1.0,16.0,0.6647067221069337,True,REGULAR,USD,2027-06-17,761.6900024414062,2026-09-18 23:53:39.265099
SPY270617C00395000,2026-06-22 18:43:10+00:00,395.0,366.58,356.5,361.13,0.0,0.0,,0.0,1.0000000000000003e-05,True,REGULAR,USD,2027-06-17,761.6900024414062,2026-09-18 23:53:39.265099
SPY270617C00400000,2026-09-14 19:48:18+00:00,400.0,372.39,373.56,377.24,0.0,0.0,2.0,50.0,0.5912516461181643,True,REGULAR,USD,2027-06-17,761.6900024414062,2026-09-18 23:53:39.265099
SPY270617C00405000,2026-08-05 18:05:47+00:00,405.0,380.25,373.94,377.68,0.0,0.0,1.0,2.0,0.6415441119384766,True,REGULAR,USD,2027-06-17,761.6900024414062,2026-09-18 23:53:39.265099
SPY270617C00410000,2026-09-10 20:10:00+00:00,410.0,359.55,364.04,367.77,0.0,0.0,5.0,24.0,0.5784191328430177,True,REGULAR,USD,2027-06-17,761.6900024414062,2026-09-18 23:53:39.265099
SPY270617C00415000,2026-09-11 13:53:34+00:00,415.0,361.83,359.28,362.99,0.0,0.0,1.0,1.0,0.5717816259765626,True,REGULAR,USD,2027-06-17,761.6900024414062,2026-09-18 23:53:39.265099
SPY270617C00420000,2026-09-15 17:35:58+00:00,420.0,349.12,354.53,358.26,0.0,0.0,1.0,68.0,0.5654950677490236,True,REGULAR,USD,2027-06-17,761.6900024414062,2026-09-18 23:53:39.265099
SPY270617C00425000,2026-09-15 14:27:07+00:00,425.0,344.08,349.77,353.51,0.0,0.0,1.0,22.0,0.5590559231567384,True,REGULAR,USD,2027-06-17,761.6900024414062,2026-09-18 23:53:39.265099
SPY270617C00430000,2026-07-17 15:36:49+00:00,430.0,331.5,344.5,349.37,0.0,0.0,1.0,51.0,0.5531660894775392,True,REGULAR,USD,2027-06-17,761.6900024414062,2026-09-18 23:53:39.265099
SPY270617C00435000,2026-05-22 18:12:58+00:00,435.0,329.92,0.0,0.0,0.0,0.0,1.0,0.0,1.0000000000000003e-05,True,REGULAR,USD,2027-06-17,761.6900024414062,2026-09-18 23:53:39.265099
SPY270617C00440000,2026-09-14 19:55:17+00:00,440.0,334.18,335.52,339.29,0.0,0.0,1.0,33.0,0.5401657312011721,True,REGULAR,USD,2027-06-17,761.6900024414062,2026-09-18 23:53:39.265099
SPY270617C00445000,2026-07-21 17:42:55+00:00,445.0,320.96,330.22,335.0,0.0,0.0,2.0,21.0,0.5333908966064453,True,REGULAR,USD,2027-06-17,761.6900024414062,2026-09-18 23:53:39.265099
SPY270617C00450000,2026-09-11 15:40:16+00:00,450.0,329.59,326.03,329.76,0.0,0.0,1.0,81.0,0.5274400283813477,True,REGULAR,USD,2027-06-17,761.6900024414062,2026-09-18 23:53:39.265099
SPY270617C00455000,2026-08-21 14:49:54+00:00,455.0,324.53,321.29,325.05,0.0,0.0,37.0,39.0,0.5213976083374022,True,REGULAR,USD,2027-06-17,761.6900024414062,2026-09-18 23:53:39.265099
SPY270617C00460000,2026-08-21 18:43:33+00:00,460.0,320.3,316.55,320.32,0.0,0.0,4.0,41.0,0.5152636364746093,True,REGULAR,USD,2027-06-17,761.6900024414062,2026-09-18 23:53:39.265099
SPY270617C00465000,2026-05-06 14:10:25+00:00,465.0,285.93,291.82,295.71,0.0,0.0,1.0,10.0,1.0000000000000003e-05,True,REGULAR,USD,2027-06-17,761.6900024414062,2026-09-18 23:53:39.265099
SPY270617C00470000,2026-09-15 13:48:12+00:00,470.0,304.31,307.09,310.9,0.0,0.0,25.0,40.0,0.503285606842041,True,REGULAR,USD,2027-06-17,761.6900024414062,2026-09-18 23:53:39.265099
SPY270617C00475000,2026-09-15 13:48:12+00:00,475.0,299.58,302.36,306.15,0.0,0.0,25.0,39.0,0.5138903591918945,True,REGULAR,USD,2027-06-17,761.6900024414062,2026-09-18 23:53:39.265099
SPY270617C00480000,2026-08-21 13:30:13+00:00,480.0,301.94,297.64,301.44,0.0,0.0,1.0,30.0,0.5077106114196777,True,REGULAR,USD,2027-06-17,761.6900024414062,2026-09-18 23:53:39.265099
SPY270617C00485000,2026-08-25 19:14:03+00:00,485.0,296.5,292.92,296.76,0.0,0.0,2.0,147.0,0.5017902604675293,True,REGULAR,USD,2027-06-17,761.6900024414062,2026-09-18 23:53:39.265099
SPY270617C00490000,2026-06-25 20:05:09+00:00,490.0,268.83,288.0,292.96,0.0,0.0,4.0,20.0,0.5030719859313966,True,REGULAR,USD,2027-06-17,761.6900024414062,2026-09-18 23:53:39.265099
SPY270617C00495000,2026-09-17 14:15:35+00:00,495.0,282.15,283.5,287.38,0.0,0.0,9.0,27.0,0.48978171356201183,True,REGULAR,USD,2027-06-17,761.6900024414062,2026-09-18 23:53:39.265099
SPY270617C00500000,2026-09-02 16:02:28+00:00,500.0,282.55,278.8,282.66,0.0,0.0,2.0,169.0,0.4835409312438966,True,REGULAR,USD,2027-06-17,761.6900024414062,2026-09-18 23:53:39.265099
SPY270617C00505000,2026-06-25 20:05:26+00:00,505.0,255.04,274.0,278.97,0.0,0.0,6.0,3.0,0.48531093307495116,True,REGULAR,USD,2027-06-17,761.6900024414062,2026-09-18 23:53:39.265099
SPY270617C00510000,2026-07-23 15:32:03+00:00,510.0,249.31,269.5,274.33,0.0,0.0,6.0,66.0,0.4795584271240234,True,REGULAR,USD,2027-06-17,761.6900024414062,2026-09-18 23:53:39.265099
SPY270617C00515000,2026-07-30 18:53:46+00:00,515.0,247.44,270.02,273.67,0.0,0.0,8.0,21.0,0.5027515545654297,True,REGULAR,USD,2027-06-17,761.6900024414062,2026-09-18 23:53:39.265099
SPY270617C00520000,2026-09-08 20:03:02+00:00,520.0,263.13,260.14,263.91,0.0,0.0,1.0,14.0,0.45961538925170903,True,REGULAR,USD,2027-06-17,761.6900024414062,2026-09-18 23:53:39.265099
SPY270617C00525000,2026-09-16 19:32:41+00:00,525.0,244.98,255.36,259.24,0.0,0.0,2.0,14.0,0.453756072845459,True,REGULAR,USD,2027-06-17,761.6900024414062,2026-09-18 23:53:39.265099
SPY270617C00530000,2026-09-10 15:00:57+00:00,530.0,247.53,250.79,254.57,0.0,0.0,1.0,83.0,0.44788149780273434,True,REGULAR,USD,2027-06-17,761.6900024414062,2026-09-18 23:53:39.265099
SPY270617C00535000,2026-09-14 18:00:42+00:00,535.0,245.86,246.02,249.9,0.0,0.0,3.0,21.0,0.4420221813964844,True,REGULAR,USD,2027-06-17,761.6900024414062,2026-09-18 23:53:39.265099
SPY270617C00540000,2026-09-15 16:57:32+00:00,540.0,237.05,241.47,245.24,0.0,0.0,4.0,72.0,0.4362086408996582,True,REGULAR,USD,2027-06-17,761.6900024414062,2026-09-18 23:53:39.265099
SPY270617C00545000,2026-09-08 14:51:49+00:00,545.0,241.37,236.94,240.59,0.0,0.0,2.0,362.0,0.4304561349487305,True,REGULAR,USD,2027-06-17,761.6900024414062,2026-09-18 23:53:39.265099
SPY270617C00550000,2026-09-15 14:36:11+00:00,550.0,227.5,232.3,235.95,0.0,0.0,1.0,924.0,0.42475703422546385,True,REGULAR,USD,2027-06-17,761.6900024414062,2026-09-18 23:53:39.265099
SPY270617C00555000,2026-09-16 20:06:41+00:00,555.0,221.48,227.67,231.32,0.0,0.0,1.0,412.0,0.4191113387298584,True,REGULAR,USD,2027-06-17,761.6900024414062,2026-09-18 23:53:39.265099
SPY270617C00560000,2026-09-08 14:51:49+00:00,560.0,227.52,223.04,226.7,0.0,0.0,68.0,121.0,0.41351141914367673,True,REGULAR,USD,2027-06-17,761.6900024414062,2026-09-18 23:53:39.265099
SPY270617C00565000,2026-09-08 14:51:47+00:00,565.0,223.0,218.43,222.08,0.0,0.0,2.0,16.0,0.40788861160278317,True,REGULAR,USD,2027-06-17,761.6900024414062,2026-09-18 23:53:39.265099
SPY270617C00570000,2026-09-08 14:51:47+00:00,570.0,218.41,213.83,217.48,0.0,0.0,2.0,57.0,0.40238024383544924,True,REGULAR,USD,2027-06-17,761.6900024414062,2026-09-18 23:53:39.265099
SPY270617C00575000,2026-09-08 14:51:47+00:00,575.0,213.74,209.23,212.89,0.0,0.0,10.0,57.0,0.3969023933410644,True,REGULAR,USD,2027-06-17,761.6900024414062,2026-09-18 23:53:39.265099
SPY270617C00580000,2026-09-09 14:18:57+00:00,580.0,205.23,204.65,208.31,0.0,0.0,5.0,269.0,0.39145506011962883,True,REGULAR,USD,2027-06-17,761.6900024414062,2026-09-18 23:53:39.265099
SPY270617C00585000,2026-09-10 14:10:38+00:00,585.0,195.5,200.08,203.74,0.0,0.0,1.0,117.0,0.38603824417114246,True,REGULAR,USD,2027-06-17,761.6900024414062,2026-09-18 23:53:39.265099
SPY270617C00590000,2026-09-08 14:51:47+00:00,590.0,200.08,195.52,199.19,0.0,0.0,2.0,80.0,0.3807129800415039,True,REGULAR,USD,2027-06-17,761.6900024414062,2026-09-18 23:53:39.265099
SPY270617C00595000,2026-09-08 14:51:46+00:00,595.0,195.66,190.98,194.64,0.0,0.0,48.0,57.0,0.37534956932067864,True,REGULAR,USD,2027-06-17,761.6900024414062,2026-09-18 23:53:39.265099
SPY270617C00600000,2026-09-16 19:36:13+00:00,600.0,177.0,186.44,190.11,0.0,0.0,5.0,478.0,0.3700624517822265,True,REGULAR,USD,2027-06-17,761.6900024414062,2026-09-18 23:53:39.265099
SPY270617C00605000,2026-09-17 16:21:25+00:00,605.0,181.37,181.93,185.6,0.0,0.0,2.0,30.0,0.36484399810791024,True,REGULAR,USD,2027-06-17,761.6900024414062,2026-09-18 23:53:39.265099
SPY270617C00610000,2026-09-18 18:32:26+00:00,610.0,176.97,177.42,181.1,6.720001,3.9471374,3.0,203.0,0.35964080307006835,True,REGULAR,USD,2027-06-17,761.6900024414062,2026-09-18 23:53:39.265099
SPY270617C00615000,2026-09-18 16:32:26+00:00,615.0,170.82,172.94,176.61,1.8300018,1.0829054,2.0,64.0,0.35445286666870107,True,REGULAR,USD,2027-06-17,761.6900024414062,2026-09-18 23:53:39.265099
SPY270617C00620000,2026-09-18 19:44:49+00:00,620.0,169.48,168.47,172.14,0.6399994,0.37905675,14.0,464.0,0.34931070617675775,True,REGULAR,USD,2027-06-17,761.6900024414062,2026-09-18 23:53:39.265099
SPY270617C00625000,2026-09-17 18:19:45+00:00,625.0,164.28,164.01,167.69,0.0,0.0,20.0,159.0,0.3442295802307129,True,REGULAR,USD,2027-06-17,761.6900024414062,2026-09-18 23:53:39.265099
SPY270617C00630000,2026-09-15 18:29:19+00:00,630.0,155.49,159.58,163.26,0.0,0.0,10.0,357.0,0.3391866008758544,True,REGULAR,USD,2027-06-17,761.6900024414062,2026-09-18 23:53:39.265099
SPY270617C00635000,2026-09-14 14:08:12+00:00,635.0,154.31,155.17,158.85,0.0,0.0,1.0,371.0,0.3341893974304199,True,REGULAR,USD,2027-06-17,761.6900024414062,2026-09-18 23:53:39.265099
SPY270617C00640000,2026-09-16 19:08:16+00:00,640.0,144.3,150.78,154.46,0.0,0.0,1.0,542.0,0.32923034057617184,True,REGULAR,USD,2027-06-17,761.6900024414062,2026-09-18 23:53:39.265099
SPY270617C00645000,2026-09-09 14:00:55+00:00,645.0,148.18,146.41,150.1,0.0,0.0,56.0,231.0,0.3243552062225341,True,REGULAR,USD,2027-06-17,761.6900024414062,2026-09-18 23:53:39.265099
SPY270617C00650000,2026-09-17 17:58:00+00:00,650.0,142.12,142.06,145.76,0.0,0.0,4.0,1126.0,0.3195029598236083,True,REGULAR,USD,2027-06-17,761.6900024414062,2026-09-18 23:53:39.265099
SPY270617C00655000,2026-09-17 19:08:53+00:00,655.0,137.96,137.74,141.44,0.0,0.0,3.0,358.0,0.3146659720611572,True,REGULAR,USD,2027-06-17,761.6900024414062,2026-09-18 23:53:39.265099
SPY270617C00660000,2026-09-16 18:50:00+00:00,660.0,129.5,133.45,137.14,0.0,0.0,27.0,444.0,0.3098518722534179,True,REGULAR,USD,2027-06-17,761.6900024414062,2026-09-18 23:53:39.265099
SPY270617C00665000,2026-09-15 18:28:28+00:00,665.0,125.34,129.18,132.89,0.0,0.0,6.0,119.0,0.3051827294921875,True,REGULAR,USD,2027-06-17,761.6900024414062,2026-09-18 23:53:39.265099
SPY270617C00670000,2026-09-16 18:10:18+00:00,670.0,123.19,124.94,127.63,0.0,0.0,1.0,545.0,0.2957452628326416,True,REGULAR,USD,2027-06-17,761.6900024414062,2026-09-18 23:53:39.265099
SPY270617C00675000,2026-09-16 19:21:12+00:00,675.0,111.72,120.73,124.44,0.0,0.0,1.0,423.0,0.2957986680603027,True,REGULAR,USD,2027-06-17,761.6900024414062,2026-09-18 23:53:39.265099
SPY270617C00680000,2026-09-18 14:08:18+00:00,680.0,116.93,116.55,120.27,-0.05999756,-0.05128435,3.0,1834.0,0.2912058184814452,True,REGULAR,USD,2027-06-17,761.6900024414062,2026-09-18 23:53:39.265099
SPY270617C00685000,2026-09-18 17:49:22+00:00,685.0,111.52,112.41,116.12,0.08999634,0.08076491,23.0,627.0,0.28659771026611325,True,REGULAR,USD,2027-06-17,761.6900024414062,2026-09-18 23:53:39.265099
SPY270617C00690000,2026-09-17 13:30:04+00:00,690.0,108.63,108.3,112.02,0.0,0.0,1.0,744.0,0.28209641250610346,True,REGULAR,USD,2027-06-17,761.6900024414062,2026-09-18 23:53:39.265099
SPY270617C00695000,2026-09-17 14:29:07+00:00,695.0,103.45,104.23,107.94,0.0,0.0,2.0,264.0,0.27756459747314455,True,REGULAR,USD,2027-06-17,761.6900024414062,2026-09-18 23:53:39.265099
SPY270617C00700000,2026-09-18 20:05:47+00:00,700.0,101.8,100.2,102.3,0.7000046,0.6923883,10.0,2827.0,0.26625794784545903,True,REGULAR,USD,2027-06-17,761.6900024414062,2026-09-18 23:53:39.265099
SPY270617C00705000,2026-09-14 15:21:32+00:00,705.0,94.56,96.21,99.94,0.0,0.0,3.0,533.0,0.26881376945495605,True,REGULAR,USD,2027-06-17,761.6900024414062,2026-09-18 23:53:39.265099
SPY270617C00710000,2026-09-17 14:59:06+00:00,710.0,92.03,92.25,95.99,0.0,0.0,5.0,407.0,0.2644421701049804,True,REGULAR,USD,2027-06-17,761.6900024414062,2026-09-18 23:53:39.265099
SPY270617C00715000,2026-09-18 15:50:27+00:00,715.0,87.28,88.34,92.08,-1.8899994,-2.1195462,1.0,406.0,0.2601010880279542,True,REGULAR,USD,2027-06-17,761.6900024414062,2026-09-18 23:53:39.265099
SPY270617C00720000,2026-09-18 14:16:01+00:00,720.0,84.32,84.48,88.22,6.0199966,7.688373,1.0,843.0,0.25580578186035163,True,REGULAR,USD,2027-06-17,761.6900024414062,2026-09-18 23:53:39.265099
SPY270617C00725000,2026-09-18 19:42:33+00:00,725.0,80.94,80.66,84.27,-0.55999756,-0.6871136,4.0,1444.0,0.2509993113708496,True,REGULAR,USD,2027-06-17,761.6900024414062,2026-09-18 23:53:39.265099
SPY270617C00730000,2026-09-18 18:54:27+00:00,730.0,77.65,76.9,80.64,7.7300034,11.055497,12.0,1249.0,0.24731435066223142,True,REGULAR,USD,2027-06-17,761.6900024414062,2026-09-18 23:53:39.265099
SPY270617C00735000,2026-09-17 18:54:37+00:00,735.0,73.47,73.18,76.93,0.0,0.0,17.0,972.0,0.24313348426818845,True,REGULAR,USD,2027-06-17,761.6900024414062,2026-09-18 23:53:39.265099
SPY270617C00740000,2026-09-18 18:14:34+00:00,740.0,69.17,69.52,73.27,-1.090004,-1.5513862,2.0,958.0,0.2389678765106201,True,REGULAR,USD,2027-06-17,761.6900024414062,2026-09-18 23:53:39.265099
SPY270617C00745000,2026-09-18 16:47:07+00:00,745.0,65.0,65.93,69.68,5.0200005,8.369457,2.0,1497.0,0.2348861912536621,True,REGULAR,USD,2027-06-17,761.6900024414062,2026-09-18 23:53:39.265099
SPY270617C00750000,2026-09-18 19:08:57+00:00,750.0,61.13,62.39,66.14,-1.8699989,-2.9682522,2.0,1823.0,0.23079687667846682,True,REGULAR,USD,2027-06-17,761.6900024414062,2026-09-18 23:53:39.265099
SPY270617C00755000,2026-09-18 14:28:36+00:00,755.0,58.63,59.45,62.57,-0.9699974,-1.6275125,1.0,1600.0,0.22638713073730468,True,REGULAR,USD,2027-06-17,761.6900024414062,2026-09-18 23:53:39.265099
SPY270617C00760000,2026-09-18 19:52:25+00:00,760.0,56.75,56.4,59.0,0.54999924,0.97864634,182.0,3637.0,0.221763763885498,True,REGULAR,USD,2027-06-17,761.6900024414062,2026-09-18 23:53:39.265099
SPY270617C00765000,2026-09-18 13:40:51+00:00,765.0,52.91,53.38,54.69,0.049999237,0.094588034,1.0,2346.0,0.2140886697387695,False,REGULAR,USD,2027-06-17,761.6900024414062,2026-09-18 23:53:39.265099
SPY270617C00770000,2026-09-17 19:26:46+00:00,770.0,49.63,50.11,51.0,0.0,0.0,55.0,1721.0,0.20854978469848628,False,REGULAR,USD,2027-06-17,761.6900024414062,2026-09-18 23:53:39.265099
SPY270617C00775000,2026-09-18 19:28:01+00:00,775.0,46.5,47.09,48.28,0.099998474,0.21551394,52.0,1998.0,0.20644409286499016,False,REGULAR,USD,2027-06-17,761.6900024414062,2026-09-18 23:53:39.265099
SPY270617C00780000,2026-09-18 19:44:02+00:00,780.0,43.7,44.58,44.77,0.31000137,0.7144535,88.0,3408.0,0.2010577941894531,False,REGULAR,USD,2027-06-17,761.6900024414062,2026-09-18 23:53:39.265099
SPY270617C00785000,2026-09-18 19:23:45+00:00,785.0,40.52,41.62,41.81,-0.22999954,-0.56441605,15.0,3463.0,0.1974720146179199,False,REGULAR,USD,2027-06-17,761.6900024414062,2026-09-18 23:53:39.265099
SPY270617C00790000,2026-09-18 19:49:25+00:00,790.0,38.16,38.76,38.94,0.52000046,1.3815103,17.0,2359.0,0.1939396402740479,False,REGULAR,USD,2027-06-17,761.6900024414062,2026-09-18 23:53:39.265099
SPY270617C00795000,2026-09-18 19:23:25+00:00,795.0,34.98,36.01,36.19,-0.20000076,-0.568507,11.0,3677.0,0.1905522229766846,False,REGULAR,USD,2027-06-17,761.6900024414062,2026-09-18 23:53:39.265099
SPY270617C00800000,2026-09-18 20:10:20+00:00,800.0,33.32,33.37,33.54,0.73999786,2.2713253,150.0,16892.0,0.18721821090698243,False,REGULAR,USD,2027-06-17,761.6900024414062,2026-09-18 23:53:39.265099
SPY270617C00805000,2026-09-18 18:46:36+00:00,805.0,29.85,30.84,31.01,-0.20999908,-0.69859976,31.0,2374.0,0.18402152656555174,False,REGULAR,USD,2027-06-17,761.6900024414062,2026-09-18 23:53:39.265099
SPY270617C00810000,2026-09-18 19:36:48+00:00,810.0,27.52,28.43,28.6,-0.020000458,-0.0726233,16.0,3238.0,0.18093928199768064,False,REGULAR,USD,2027-06-17,761.6900024414062,2026-09-18 23:53:39.265099
SPY270617C00815000,2026-09-18 18:46:34+00:00,815.0,25.26,26.14,26.31,-0.049999237,-0.19754736,4.0,2686.0,0.17797147720336914,False,REGULAR,USD,2027-06-17,761.6900024414062,2026-09-18 23:53:39.265099
SPY270617C00820000,2026-09-18 18:46:46+00:00,820.0,23.19,23.98,24.15,0.15999985,0.6947453,64.0,2986.0,0.17516388809204103,False,REGULAR,USD,2027-06-17,761.6900024414062,2026-09-18 23:53:39.265099
SPY270617C00825000,2026-09-18 20:03:35+00:00,825.0,21.85,21.95,22.11,0.52000046,2.4378831,26.0,3422.0,0.17247073875427252,False,REGULAR,USD,2027-06-17,761.6900024414062,2026-09-18 23:53:39.265099
SPY270617C00830000,2026-09-18 18:46:46+00:00,830.0,19.28,20.04,20.21,-0.01999855,-0.103619434,24.0,2675.0,0.16996832237243656,False,REGULAR,USD,2027-06-17,761.6900024414062,2026-09-18 23:53:39.265099
SPY270617C00835000,2026-09-18 18:23:36+00:00,835.0,17.26,18.26,18.41,-0.17000008,-0.9753303,814.0,2260.0,0.16750405258178713,False,REGULAR,USD,2027-06-17,761.6900024414062,2026-09-18 23:53:39.265099
SPY270617C00840000,2026-09-18 19:32:55+00:00,840.0,15.92,16.62,16.75,0.3800001,2.4453032,74.0,4896.0,0.16525340370178224,False,REGULAR,USD,2027-06-17,761.6900024414062,2026-09-18 23:53:39.265099
SPY270617C00845000,2026-09-18 15:05:04+00:00,845.0,14.06,15.08,15.22,0.03999996,0.28530642,11.0,3976.0,0.16319348777771,False,REGULAR,USD,2027-06-17,761.6900024414062,2026-09-18 23:53:39.265099
SPY270617C00850000,2026-09-18 16:39:20+00:00,850.0,12.56,13.67,13.81,-0.3399992,-2.6356528,52.0,4683.0,0.1612861582183838,False,REGULAR,USD,2027-06-17,761.6900024414062,2026-09-18 23:53:39.265099
SPY270617C00855000,2026-09-18 19:21:24+00:00,855.0,11.89,12.41,12.48,0.10000038,0.84817964,155.0,4145.0,0.15935594070434572,False,REGULAR,USD,2027-06-17,761.6900024414062,2026-09-18 23:53:39.265099
SPY270617C00860000,2026-09-18 19:42:11+00:00,860.0,10.78,11.23,11.29,0.13999939,1.3157837,291.0,5892.0,0.1577308959197998,False,REGULAR,USD,2027-06-17,761.6900024414062,2026-09-18 23:53:39.265099
SPY270617C00865000,2026-09-18 20:06:01+00:00,865.0,10.11,10.13,10.19,0.47999954,4.984419,484.0,12707.0,0.15617451499938964,False,REGULAR,USD,2027-06-17,761.6900024414062,2026-09-18 23:53:39.265099
SPY270617C00870000,2026-09-18 19:32:55+00:00,870.0,8.71,9.14,9.2,0.88999987,11.381072,70.0,3174.0,0.15482412567138676,False,REGULAR,USD,2027-06-17,761.6900024414062,2026-09-18 23:53:39.265099
SPY270617C00875000,2026-09-18 19:23:21+00:00,875.0,7.8,8.23,8.28,-0.03999996,-0.5102036,159.0,1901.0,0.15348136566162113,False,REGULAR,USD,2027-06-17,761.6900024414062,2026-09-18 23:53:39.265099
SPY270617C00880000,2026-09-18 18:54:06+00:00,880.0,7.05,7.4,7.45,1.8200002,34.799236,2.0,5979.0,0.15227593338012696,False,REGULAR,USD,2027-06-17,761.6900024414062,2026-09-18 23:53:39.265099
SPY270617C00885000,2026-09-18 15:27:54+00:00,885.0,6.09,6.64,6.69,1.29,26.874998,3.0,9640.0,0.1511315356445313,False,REGULAR,USD,2027-06-17,761.6900024414062,2026-09-18 23:53:39.265099
SPY270617C00890000,2026-09-18 17:46:17+00:00,890.0,5.39,5.95,6.0,0.1500001,2.8625975,1.0,10883.0,0.1500786897277832,False,REGULAR,USD,2027-06-17,761.6900024414062,2026-09-18 23:53:39.265099
SPY270617C00895000,2026-09-18 18:24:44+00:00,895.0,4.89,5.33,5.38,-0.13000011,-2.5896437,171.0,15154.0,0.1491326542663574,False,REGULAR,USD,2027-06-17,761.6900024414062,2026-09-18 23:53:39.265099
SPY270617C00900000,2026-09-18 20:08:57+00:00,900.0,4.76,4.76,4.81,0.20000029,4.385971,81.0,10622.0,0.14818661880493167,False,REGULAR,USD,2027-06-17,761.6900024414062,2026-09-18 23:53:39.265099
SPY270617C00905000,2026-09-17 15:39:23+00:00,905.0,3.92,4.25,4.29,0.0,0.0,1.0,7067.0,0.14725584197998048,False,REGULAR,USD,2027-06-17,761.6900024414062,2026-09-18 23:53:39.265099
SPY270617C00910000,2026-09-18 13:32:59+00:00,910.0,3.64,3.79,3.83,0.0400002,1.1111166,1.0,3036.0,0.14647765151977538,False,REGULAR,USD,2027-06-17,761.6900024414062,2026-09-18 23:53:39.265099
SPY270617C00915000,2026-09-18 18:38:55+00:00,915.0,3.06,3.37,3.41,0.07999992,2.6845613,2.0,5341.0,0.1456994610595703,False,REGULAR,USD,2027-06-17,761.6900024414062,2026-09-18 23:53:39.265099
SPY270617C00920000,2026-09-17 14:51:30+00:00,920.0,2.71,3.0,3.04,0.0,0.0,50.0,4935.0,0.14505859832763673,False,REGULAR,USD,2027-06-17,761.6900024414062,2026-09-18 23:53:39.265099
SPY270617C00925000,2026-09-15 18:09:04+00:00,925.0,2.15,2.67,2.71,0.0,0.0,4.0,3646.0,0.14447877014160154,False,REGULAR,USD,2027-06-17,761.6900024414062,2026-09-18 23:53:39.265099
SPY270617C00930000,2026-09-17 13:32:49+00:00,930.0,2.15,2.37,2.41,0.0,0.0,5.0,2990.0,0.1438989419555664,False,REGULAR,USD,2027-06-17,761.6900024414062,2026-09-18 23:53:39.265099
SPY270617C00935000,2026-09-18 13:30:01+00:00,935.0,2.0,2.11,2.15,0.01999998,1.0101,3.0,1276.0,0.14347170013427735,False,REGULAR,USD,2027-06-17,761.6900024414062,2026-09-18 23:53:39.265099
SPY270617C00940000,2026-09-17 17:00:51+00:00,940.0,1.75,1.88,1.91,0.0,0.0,1.0,1553.0,0.14299868240356445,False,REGULAR,USD,2027-06-17,761.6900024414062,2026-09-18 23:53:39.265099
SPY270617C00945000,2026-09-16 19:39:52+00:00,945.0,1.18,1.67,1.7,0.0,0.0,1.0,3283.0,0.14261721649169923,False,REGULAR,USD,2027-06-17,761.6900024414062,2026-09-18 23:53:39.265099
SPY270617C00950000,2026-09-15 18:14:13+00:00,950.0,1.17,1.49,1.52,0.0,0.0,8.0,2123.0,0.14243411285400392,False,REGULAR,USD,2027-06-17,761.6900024414062,2026-09-18 23:53:39.265099
SPY270617C00955000,2026-09-17 19:46:54+00:00,955.0,1.25,1.33,1.36,0.0,0.0,3.0,1447.0,0.1422815264892578,False,REGULAR,USD,2027-06-17,761.6900024414062,2026-09-18 23:53:39.265099
SPY270617C00960000,2026-09-15 18:11:44+00:00,960.0,0.92,1.18,1.21,0.0,0.0,17.0,867.0,0.1420068710327148,False,REGULAR,USD,2027-06-17,761.6900024414062,2026-09-18 23:53:39.265099
SPY270617C00965000,2026-09-15 18:27:00+00:00,965.0,0.8,1.06,1.08,0.0,0.0,9.0,398.0,0.14185428466796873,False,REGULAR,USD,2027-06-17,761.6900024414062,2026-09-18 23:53:39.265099
SPY270617C00970000,2026-09-15 18:13:41+00:00,970.0,0.73,0.95,0.97,0.0,0.0,10.0,3747.0,0.14188480194091796,False,REGULAR,USD,2027-06-17,761.6900024414062,2026-09-18 23:53:39.265099
SPY270617C00975000,2026-09-18 13:30:38+00:00,975.0,0.8,0.85,0.87,0.15000004,23.07693,1.0,1265.0,0.14191531921386719,False,REGULAR,USD,2027-06-17,761.6900024414062,2026-09-18 23:53:39.265099
SPY270617C00980000,2026-09-17 16:57:25+00:00,980.0,0.71,0.76,0.78,0.0,0.0,1.0,1547.0,0.14191531921386719,False,REGULAR,USD,2027-06-17,761.6900024414062,2026-09-18 23:53:39.265099
SPY270617C00985000,2026-09-17 17:53:30+00:00,985.0,0.63,0.69,0.71,0.0,0.0,2.0,535.0,0.1422815264892578,False,REGULAR,USD,2027-06-17,761.6900024414062,2026-09-18 23:53:39.265099
SPY270617C00990000,2026-09-17 17:53:30+00:00,990.0,0.57,0.62,0.64,0.0,0.0,19.0,3343.0,0.14246463012695312,False,REGULAR,USD,2027-06-17,761.6900024414062,2026-09-18 23:53:39.265099
SPY270617C00995000,2026-09-17 14:00:04+00:00,995.0,0.51,0.56,0.58,0.0,0.0,4.0,594.0,0.14270876831054688,False,REGULAR,USD,2027-06-17,761.6900024414062,2026-09-18 23:53:39.265099
SPY270617C01000000,2026-09-18 14:20:59+00:00,1000.0,0.47,0.51,0.53,-0.00999999,-2.0833313,6.0,4385.0,0.14313601013183597,False,REGULAR,USD,2027-06-17,761.6900024414062,2026-09-18 23:53:39.265099
SPY270617C01005000,2026-09-15 17:14:07+00:00,1005.0,0.36,0.47,0.49,0.0,0.0,130.0,773.0,0.14380739013671873,False,REGULAR,USD,2027-06-17,761.6900024414062,2026-09-18 23:53:39.265099
SPY270617C01010000,2026-09-17 16:13:10+00:00,1010.0,0.41,0.43,0.45,0.0,0.0,3.0,1326.0,0.1443567010498047,False,REGULAR,USD,2027-06-17,761.6900024414062,2026-09-18 23:53:39.265099
SPY270617C01015000,2026-09-15 16:32:39+00:00,1015.0,0.31,0.4,0.41,0.0,0.0,1.0,487.0,0.1447229083251953,False,REGULAR,USD,2027-06-17,761.6900024414062,2026-09-18 23:53:39.265099
SPY270617C01020000,2026-09-18 14:20:59+00:00,1020.0,0.33,0.36,0.38,-0.01999998,-5.71428,1.0,810.0,0.14539428833007811,False,REGULAR,USD,2027-06-17,761.6900024414062,2026-09-18 23:53:39.265099
SPY270617C01025000,2026-09-16 19:17:24+00:00,1025.0,0.23,0.34,0.36,0.0,0.0,5.0,82.0,0.14649291015625,False,REGULAR,USD,2027-06-17,761.6900024414062,2026-09-18 23:53:39.265099
SPY270617C01030000,2026-09-15 14:03:26+00:00,1030.0,0.28,0.31,0.33,0.0,0.0,1.0,498.0,0.14692015197753905,False,REGULAR,USD,2027-06-17,761.6900024414062,2026-09-18 23:53:39.265099
SPY270617C01035000,2026-09-01 15:49:38+00:00,1035.0,0.33,0.29,0.31,0.0,0.0,2.0,107.0,0.14783567016601565,False,REGULAR,USD,2027-06-17,761.6900024414062,2026-09-18 23:53:39.265099
SPY270617C01040000,2026-09-01 17:43:01+00:00,1040.0,0.29,0.27,0.29,0.0,0.0,4.0,216.0,0.1485680847167969,False,REGULAR,USD,2027-06-17,761.6900024414062,2026-09-18 23:53:39.265099
SPY270617C01050000,2026-09-16 19:29:14+00:00,1050.0,0.18,0.23,0.25,0.0,0.0,1.0,163.0,0.14991084472656252,False,REGULAR,USD,2027-06-17,761.6900024414062,2026-09-18 23:53:39.265099
SPY270617C01060000,2026-09-01 16:15:13+00:00,1060.0,0.23,0.21,0.23,0.0,0.0,4.0,431.0,0.15223015747070315,False,REGULAR,USD,2027-06-17,761.6900024414062,2026-09-18 23:53:39.265099
SPY270617C01070000,2026-09-01 16:15:16+00:00,1070.0,0.2,0.18,0.2,0.0,0.0,4.0,796.0,0.15357291748046875,False,REGULAR,USD,2027-06-17,761.6900024414062,2026-09-18 23:53:39.265099
SPY270617C01080000,2026-09-16 20:06:31+00:00,1080.0,0.14,0.16,0.18,0.0,0.0,13.0,98.0,0.15552602294921875,False,REGULAR,USD,2027-06-17,761.6900024414062,2026-09-18 23:53:39.265099
SPY270617C01090000,2026-09-18 13:36:48+00:00,1090.0,0.15,0.14,0.16,0.040000007,36.36364,1.0,1392.0,0.15699085205078128,False,REGULAR,USD,2027-06-17,761.6900024414062,2026-09-18 23:53:39.265099
SPY270617C01100000,2026-09-18 13:36:48+00:00,1100.0,0.13,0.13,0.15,-0.050000012,-27.777782,1.0,4995.0,0.15943223388671873,False,REGULAR,USD,2027-06-17,761.6900024414062,2026-09-18 23:53:39.265099
SPY270617C01110000,2026-09-03 19:00:34+00:00,1110.0,0.16,0.11,0.13,0.0,0.0,3.0,128.0,0.1606529248046875,False,REGULAR,USD,2027-06-17,761.6900024414062,2026-09-18 23:53:39.265099
SPY270617C01120000,2026-09-10 13:54:44+00:00,1120.0,0.11,0.1,0.12,0.0,0.0,6.0,3802.0,0.1626060302734375,False,REGULAR,USD,2027-06-17,761.6900024414062,2026-09-18 23:53:39.265099
SPY270617C01130000,2026-09-16 19:49:27+00:00,1130.0,0.08,0.09,0.11,0.0,0.0,8.0,1445.0,0.1645591357421875,False,REGULAR,USD,2027-06-17,761.6900024414062,2026-09-18 23:53:39.265099
SPY270617C01140000,2026-09-14 14:01:43+00:00,1140.0,0.08,0.08,0.1,0.0,0.0,5.0,147.0,0.1662681030273438,False,REGULAR,USD,2027-06-17,761.6900024414062,2026-09-18 23:53:39.265099
SPY270617C01150000,2026-09-08 15:20:36+00:00,1150.0,0.1,0.07,0.09,0.0,0.0,337.0,446.0,0.16773293212890628,False,REGULAR,USD,2027-06-17,761.6900024414062,2026-09-18 23:53:39.265099
SPY270617C01160000,2026-09-08 13:30:03+00:00,1160.0,0.09,0.06,0.08,0.0,0.0,1.0,75.0,0.16895362304687503,False,REGULAR,USD,2027-06-17,761.6900024414062,2026-09-18 23:53:39.265099
SPY270617C01170000,2026-06-25 14:56:04+00:00,1170.0,0.19,0.08,0.09,0.0,0.0,1.0,1088.0,0.17383638671875,False,REGULAR,USD,2027-06-17,761.6900024414062,2026-09-18 23:53:39.265099
SPY270617C01180000,2026-08-20 15:28:45+00:00,1180.0,0.08,0.05,0.07,0.0,0.0,1.0,138.0,0.17285983398437502,False,REGULAR,USD,2027-06-17,761.6900024414062,2026-09-18 23:53:39.265099
SPY270617C01190000,2026-08-03 15:35:59+00:00,1190.0,0.1,0.07,0.09,0.0,0.0,2.0,40.0,0.17993984130859375,False,REGULAR,USD,2027-06-17,761.6900024414062,2026-09-18 23:53:39.265099
SPY270617C01200000,2026-09-03 13:37:18+00:00,1200.0,0.08,0.04,0.06,0.0,0.0,1.0,255.0,0.17627776855468752,False,REGULAR,USD,2027-06-17,761.6900024414062,2026-09-18 23:53:39.265099
SPY270617C01210000,2026-08-05 15:19:52+00:00,1210.0,0.13,0.06,0.08,0.0,0.0,86.0,766.0,0.1840901904296875,False,REGULAR,USD,2027-06-17,761.6900024414062,2026-09-18 23:53:39.265099
SPY270617C01220000,2026-08-03 15:42:17+00:00,1220.0,0.08,0.05,0.07,0.0,0.0,95.0,142.0,0.18457846679687498,False,REGULAR,USD,2027-06-17,761.6900024414062,2026-09-18 23:53:39.265099
SPY270617C01230000,2026-08-28 18:57:56+00:00,1230.0,0.04,0.03,0.05,0.0,0.0,1.0,220.0,0.1821370849609375,False,REGULAR,USD,2027-06-17,761.6900024414062,2026-09-18 23:53:39.265099
SPY270617C01240000,2026-07-06 17:27:27+00:00,1240.0,0.1,0.04,0.06,0.0,0.0,2.0,18.0,0.187508125,False,REGULAR,USD,2027-06-17,761.6900024414062,2026-09-18 23:53:39.265099
SPY270617C01250000,2026-09-10 14:45:24+00:00,1250.0,0.04,0.03,0.05,0.0,0.0,18.0,329.0,0.187508125,False,REGULAR,USD,2027-06-17,761.6900024414062,2026-09-18 23:53:39.265099
SPY270617C01260000,2026-08-06 18:07:01+00:00,1260.0,0.07,0.02,0.04,0.0,0.0,11.0,39.0,0.186531572265625,False,REGULAR,USD,2027-06-17,761.6900024414062,2026-09-18 23:53:39.265099
SPY270617C01270000,2026-08-31 14:44:53+00:00,1270.0,0.05,0.02,0.04,0.0,0.0,1.0,95.0,0.18946123046875002,False,REGULAR,USD,2027-06-17,761.6900024414062,2026-09-18 23:53:39.265099
SPY270617C01280000,2026-09-01 17:27:15+00:00,1280.0,0.03,0.02,0.04,0.0,0.0,1.0,25.0,0.192390888671875,False,REGULAR,USD,2027-06-17,761.6900024414062,2026-09-18 23:53:39.265099
SPY270617C01290000,2026-09-09 16:06:01+00:00,1290.0,0.04,0.02,0.04,0.0,0.0,10.0,1097.0,0.194343994140625,False,REGULAR,USD,2027-06-17,761.6900024414062,2026-09-18 23:53:39.265099
SPY270617C01300000,2026-09-04 16:50:07+00:00,1300.0,0.05,0.02,0.04,0.0,0.0,1.0,82.0,0.19727365234375,False,REGULAR,USD,2027-06-17,761.6900024414062,2026-09-18 23:53:39.265099
SPY270617C01310000,2026-08-31 13:30:01+00:00,1310.0,0.02,0.02,0.04,0.0,0.0,1.0,912.0,0.1997150341796875,False,REGULAR,USD,2027-06-17,761.6900024414062,2026-09-18 23:53:39.265099
SPY270617C01320000,2026-08-17 18:11:47+00:00,1320.0,0.04,0.02,0.04,0.0,0.0,40.0,325.0,0.20215641601562498,False,REGULAR,USD,2027-06-17,761.6900024414062,2026-09-18 23:53:39.265099
SPY270617C01330000,2026-08-06 16:46:51+00:00,1330.0,0.05,0.01,0.04,0.0,0.0,1.0,113.0,0.20508607421874997,False,REGULAR,USD,2027-06-17,761.6900024414062,2026-09-18 23:53:39.265099
SPY270617C01340000,2026-09-14 15:58:45+00:00,1340.0,0.02,0.01,0.03,0.0,0.0,14.0,960.0,0.20313296874999998,False,REGULAR,USD,2027-06-17,761.6900024414062,2026-09-18 23:53:39.265099
SPY270617C01350000,2026-05-26 16:00:30+00:00,1350.0,0.09,0.0,0.0,0.0,0.0,,0.0,0.12500875,False,REGULAR,USD,2027-06-17,761.6900024414062,2026-09-18 23:53:39.265099
SPY270617C01360000,2026-08-13 14:03:08+00:00,1360.0,0.04,0.01,0.03,0.0,0.0,4.0,25.0,0.20703917968749996,False,REGULAR,USD,2027-06-17,761.6900024414062,2026-09-18 23:53:39.265099
SPY270617C01370000,2026-08-10 14:04:42+00:00,1370.0,0.05,0.01,0.03,0.0,0.0,8.0,3.0,0.20996883789062498,False,REGULAR,USD,2027-06-17,761.6900024414062,2026-09-18 23:53:39.265099
SPY270617C01400000,2026-09-15 18:51:50+00:00,1400.0,0.02,0.01,0.03,0.0,0.0,300.0,303.0,0.21680470703125,False,REGULAR,USD,2027-06-17,761.6900024414062,2026-09-18 23:53:39.265099
SPY270617C01410000,2026-07-13 13:30:58+00:00,1410.0,0.06,0.02,0.03,0.0,0.0,1.0,7.0,0.21875781249999998,False,REGULAR,USD,2027-06-17,761.6900024414062,2026-09-18 23:53:39.265099
SPY270617C01420000,2026-09-02 15:26:16+00:00,1420.0,0.02,0.01,0.03,0.0,0.0,20.0,159.0,0.22168747070312497,False,REGULAR,USD,2027-06-17,761.6900024414062,2026-09-18 23:53:39.265099
SPY270617C01430000,2026-09-14 18:10:04+00:00,1430.0,0.01,0.01,0.03,0.0,0.0,1.0,175.0,0.22364057617187497,False,REGULAR,USD,2027-06-17,761.6900024414062,2026-09-18 23:53:39.265099
SPY270617C01440000,2026-08-06 16:14:35+00:00,1440.0,0.02,0.01,0.03,0.0,0.0,1.0,2.0,0.225593681640625,False,REGULAR,USD,2027-06-17,761.6900024414062,2026-09-18 23:53:39.265099
SPY270617C01450000,2026-09-15 17:22:59+00:00,1450.0,0.02,0.01,0.03,0.0,0.0,1.0,506.0,0.22852333984375,False,REGULAR,USD,2027-06-17,761.6900024414062,2026-09-18 23:53:39.265099
SPY270617C01460000,2026-06-18 16:28:26+00:00,1460.0,0.04,0.02,0.04,0.0,0.0,16.0,29.0,0.23535920898437498,False,REGULAR,USD,2027-06-17,761.6900024414062,2026-09-18 23:53:39.265099
SPY270617C01470000,2026-09-04 13:46:43+00:00,1470.0,0.01,0.0,0.02,0.0,0.0,1.0,154.0,0.225593681640625,False,REGULAR,USD,2027-06-17,761.6900024414062,2026-09-18 23:53:39.265099
SPY270617C01480000,2026-09-18 15:01:02+00:00,1480.0,0.01,0.01,0.02,0.0,0.0,2.0,1017.0,0.22754678710937498,False,REGULAR,USD,2027-06-17,761.6900024414062,2026-09-18 23:53:39.265099
SPY270630C00520000,2026-08-17 17:56:15+00:00,520.0,272.96,260.28,264.33,0.0,0.0,10.0,11.0,0.452077622833252,True,REGULAR,USD,2027-06-30,761.6900024414062,2026-09-18 23:53:39.265099
SPY270630C00530000,2026-09-11 17:25:57+00:00,530.0,252.23,250.89,255.0,0.0,0.0,,2.0,0.4406031282043457,True,REGULAR,USD,2027-06-30,761.6900024414062,2026-09-18 23:53:39.265099
SPY270630C00540000,2026-08-10 18:42:57+00:00,540.0,254.6,241.57,245.75,0.0,0.0,,1.0,0.4296321685791016,True,REGULAR,USD,2027-06-30,761.6900024414062,2026-09-18 23:53:39.265099
SPY270630C00545000,2026-08-17 16:21:53+00:00,545.0,251.87,236.93,241.0,0.0,0.0,,1.0,0.42328457580566403,True,REGULAR,USD,2027-06-30,761.6900024414062,2026-09-18 23:53:39.265099
SPY270630C00550000,2026-08-28 18:44:43+00:00,550.0,240.05,232.3,236.49,0.0,0.0,1.0,1.0,0.4185238812255859,True,REGULAR,USD,2027-06-30,761.6900024414062,2026-09-18 23:53:39.265099
SPY270630C00560000,2026-08-06 16:34:32+00:00,560.0,232.31,223.07,227.26,0.0,0.0,2.0,0.0,0.4075529216003418,True,REGULAR,USD,2027-06-30,761.6900024414062,2026-09-18 23:53:39.265099
SPY270630C00570000,2026-08-14 13:49:14+00:00,570.0,231.0,213.89,218.0,0.0,0.0,1.0,1.0,0.39632256515502934,True,REGULAR,USD,2027-06-30,761.6900024414062,2026-09-18 23:53:39.265099
SPY270630C00575000,2026-09-10 15:36:07+00:00,575.0,206.4,209.31,213.49,0.0,0.0,1.0,2.0,0.3913940255737304,True,REGULAR,USD,2027-06-30,761.6900024414062,2026-09-18 23:53:39.265099
SPY270630C00580000,2026-08-11 13:52:33+00:00,580.0,218.29,204.75,208.93,0.0,0.0,3.0,20.0,0.38614505462646476,True,REGULAR,USD,2027-06-30,761.6900024414062,2026-09-18 23:53:39.265099
SPY270630C00585000,2026-07-23 13:30:09+00:00,585.0,187.43,201.18,206.0,0.0,0.0,1.0,1.0,0.39031066238403317,True,REGULAR,USD,2027-06-30,761.6900024414062,2026-09-18 23:53:39.265099
SPY270630C00595000,2026-09-09 16:55:40+00:00,595.0,191.63,191.14,195.32,0.0,0.0,1.0,5.0,0.370573616104126,True,REGULAR,USD,2027-06-30,761.6900024414062,2026-09-18 23:53:39.265099
SPY270630C00600000,2026-09-11 15:13:01+00:00,600.0,189.47,186.67,190.81,0.0,0.0,2.0,11.0,0.36545434356689455,True,REGULAR,USD,2027-06-30,761.6900024414062,2026-09-18 23:53:39.265099
SPY270630C00610000,2026-09-08 14:51:49+00:00,610.0,182.57,177.65,181.83,0.0,0.0,2.0,1.0,0.3553226089477538,True,REGULAR,USD,2027-06-30,761.6900024414062,2026-09-18 23:53:39.265099
SPY270630C00615000,2026-08-27 15:20:14+00:00,615.0,183.05,173.19,177.37,0.0,0.0,1.0,4.0,0.35034066413879383,True,REGULAR,USD,2027-06-30,761.6900024414062,2026-09-18 23:53:39.265099
SPY270630C00620000,2026-09-09 15:58:44+00:00,620.0,168.97,168.92,172.93,0.0,0.0,1.0,6.0,0.34541212455749504,True,REGULAR,USD,2027-06-30,761.6900024414062,2026-09-18 23:53:39.265099
SPY270630C00625000,2026-09-08 14:51:46+00:00,625.0,165.03,164.32,168.5,-4.2400055,-2.504877,1.0,2.0,0.34048358497619635,True,REGULAR,USD,2027-06-30,761.6900024414062,2026-09-18 23:53:39.265099
SPY270630C00630000,2026-09-15 16:39:14+00:00,630.0,156.0,159.91,164.11,0.0,0.0,1.0,5.0,0.33570000244140624,True,REGULAR,USD,2027-06-30,761.6900024414062,2026-09-18 23:53:39.265099
SPY270630C00635000,2026-09-15 18:51:12+00:00,635.0,150.96,155.54,159.73,0.0,0.0,2.0,2.0,0.3309011612701416,True,REGULAR,USD,2027-06-30,761.6900024414062,2026-09-18 23:53:39.265099
SPY270630C00640000,2026-08-31 18:06:58+00:00,640.0,156.65,151.17,155.36,0.0,0.0,6.0,14.0,0.3260870614624023,True,REGULAR,USD,2027-06-30,761.6900024414062,2026-09-18 23:53:39.265099
SPY270630C00645000,2026-09-08 14:51:45+00:00,645.0,151.83,146.84,151.0,0.0,0.0,,,0.32125770301818846,True,REGULAR,USD,2027-06-30,761.6900024414062,2026-09-18 23:53:39.265099
SPY270630C00650000,2026-09-11 14:38:37+00:00,650.0,145.51,142.72,146.72,0.0,0.0,12.0,29.0,0.3167335173034667,True,REGULAR,USD,2027-06-30,761.6900024414062,2026-09-18 23:53:39.265099
SPY270630C00655000,2026-08-12 17:28:39+00:00,655.0,152.35,138.23,142.41,0.0,0.0,2.0,3.0,0.3119957106781005,True,REGULAR,USD,2027-06-30,761.6900024414062,2026-09-18 23:53:39.265099
SPY270630C00660000,2026-09-11 13:37:06+00:00,660.0,137.67,134.18,138.15,0.0,0.0,3.0,6.0,0.3074028610992431,True,REGULAR,USD,2027-06-30,761.6900024414062,2026-09-18 23:53:39.265099
SPY270630C00664000,2026-08-28 18:12:53+00:00,664.0,139.65,130.57,134.75,0.0,0.0,3.0,2.0,0.3037102710723877,True,REGULAR,USD,2027-06-30,761.6900024414062,2026-09-18 23:53:39.265099
SPY270630C00665000,2026-09-18 14:07:11+00:00,665.0,128.35,129.73,133.81,-0.83999634,-0.6502023,2.0,1.0,0.30236751106262205,True,REGULAR,USD,2027-06-30,761.6900024414062,2026-09-18 23:53:39.265099
SPY270630C00666000,2026-08-13 18:06:47+00:00,666.0,145.8,128.88,132.96,0.0,0.0,1.0,1.0,0.30142910491943364,True,REGULAR,USD,2027-06-30,761.6900024414062,2026-09-18 23:53:39.265099
SPY270630C00668000,2026-07-02 18:01:03+00:00,668.0,120.66,129.57,134.5,0.0,0.0,2.0,1.0,0.31413954910278313,True,REGULAR,USD,2027-06-30,761.6900024414062,2026-09-18 23:53:39.265099
SPY270630C00669000,2026-09-16 18:57:29+00:00,669.0,120.0,126.35,130.44,0.0,0.0,4.0,25.0,0.29874358489990227,True,REGULAR,USD,2027-06-30,761.6900024414062,2026-09-18 23:53:39.265099
SPY270630C00670000,2026-09-16 18:56:28+00:00,670.0,119.52,125.55,129.6,0.0,0.0,23.0,39.0,0.297835696029663,True,REGULAR,USD,2027-06-30,761.6900024414062,2026-09-18 23:53:39.265099
SPY270630C00671000,2026-08-13 14:11:48+00:00,671.0,143.87,124.71,128.76,0.0,0.0,1.0,29.0,0.29692780715942374,True,REGULAR,USD,2027-06-30,761.6900024414062,2026-09-18 23:53:39.265099
SPY270630C00672000,2026-08-10 18:30:14+00:00,672.0,138.66,123.83,127.92,0.0,0.0,1.0,29.0,0.2960122889709473,True,REGULAR,USD,2027-06-30,761.6900024414062,2026-09-18 23:53:39.265099
SPY270630C00673000,2026-08-04 19:21:09+00:00,673.0,139.19,127.58,132.5,0.0,0.0,,4.0,0.3191062352752685,True,REGULAR,USD,2027-06-30,761.6900024414062,2026-09-18 23:53:39.265099
SPY270630C00674000,2026-08-04 16:54:02+00:00,674.0,135.89,126.75,131.5,0.0,0.0,,5.0,0.3174201559448242,True,REGULAR,USD,2027-06-30,761.6900024414062,2026-09-18 23:53:39.265099
SPY270630C00675000,2026-09-17 16:21:05+00:00,675.0,121.42,121.32,125.42,0.0,0.0,2.0,19.0,0.2933420275878905,True,REGULAR,USD,2027-06-30,761.6900024414062,2026-09-18 23:53:39.265099
SPY270630C00676000,2026-08-03 18:13:08+00:00,676.0,123.99,125.08,130.0,0.0,0.0,,0.0,0.3162299822998046,True,REGULAR,USD,2027-06-30,761.6900024414062,2026-09-18 23:53:39.265099
SPY270630C00677000,2026-08-03 18:04:01+00:00,677.0,123.11,124.25,129.0,0.0,0.0,,2.0,0.3145439029693603,True,REGULAR,USD,2027-06-30,761.6900024414062,2026-09-18 23:53:39.265099
SPY270630C00680000,2026-09-17 14:57:25+00:00,680.0,116.34,117.2,121.27,0.0,0.0,2.0,104.0,0.28888650573730457,True,REGULAR,USD,2027-06-30,761.6900024414062,2026-09-18 23:53:39.265099
SPY270630C00681000,2026-06-29 18:58:17+00:00,681.0,110.48,118.97,123.5,0.0,0.0,,0.0,0.3012917771911621,True,REGULAR,USD,2027-06-30,761.6900024414062,2026-09-18 23:53:39.265099
SPY270630C00685000,2026-08-12 19:02:21+00:00,685.0,127.92,113.08,117.15,0.0,0.0,6.0,2.0,0.28445387184143056,True,REGULAR,USD,2027-06-30,761.6900024414062,2026-09-18 23:53:39.265099
SPY270630C00687000,2026-09-15 15:31:43+00:00,687.0,108.06,111.44,115.52,0.0,0.0,2.0,20.0,0.28272964591979977,True,REGULAR,USD,2027-06-30,761.6900024414062,2026-09-18 23:53:39.265099
SPY270630C00688000,2026-09-16 16:25:07+00:00,688.0,109.2,110.63,114.71,0.0,0.0,2.0,2.0,0.281882791595459,True,REGULAR,USD,2027-06-30,761.6900024414062,2026-09-18 23:53:39.265099
SPY270630C00689000,2026-09-16 15:23:34+00:00,689.0,108.61,109.81,113.89,0.0,0.0,2.0,3.0,0.280982532043457,True,REGULAR,USD,2027-06-30,761.6900024414062,2026-09-18 23:53:39.265099
SPY270630C00690000,2026-09-18 15:39:04+00:00,690.0,108.31,108.97,113.08,-1.6900024,-1.5363659,1.0,87.0,0.2801280484008788,True,REGULAR,USD,2027-06-30,761.6900024414062,2026-09-18 23:53:39.265099
SPY270630C00691000,2026-08-11 17:56:25+00:00,691.0,121.89,108.19,112.27,0.0,0.0,,10.0,0.2792659354400635,True,REGULAR,USD,2027-06-30,761.6900024414062,2026-09-18 23:53:39.265099
SPY270630C00693000,2026-08-11 17:56:51+00:00,693.0,120.3,106.57,110.65,0.0,0.0,,16.0,0.27752645088195804,True,REGULAR,USD,2027-06-30,761.6900024414062,2026-09-18 23:53:39.265099
SPY270630C00694000,2026-08-11 18:27:55+00:00,694.0,118.67,105.76,109.84,0.0,0.0,,17.0,0.27664907928466786,True,REGULAR,USD,2027-06-30,761.6900024414062,2026-09-18 23:53:39.265099
SPY270630C00695000,2026-09-02 17:55:19+00:00,695.0,108.41,104.95,109.04,0.0,0.0,1.0,165.0,0.27580985427856436,True,REGULAR,USD,2027-06-30,761.6900024414062,2026-09-18 23:53:39.265099
SPY270630C00696000,2026-08-11 20:09:04+00:00,696.0,117.31,104.11,108.02,0.0,0.0,127.0,65.0,0.2740474817657471,True,REGULAR,USD,2027-06-30,761.6900024414062,2026-09-18 23:53:39.265099
SPY270630C00697000,2026-09-16 18:48:59+00:00,697.0,100.23,103.31,107.31,0.0,0.0,3.0,57.0,0.27357446403503416,True,REGULAR,USD,2027-06-30,761.6900024414062,2026-09-18 23:53:39.265099
SPY270630C00698000,2026-08-11 19:40:21+00:00,698.0,116.09,102.5,106.5,0.0,0.0,22.0,25.0,0.27268183380126954,True,REGULAR,USD,2027-06-30,761.6900024414062,2026-09-18 23:53:39.265099
SPY270630C00699000,2026-08-11 19:40:32+00:00,699.0,115.23,101.75,105.74,0.0,0.0,3.0,3.0,0.2719875658416747,True,REGULAR,USD,2027-06-30,761.6900024414062,2026-09-18 23:53:39.265099
SPY270630C00700000,2026-09-18 19:34:00+00:00,700.0,101.43,100.95,104.51,7.669998,8.180459,3.0,107.0,0.26934019241333,True,REGULAR,USD,2027-06-30,761.6900024414062,2026-09-18 23:53:39.265099
SPY270630C00701000,2026-08-28 16:06:27+00:00,701.0,111.0,100.13,104.14,0.0,0.0,1.0,15.0,0.27025571060180664,True,REGULAR,USD,2027-06-30,761.6900024414062,2026-09-18 23:53:39.265099
SPY270630C00704000,2026-08-12 16:01:39+00:00,704.0,112.02,97.75,101.85,0.0,0.0,,6.0,0.26807372558593745,True,REGULAR,USD,2027-06-30,761.6900024414062,2026-09-18 23:53:39.265099
SPY270630C00705000,2026-09-16 15:42:42+00:00,705.0,95.98,96.96,101.06,0.0,0.0,2.0,6.0,0.2672268712615967,True,REGULAR,USD,2027-06-30,761.6900024414062,2026-09-18 23:53:39.265099
SPY270630C00706000,2026-08-12 16:02:42+00:00,706.0,110.46,96.17,100.27,0.0,0.0,,40.0,0.2663723876190186,True,REGULAR,USD,2027-06-30,761.6900024414062,2026-09-18 23:53:39.265099
SPY270630C00707000,2026-09-15 15:25:00+00:00,707.0,92.33,95.39,99.48,0.0,0.0,2.0,26.0,0.2655179039764404,True,REGULAR,USD,2027-06-30,761.6900024414062,2026-09-18 23:53:39.265099
SPY270630C00708000,2026-08-12 16:03:32+00:00,708.0,108.79,94.6,98.7,0.0,0.0,,14.0,0.2646939376068115,True,REGULAR,USD,2027-06-30,761.6900024414062,2026-09-18 23:53:39.265099
SPY270630C00709000,2026-08-12 16:11:07+00:00,709.0,107.0,93.81,97.92,0.0,0.0,,39.0,0.2638623419189453,True,REGULAR,USD,2027-06-30,761.6900024414062,2026-09-18 23:53:39.265099
SPY270630C00710000,2026-08-12 16:26:17+00:00,710.0,106.36,93.03,97.13,0.0,0.0,17.0,9.0,0.26298497032165524,True,REGULAR,USD,2027-06-30,761.6900024414062,2026-09-18 23:53:39.265099
SPY270630C00711000,2026-09-14 13:44:45+00:00,711.0,91.26,92.25,96.35,0.0,0.0,2.0,0.0,0.2621457453155518,True,REGULAR,USD,2027-06-30,761.6900024414062,2026-09-18 23:53:39.265099
SPY270630C00712000,2026-08-20 18:38:19+00:00,712.0,95.37,91.47,95.58,0.0,0.0,1.0,1.0,0.2613446669006348,True,REGULAR,USD,2027-06-30,761.6900024414062,2026-09-18 23:53:39.265099
SPY270630C00713000,2026-08-25 16:47:53+00:00,713.0,97.49,90.66,94.8,0.0,0.0,1.0,2.0,0.2604901832580566,True,REGULAR,USD,2027-06-30,761.6900024414062,2026-09-18 23:53:39.265099
SPY270630C00715000,2026-09-15 16:22:45+00:00,715.0,86.12,89.14,93.26,0.0,0.0,5.0,8.0,0.2588498798370362,True,REGULAR,USD,2027-06-30,761.6900024414062,2026-09-18 23:53:39.265099
SPY270630C00716000,2026-09-17 16:20:57+00:00,716.0,88.66,88.37,92.49,0.0,0.0,2.0,21.0,0.25802591346740733,True,REGULAR,USD,2027-06-30,761.6900024414062,2026-09-18 23:53:39.265099
SPY270630C00717000,2026-09-16 17:00:50+00:00,717.0,85.99,87.57,91.72,0.0,0.0,2.0,4.0,0.25718668846130366,True,REGULAR,USD,2027-06-30,761.6900024414062,2026-09-18 23:53:39.265099
SPY270630C00718000,2026-08-10 18:37:31+00:00,718.0,102.07,86.83,90.96,0.0,0.0,,41.0,0.2563856100463867,True,REGULAR,USD,2027-06-30,761.6900024414062,2026-09-18 23:53:39.265099
SPY270630C00719000,2026-09-16 14:48:03+00:00,719.0,84.73,86.07,90.19,0.0,0.0,1.0,5.0,0.2555387557220459,True,REGULAR,USD,2027-06-30,761.6900024414062,2026-09-18 23:53:39.265099
SPY270630C00720000,2026-09-18 18:53:47+00:00,720.0,86.3,85.28,89.43,0.80000305,0.9356761,2.0,42.0,0.25473004798889165,True,REGULAR,USD,2027-06-30,761.6900024414062,2026-09-18 23:53:39.265099
SPY270630C00722000,2026-08-20 18:40:11+00:00,722.0,90.63,83.78,87.91,0.0,0.0,1.0,9.0,0.25308211524963387,True,REGULAR,USD,2027-06-30,761.6900024414062,2026-09-18 23:53:39.265099
SPY270630C00723000,2026-08-11 19:47:39+00:00,723.0,96.46,83.03,87.16,0.0,0.0,16.0,9.0,0.25229629547119137,True,REGULAR,USD,2027-06-30,761.6900024414062,2026-09-18 23:53:39.265099
SPY270630C00724000,2026-09-09 19:12:35+00:00,724.0,84.65,82.27,86.4,0.0,0.0,2.0,15.0,0.25145707046508786,True,REGULAR,USD,2027-06-30,761.6900024414062,2026-09-18 23:53:39.265099
SPY270630C00725000,2026-09-18 19:42:33+00:00,725.0,81.92,81.49,85.65,0.80999756,0.9986408,5.0,72.0,0.2506483627319336,True,REGULAR,USD,2027-06-30,761.6900024414062,2026-09-18 23:53:39.265099
SPY270630C00726000,2026-09-17 14:16:32+00:00,726.0,80.32,80.76,84.9,0.0,0.0,2.0,11.0,0.2498396549987793,True,REGULAR,USD,2027-06-30,761.6900024414062,2026-09-18 23:53:39.265099
SPY270630C00727000,2026-08-11 19:44:43+00:00,727.0,93.65,80.01,84.15,0.0,0.0,,4.0,0.2490233179473877,True,REGULAR,USD,2027-06-30,761.6900024414062,2026-09-18 23:53:39.265099
SPY270630C00728000,2026-08-28 18:07:07+00:00,728.0,88.45,79.26,83.4,0.0,0.0,2.0,5.0,0.24819935157775877,True,REGULAR,USD,2027-06-30,761.6900024414062,2026-09-18 23:53:39.265099
SPY270630C00729000,2026-08-11 19:43:51+00:00,729.0,92.2,78.54,82.65,0.0,0.0,,1.0,0.24736775588989257,True,REGULAR,USD,2027-06-30,761.6900024414062,2026-09-18 23:53:39.265099
SPY270630C00730000,2026-09-10 15:36:10+00:00,730.0,77.36,77.77,81.91,0.0,0.0,10.0,17.0,0.2465743067932129,True,REGULAR,USD,2027-06-30,761.6900024414062,2026-09-18 23:53:39.265099
SPY270630C00731000,2026-07-02 16:08:18+00:00,731.0,76.17,80.42,85.0,0.0,0.0,2.0,0.0,0.2606427696228027,True,REGULAR,USD,2027-06-30,761.6900024414062,2026-09-18 23:53:39.265099
SPY270630C00732000,2026-09-17 14:16:46+00:00,732.0,75.97,76.28,80.43,0.0,0.0,2.0,3.0,0.2449568913269043,True,REGULAR,USD,2027-06-30,761.6900024414062,2026-09-18 23:53:39.265099
SPY270630C00733000,2026-09-04 18:36:15+00:00,733.0,82.31,75.54,79.69,0.0,0.0,2.0,2.0,0.2441329249572754,True,REGULAR,USD,2027-06-30,761.6900024414062,2026-09-18 23:53:39.265099
SPY270630C00734000,2026-09-17 14:59:50+00:00,734.0,74.2,74.84,78.96,0.0,0.0,2.0,10.0,0.24334710517883298,True,REGULAR,USD,2027-06-30,761.6900024414062,2026-09-18 23:53:39.265099
SPY270630C00735000,2026-08-27 13:53:14+00:00,735.0,83.0,74.05,78.22,0.0,0.0,1.0,28.0,0.24251550949096679,True,REGULAR,USD,2027-06-30,761.6900024414062,2026-09-18 23:53:39.265099
SPY270630C00736000,2026-08-27 13:52:39+00:00,736.0,82.0,73.34,77.49,0.0,0.0,1.0,4.0,0.2417144310760498,True,REGULAR,USD,2027-06-30,761.6900024414062,2026-09-18 23:53:39.265099
SPY270630C00737000,2026-08-14 19:59:51+00:00,737.0,90.0,72.61,76.77,0.0,0.0,1.0,5.0,0.24095149925231932,True,REGULAR,USD,2027-06-30,761.6900024414062,2026-09-18 23:53:39.265099
SPY270630C00738000,2026-09-16 14:29:00+00:00,738.0,70.0,71.91,76.04,0.0,0.0,1.0,12.0,0.24013516220092768,True,REGULAR,USD,2027-06-30,761.6900024414062,2026-09-18 23:53:39.265099
SPY270630C00739000,2026-09-17 14:17:04+00:00,739.0,70.96,71.13,75.31,0.0,0.0,2.0,12.0,0.23931119583129878,True,REGULAR,USD,2027-06-30,761.6900024414062,2026-09-18 23:53:39.265099
SPY270630C00740000,2026-09-18 13:57:40+00:00,740.0,70.26,70.41,74.59,-0.5799942,-0.81873834,1.0,238.0,0.23852537605285642,True,REGULAR,USD,2027-06-30,761.6900024414062,2026-09-18 23:53:39.265099
SPY270630C00741000,2026-08-04 15:13:27+00:00,741.0,81.79,74.05,79.0,0.0,0.0,3.0,13.0,0.2573316455078125,True,REGULAR,USD,2027-06-30,761.6900024414062,2026-09-18 23:53:39.265099
SPY270630C00742000,2026-08-20 18:43:53+00:00,742.0,75.65,68.99,73.16,0.0,0.0,1.0,9.0,0.23695373649597168,True,REGULAR,USD,2027-06-30,761.6900024414062,2026-09-18 23:53:39.265099
SPY270630C00743000,2026-08-03 14:57:58+00:00,743.0,71.04,72.6,77.5,0.0,0.0,1.0,3.0,0.25543194526672375,True,REGULAR,USD,2027-06-30,761.6900024414062,2026-09-18 23:53:39.265099
SPY270630C00744000,2026-07-17 18:11:33+00:00,744.0,66.93,71.29,76.0,0.0,0.0,11.0,13.0,0.25161728614807133,True,REGULAR,USD,2027-06-30,761.6900024414062,2026-09-18 23:53:39.265099
SPY270630C00745000,2026-09-15 18:12:57+00:00,745.0,64.0,66.82,71.02,0.0,0.0,1.0,17.0,0.2345733892059326,True,REGULAR,USD,2027-06-30,761.6900024414062,2026-09-18 23:53:39.265099
SPY270630C00746000,2026-09-17 13:57:31+00:00,746.0,65.58,66.11,70.31,0.0,0.0,1.0,17.0,0.2337723107910156,True,REGULAR,USD,2027-06-30,761.6900024414062,2026-09-18 23:53:39.265099
SPY270630C00747000,2026-09-03 16:26:44+00:00,747.0,74.52,65.43,69.61,0.0,0.0,5.0,10.0,0.23300937896728519,True,REGULAR,USD,2027-06-30,761.6900024414062,2026-09-18 23:53:39.265099
SPY270630C00748000,2026-08-14 16:03:19+00:00,748.0,82.11,64.72,68.9,0.0,0.0,10.0,6.0,0.23219304191589354,True,REGULAR,USD,2027-06-30,761.6900024414062,2026-09-18 23:53:39.265099
SPY270630C00749000,2026-09-16 15:47:10+00:00,749.0,63.72,64.0,68.2,0.0,0.0,12.0,23.0,0.2314148514556885,True,REGULAR,USD,2027-06-30,761.6900024414062,2026-09-18 23:53:39.265099
SPY270630C00750000,2026-09-18 16:58:06+00:00,750.0,63.0,63.3,67.5,-1.1900024,-1.853875,1.0,127.0,0.23062140235900877,True,REGULAR,USD,2027-06-30,761.6900024414062,2026-09-18 23:53:39.265099
SPY270630C00751000,2026-09-16 19:48:53+00:00,751.0,57.35,62.6,66.81,0.0,0.0,2.0,26.0,0.2298584705352783,True,REGULAR,USD,2027-06-30,761.6900024414062,2026-09-18 23:53:39.265099
SPY270630C00752000,2026-09-17 13:38:07+00:00,752.0,61.51,61.91,66.11,0.0,0.0,1.0,225.0,0.22905739212036136,True,REGULAR,USD,2027-06-30,761.6900024414062,2026-09-18 23:53:39.265099
SPY270630C00753000,2026-09-11 17:50:12+00:00,753.0,65.13,61.28,65.42,0.0,0.0,4.0,5.0,0.22827920166015625,True,REGULAR,USD,2027-06-30,761.6900024414062,2026-09-18 23:53:39.265099
SPY270630C00754000,2026-09-17 14:21:27+00:00,754.0,60.6,60.53,64.73,0.0,0.0,2.0,31.0,0.22749338188171384,True,REGULAR,USD,2027-06-30,761.6900024414062,2026-09-18 23:53:39.265099
SPY270630C00755000,2026-09-18 19:46:29+00:00,755.0,61.0,59.88,63.16,7.75,14.55399,2.0,174.0,0.22338880867004393,True,REGULAR,USD,2027-06-30,761.6900024414062,2026-09-18 23:53:39.265099
SPY270630C00756000,2026-09-17 18:50:31+00:00,756.0,59.7,59.16,63.37,0.0,0.0,1.0,103.0,0.22596751823425293,True,REGULAR,USD,2027-06-30,761.6900024414062,2026-09-18 23:53:39.265099
SPY270630C00757000,2026-09-17 14:21:55+00:00,757.0,58.6,58.48,62.69,0.0,0.0,2.0,59.0,0.22519695709228515,True,REGULAR,USD,2027-06-30,761.6900024414062,2026-09-18 23:53:39.265099
SPY270630C00758000,2026-09-18 17:19:19+00:00,758.0,57.49,57.83,62.01,0.26000214,0.45431092,2.0,12.0,0.22441876663208005,True,REGULAR,USD,2027-06-30,761.6900024414062,2026-09-18 23:53:39.265099
SPY270630C00759000,2026-09-17 14:12:32+00:00,759.0,56.5,57.13,61.33,0.0,0.0,2.0,8.0,0.22362531753540038,True,REGULAR,USD,2027-06-30,761.6900024414062,2026-09-18 23:53:39.265099
SPY270630C00760000,2026-09-18 14:08:21+00:00,760.0,56.72,56.46,60.66,0.069999695,0.12356521,2.0,138.0,0.22286238571166989,True,REGULAR,USD,2027-06-30,761.6900024414062,2026-09-18 23:53:39.265099
SPY270630C00761000,2026-09-18 17:41:54+00:00,761.0,55.66,57.11,58.44,-0.040000916,-0.071814924,2.0,26.0,0.21630117202758786,True,REGULAR,USD,2027-06-30,761.6900024414062,2026-09-18 23:53:39.265099
SPY270630C00762000,2026-09-16 15:41:30+00:00,762.0,54.72,55.58,58.61,0.0,0.0,10.0,12.0,0.2186662606811523,False,REGULAR,USD,2027-06-30,761.6900024414062,2026-09-18 23:53:39.265099
SPY270630C00763000,2026-09-09 18:46:29+00:00,763.0,56.23,54.92,57.95,0.0,0.0,1.0,14.0,0.21791858749389648,False,REGULAR,USD,2027-06-30,761.6900024414062,2026-09-18 23:53:39.265099
SPY270630C00764000,2026-09-01 18:27:10+00:00,764.0,55.97,54.27,57.29,0.0,0.0,5.0,39.0,0.21715565567016604,False,REGULAR,USD,2027-06-30,761.6900024414062,2026-09-18 23:53:39.265099
SPY270630C00765000,2026-09-17 16:13:37+00:00,765.0,53.73,53.61,56.64,0.0,0.0,4.0,41.0,0.21643087043762205,False,REGULAR,USD,2027-06-30,761.6900024414062,2026-09-18 23:53:39.265099
SPY270630C00766000,2026-09-17 13:33:17+00:00,766.0,52.96,52.97,55.98,0.0,0.0,1.0,38.0,0.215652679977417,False,REGULAR,USD,2027-06-30,761.6900024414062,2026-09-18 23:53:39.265099
SPY270630C00767000,2026-09-17 19:55:17+00:00,767.0,52.74,52.32,55.33,0.0,0.0,1.0,56.0,0.21490500679016114,False,REGULAR,USD,2027-06-30,761.6900024414062,2026-09-18 23:53:39.265099
SPY270630C00768000,2026-09-15 13:51:19+00:00,768.0,50.46,51.68,54.69,0.0,0.0,1.0,29.0,0.21418022155761718,False,REGULAR,USD,2027-06-30,761.6900024414062,2026-09-18 23:53:39.265099
SPY270630C00769000,2026-09-16 16:45:50+00:00,769.0,50.04,51.9,53.2,0.0,0.0,1.0,83.0,0.2102892692565918,False,REGULAR,USD,2027-06-30,761.6900024414062,2026-09-18 23:53:39.265099
SPY270630C00770000,2026-09-16 18:50:02+00:00,770.0,47.74,51.26,52.56,0.0,0.0,3.0,498.0,0.20954922538757323,False,REGULAR,USD,2027-06-30,761.6900024414062,2026-09-18 23:53:39.265099
SPY270630C00775000,2026-09-18 20:03:29+00:00,775.0,48.49,48.12,49.41,0.9300003,1.9554253,1.0,511.0,0.20589478195190425,False,REGULAR,USD,2027-06-30,761.6900024414062,2026-09-18 23:53:39.265099
SPY270630C00780000,2026-09-17 13:56:14+00:00,780.0,43.64,45.09,46.35,0.0,0.0,2.0,161.0,0.20230900238037108,False,REGULAR,USD,2027-06-30,761.6900024414062,2026-09-18 23:53:39.265099
SPY270630C00785000,2026-09-16 19:39:18+00:00,785.0,36.27,42.75,42.95,0.0,0.0,2.0,479.0,0.19718210052490232,False,REGULAR,USD,2027-06-30,761.6900024414062,2026-09-18 23:53:39.265099
SPY270630C00790000,2026-09-16 19:49:46+00:00,790.0,39.26,39.89,40.09,5.029999,14.694709,16.0,692.0,0.19378705390930176,False,REGULAR,USD,2027-06-30,761.6900024414062,2026-09-18 23:53:39.265099
SPY270630C00795000,2026-09-16 19:18:44+00:00,795.0,30.69,37.14,37.33,0.0,0.0,1.0,207.0,0.19046830047607421,False,REGULAR,USD,2027-06-30,761.6900024414062,2026-09-18 23:53:39.265099
SPY270630C00800000,2026-09-16 19:19:43+00:00,800.0,28.0,34.49,34.68,0.0,0.0,3.0,673.0,0.18724872817993166,False,REGULAR,USD,2027-06-30,761.6900024414062,2026-09-18 23:53:39.265099
SPY270630C00805000,2026-09-18 15:09:00+00:00,805.0,30.48,31.95,32.14,-7.75,-20.272038,70.0,501.0,0.18412833702087403,False,REGULAR,USD,2027-06-30,761.6900024414062,2026-09-18 23:53:39.265099
SPY270630C00810000,2026-09-15 18:25:56+00:00,810.0,26.54,29.52,29.71,0.0,0.0,13.0,1383.0,0.18109949768066402,False,REGULAR,USD,2027-06-30,761.6900024414062,2026-09-18 23:53:39.265099
SPY270630C00815000,2026-09-18 14:49:58+00:00,815.0,25.6,27.22,27.4,-0.59000015,-2.2527688,34.0,1703.0,0.1782003567504883,False,REGULAR,USD,2027-06-30,761.6900024414062,2026-09-18 23:53:39.265099
SPY270630C00820000,2026-09-18 19:56:32+00:00,820.0,24.5,25.03,25.22,2.5,11.363636,3.0,1554.0,0.17545380218505857,False,REGULAR,USD,2027-06-30,761.6900024414062,2026-09-18 23:53:39.265099
SPY270630C00825000,2026-09-18 18:10:17+00:00,825.0,21.6,22.97,23.15,0.39999962,1.8867906,27.0,1808.0,0.17278354080200198,False,REGULAR,USD,2027-06-30,761.6900024414062,2026-09-18 23:53:39.265099
SPY270630C00830000,2026-09-18 15:30:58+00:00,830.0,19.82,21.03,21.21,-0.1800003,-0.9000015,130.0,718.0,0.17027349510192877,False,REGULAR,USD,2027-06-30,761.6900024414062,2026-09-18 23:53:39.265099
SPY270630C00835000,2026-09-18 20:00:55+00:00,835.0,19.0,19.23,19.39,0.6399994,3.4858353,69.0,439.0,0.16789314781188966,False,REGULAR,USD,2027-06-30,761.6900024414062,2026-09-18 23:53:39.265099
SPY270630C00840000,2026-09-18 15:09:29+00:00,840.0,16.46,17.54,17.69,-0.2800007,-1.6726445,386.0,625.0,0.16564249893188482,False,REGULAR,USD,2027-06-30,761.6900024414062,2026-09-18 23:53:39.265099
SPY270630C00845000,2026-09-18 15:06:49+00:00,845.0,14.98,15.96,16.12,-0.25,-1.6414971,2.0,485.0,0.16358258300781253,False,REGULAR,USD,2027-06-30,761.6900024414062,2026-09-18 23:53:39.265099
SPY270630C00850000,2026-09-18 19:44:02+00:00,850.0,14.05,14.51,14.67,2.2700005,19.269953,39.0,212.0,0.16167525344848632,False,REGULAR,USD,2027-06-30,761.6900024414062,2026-09-18 23:53:39.265099
SPY270630C00855000,2026-09-18 14:08:21+00:00,855.0,12.17,13.19,13.33,0.020000458,0.16461283,2.0,21.0,0.15990525161743163,False,REGULAR,USD,2027-06-30,761.6900024414062,2026-09-18 23:53:39.265099
SPY270630C00860000,2026-09-11 14:06:19+00:00,860.0,12.77,11.98,12.06,0.0,0.0,1.0,469.0,0.15807421524047854,False,REGULAR,USD,2027-06-30,761.6900024414062,2026-09-18 23:53:39.265099
SPY270630C00865000,2026-09-16 19:33:32+00:00,865.0,8.21,10.85,10.93,0.0,0.0,3.0,557.0,0.15656361022949222,False,REGULAR,USD,2027-06-30,761.6900024414062,2026-09-18 23:53:39.265099
SPY270630C00870000,2026-09-16 19:22:43+00:00,870.0,7.11,9.82,9.89,0.0,0.0,2.0,10.0,0.15514455703735353,False,REGULAR,USD,2027-06-30,761.6900024414062,2026-09-18 23:53:39.265099
SPY270630C00875000,2026-09-18 14:44:40+00:00,875.0,8.03,8.87,8.94,0.17999983,2.2929914,146.0,286.0,0.15384757293701173,False,REGULAR,USD,2027-06-30,761.6900024414062,2026-09-18 23:53:39.265099
SPY270630C00880000,2026-09-17 13:30:25+00:00,880.0,7.48,8.0,8.07,0.0,0.0,1.0,597.0,0.15263451133728032,False,REGULAR,USD,2027-06-30,761.6900024414062,2026-09-18 23:53:39.265099
SPY270630C00885000,2026-09-17 18:58:24+00:00,885.0,6.74,7.21,7.28,0.0,0.0,252.0,612.0,0.15152826019287113,False,REGULAR,USD,2027-06-30,761.6900024414062,2026-09-18 23:53:39.265099
SPY270630C00890000,2026-09-14 18:18:20+00:00,890.0,6.31,6.49,6.55,0.0,0.0,8.0,342.0,0.15044489700317387,False,REGULAR,USD,2027-06-30,761.6900024414062,2026-09-18 23:53:39.265099
SPY270630C00895000,2026-09-17 13:44:25+00:00,895.0,5.24,5.83,5.89,0.0,0.0,1.0,44.0,0.14945308563232423,False,REGULAR,USD,2027-06-30,761.6900024414062,2026-09-18 23:53:39.265099
SPY270630C00900000,2026-09-18 16:37:53+00:00,900.0,4.69,5.23,5.29,-0.32999992,-6.573704,3.0,725.0,0.14853756744384766,False,REGULAR,USD,2027-06-30,761.6900024414062,2026-09-18 23:53:39.265099
SPY270630C00905000,2026-09-17 13:37:26+00:00,905.0,4.19,4.69,4.75,0.0,0.0,2.0,737.0,0.14771360107421877,False,REGULAR,USD,2027-06-30,761.6900024414062,2026-09-18 23:53:39.265099
SPY270630C00910000,2026-09-17 16:31:00+00:00,910.0,3.95,4.2,4.25,0.0,0.0,5.0,389.0,0.14684385879516604,False,REGULAR,USD,2027-06-30,761.6900024414062,2026-09-18 23:53:39.265099
SPY270630C00915000,2026-09-17 14:24:15+00:00,915.0,3.46,3.76,3.81,0.0,0.0,1.0,161.0,0.14615722015380855,False,REGULAR,USD,2027-06-30,761.6900024414062,2026-09-18 23:53:39.265099
SPY270630C00920000,2026-09-16 18:54:17+00:00,920.0,2.58,3.36,3.41,0.0,0.0,12.0,1821.0,0.1454858401489258,False,REGULAR,USD,2027-06-30,761.6900024414062,2026-09-18 23:53:39.265099
SPY270630C00925000,2026-09-18 16:58:05+00:00,925.0,2.69,3.0,3.05,0.11000013,4.2635713,1.0,677.0,0.14487549468994143,False,REGULAR,USD,2027-06-30,761.6900024414062,2026-09-18 23:53:39.265099
SPY270630C00930000,2026-09-18 14:34:18+00:00,930.0,2.4,2.68,2.72,0.0400002,1.6949238,1.0,45.0,0.1442346319580078,False,REGULAR,USD,2027-06-30,761.6900024414062,2026-09-18 23:53:39.265099
SPY270630C00935000,2026-09-17 17:59:05+00:00,935.0,2.22,2.39,2.43,0.0,0.0,1.0,43.0,0.1437463555908203,False,REGULAR,USD,2027-06-30,761.6900024414062,2026-09-18 23:53:39.265099
SPY270630C00940000,2026-09-14 15:38:06+00:00,940.0,1.99,2.13,2.17,0.0,0.0,1.0,33.0,0.14328859649658204,False,REGULAR,USD,2027-06-30,761.6900024414062,2026-09-18 23:53:39.265099
SPY270630C00945000,2026-09-18 14:13:18+00:00,945.0,1.74,1.9,1.94,-0.049999952,-2.7932935,1.0,802.0,0.1428918719482422,False,REGULAR,USD,2027-06-30,761.6900024414062,2026-09-18 23:53:39.265099
SPY270630C00950000,2026-09-17 19:39:18+00:00,950.0,1.61,1.69,1.74,0.0,0.0,2.0,10032.0,0.14264773376464845,False,REGULAR,USD,2027-06-30,761.6900024414062,2026-09-18 23:53:39.265099
SPY270630C00955000,2026-09-11 13:31:29+00:00,955.0,1.64,1.51,1.55,0.0,0.0,797.0,627.0,0.1422815264892578,False,REGULAR,USD,2027-06-30,761.6900024414062,2026-09-18 23:53:39.265099
SPY270630C00960000,2026-09-16 18:06:33+00:00,960.0,1.15,1.35,1.39,0.0,0.0,908.0,1486.0,0.14212894012451172,False,REGULAR,USD,2027-06-30,761.6900024414062,2026-09-18 23:53:39.265099
SPY270630C00965000,2026-09-18 19:33:50+00:00,965.0,1.14,1.21,1.24,-0.00999999,-0.8695644,20.0,158.0,0.14185428466796873,False,REGULAR,USD,2027-06-30,761.6900024414062,2026-09-18 23:53:39.265099
SPY270630C00970000,2026-09-18 19:34:06+00:00,970.0,1.02,1.08,1.11,0.0,0.0,15.0,151.0,0.14170169830322266,False,REGULAR,USD,2027-06-30,761.6900024414062,2026-09-18 23:53:39.265099
SPY270630C00975000,2026-09-08 17:56:05+00:00,975.0,1.24,0.97,1.0,0.0,0.0,187.0,225.0,0.14173221557617188,False,REGULAR,USD,2027-06-30,761.6900024414062,2026-09-18 23:53:39.265099
SPY270630C00980000,2026-09-18 16:23:20+00:00,980.0,0.77,0.87,0.9,0.099999964,14.925367,20.0,281.0,0.14173221557617188,False,REGULAR,USD,2027-06-30,761.6900024414062,2026-09-18 23:53:39.265099
SPY270630C00985000,2026-09-15 14:19:23+00:00,985.0,0.64,0.78,0.81,0.0,0.0,1.0,17.0,0.1417932501220703,False,REGULAR,USD,2027-06-30,761.6900024414062,2026-09-18 23:53:39.265099
SPY270630C00990000,2026-09-16 19:12:51+00:00,990.0,0.48,0.71,0.73,0.0,0.0,2.0,293.0,0.14185428466796873,False,REGULAR,USD,2027-06-30,761.6900024414062,2026-09-18 23:53:39.265099
SPY270630C00995000,2026-09-18 19:03:12+00:00,995.0,0.61,0.64,0.66,0.15,32.608696,40.0,341.0,0.14203738830566404,False,REGULAR,USD,2027-06-30,761.6900024414062,2026-09-18 23:53:39.265099
SPY270917C00050000,2026-09-16 19:33:55+00:00,50.0,704.39,711.0,715.84,0.0,0.0,2.0,0.0,1.3425325842285152,True,REGULAR,USD,2027-09-17,761.6900024414062,2026-09-18 23:53:39.265099
SPY270917C00055000,2026-07-08 13:37:53+00:00,55.0,689.94,706.5,711.32,0.0,0.0,1.0,0.0,1.3449739782714842,True,REGULAR,USD,2027-09-17,761.6900024414062,2026-09-18 23:53:39.265099
SPY270917C00060000,2026-06-02 13:40:34+00:00,60.0,697.3,0.0,0.0,0.0,0.0,1.0,0.0,1.0000000000000003e-05,True,REGULAR,USD,2027-09-17,761.6900024414062,2026-09-18 23:53:39.265099
SPY270917C00070000,2026-06-03 13:59:33+00:00,70.0,686.28,0.0,0.0,0.0,0.0,1.0,0.0,1.0000000000000003e-05,True,REGULAR,USD,2027-09-17,761.6900024414062,2026-09-18 23:53:39.265099
SPY270917C00080000,2026-06-02 13:58:28+00:00,80.0,679.01,0.0,0.0,0.0,0.0,1.0,0.0,1.0000000000000003e-05,True,REGULAR,USD,2027-09-17,761.6900024414062,2026-09-18 23:53:39.265099
SPY270917C00085000,2026-06-03 15:48:41+00:00,85.0,670.27,0.0,0.0,0.0,0.0,1.0,0.0,1.0000000000000003e-05,True,REGULAR,USD,2027-09-17,761.6900024414062,2026-09-18 23:53:39.265099
SPY270917C00125000,2026-05-15 13:33:27+00:00,125.0,615.0,626.0,630.83,0.0,0.0,1.0,1.0,1.0000000000000003e-05,True,REGULAR,USD,2027-09-17,761.6900024414062,2026-09-18 23:53:39.265099
SPY270917C00135000,2026-06-08 13:34:16+00:00,135.0,608.0,619.0,623.23,0.0,0.0,2.0,4.0,1.0000000000000003e-05,True,REGULAR,USD,2027-09-17,761.6900024414062,2026-09-18 23:53:39.265099
SPY270917C00140000,2026-06-05 18:15:32+00:00,140.0,602.5,0.0,0.0,0.0,0.0,1.0,0.0,1.0000000000000003e-05,True,REGULAR,USD,2027-09-17,761.6900024414062,2026-09-18 23:53:39.265099
SPY270917C00165000,2026-06-05 18:15:34+00:00,165.0,579.0,0.0,0.0,0.0,0.0,2.0,0.0,1.0000000000000003e-05,True,REGULAR,USD,2027-09-17,761.6900024414062,2026-09-18 23:53:39.265099
SPY270917C00175000,2026-06-05 13:42:04+00:00,175.0,578.5,0.0,0.0,0.0,0.0,1.0,0.0,1.0000000000000003e-05,True,REGULAR,USD,2027-09-17,761.6900024414062,2026-09-18 23:53:39.265099
SPY270917C00180000,2026-06-05 18:12:05+00:00,180.0,566.0,0.0,0.0,0.0,0.0,1.0,0.0,1.0000000000000003e-05,True,REGULAR,USD,2027-09-17,761.6900024414062,2026-09-18 23:53:39.265099
SPY270917C00185000,2026-06-08 13:34:18+00:00,185.0,561.0,571.5,576.02,0.0,0.0,1.0,1.0,1.0000000000000003e-05,True,REGULAR,USD,2027-09-17,761.6900024414062,2026-09-18 23:53:39.265099
SPY270917C00190000,2026-06-09 15:26:30+00:00,190.0,547.0,567.0,571.32,0.0,0.0,,1.0,1.0000000000000003e-05,True,REGULAR,USD,2027-09-17,761.6900024414062,2026-09-18 23:53:39.265099
SPY270917C00200000,2026-09-11 19:45:10+00:00,200.0,567.68,565.01,569.98,0.0,0.0,2.0,1.0,0.8006611730957032,True,REGULAR,USD,2027-09-17,761.6900024414062,2026-09-18 23:53:39.265099
SPY270917C00210000,2026-06-08 13:35:12+00:00,210.0,537.0,548.0,552.52,0.0,0.0,1.0,1.0,0.561527822265625,True,REGULAR,USD,2027-09-17,761.6900024414062,2026-09-18 23:53:39.265099
SPY270917C00215000,2026-03-26 20:14:24+00:00,215.0,441.0,0.0,0.0,0.0,0.0,,0.0,1.0000000000000003e-05,True,REGULAR,USD,2027-09-17,761.6900024414062,2026-09-18 23:53:39.265099
SPY270917C00235000,2026-08-05 18:00:19+00:00,235.0,542.64,537.0,541.5,0.0,0.0,,2.0,0.8450332879638671,True,REGULAR,USD,2027-09-17,761.6900024414062,2026-09-18 23:53:39.265099
SPY270917C00240000,2026-08-05 17:59:17+00:00,240.0,537.93,532.23,537.0,0.0,0.0,1.0,0.0,0.8371293142700195,True,REGULAR,USD,2027-09-17,761.6900024414062,2026-09-18 23:53:39.265099
SPY270917C00245000,2026-08-05 18:00:19+00:00,245.0,533.18,527.5,532.0,0.0,0.0,1.0,1.0,0.8255327505493163,True,REGULAR,USD,2027-09-17,761.6900024414062,2026-09-18 23:53:39.265099
SPY270917C00260000,2026-09-16 19:06:38+00:00,260.0,500.64,508.5,513.0,0.0,0.0,1.0,1.0,0.7186917779541016,True,REGULAR,USD,2027-09-17,761.6900024414062,2026-09-18 23:53:39.265099
SPY270917C00300000,2026-09-11 18:16:11+00:00,300.0,474.0,470.62,475.5,0.0,0.0,23.0,23.0,0.667392242126465,True,REGULAR,USD,2027-09-17,761.6900024414062,2026-09-18 23:53:39.265099
SPY270917C00315000,2026-09-11 15:06:56+00:00,315.0,459.49,456.5,461.48,0.0,0.0,,1.0,0.6493260165405274,True,REGULAR,USD,2027-09-17,761.6900024414062,2026-09-18 23:53:39.265099
SPY270917C00320000,2026-06-22 18:42:40+00:00,320.0,439.73,430.0,434.54,0.0,0.0,,1.0,1.0000000000000003e-05,True,REGULAR,USD,2027-09-17,761.6900024414062,2026-09-18 23:53:39.265099
SPY270917C00325000,2026-06-25 15:56:26+00:00,325.0,425.13,446.87,451.5,0.0,0.0,,0.0,0.6318091018676758,True,REGULAR,USD,2027-09-17,761.6900024414062,2026-09-18 23:53:39.265099
SPY270917C00340000,2026-06-25 15:56:15+00:00,340.0,411.26,432.8,437.5,0.0,0.0,,0.0,0.6147194290161133,True,REGULAR,USD,2027-09-17,761.6900024414062,2026-09-18 23:53:39.265099
SPY270917C00345000,2026-06-26 16:32:20+00:00,345.0,405.43,428.12,432.5,0.0,0.0,2.0,0.0,0.6070901107788086,True,REGULAR,USD,2027-09-17,761.6900024414062,2026-09-18 23:53:39.265099
SPY270917C00350000,2026-06-29 16:52:15+00:00,350.0,404.7,423.5,428.0,0.0,0.0,2.0,0.0,0.6028176925659182,True,REGULAR,USD,2027-09-17,761.6900024414062,2026-09-18 23:53:39.265099
SPY270917C00355000,2026-06-22 19:17:50+00:00,355.0,406.67,397.5,402.06,0.0,0.0,,0.0,1.0000000000000003e-05,True,REGULAR,USD,2027-09-17,761.6900024414062,2026-09-18 23:53:39.265099
SPY270917C00365000,2026-06-22 19:17:55+00:00,365.0,397.4,388.5,392.8,0.0,0.0,,320.0,1.0000000000000003e-05,True,REGULAR,USD,2027-09-17,761.6900024414062,2026-09-18 23:53:39.265099
SPY270917C00370000,2026-06-29 16:52:20+00:00,370.0,386.16,404.73,409.5,0.0,0.0,,0.0,0.5810283596801759,True,REGULAR,USD,2027-09-17,761.6900024414062,2026-09-18 23:53:39.265099
SPY270917C00375000,2026-08-13 17:09:36+00:00,375.0,415.86,400.19,405.0,0.0,0.0,1.0,0.0,0.5770153382873535,True,REGULAR,USD,2027-09-17,761.6900024414062,2026-09-18 23:53:39.265099
SPY270917C00380000,2026-09-17 15:56:55+00:00,380.0,395.51,395.51,400.49,0.0,0.0,10.0,1.0,0.5721783505249024,True,REGULAR,USD,2027-09-17,761.6900024414062,2026-09-18 23:53:39.265099
SPY270917C00385000,2026-08-28 19:40:02+00:00,385.0,399.0,391.0,395.81,0.0,0.0,15.0,79.0,0.5673261041259765,True,REGULAR,USD,2027-09-17,761.6900024414062,2026-09-18 23:53:39.265099
SPY270917C00390000,2026-07-27 13:38:04+00:00,390.0,372.5,391.0,395.5,0.0,0.0,1.0,0.0,0.6036569175720217,True,REGULAR,USD,2027-09-17,761.6900024414062,2026-09-18 23:53:39.265099
SPY270917C00395000,2026-09-10 14:20:35+00:00,395.0,377.25,381.5,386.46,0.0,0.0,2.0,2.0,0.5552870399475098,True,REGULAR,USD,2027-09-17,761.6900024414062,2026-09-18 23:53:39.265099
SPY270917C00400000,2026-09-16 19:11:48+00:00,400.0,378.0,377.0,381.79,11.01001,3.0000844,1.0,12.0,0.5505110867309572,True,REGULAR,USD,2027-09-17,761.6900024414062,2026-09-18 23:53:39.265099
SPY270917C00405000,2026-06-04 15:30:45+00:00,405.0,369.87,0.0,0.0,0.0,0.0,,0.0,1.0000000000000003e-05,True,REGULAR,USD,2027-09-17,761.6900024414062,2026-09-18 23:53:39.265099
SPY270917C00410000,2026-05-04 19:47:51+00:00,410.0,330.0,347.0,351.49,0.0,0.0,,1.0,1.0000000000000003e-05,True,REGULAR,USD,2027-09-17,761.6900024414062,2026-09-18 23:53:39.265099
SPY270917C00415000,2026-06-29 14:27:16+00:00,415.0,341.78,362.79,367.5,0.0,0.0,,1.0,0.5316666706848145,True,REGULAR,USD,2027-09-17,761.6900024414062,2026-09-18 23:53:39.265099
SPY270917C00440000,2026-09-04 16:27:36+00:00,440.0,347.59,339.6,344.5,0.0,0.0,1.0,1.0,0.5062305236816407,True,REGULAR,USD,2027-09-17,761.6900024414062,2026-09-18 23:53:39.265099
SPY270917C00445000,2026-08-05 19:31:28+00:00,445.0,346.62,339.66,344.5,0.0,0.0,1.0,2.0,0.5365494343566897,True,REGULAR,USD,2027-09-17,761.6900024414062,2026-09-18 23:53:39.265099
SPY270917C00450000,2026-09-14 14:53:36+00:00,450.0,327.0,330.5,335.27,0.0,0.0,2.0,49.0,0.5146990669250489,True,REGULAR,USD,2027-09-17,761.6900024414062,2026-09-18 23:53:39.265099
SPY270917C00455000,2026-09-10 17:55:21+00:00,455.0,322.1,325.69,330.5,0.0,0.0,,1.0,0.5081531118774415,True,REGULAR,USD,2027-09-17,761.6900024414062,2026-09-18 23:53:39.265099
SPY270917C00460000,2026-08-21 16:39:35+00:00,460.0,328.5,321.07,326.0,0.0,0.0,21.0,22.0,0.5035907795715333,True,REGULAR,USD,2027-09-17,761.6900024414062,2026-09-18 23:53:39.265099
SPY270917C00470000,2026-07-29 13:30:15+00:00,470.0,293.92,316.5,321.41,0.0,0.0,,4.0,0.5078326805114746,True,REGULAR,USD,2027-09-17,761.6900024414062,2026-09-18 23:53:39.265099
SPY270917C00475000,2026-07-30 15:35:17+00:00,475.0,287.99,311.86,316.5,0.0,0.0,2.0,4.0,0.5011188804626465,True,REGULAR,USD,2027-09-17,761.6900024414062,2026-09-18 23:53:39.265099
SPY270917C00480000,2026-09-15 16:18:03+00:00,480.0,297.51,302.58,307.5,0.0,0.0,2.0,0.0,0.48172515350341794,True,REGULAR,USD,2027-09-17,761.6900024414062,2026-09-18 23:53:39.265099
SPY270917C00485000,2026-09-09 13:30:01+00:00,485.0,299.31,298.0,302.95,0.0,0.0,1.0,4.0,0.47676609664916997,True,REGULAR,USD,2027-09-17,761.6900024414062,2026-09-18 23:53:39.265099
SPY270917C00490000,2026-06-22 18:45:42+00:00,490.0,284.39,274.0,278.84,0.0,0.0,2.0,2.0,0.31630627548217766,True,REGULAR,USD,2027-09-17,761.6900024414062,2026-09-18 23:53:39.265099
SPY270917C00495000,2026-08-20 13:43:41+00:00,495.0,295.46,288.81,293.5,0.0,0.0,6.0,0.0,0.4645668167877198,True,REGULAR,USD,2027-09-17,761.6900024414062,2026-09-18 23:53:39.265099
SPY270917C00500000,2026-09-17 14:17:53+00:00,500.0,283.53,284.23,289.0,0.0,0.0,10.0,58.0,0.4599358206176758,True,REGULAR,USD,2027-09-17,761.6900024414062,2026-09-18 23:53:39.265099
SPY270917C00505000,2026-09-14 19:44:56+00:00,505.0,279.59,279.65,284.5,0.0,0.0,1.0,9.0,0.45526667785644537,True,REGULAR,USD,2027-09-17,761.6900024414062,2026-09-18 23:53:39.265099
SPY270917C00510000,2026-08-28 13:30:00+00:00,510.0,285.18,275.06,280.0,0.0,0.0,1.0,10.0,0.45058990577697755,True,REGULAR,USD,2027-09-17,761.6900024414062,2026-09-18 23:53:39.265099
SPY270917C00515000,2026-09-11 18:09:55+00:00,515.0,274.1,270.5,275.47,0.0,0.0,40.0,18.0,0.4456995127868652,True,REGULAR,USD,2027-09-17,761.6900024414062,2026-09-18 23:53:39.265099
SPY270917C00520000,2026-09-10 18:42:38+00:00,520.0,262.16,266.0,270.91,0.0,0.0,1.0,5.0,0.4406260161590576,True,REGULAR,USD,2027-09-17,761.6900024414062,2026-09-18 23:53:39.265099
SPY270917C00525000,2026-09-16 19:08:10+00:00,525.0,254.03,261.5,266.37,0.0,0.0,1.0,18.0,0.43565932998657225,True,REGULAR,USD,2027-09-17,761.6900024414062,2026-09-18 23:53:39.265099
SPY270917C00530000,2026-07-07 15:57:26+00:00,530.0,248.65,257.51,262.5,0.0,0.0,1.0,6.0,0.4345149322509766,True,REGULAR,USD,2027-09-17,761.6900024414062,2026-09-18 23:53:39.265099
SPY270917C00535000,2026-09-11 18:10:49+00:00,535.0,256.58,252.5,257.3,0.0,0.0,2.0,5.0,0.4257259576416016,True,REGULAR,USD,2027-09-17,761.6900024414062,2026-09-18 23:53:39.265099
SPY270917C00540000,2026-09-11 15:14:02+00:00,540.0,250.48,247.83,252.5,0.0,0.0,1.0,15.0,0.41925629577636714,True,REGULAR,USD,2027-09-17,761.6900024414062,2026-09-18 23:53:39.265099
SPY270917C00545000,2026-09-11 15:58:19+00:00,545.0,248.51,243.32,248.0,0.0,0.0,1.0,6.0,0.4144803425598144,True,REGULAR,USD,2027-09-17,761.6900024414062,2026-09-18 23:53:39.265099
SPY270917C00550000,2026-09-18 16:53:35+00:00,550.0,237.84,238.82,243.5,3.869995,1.6540561,5.0,27.0,0.4096738720703125,True,REGULAR,USD,2027-09-17,761.6900024414062,2026-09-18 23:53:39.265099
SPY270917C00555000,2026-09-18 15:41:10+00:00,555.0,233.07,234.34,239.0,-13.929993,-5.639673,2.0,4.0,0.4048368843078613,True,REGULAR,USD,2027-09-17,761.6900024414062,2026-09-18 23:53:39.265099
SPY270917C00560000,2026-09-18 15:41:10+00:00,560.0,228.62,230.0,234.81,2.1399994,0.94489557,2.0,16.0,0.40161731201171874,True,REGULAR,USD,2027-09-17,761.6900024414062,2026-09-18 23:53:39.265099
SPY270917C00565000,2026-09-18 15:52:19+00:00,565.0,224.1,225.5,230.34,-11.639999,-4.937643,5.0,7.0,0.3968795053863525,True,REGULAR,USD,2027-09-17,761.6900024414062,2026-09-18 23:53:39.265099
SPY270917C00570000,2026-09-18 15:52:19+00:00,570.0,219.78,221.0,225.89,-6.029999,-2.670386,5.0,11.0,0.3922179919433594,True,REGULAR,USD,2027-09-17,761.6900024414062,2026-09-18 23:53:39.265099
SPY270917C00575000,2026-09-15 16:14:14+00:00,575.0,211.6,216.5,221.44,0.0,0.0,3.0,23.0,0.3875259612274169,True,REGULAR,USD,2027-09-17,761.6900024414062,2026-09-18 23:53:39.265099
SPY270917C00580000,2026-08-27 19:51:19+00:00,580.0,221.0,212.07,217.0,0.0,0.0,1.0,8.0,0.38285681846618647,True,REGULAR,USD,2027-09-17,761.6900024414062,2026-09-18 23:53:39.265099
SPY270917C00585000,2026-09-03 15:37:53+00:00,585.0,217.45,207.7,212.5,0.0,0.0,3.0,5.0,0.3778596150207519,True,REGULAR,USD,2027-09-17,761.6900024414062,2026-09-18 23:53:39.265099
SPY270917C00590000,2026-09-17 19:59:06+00:00,590.0,203.8,203.26,208.0,0.0,0.0,5.0,16.0,0.37283952362060546,True,REGULAR,USD,2027-09-17,761.6900024414062,2026-09-18 23:53:39.265099
SPY270917C00595000,2026-09-16 18:09:13+00:00,595.0,197.71,199.0,203.81,0.0,0.0,31.0,58.0,0.36926900268554685,True,REGULAR,USD,2027-09-17,761.6900024414062,2026-09-18 23:53:39.265099
SPY270917C00600000,2026-09-16 18:54:17+00:00,600.0,188.88,194.54,199.45,0.0,0.0,3.0,190.0,0.36484399810791024,True,REGULAR,USD,2027-09-17,761.6900024414062,2026-09-18 23:53:39.265099
SPY270917C00605000,2026-09-16 15:21:56+00:00,605.0,188.65,190.15,195.0,0.0,0.0,3.0,409.0,0.3599612344360351,True,REGULAR,USD,2027-09-17,761.6900024414062,2026-09-18 23:53:39.265099
SPY270917C00610000,2026-09-15 15:50:30+00:00,610.0,181.84,185.82,190.5,0.0,0.0,2.0,138.0,0.35481144462585434,True,REGULAR,USD,2027-09-17,761.6900024414062,2026-09-18 23:53:39.265099
SPY270917C00615000,2026-08-28 13:30:00+00:00,615.0,192.08,181.54,186.44,0.0,0.0,1.0,27.0,0.3516147602844238,True,REGULAR,USD,2027-09-17,761.6900024414062,2026-09-18 23:53:39.265099
SPY270917C00620000,2026-09-16 19:27:17+00:00,620.0,166.97,177.2,182.0,0.0,0.0,3.0,74.0,0.346663332748413,True,REGULAR,USD,2027-09-17,761.6900024414062,2026-09-18 23:53:39.265099
SPY270917C00625000,2026-09-10 18:18:51+00:00,625.0,169.84,173.0,177.87,0.0,0.0,1.0,24.0,0.3430241479492187,True,REGULAR,USD,2027-09-17,761.6900024414062,2026-09-18 23:53:39.265099
SPY270917C00630000,2026-09-17 13:35:48+00:00,630.0,167.54,168.67,173.5,0.0,0.0,6.0,56.0,0.3382863413238525,True,REGULAR,USD,2027-09-17,761.6900024414062,2026-09-18 23:53:39.265099
SPY270917C00635000,2026-09-18 18:34:14+00:00,635.0,164.59,164.5,169.38,-0.5200043,-0.31494415,2.0,631.0,0.33457086334228514,True,REGULAR,USD,2027-09-17,761.6900024414062,2026-09-18 23:53:39.265099
SPY270917C00640000,2026-09-17 14:06:33+00:00,640.0,159.0,160.24,165.0,0.0,0.0,2.0,191.0,0.32968809967041013,True,REGULAR,USD,2027-09-17,761.6900024414062,2026-09-18 23:53:39.265099
SPY270917C00645000,2026-09-18 15:18:26+00:00,645.0,155.53,156.01,160.98,7.2599945,4.8964686,1.0,55.0,0.32625490646362304,True,REGULAR,USD,2027-09-17,761.6900024414062,2026-09-18 23:53:39.265099
SPY270917C00650000,2026-09-18 19:24:01+00:00,650.0,152.73,151.84,156.5,2.619995,1.7453835,4.0,269.0,0.3208609784698486,True,REGULAR,USD,2027-09-17,761.6900024414062,2026-09-18 23:53:39.265099
SPY270917C00655000,2026-09-16 19:24:27+00:00,655.0,138.47,147.74,152.5,0.0,0.0,1.0,430.0,0.317366750717163,True,REGULAR,USD,2027-09-17,761.6900024414062,2026-09-18 23:53:39.265099
SPY270917C00660000,2026-09-18 16:17:47+00:00,660.0,141.8,143.59,148.5,-1.9599915,-1.3633776,4.0,52.0,0.3137962297821044,True,REGULAR,USD,2027-09-17,761.6900024414062,2026-09-18 23:53:39.265099
SPY270917C00665000,2026-09-18 14:15:01+00:00,665.0,138.66,139.5,144.48,5.230011,3.9196668,4.0,167.0,0.31005786384582523,True,REGULAR,USD,2027-09-17,761.6900024414062,2026-09-18 23:53:39.265099
SPY270917C00670000,2026-09-18 19:54:36+00:00,670.0,136.82,135.5,140.42,0.8800049,0.647348,1.0,214.0,0.30608298904418946,True,REGULAR,USD,2027-09-17,761.6900024414062,2026-09-18 23:53:39.265099
SPY270917C00675000,2026-09-17 14:42:04+00:00,675.0,131.57,131.5,136.38,0.0,0.0,5.0,135.0,0.3021081142425537,True,REGULAR,USD,2027-09-17,761.6900024414062,2026-09-18 23:53:39.265099
SPY270917C00680000,2026-09-18 18:18:08+00:00,680.0,127.5,127.5,132.39,-0.75,-0.5847953,2.0,1474.0,0.29824004989624014,True,REGULAR,USD,2027-09-17,761.6900024414062,2026-09-18 23:53:39.265099
SPY270917C00685000,2026-09-18 14:10:31+00:00,685.0,125.49,123.5,128.42,1.4799957,1.1934487,2.0,179.0,0.2943643562316894,True,REGULAR,USD,2027-09-17,761.6900024414062,2026-09-18 23:53:39.265099
SPY270917C00690000,2026-09-17 19:10:24+00:00,690.0,121.52,119.5,124.48,0.0,0.0,6.0,230.0,0.29050392120361324,True,REGULAR,USD,2027-09-17,761.6900024414062,2026-09-18 23:53:39.265099
SPY270917C00695000,2026-09-15 15:46:38+00:00,695.0,112.57,115.6,120.5,0.0,0.0,2.0,108.0,0.2864146066284179,True,REGULAR,USD,2027-09-17,761.6900024414062,2026-09-18 23:53:39.265099
SPY270917C00700000,2026-09-18 18:21:02+00:00,700.0,112.0,111.73,116.5,0.83000183,0.74660593,2.0,252.0,0.28216126171112055,True,REGULAR,USD,2027-09-17,761.6900024414062,2026-09-18 23:53:39.265099
SPY270917C00705000,2026-09-15 13:56:42+00:00,705.0,106.45,107.91,112.5,0.0,0.0,1.0,138.0,0.2778163649749755,True,REGULAR,USD,2027-09-17,761.6900024414062,2026-09-18 23:53:39.265099
SPY270917C00710000,2026-09-18 13:43:46+00:00,710.0,105.0,104.09,109.0,-0.16999817,-0.16164131,1.0,637.0,0.2751613622283935,True,REGULAR,USD,2027-09-17,761.6900024414062,2026-09-18 23:53:39.265099
SPY270917C00715000,2026-09-17 16:07:27+00:00,715.0,100.77,100.32,104.0,0.0,0.0,2.0,81.0,0.26708954353332526,True,REGULAR,USD,2027-09-17,761.6900024414062,2026-09-18 23:53:39.265099
SPY270917C00720000,2026-09-17 14:48:19+00:00,720.0,96.25,96.62,101.5,0.0,0.0,1.0,170.0,0.26772277694702146,True,REGULAR,USD,2027-09-17,761.6900024414062,2026-09-18 23:53:39.265099
SPY270917C00725000,2026-09-18 19:16:08+00:00,725.0,94.0,93.0,97.89,4.0,4.4444447,2.0,65.0,0.2643201010131836,True,REGULAR,USD,2027-09-17,761.6900024414062,2026-09-18 23:53:39.265099
SPY270917C00730000,2026-09-16 19:27:45+00:00,730.0,81.85,89.28,94.0,0.0,0.0,1.0,154.0,0.25982643257141114,True,REGULAR,USD,2027-09-17,761.6900024414062,2026-09-18 23:53:39.265099
SPY270917C00735000,2026-09-16 18:35:14+00:00,735.0,83.0,85.65,90.5,0.0,0.0,1.0,207.0,0.2565610843658448,True,REGULAR,USD,2027-09-17,761.6900024414062,2026-09-18 23:53:39.265099
SPY270917C00740000,2026-09-18 14:14:28+00:00,740.0,81.92,82.11,87.0,2.3399963,2.9404325,2.0,365.0,0.2531584084320069,True,REGULAR,USD,2027-09-17,761.6900024414062,2026-09-18 23:53:39.265099
SPY270917C00745000,2026-09-16 19:52:42+00:00,745.0,72.95,78.58,83.5,0.0,0.0,6.0,254.0,0.24961840476989747,True,REGULAR,USD,2027-09-17,761.6900024414062,2026-09-18 23:53:39.265099
SPY270917C00750000,2026-09-18 19:09:11+00:00,750.0,76.19,75.11,80.0,0.45000458,0.5941439,3.0,620.0,0.24594107337951662,True,REGULAR,USD,2027-09-17,761.6900024414062,2026-09-18 23:53:39.265099
SPY270917C00755000,2026-09-18 18:57:36+00:00,755.0,73.08,71.7,76.5,0.41000366,0.5641993,51.0,510.0,0.24211878494262695,True,REGULAR,USD,2027-09-17,761.6900024414062,2026-09-18 23:53:39.265099
SPY270917C00760000,2026-09-18 20:11:25+00:00,760.0,70.79,68.5,73.33,1.3499985,1.9441222,28.0,765.0,0.2392501612854004,True,REGULAR,USD,2027-09-17,761.6900024414062,2026-09-18 23:53:39.265099
SPY270917C00765000,2026-09-18 20:08:35+00:00,765.0,67.39,66.5,70.0,1.5800018,2.4008539,11.0,1335.0,0.23568726966857909,False,REGULAR,USD,2027-09-17,761.6900024414062,2026-09-18 23:53:39.265099
SPY270917C00770000,2026-09-18 19:14:35+00:00,770.0,63.56,63.3,64.99,-0.3199997,-0.5009388,4.0,1656.0,0.2264252773284912,False,REGULAR,USD,2027-09-17,761.6900024414062,2026-09-18 23:53:39.265099
SPY270917C00775000,2026-09-18 19:52:24+00:00,775.0,60.08,60.14,61.82,0.3600006,0.60281414,47.0,1050.0,0.22307600662231442,False,REGULAR,USD,2027-09-17,761.6900024414062,2026-09-18 23:53:39.265099
SPY270917C00780000,2026-09-16 19:23:24+00:00,780.0,49.51,57.05,58.71,0.0,0.0,4.0,393.0,0.21974199455261229,False,REGULAR,USD,2027-09-17,761.6900024414062,2026-09-18 23:53:39.265099
SPY270917C00785000,2026-09-18 19:32:50+00:00,785.0,53.52,54.02,55.68,1.3199997,2.528735,3.0,1370.0,0.21649190498352047,False,REGULAR,USD,2027-09-17,761.6900024414062,2026-09-18 23:53:39.265099
SPY270917C00790000,2026-09-18 19:38:25+00:00,790.0,50.84,51.93,52.13,-0.22999954,-0.45036134,116.0,1882.0,0.21132685653686517,False,REGULAR,USD,2027-09-17,761.6900024414062,2026-09-18 23:53:39.265099
SPY270917C00795000,2026-09-18 19:38:14+00:00,795.0,47.96,49.06,49.25,0.22999954,0.48187628,10.0,848.0,0.20816068946838376,False,REGULAR,USD,2027-09-17,761.6900024414062,2026-09-18 23:53:39.265099
SPY270917C00800000,2026-09-18 19:39:03+00:00,800.0,45.25,46.26,46.45,0.11999893,0.26589614,37.0,1029.0,0.20505555694580074,False,REGULAR,USD,2027-09-17,761.6900024414062,2026-09-18 23:53:39.265099
SPY270917C00805000,2026-09-18 19:32:47+00:00,805.0,42.41,43.55,43.74,0.1800003,0.426238,204.0,1193.0,0.2020267176055908,False,REGULAR,USD,2027-09-17,761.6900024414062,2026-09-18 23:53:39.265099
SPY270917C00810000,2026-09-18 19:50:37+00:00,810.0,40.08,40.93,41.11,0.45000076,1.1355053,23.0,1130.0,0.19904365417480469,False,REGULAR,USD,2027-09-17,761.6900024414062,2026-09-18 23:53:39.265099
SPY270917C00815000,2026-09-18 19:23:27+00:00,815.0,37.3,38.39,38.57,0.1800003,0.48491463,46.0,1915.0,0.19612925460815428,False,REGULAR,USD,2027-09-17,761.6900024414062,2026-09-18 23:53:39.265099
SPY270917C00820000,2026-09-18 17:20:48+00:00,820.0,34.07,35.95,36.13,-0.7099991,-2.0414004,38.0,3708.0,0.1933102215194702,False,REGULAR,USD,2027-09-17,761.6900024414062,2026-09-18 23:53:39.265099
SPY270917C00825000,2026-09-18 16:10:07+00:00,825.0,31.73,33.59,33.77,-0.65999985,-2.0376656,3.0,317.0,0.19052170570373536,False,REGULAR,USD,2027-09-17,761.6900024414062,2026-09-18 23:53:39.265099
SPY270917C00830000,2026-09-18 18:18:16+00:00,830.0,29.83,31.35,31.53,-0.21999931,-0.73211086,7.0,372.0,0.1878895909118652,False,REGULAR,USD,2027-09-17,761.6900024414062,2026-09-18 23:53:39.265099
SPY270917C00835000,2026-09-17 19:02:15+00:00,835.0,28.1,29.2,29.37,0.0,0.0,6.0,423.0,0.185280364074707,False,REGULAR,USD,2027-09-17,761.6900024414062,2026-09-18 23:53:39.265099
SPY270917C00840000,2026-09-18 19:08:36+00:00,840.0,26.32,27.14,27.33,0.20999908,0.804286,22.0,1725.0,0.18283135292053218,False,REGULAR,USD,2027-09-17,761.6900024414062,2026-09-18 23:53:39.265099
SPY270917C00845000,2026-09-18 18:26:01+00:00,845.0,24.02,25.21,25.38,-0.14999962,-0.6206025,7.0,1270.0,0.18043574699401857,False,REGULAR,USD,2027-09-17,761.6900024414062,2026-09-18 23:53:39.265099
SPY270917C00850000,2026-09-18 19:39:21+00:00,850.0,22.73,23.39,23.54,0.35000038,1.5638981,12.0,1979.0,0.17816983947753906,False,REGULAR,USD,2027-09-17,761.6900024414062,2026-09-18 23:53:39.265099
SPY270917C00855000,2026-09-17 19:35:46+00:00,855.0,20.72,21.63,21.8,0.0,0.0,17.0,1589.0,0.17600311309814454,False,REGULAR,USD,2027-09-17,761.6900024414062,2026-09-18 23:53:39.265099
SPY270917C00860000,2026-09-18 14:40:11+00:00,860.0,18.71,20.03,20.17,-0.3900013,-2.0418916,1.0,1723.0,0.17397371444702148,False,REGULAR,USD,2027-09-17,761.6900024414062,2026-09-18 23:53:39.265099
SPY270917C00865000,2026-09-18 13:42:01+00:00,865.0,17.83,18.49,18.64,0.12000084,0.67758805,1.0,1999.0,0.17205875556945802,False,REGULAR,USD,2027-09-17,761.6900024414062,2026-09-18 23:53:39.265099
SPY270917C00870000,2026-09-18 19:32:55+00:00,870.0,16.47,17.08,17.21,0.1799984,1.1049625,80.0,2344.0,0.17026586578369146,False,REGULAR,USD,2027-09-17,761.6900024414062,2026-09-18 23:53:39.265099
SPY270917C00875000,2026-09-18 17:20:14+00:00,875.0,14.67,15.75,15.88,-0.019999504,-0.13614367,1.0,2280.0,0.168602674407959,False,REGULAR,USD,2027-09-17,761.6900024414062,2026-09-18 23:53:39.265099
SPY270917C00880000,2026-09-18 20:06:28+00:00,880.0,14.49,14.54,14.6,0.6899996,4.9999967,53.0,4461.0,0.16686318984985354,False,REGULAR,USD,2027-09-17,761.6900024414062,2026-09-18 23:53:39.265099
SPY270917C00885000,2026-09-18 19:42:05+00:00,885.0,12.92,13.38,13.45,0.21000004,1.6522427,31.0,1591.0,0.16542124870300295,False,REGULAR,USD,2027-09-17,761.6900024414062,2026-09-18 23:53:39.265099
SPY270917C00890000,2026-09-18 14:40:11+00:00,890.0,11.31,12.31,12.37,-0.3399992,-2.9184482,1.0,995.0,0.1640174541473389,False,REGULAR,USD,2027-09-17,761.6900024414062,2026-09-18 23:53:39.265099
SPY270917C00895000,2026-09-18 19:44:00+00:00,895.0,10.93,11.32,11.38,0.2300005,2.1495373,56.0,756.0,0.16275861663818358,False,REGULAR,USD,2027-09-17,761.6900024414062,2026-09-18 23:53:39.265099
SPY270917C00900000,2026-09-18 20:01:16+00:00,900.0,10.3,10.39,10.45,0.44000053,4.46248,52.0,3130.0,0.1615226670837402,False,REGULAR,USD,2027-09-17,761.6900024414062,2026-09-18 23:53:39.265099
SPY270917C00905000,2026-09-17 19:35:46+00:00,905.0,8.98,9.54,9.6,0.0,0.0,3.0,301.0,0.16043167457580568,False,REGULAR,USD,2027-09-17,761.6900024414062,2026-09-18 23:53:39.265099
SPY270917C00910000,2026-09-18 19:36:39+00:00,910.0,8.37,8.74,8.8,0.98,13.261164,155.0,208.0,0.1593254234313965,False,REGULAR,USD,2027-09-17,761.6900024414062,2026-09-18 23:53:39.265099
SPY270917C00915000,2026-09-18 19:36:39+00:00,915.0,7.66,8.01,8.07,0.55999994,7.887323,371.0,593.0,0.15834887069702147,False,REGULAR,USD,2027-09-17,761.6900024414062,2026-09-18 23:53:39.265099
SPY270917C00920000,2026-09-17 15:37:43+00:00,920.0,6.78,7.33,7.39,0.0,0.0,414.0,516.0,0.15740283523559573,False,REGULAR,USD,2027-09-17,761.6900024414062,2026-09-18 23:53:39.265099
SPY270917C00925000,2026-09-18 17:26:37+00:00,925.0,6.11,6.7,6.76,-0.099999905,-1.6103044,3.0,555.0,0.15648731704711916,False,REGULAR,USD,2027-09-17,761.6900024414062,2026-09-18 23:53:39.265099
SPY270917C00930000,2026-09-17 19:55:08+00:00,930.0,5.79,6.12,6.17,0.0,0.0,9.0,1113.0,0.15555654022216797,False,REGULAR,USD,2027-09-17,761.6900024414062,2026-09-18 23:53:39.265099
SPY270917C00935000,2026-09-18 18:55:31+00:00,935.0,5.26,5.59,5.64,-0.009999752,-0.18974862,5.0,155.0,0.15477834976196292,False,REGULAR,USD,2027-09-17,761.6900024414062,2026-09-18 23:53:39.265099
SPY270917C00940000,2026-09-18 20:11:45+00:00,940.0,5.15,5.1,5.15,0.5,10.752688,6.0,2400.0,0.15403067657470704,False,REGULAR,USD,2027-09-17,761.6900024414062,2026-09-18 23:53:39.265099
SPY270917C00945000,2026-09-18 20:06:00+00:00,945.0,4.65,4.65,4.69,0.28999996,6.6513753,3.0,1138.0,0.15325248611450198,False,REGULAR,USD,2027-09-17,761.6900024414062,2026-09-18 23:53:39.265099
SPY270917C00950000,2026-09-18 15:08:06+00:00,950.0,3.87,4.23,4.28,0.06999993,1.8421035,6.0,2009.0,0.1526116233825684,False,REGULAR,USD,2027-09-17,761.6900024414062,2026-09-18 23:53:39.265099
SPY270917C00955000,2026-09-18 15:53:15+00:00,955.0,3.47,3.86,3.9,0.78,28.996283,3.0,1053.0,0.1519860192871094,False,REGULAR,USD,2027-09-17,761.6900024414062,2026-09-18 23:53:39.265099
SPY270917C00960000,2026-09-16 19:41:48+00:00,960.0,2.54,3.51,3.55,0.0,0.0,20.0,1017.0,0.15137567382812503,False,REGULAR,USD,2027-09-17,761.6900024414062,2026-09-18 23:53:39.265099
SPY270917C00965000,2026-09-18 14:03:03+00:00,965.0,2.88,3.2,3.24,0.25,9.505703,2.0,2327.0,0.15088739746093754,False,REGULAR,USD,2027-09-17,761.6900024414062,2026-09-18 23:53:39.265099
SPY270917C00970000,2026-09-17 16:39:43+00:00,970.0,2.74,2.91,2.95,0.07999992,3.007516,211.0,2226.0,0.15039912109375003,False,REGULAR,USD,2027-09-17,761.6900024414062,2026-09-18 23:53:39.265099
SPY270917C00975000,2026-09-18 14:11:26+00:00,975.0,2.43,2.65,2.69,-0.00999999,-0.40983567,1.0,2203.0,0.14997187927246097,False,REGULAR,USD,2027-09-17,761.6900024414062,2026-09-18 23:53:39.265099
SPY270917C00980000,2026-09-17 13:31:47+00:00,980.0,2.17,2.42,2.46,0.0,0.0,4.0,3274.0,0.149697223815918,False,REGULAR,USD,2027-09-17,761.6900024414062,2026-09-18 23:53:39.265099
SPY270917C00985000,2026-09-17 15:18:17+00:00,985.0,1.96,2.2,2.24,0.0,0.0,226.0,5882.0,0.14930049926757813,False,REGULAR,USD,2027-09-17,761.6900024414062,2026-09-18 23:53:39.265099
SPY270917C00990000,2026-09-16 20:09:00+00:00,990.0,1.51,2.01,2.05,0.0,0.0,2.0,4790.0,0.14908687835693357,False,REGULAR,USD,2027-09-17,761.6900024414062,2026-09-18 23:53:39.265099
SPY270917C00995000,2026-09-18 19:37:26+00:00,995.0,1.75,1.83,1.87,0.33000004,23.23944,3.0,3092.0,0.14881222290039062,False,REGULAR,USD,2027-09-17,761.6900024414062,2026-09-18 23:53:39.265099
SPY270917C01000000,2026-09-18 18:46:34+00:00,1000.0,1.55,1.68,1.71,0.0,0.0,3.0,3772.0,0.14862911926269531,False,REGULAR,USD,2027-09-17,761.6900024414062,2026-09-18 23:53:39.265099
SPY270917C01005000,2026-09-11 14:37:29+00:00,1005.0,1.57,1.53,1.57,0.0,0.0,4.0,3465.0,0.14859860198974612,False,REGULAR,USD,2027-09-17,761.6900024414062,2026-09-18 23:53:39.265099
SPY270917C01010000,2026-09-16 16:01:42+00:00,1010.0,1.21,1.41,1.44,0.0,0.0,1.0,4828.0,0.14850705017089844,False,REGULAR,USD,2027-09-17,761.6900024414062,2026-09-18 23:53:39.265099
SPY270917C01015000,2026-09-14 14:08:42+00:00,1015.0,1.19,1.29,1.32,0.0,0.0,1.0,2123.0,0.148446015625,False,REGULAR,USD,2027-09-17,761.6900024414062,2026-09-18 23:53:39.265099
SPY270917C01020000,2026-09-17 16:24:38+00:00,1020.0,1.1,1.18,1.2,0.0,0.0,1.0,4418.0,0.14820187744140628,False,REGULAR,USD,2027-09-17,761.6900024414062,2026-09-18 23:53:39.265099
SPY270917C01025000,2026-09-18 17:52:17+00:00,1025.0,0.98,1.09,1.12,-0.18999994,-16.239311,3.0,1294.0,0.14859860198974612,False,REGULAR,USD,2027-09-17,761.6900024414062,2026-09-18 23:53:39.265099
SPY270917C01030000,2026-09-04 20:04:46+00:00,1030.0,1.25,1.0,1.03,0.0,0.0,4.0,1324.0,0.14862911926269531,False,REGULAR,USD,2027-09-17,761.6900024414062,2026-09-18 23:53:39.265099
SPY270917C01035000,2026-09-09 15:51:25+00:00,1035.0,0.99,0.93,0.95,0.0,0.0,2.0,292.0,0.1487511883544922,False,REGULAR,USD,2027-09-17,761.6900024414062,2026-09-18 23:53:39.265099
SPY270917C01040000,2026-09-18 18:57:21+00:00,1040.0,0.8,0.86,0.88,-0.13999999,-14.893615,759.0,615.0,0.14899532653808595,False,REGULAR,USD,2027-09-17,761.6900024414062,2026-09-18 23:53:39.265099
SPY270917C01045000,2026-09-11 19:30:52+00:00,1045.0,0.79,0.79,0.81,0.0,0.0,1.0,515.0,0.14905636108398437,False,REGULAR,USD,2027-09-17,761.6900024414062,2026-09-18 23:53:39.265099
SPY270917C01050000,2026-09-17 19:11:00+00:00,1050.0,0.69,0.74,0.76,0.0,0.0,1.0,611.0,0.14954463745117189,False,REGULAR,USD,2027-09-17,761.6900024414062,2026-09-18 23:53:39.265099
SPY270917C01055000,2026-09-16 19:55:12+00:00,1055.0,0.52,0.68,0.71,0.0,0.0,3.0,891.0,0.14997187927246097,False,REGULAR,USD,2027-09-17,761.6900024414062,2026-09-18 23:53:39.265099
SPY270917C01060000,2026-09-17 15:39:42+00:00,1060.0,0.59,0.64,0.66,0.0,0.0,3.0,1356.0,0.15021601745605473,False,REGULAR,USD,2027-09-17,761.6900024414062,2026-09-18 23:53:39.265099
SPY270917C01065000,2026-09-10 20:07:12+00:00,1065.0,0.56,0.6,0.62,0.0,0.0,8.0,210.0,0.15076532836914067,False,REGULAR,USD,2027-09-17,761.6900024414062,2026-09-18 23:53:39.265099
SPY270917C01070000,2026-09-14 19:58:34+00:00,1070.0,0.52,0.56,0.58,0.0,0.0,2.0,905.0,0.1511315356445313,False,REGULAR,USD,2027-09-17,761.6900024414062,2026-09-18 23:53:39.265099
SPY270917C01075000,2026-09-14 15:11:37+00:00,1075.0,0.46,0.53,0.55,0.0,0.0,40.0,164.0,0.1518639501953125,False,REGULAR,USD,2027-09-17,761.6900024414062,2026-09-18 23:53:39.265099
SPY270917C01080000,2026-08-28 15:05:30+00:00,1080.0,0.82,0.5,0.52,0.0,0.0,14.0,204.0,0.15241326110839848,False,REGULAR,USD,2027-09-17,761.6900024414062,2026-09-18 23:53:39.265099
SPY270917C01085000,2026-09-11 19:29:48+00:00,1085.0,0.45,0.47,0.49,0.0,0.0,1.0,44.0,0.15296257202148442,False,REGULAR,USD,2027-09-17,761.6900024414062,2026-09-18 23:53:39.265099
SPY270917C01090000,2026-08-28 15:05:46+00:00,1090.0,0.72,0.44,0.46,0.0,0.0,677.0,2684.0,0.1534508483886719,False,REGULAR,USD,2027-09-17,761.6900024414062,2026-09-18 23:53:39.265099
SPY270917C01100000,2026-09-17 13:44:45+00:00,1100.0,0.35,0.4,0.42,0.0,0.0,2.0,1005.0,0.15497671203613284,False,REGULAR,USD,2027-09-17,761.6900024414062,2026-09-18 23:53:39.265099
SPY270917C01110000,2026-09-14 14:07:49+00:00,1110.0,0.34,0.36,0.38,0.0,0.0,1.0,5041.0,0.1562584375,False,REGULAR,USD,2027-09-17,761.6900024414062,2026-09-18 23:53:39.265099
SPY270917C01120000,2026-08-26 17:46:06+00:00,1120.0,0.4,0.32,0.34,0.0,0.0,1.0,389.0,0.1573570593261719,False,REGULAR,USD,2027-09-17,761.6900024414062,2026-09-18 23:53:39.265099
SPY270917C01130000,2026-08-14 20:00:22+00:00,1130.0,0.6,0.29,0.32,0.0,0.0,1.0,16.0,0.15943223388671873,False,REGULAR,USD,2027-09-17,761.6900024414062,2026-09-18 23:53:39.265099
SPY270917C01140000,2026-08-28 18:47:00+00:00,1140.0,0.35,0.27,0.29,0.0,0.0,1.0,160.0,0.1606529248046875,False,REGULAR,USD,2027-09-17,761.6900024414062,2026-09-18 23:53:39.265099
SPY270917C01150000,2026-09-15 16:43:17+00:00,1150.0,0.21,0.25,0.27,0.0,0.0,20.0,724.0,0.16236189208984375,False,REGULAR,USD,2027-09-17,761.6900024414062,2026-09-18 23:53:39.265099
SPY270917C01160000,2026-08-03 13:31:48+00:00,1160.0,0.32,0.26,0.28,0.0,0.0,3.0,202.0,0.16590189575195316,False,REGULAR,USD,2027-09-17,761.6900024414062,2026-09-18 23:53:39.265099
SPY270917C01170000,2026-09-14 15:21:41+00:00,1170.0,0.18,0.21,0.23,0.0,0.0,1.0,6.0,0.16529155029296877,False,REGULAR,USD,2027-09-17,761.6900024414062,2026-09-18 23:53:39.265099
SPY270917C01180000,2026-09-10 17:03:30+00:00,1180.0,0.19,0.19,0.21,0.0,0.0,6.0,203.0,0.16651224121093755,False,REGULAR,USD,2027-09-17,761.6900024414062,2026-09-18 23:53:39.265099
SPY270917C01190000,2026-09-03 15:11:42+00:00,1190.0,0.21,0.17,0.2,0.0,0.0,100.0,101.0,0.16846534667968754,False,REGULAR,USD,2027-09-17,761.6900024414062,2026-09-18 23:53:39.265099
SPY270917C01200000,2026-09-11 18:48:51+00:00,1200.0,0.16,0.16,0.18,0.0,0.0,1.0,44.0,0.16919776123046876,False,REGULAR,USD,2027-09-17,761.6900024414062,2026-09-18 23:53:39.265099
SPY270917C01210000,2026-09-02 13:58:37+00:00,1210.0,0.17,0.15,0.17,0.0,0.0,1.0,81.0,0.17090672851562502,False,REGULAR,USD,2027-09-17,761.6900024414062,2026-09-18 23:53:39.265099
SPY270917C01220000,2026-08-17 16:17:11+00:00,1220.0,0.25,0.14,0.16,0.0,0.0,3.0,5.0,0.1726156958007813,False,REGULAR,USD,2027-09-17,761.6900024414062,2026-09-18 23:53:39.265099
SPY270917C01230000,2026-09-03 13:39:56+00:00,1230.0,0.14,0.12,0.14,0.0,0.0,4.0,96.0,0.17285983398437502,False,REGULAR,USD,2027-09-17,761.6900024414062,2026-09-18 23:53:39.265099
SPY270917C01240000,2026-09-15 16:42:18+00:00,1240.0,0.1,0.11,0.13,0.0,0.0,20.0,23.0,0.17432466308593753,False,REGULAR,USD,2027-09-17,761.6900024414062,2026-09-18 23:53:39.265099
SPY270917C01250000,2026-08-21 16:20:31+00:00,1250.0,0.16,0.1,0.13,0.0,0.0,1.0,3.0,0.176766044921875,False,REGULAR,USD,2027-09-17,761.6900024414062,2026-09-18 23:53:39.265099
SPY270917C01260000,2026-09-02 16:02:36+00:00,1260.0,0.12,0.1,0.12,0.0,0.0,,200.0,0.17798673583984376,False,REGULAR,USD,2027-09-17,761.6900024414062,2026-09-18 23:53:39.265099
SPY270917C01270000,2026-07-16 19:53:44+00:00,1270.0,0.2,0.11,0.13,0.0,0.0,5.0,26.0,0.18164880859375,False,REGULAR,USD,2027-09-17,761.6900024414062,2026-09-18 23:53:39.265099
SPY270917C01280000,2026-08-31 17:32:53+00:00,1280.0,0.1,0.08,0.1,0.0,0.0,100.0,122.0,0.179695703125,False,REGULAR,USD,2027-09-17,761.6900024414062,2026-09-18 23:53:39.265099
SPY270917C01290000,2026-05-13 15:43:44+00:00,1290.0,0.2,0.27,0.29,0.0,0.0,,0.0,0.2024005541992187,False,REGULAR,USD,2027-09-17,761.6900024414062,2026-09-18 23:53:39.265099
SPY270917C01300000,2026-09-18 19:09:31+00:00,1300.0,0.08,0.07,0.09,0.009999998,14.285711,3.0,328.0,0.18262536132812499,False,REGULAR,USD,2027-09-17,761.6900024414062,2026-09-18 23:53:39.265099
SPY270917C01310000,2026-08-18 19:18:59+00:00,1310.0,0.11,0.06,0.08,0.0,0.0,2.0,44.0,0.18311363769531247,False,REGULAR,USD,2027-09-17,761.6900024414062,2026-09-18 23:53:39.265099
SPY270917C01320000,2026-09-15 16:42:32+00:00,1320.0,0.07,0.06,0.08,0.0,0.0,20.0,21.0,0.18555501953124998,False,REGULAR,USD,2027-09-17,761.6900024414062,2026-09-18 23:53:39.265099
SPY270917C01330000,2026-09-17 14:39:29+00:00,1330.0,0.07,0.05,0.07,0.0,0.0,5.0,21.0,0.18555501953124998,False,REGULAR,USD,2027-09-17,761.6900024414062,2026-09-18 23:53:39.265099
SPY270917C01340000,2026-08-19 16:58:19+00:00,1340.0,0.1,0.05,0.07,0.0,0.0,,1.0,0.187508125,False,REGULAR,USD,2027-09-17,761.6900024414062,2026-09-18 23:53:39.265099
SPY270917C01350000,2026-09-15 15:50:30+00:00,1350.0,0.05,0.04,0.07,0.0,0.0,2.0,3.0,0.18994950683593753,False,REGULAR,USD,2027-09-17,761.6900024414062,2026-09-18 23:53:39.265099
SPY270917C01360000,2026-07-31 14:49:43+00:00,1360.0,0.09,0.06,0.08,0.0,0.0,2.0,6.0,0.194343994140625,False,REGULAR,USD,2027-09-17,761.6900024414062,2026-09-18 23:53:39.265099
SPY270917C01370000,2026-08-19 16:56:35+00:00,1370.0,0.06,0.04,0.06,0.0,0.0,1.0,12.0,0.19190261230468753,False,REGULAR,USD,2027-09-17,761.6900024414062,2026-09-18 23:53:39.265099
SPY270917C01390000,2026-09-03 16:02:24+00:00,1390.0,0.07,0.03,0.05,0.0,0.0,11.0,7.0,0.19336744140625,False,REGULAR,USD,2027-09-17,761.6900024414062,2026-09-18 23:53:39.265099
SPY270917C01400000,2026-08-24 19:34:27+00:00,1400.0,0.06,0.03,0.05,0.0,0.0,1.0,7.0,0.195320546875,False,REGULAR,USD,2027-09-17,761.6900024414062,2026-09-18 23:53:39.265099
SPY270917C01410000,2026-09-03 17:00:10+00:00,1410.0,0.06,0.03,0.05,0.0,0.0,5.0,1.0,0.19727365234375,False,REGULAR,USD,2027-09-17,761.6900024414062,2026-09-18 23:53:39.265099
SPY270917C01420000,2026-09-15 16:39:15+00:00,1420.0,0.04,0.03,0.05,0.0,0.0,1.0,5.0,0.1992267578125,False,REGULAR,USD,2027-09-17,761.6900024414062,2026-09-18 23:53:39.265099
SPY270917C01430000,2026-09-09 13:40:01+00:00,1430.0,0.05,0.03,0.05,0.0,0.0,5.0,23.0,0.20117986328124998,False,REGULAR,USD,2027-09-17,761.6900024414062,2026-09-18 23:53:39.265099
SPY270917C01440000,2026-08-26 18:43:19+00:00,1440.0,0.04,0.02,0.05,0.0,0.0,2.0,4.0,0.20313296874999998,False,REGULAR,USD,2027-09-17,761.6900024414062,2026-09-18 23:53:39.265099
SPY270917C01450000,2026-09-18 15:57:18+00:00,1450.0,0.04,0.02,0.04,-0.02,-33.333336,1.0,46.0,0.20117986328124998,False,REGULAR,USD,2027-09-17,761.6900024414062,2026-09-18 23:53:39.265099
SPY270917C01460000,2026-09-14 14:14:32+00:00,1460.0,0.03,0.02,0.04,0.0,0.0,1.0,27.0,0.20313296874999998,False,REGULAR,USD,2027-09-17,761.6900024414062,2026-09-18 23:53:39.265099
SPY270917C01470000,2026-09-15 15:26:40+00:00,1470.0,0.04,0.02,0.04,0.0,0.0,100.0,176.0,0.20508607421874997,False,REGULAR,USD,2027-09-17,761.6900024414062,2026-09-18 23:53:39.265099
SPY270917C01480000,2026-09-17 18:46:20+00:00,1480.0,0.03,0.02,0.04,0.0,0.0,1.0,652.0,0.20703917968749996,False,REGULAR,USD,2027-09-17,761.6900024414062,2026-09-18 23:53:39.265099
SPY271217C00050000,2026-09-17 19:25:29+00:00,50.0,711.17,711.0,715.84,0.0,0.0,1.0,0.0,1.2010537994384765,True,REGULAR,USD,2027-12-17,761.6900024414062,2026-09-18 23:53:39.265099
SPY271217C00055000,2025-12-16 20:48:43+00:00,55.0,624.76,623.0,627.74,0.0,0.0,2.0,0.0,1.0000000000000003e-05,True,REGULAR,USD,2027-12-17,761.6900024414062,2026-09-18 23:53:39.265099
SPY271217C00085000,2026-06-15 17:16:54+00:00,85.0,671.24,668.0,672.5,0.0,0.0,1.0,0.0,1.0000000000000003e-05,True,REGULAR,USD,2027-12-17,761.6900024414062,2026-09-18 23:53:39.265099
SPY271217C00095000,2026-04-06 15:59:46+00:00,95.0,562.9,0.0,0.0,0.0,0.0,,0.0,1.0000000000000003e-05,True,REGULAR,USD,2027-12-17,761.6900024414062,2026-09-18 23:53:39.265099
SPY271217C00100000,2026-07-02 14:32:11+00:00,100.0,652.24,661.52,666.5,0.0,0.0,1.0,3.0,0.918824053955078,True,REGULAR,USD,2027-12-17,761.6900024414062,2026-09-18 23:53:39.265099
SPY271217C00125000,2026-02-13 16:02:46+00:00,125.0,556.3,0.0,0.0,0.0,0.0,1.0,0.0,1.0000000000000003e-05,True,REGULAR,USD,2027-12-17,761.6900024414062,2026-09-18 23:53:39.265099
SPY271217C00200000,2026-08-21 17:25:08+00:00,200.0,569.83,565.67,570.5,0.0,0.0,2.0,295.0,0.7306545489501952,True,REGULAR,USD,2027-12-17,761.6900024414062,2026-09-18 23:53:39.265099
SPY271217C00205000,2026-01-20 15:31:42+00:00,205.0,483.0,485.0,489.43,0.0,0.0,2.0,8.0,1.0000000000000003e-05,True,REGULAR,USD,2027-12-17,761.6900024414062,2026-09-18 23:53:39.265099
SPY271217C00210000,2026-01-20 15:29:28+00:00,210.0,480.63,479.8,484.8,0.0,0.0,1.0,109.0,1.0000000000000003e-05,True,REGULAR,USD,2027-12-17,761.6900024414062,2026-09-18 23:53:39.265099
SPY271217C00215000,2025-07-18 14:34:00+00:00,215.0,423.44,456.0,460.2,0.0,0.0,1.0,3.0,1.0000000000000003e-05,True,REGULAR,USD,2027-12-17,761.6900024414062,2026-09-18 23:53:39.265099
SPY271217C00220000,2026-06-30 20:03:53+00:00,220.0,534.54,546.67,551.5,0.0,0.0,4.0,17.0,0.7024871060180665,True,REGULAR,USD,2027-12-17,761.6900024414062,2026-09-18 23:53:39.265099
SPY271217C00225000,2025-04-14 17:53:14+00:00,225.0,327.0,0.0,0.0,0.0,0.0,,0.0,1.0000000000000003e-05,True,REGULAR,USD,2027-12-17,761.6900024414062,2026-09-18 23:53:39.265099
SPY271217C00230000,2026-04-27 19:05:53+00:00,230.0,492.17,515.0,517.61,0.0,0.0,1.0,4.0,1.0000000000000003e-05,True,REGULAR,USD,2027-12-17,761.6900024414062,2026-09-18 23:53:39.265099
SPY271217C00235000,2026-02-09 16:49:46+00:00,235.0,467.19,0.0,0.0,0.0,0.0,1.0,0.0,1.0000000000000003e-05,True,REGULAR,USD,2027-12-17,761.6900024414062,2026-09-18 23:53:39.265099
SPY271217C00240000,2026-01-16 15:46:29+00:00,240.0,459.75,452.5,457.23,0.0,0.0,2.0,7.0,1.0000000000000003e-05,True,REGULAR,USD,2027-12-17,761.6900024414062,2026-09-18 23:53:39.265099
SPY271217C00245000,2026-06-10 20:05:50+00:00,245.0,488.5,516.5,520.92,0.0,0.0,,2.0,0.5064136273193358,True,REGULAR,USD,2027-12-17,761.6900024414062,2026-09-18 23:53:39.265099
SPY271217C00250000,2026-05-11 15:47:33+00:00,250.0,498.71,510.0,512.95,0.0,0.0,1.0,23.0,0.4631401342773438,True,REGULAR,USD,2027-12-17,761.6900024414062,2026-09-18 23:53:39.265099
SPY271217C00255000,2026-08-05 16:01:48+00:00,255.0,523.24,519.5,524.0,0.0,0.0,4.0,524.0,0.7418849053955077,True,REGULAR,USD,2027-12-17,761.6900024414062,2026-09-18 23:53:39.265099
SPY271217C00260000,2026-08-24 14:29:59+00:00,260.0,510.93,510.0,514.5,0.0,0.0,1.0,13.0,0.6666598275756838,True,REGULAR,USD,2027-12-17,761.6900024414062,2026-09-18 23:53:39.265099
SPY271217C00265000,2026-03-26 13:48:02+00:00,265.0,401.16,0.0,0.0,0.0,0.0,2.0,0.0,1.0000000000000003e-05,True,REGULAR,USD,2027-12-17,761.6900024414062,2026-09-18 23:53:39.265099
SPY271217C00270000,2026-04-30 16:46:21+00:00,270.0,455.31,478.0,480.99,0.0,0.0,1.0,12.0,1.0000000000000003e-05,True,REGULAR,USD,2027-12-17,761.6900024414062,2026-09-18 23:53:39.265099
SPY271217C00275000,2026-01-09 15:44:57+00:00,275.0,430.38,425.53,430.5,0.0,0.0,1.0,5.0,1.0000000000000003e-05,True,REGULAR,USD,2027-12-17,761.6900024414062,2026-09-18 23:53:39.265099
SPY271217C00280000,2026-08-24 14:31:04+00:00,280.0,492.87,491.5,496.0,0.0,0.0,14.0,23.0,0.6458165301513672,True,REGULAR,USD,2027-12-17,761.6900024414062,2026-09-18 23:53:39.265099
SPY271217C00285000,2026-06-09 19:14:35+00:00,285.0,462.5,479.5,484.03,0.0,0.0,1.0,6.0,0.5229539892578124,True,REGULAR,USD,2027-12-17,761.6900024414062,2026-09-18 23:53:39.265099
SPY271217C00290000,2026-03-24 14:18:01+00:00,290.0,377.24,0.0,0.0,0.0,0.0,1.0,0.0,1.0000000000000003e-05,True,REGULAR,USD,2027-12-17,761.6900024414062,2026-09-18 23:53:39.265099
SPY271217C00295000,2026-01-26 17:04:43+00:00,295.0,412.85,402.5,407.23,0.0,0.0,3.0,2.0,1.0000000000000003e-05,True,REGULAR,USD,2027-12-17,761.6900024414062,2026-09-18 23:53:39.265099
SPY271217C00300000,2026-08-26 18:15:32+00:00,300.0,476.3,472.75,477.5,0.0,0.0,1.0,265.0,0.6231421963500977,True,REGULAR,USD,2027-12-17,761.6900024414062,2026-09-18 23:53:39.265099
SPY271217C00305000,2026-06-22 19:02:07+00:00,305.0,455.21,446.5,450.78,0.0,0.0,2.0,5.0,1.0000000000000003e-05,True,REGULAR,USD,2027-12-17,761.6900024414062,2026-09-18 23:53:39.265099
SPY271217C00310000,2026-02-02 14:40:24+00:00,310.0,397.45,363.86,368.5,0.0,0.0,1.0,26.0,1.0000000000000003e-05,True,REGULAR,USD,2027-12-17,761.6900024414062,2026-09-18 23:53:39.265099
SPY271217C00315000,2026-06-22 18:45:33+00:00,315.0,446.58,437.5,441.62,0.0,0.0,2.0,11.0,1.0000000000000003e-05,True,REGULAR,USD,2027-12-17,761.6900024414062,2026-09-18 23:53:39.265099
SPY271217C00320000,2026-09-15 16:37:50+00:00,320.0,449.97,454.24,459.0,0.0,0.0,1.0,12.0,0.6020242434692384,True,REGULAR,USD,2027-12-17,761.6900024414062,2026-09-18 23:53:39.265099
SPY271217C00325000,2026-09-03 13:30:21+00:00,325.0,455.5,449.61,454.5,0.0,0.0,2.0,6.0,0.597385617980957,True,REGULAR,USD,2027-12-17,761.6900024414062,2026-09-18 23:53:39.265099
SPY271217C00330000,2026-08-24 14:31:16+00:00,330.0,446.49,445.0,449.97,0.0,0.0,4.0,44.0,0.5926859579467775,True,REGULAR,USD,2027-12-17,761.6900024414062,2026-09-18 23:53:39.265099
SPY271217C00335000,2026-06-22 18:43:04+00:00,335.0,428.6,419.0,423.34,0.0,0.0,2.0,8.0,1.0000000000000003e-05,True,REGULAR,USD,2027-12-17,761.6900024414062,2026-09-18 23:53:39.265099
SPY271217C00340000,2026-06-18 16:47:51+00:00,340.0,425.29,414.5,418.78,0.0,0.0,3.0,10.0,1.0000000000000003e-05,True,REGULAR,USD,2027-12-17,761.6900024414062,2026-09-18 23:53:39.265099
SPY271217C00345000,2026-03-10 16:49:32+00:00,345.0,352.81,380.69,385.5,0.0,0.0,2.0,11.0,1.0000000000000003e-05,True,REGULAR,USD,2027-12-17,761.6900024414062,2026-09-18 23:53:39.265099
SPY271217C00350000,2026-08-17 16:11:52+00:00,350.0,440.02,426.53,431.5,0.0,0.0,1.0,365.0,0.5718731777954101,True,REGULAR,USD,2027-12-17,761.6900024414062,2026-09-18 23:53:39.265099
SPY271217C00355000,2026-01-23 15:03:17+00:00,355.0,354.02,348.5,353.36,0.0,0.0,1.0,100.0,1.0000000000000003e-05,True,REGULAR,USD,2027-12-17,761.6900024414062,2026-09-18 23:53:39.265099
SPY271217C00360000,2026-02-25 15:31:51+00:00,360.0,349.26,0.0,0.0,0.0,0.0,1.0,0.0,1.0000000000000003e-05,True,REGULAR,USD,2027-12-17,761.6900024414062,2026-09-18 23:53:39.265099
SPY271217C00365000,2026-05-12 19:44:27+00:00,365.0,392.01,404.55,407.92,0.0,0.0,1.0,14.0,0.484654811706543,True,REGULAR,USD,2027-12-17,761.6900024414062,2026-09-18 23:53:39.265099
SPY271217C00370000,2026-08-28 20:05:39+00:00,370.0,415.59,408.11,413.0,0.0,0.0,2.0,78.0,0.5512282426452637,True,REGULAR,USD,2027-12-17,761.6900024414062,2026-09-18 23:53:39.265099
SPY271217C00375000,2026-06-01 16:38:39+00:00,375.0,401.74,0.0,0.0,0.0,0.0,1.0,0.0,1.0000000000000003e-05,True,REGULAR,USD,2027-12-17,761.6900024414062,2026-09-18 23:53:39.265099
SPY271217C00380000,2026-08-28 20:01:37+00:00,380.0,406.5,399.0,403.89,0.0,0.0,2.0,24.0,0.541966250305176,True,REGULAR,USD,2027-12-17,761.6900024414062,2026-09-18 23:53:39.265099
SPY271217C00385000,2026-06-17 20:12:58+00:00,385.0,376.0,373.5,377.88,0.0,0.0,1.0,15.0,0.29132788757324213,True,REGULAR,USD,2027-12-17,761.6900024414062,2026-09-18 23:53:39.265099
SPY271217C00390000,2026-02-27 15:40:06+00:00,390.0,316.41,0.0,0.0,0.0,0.0,1.0,0.0,1.0000000000000003e-05,True,REGULAR,USD,2027-12-17,761.6900024414062,2026-09-18 23:53:39.265099
SPY271217C00395000,2026-07-09 15:02:42+00:00,395.0,376.0,384.83,389.5,0.0,0.0,10.0,17.0,0.5230913169860838,True,REGULAR,USD,2027-12-17,761.6900024414062,2026-09-18 23:53:39.265099
SPY271217C00400000,2026-09-11 13:32:22+00:00,400.0,383.5,381.0,385.5,0.0,0.0,1.0,234.0,0.5235033001708984,True,REGULAR,USD,2027-12-17,761.6900024414062,2026-09-18 23:53:39.265099
SPY271217C00405000,2026-04-20 19:19:51+00:00,405.0,327.22,355.5,358.72,0.0,0.0,2.0,68.0,0.2964853067016602,True,REGULAR,USD,2027-12-17,761.6900024414062,2026-09-18 23:53:39.265099
SPY271217C00410000,2026-09-04 18:20:29+00:00,410.0,378.3,371.5,376.37,0.0,0.0,1.0,66.0,0.5125933750915526,True,REGULAR,USD,2027-12-17,761.6900024414062,2026-09-18 23:53:39.265099
SPY271217C00415000,2026-05-29 13:53:56+00:00,415.0,365.99,0.0,0.0,0.0,0.0,5.0,0.0,1.0000000000000003e-05,True,REGULAR,USD,2027-12-17,761.6900024414062,2026-09-18 23:53:39.265099
SPY271217C00420000,2026-08-04 19:17:56+00:00,420.0,374.98,366.75,371.5,0.0,0.0,1.0,44.0,0.5334061552429199,True,REGULAR,USD,2027-12-17,761.6900024414062,2026-09-18 23:53:39.265099
SPY271217C00425000,2026-09-14 15:37:48+00:00,425.0,354.1,357.69,362.5,0.0,0.0,2.0,25.0,0.5141344973754882,True,REGULAR,USD,2027-12-17,761.6900024414062,2026-09-18 23:53:39.265099
SPY271217C00430000,2026-08-19 18:43:56+00:00,430.0,361.5,353.13,358.0,0.0,0.0,1.0,23.0,0.5095416477966308,True,REGULAR,USD,2027-12-17,761.6900024414062,2026-09-18 23:53:39.265099
SPY271217C00435000,2026-08-06 14:23:10+00:00,435.0,359.94,348.58,353.5,0.0,0.0,1.0,13.0,0.5049335395812988,True,REGULAR,USD,2027-12-17,761.6900024414062,2026-09-18 23:53:39.265099
SPY271217C00440000,2026-09-11 18:52:46+00:00,440.0,347.24,344.02,349.0,0.0,0.0,10.0,19.0,0.5003254313659669,True,REGULAR,USD,2027-12-17,761.6900024414062,2026-09-18 23:53:39.265099
SPY271217C00445000,2026-09-04 18:21:17+00:00,445.0,346.3,339.5,344.45,0.0,0.0,1.0,40.0,0.49538926246643067,True,REGULAR,USD,2027-12-17,761.6900024414062,2026-09-18 23:53:39.265099
SPY271217C00450000,2026-09-11 18:52:46+00:00,450.0,338.07,335.0,339.91,0.0,0.0,20.0,328.0,0.49051412811279305,True,REGULAR,USD,2027-12-17,761.6900024414062,2026-09-18 23:53:39.265099
SPY271217C00455000,2026-09-03 14:05:16+00:00,455.0,335.46,330.5,335.37,0.0,0.0,1.0,19.0,0.48564662307739254,True,REGULAR,USD,2027-12-17,761.6900024414062,2026-09-18 23:53:39.265099
SPY271217C00460000,2026-09-11 18:52:46+00:00,460.0,328.95,326.0,330.84,0.0,0.0,10.0,26.0,0.4808401525878906,True,REGULAR,USD,2027-12-17,761.6900024414062,2026-09-18 23:53:39.265099
SPY271217C00465000,2026-06-30 18:34:38+00:00,465.0,311.26,321.27,326.0,0.0,0.0,1.0,40.0,0.4741721284484864,True,REGULAR,USD,2027-12-17,761.6900024414062,2026-09-18 23:53:39.265099
SPY271217C00470000,2026-05-11 18:23:44+00:00,470.0,301.3,310.5,314.1,0.0,0.0,5.0,40.0,0.4238491453552246,True,REGULAR,USD,2027-12-17,761.6900024414062,2026-09-18 23:53:39.265099
SPY271217C00475000,2026-09-08 14:18:24+00:00,475.0,315.81,312.5,317.28,0.0,0.0,1.0,34.0,0.4665885861206055,True,REGULAR,USD,2027-12-17,761.6900024414062,2026-09-18 23:53:39.265099
SPY271217C00480000,2026-08-05 16:48:25+00:00,480.0,319.5,312.17,317.0,0.0,0.0,4.0,101.0,0.48566188171386715,True,REGULAR,USD,2027-12-17,761.6900024414062,2026-09-18 23:53:39.265099
SPY271217C00485000,2026-06-05 18:51:48+00:00,485.0,287.24,0.0,0.0,0.0,0.0,1.0,0.0,1.0000000000000003e-05,True,REGULAR,USD,2027-12-17,761.6900024414062,2026-09-18 23:53:39.265099
SPY271217C00490000,2026-09-10 14:22:50+00:00,490.0,293.5,299.0,303.79,0.0,0.0,2.0,70.0,0.452703226928711,True,REGULAR,USD,2027-12-17,761.6900024414062,2026-09-18 23:53:39.265099
SPY271217C00495000,2026-08-17 15:01:42+00:00,495.0,308.2,294.5,299.3,0.0,0.0,1.0,20.0,0.4480951187133788,True,REGULAR,USD,2027-12-17,761.6900024414062,2026-09-18 23:53:39.265099
SPY271217C00500000,2026-09-18 16:52:50+00:00,500.0,291.39,290.0,294.83,0.39001465,0.13402565,9.0,818.0,0.44359382095336913,True,REGULAR,USD,2027-12-17,761.6900024414062,2026-09-18 23:53:39.265099
SPY271217C00505000,2026-08-06 19:38:02+00:00,505.0,294.56,285.5,290.36,0.0,0.0,4.0,348.0,0.4390772645568848,True,REGULAR,USD,2027-12-17,761.6900024414062,2026-09-18 23:53:39.265099
SPY271217C00510000,2026-08-12 19:45:05+00:00,510.0,293.0,281.0,285.9,0.0,0.0,1.0,534.0,0.43459122543334966,True,REGULAR,USD,2027-12-17,761.6900024414062,2026-09-18 23:53:39.265099
SPY271217C00515000,2026-09-15 14:50:08+00:00,515.0,271.55,276.5,281.45,0.0,0.0,1.0,135.0,0.4301585915374756,True,REGULAR,USD,2027-12-17,761.6900024414062,2026-09-18 23:53:39.265099
SPY271217C00520000,2026-08-10 18:02:55+00:00,520.0,284.98,272.04,277.0,0.0,0.0,1.0,242.0,0.425710699005127,True,REGULAR,USD,2027-12-17,761.6900024414062,2026-09-18 23:53:39.265099
SPY271217C00525000,2026-09-15 19:01:10+00:00,525.0,260.89,267.61,272.5,0.0,0.0,1.0,411.0,0.4209957803344727,True,REGULAR,USD,2027-12-17,761.6900024414062,2026-09-18 23:53:39.265099
SPY271217C00530000,2026-09-18 19:32:56+00:00,530.0,264.75,263.19,268.0,10.270004,4.0356827,5.0,541.0,0.416273232345581,True,REGULAR,USD,2027-12-17,761.6900024414062,2026-09-18 23:53:39.265099
SPY271217C00535000,2026-08-07 19:35:15+00:00,535.0,271.22,258.78,263.5,0.0,0.0,1.0,322.0,0.4115430550384521,True,REGULAR,USD,2027-12-17,761.6900024414062,2026-09-18 23:53:39.265099
SPY271217C00540000,2026-09-18 18:23:31+00:00,540.0,254.42,254.5,259.35,4.369995,1.7476485,1.0,1038.0,0.4084760691070557,True,REGULAR,USD,2027-12-17,761.6900024414062,2026-09-18 23:53:39.265099
SPY271217C00545000,2026-08-13 15:22:00+00:00,545.0,266.01,250.0,254.96,0.0,0.0,40.0,246.0,0.404226538848877,True,REGULAR,USD,2027-12-17,761.6900024414062,2026-09-18 23:53:39.265099
SPY271217C00550000,2026-09-18 16:44:11+00:00,550.0,244.42,245.64,250.5,-0.58000183,-0.23673545,1.0,802.0,0.39963368927001963,True,REGULAR,USD,2027-12-17,761.6900024414062,2026-09-18 23:53:39.265099
SPY271217C00555000,2026-09-11 14:09:36+00:00,555.0,243.7,241.28,246.0,0.0,0.0,3.0,581.0,0.3948424774169922,True,REGULAR,USD,2027-12-17,761.6900024414062,2026-09-18 23:53:39.265099
SPY271217C00560000,2026-09-15 14:48:36+00:00,560.0,232.35,237.0,241.87,0.0,0.0,1.0,1126.0,0.39171445693969725,True,REGULAR,USD,2027-12-17,761.6900024414062,2026-09-18 23:53:39.265099
SPY271217C00565000,2026-09-14 19:35:00+00:00,565.0,230.01,232.56,237.5,0.0,0.0,2.0,1353.0,0.38746492668151855,True,REGULAR,USD,2027-12-17,761.6900024414062,2026-09-18 23:53:39.265099
SPY271217C00570000,2026-09-17 19:35:47+00:00,570.0,226.5,228.23,233.0,0.0,0.0,3.0,659.0,0.38262030960083,True,REGULAR,USD,2027-12-17,761.6900024414062,2026-09-18 23:53:39.265099
SPY271217C00575000,2026-09-16 19:34:54+00:00,575.0,215.06,224.0,228.9,0.0,0.0,1.0,555.0,0.37949228912353516,True,REGULAR,USD,2027-12-17,761.6900024414062,2026-09-18 23:53:39.265099
SPY271217C00580000,2026-09-17 17:00:50+00:00,580.0,218.34,219.63,224.5,0.0,0.0,6.0,757.0,0.3750367672729492,True,REGULAR,USD,2027-12-17,761.6900024414062,2026-09-18 23:53:39.265099
SPY271217C00585000,2026-09-16 19:34:33+00:00,585.0,206.2,215.5,220.32,0.0,0.0,1.0,684.0,0.3714815049743652,True,REGULAR,USD,2027-12-17,761.6900024414062,2026-09-18 23:53:39.265099
SPY271217C00590000,2026-09-18 19:18:56+00:00,590.0,211.92,211.07,216.0,0.13999939,0.06610605,3.0,1237.0,0.3673006385803223,True,REGULAR,USD,2027-12-17,761.6900024414062,2026-09-18 23:53:39.265099
SPY271217C00595000,2026-09-17 19:35:47+00:00,595.0,207.55,206.82,211.5,0.0,0.0,3.0,2726.0,0.3623492110443115,True,REGULAR,USD,2027-12-17,761.6900024414062,2026-09-18 23:53:39.265099
SPY271217C00600000,2026-09-18 17:27:15+00:00,600.0,204.35,202.59,207.5,10.600006,5.470971,2.0,3201.0,0.35941192352294915,True,REGULAR,USD,2027-12-17,761.6900024414062,2026-09-18 23:53:39.265099
SPY271217C00605000,2026-09-18 19:32:56+00:00,605.0,199.13,198.5,203.35,8.860001,4.656541,3.0,1897.0,0.3558108853149413,True,REGULAR,USD,2027-12-17,761.6900024414062,2026-09-18 23:53:39.265099
SPY271217C00610000,2026-09-15 19:36:19+00:00,610.0,189.63,194.2,199.0,0.0,0.0,3.0,1644.0,0.3513782514190673,True,REGULAR,USD,2027-12-17,761.6900024414062,2026-09-18 23:53:39.265099
SPY271217C00615000,2026-08-07 18:57:13+00:00,615.0,202.52,190.0,194.96,0.0,0.0,84.0,279.0,0.34812053253173825,True,REGULAR,USD,2027-12-17,761.6900024414062,2026-09-18 23:53:39.265099
SPY271217C00620000,2026-09-17 19:35:46+00:00,620.0,185.02,185.83,190.5,0.0,0.0,1.0,814.0,0.3431919929504394,True,REGULAR,USD,2027-12-17,761.6900024414062,2026-09-18 23:53:39.265099
SPY271217C00625000,2026-09-15 13:42:05+00:00,625.0,177.39,181.71,186.5,0.0,0.0,3.0,686.0,0.33999530860900884,True,REGULAR,USD,2027-12-17,761.6900024414062,2026-09-18 23:53:39.265099
SPY271217C00630000,2026-09-18 19:32:56+00:00,630.0,178.25,177.56,182.5,0.2599945,0.14607254,1.0,912.0,0.3367299604034424,True,REGULAR,USD,2027-12-17,761.6900024414062,2026-09-18 23:53:39.265099
SPY271217C00635000,2026-08-26 19:32:10+00:00,635.0,177.39,173.5,178.44,0.0,0.0,10.0,975.0,0.3331899567413331,True,REGULAR,USD,2027-12-17,761.6900024414062,2026-09-18 23:53:39.265099
SPY271217C00640000,2026-09-17 19:35:47+00:00,640.0,170.06,169.5,174.36,0.0,0.0,3.0,705.0,0.32951262535095205,True,REGULAR,USD,2027-12-17,761.6900024414062,2026-09-18 23:53:39.265099
SPY271217C00645000,2026-09-18 15:14:33+00:00,645.0,165.17,165.33,170.0,7.849991,4.989824,2.0,2107.0,0.32478244804382317,True,REGULAR,USD,2027-12-17,761.6900024414062,2026-09-18 23:53:39.265099
SPY271217C00650000,2026-09-18 18:53:28+00:00,650.0,162.5,161.3,166.0,1.5,0.93167704,13.0,2813.0,0.32129584960937496,True,REGULAR,USD,2027-12-17,761.6900024414062,2026-09-18 23:53:39.265099
SPY271217C00655000,2026-09-18 14:12:05+00:00,655.0,157.1,157.31,162.0,-0.5,-0.31725886,1.0,3024.0,0.3177558459472656,True,REGULAR,USD,2027-12-17,761.6900024414062,2026-09-18 23:53:39.265099
SPY271217C00660000,2026-09-18 20:06:51+00:00,660.0,155.87,153.31,158.0,3.4799957,2.2836115,4.0,1257.0,0.31415480773925775,True,REGULAR,USD,2027-12-17,761.6900024414062,2026-09-18 23:53:39.265099
SPY271217C00665000,2026-09-18 19:51:33+00:00,665.0,150.68,149.35,154.0,4.769989,3.269131,10.0,1612.0,0.31049273498535157,True,REGULAR,USD,2027-12-17,761.6900024414062,2026-09-18 23:53:39.265099
SPY271217C00670000,2026-09-18 19:51:32+00:00,670.0,146.76,145.41,150.0,3.75,2.6221943,12.0,1444.0,0.30676962768554683,True,REGULAR,USD,2027-12-17,761.6900024414062,2026-09-18 23:53:39.265099
SPY271217C00675000,2026-09-18 19:51:33+00:00,675.0,142.68,141.51,146.48,8.969986,6.7085376,37.0,1972.0,0.3046105306243896,True,REGULAR,USD,2027-12-17,761.6900024414062,2026-09-18 23:53:39.265099
SPY271217C00680000,2026-09-17 14:08:43+00:00,680.0,136.4,137.65,142.5,0.0,0.0,5.0,1142.0,0.3008187594604492,True,REGULAR,USD,2027-12-17,761.6900024414062,2026-09-18 23:53:39.265099
SPY271217C00685000,2026-09-18 18:18:27+00:00,685.0,133.5,133.78,138.5,-4.2299957,-3.0712233,1.0,2183.0,0.2968896605682373,True,REGULAR,USD,2027-12-17,761.6900024414062,2026-09-18 23:53:39.265099
SPY271217C00690000,2026-09-17 16:20:34+00:00,690.0,130.64,130.0,134.93,0.0,0.0,3.0,1101.0,0.29431858032226554,True,REGULAR,USD,2027-12-17,761.6900024414062,2026-09-18 23:53:39.265099
SPY271217C00695000,2026-09-15 16:14:49+00:00,695.0,122.51,126.19,131.0,0.0,0.0,3.0,586.0,0.2904810332489013,True,REGULAR,USD,2027-12-17,761.6900024414062,2026-09-18 23:53:39.265099
SPY271217C00700000,2026-09-18 19:52:35+00:00,700.0,121.2,122.41,127.0,-1.75,-1.4233428,3.0,5332.0,0.28634594276428227,True,REGULAR,USD,2027-12-17,761.6900024414062,2026-09-18 23:53:39.265099
SPY271217C00705000,2026-09-10 15:07:47+00:00,705.0,118.03,118.7,123.5,0.0,0.0,1.0,390.0,0.28374434524536124,True,REGULAR,USD,2027-12-17,761.6900024414062,2026-09-18 23:53:39.265099
SPY271217C00710000,2026-09-16 18:35:39+00:00,710.0,111.67,115.0,119.96,0.0,0.0,2.0,648.0,0.28092149749755857,True,REGULAR,USD,2027-12-17,761.6900024414062,2026-09-18 23:53:39.265099
SPY271217C00715000,2026-09-15 19:39:00+00:00,715.0,108.37,111.32,116.0,0.0,0.0,1.0,1081.0,0.27668722587585437,True,REGULAR,USD,2027-12-17,761.6900024414062,2026-09-18 23:53:39.265099
SPY271217C00720000,2026-09-16 18:10:52+00:00,720.0,106.14,107.71,112.5,0.0,0.0,1.0,2617.0,0.2738109729003906,True,REGULAR,USD,2027-12-17,761.6900024414062,2026-09-18 23:53:39.265099
SPY271217C00725000,2026-09-11 14:28:53+00:00,725.0,107.66,104.14,108.69,0.0,0.0,2.0,1581.0,0.26988187400817865,True,REGULAR,USD,2027-12-17,761.6900024414062,2026-09-18 23:53:39.265099
SPY271217C00730000,2026-09-18 19:47:10+00:00,730.0,102.0,100.54,105.5,8.0,8.510638,4.0,1689.0,0.2677685528564453,True,REGULAR,USD,2027-12-17,761.6900024414062,2026-09-18 23:53:39.265099
SPY271217C00735000,2026-09-18 20:12:43+00:00,735.0,99.77,97.02,102.0,2.0699997,2.1187305,3.0,1919.0,0.2646023857879638,True,REGULAR,USD,2027-12-17,761.6900024414062,2026-09-18 23:53:39.265099
SPY271217C00740000,2026-09-18 18:17:51+00:00,740.0,93.76,93.56,98.5,8.260002,9.660822,2.0,982.0,0.26133703758239746,True,REGULAR,USD,2027-12-17,761.6900024414062,2026-09-18 23:53:39.265099
SPY271217C00745000,2026-09-18 18:14:43+00:00,745.0,90.45,90.1,95.0,-0.7100067,-0.7788577,1.0,462.0,0.2579648789215089,True,REGULAR,USD,2027-12-17,761.6900024414062,2026-09-18 23:53:39.265099
SPY271217C00750000,2026-09-18 16:52:52+00:00,750.0,86.5,86.7,91.5,-0.73999786,-0.8482323,1.0,2290.0,0.25449353912353523,True,REGULAR,USD,2027-12-17,761.6900024414062,2026-09-18 23:53:39.265099
SPY271217C00755000,2026-09-18 19:30:06+00:00,755.0,84.27,83.35,88.0,6.3199997,8.107761,4.0,712.0,0.25091538887023923,True,REGULAR,USD,2027-12-17,761.6900024414062,2026-09-18 23:53:39.265099
SPY271217C00760000,2026-09-18 20:06:14+00:00,760.0,81.75,80.1,82.94,0.9599991,1.1882647,17.0,782.0,0.2425841733551025,True,REGULAR,USD,2027-12-17,761.6900024414062,2026-09-18 23:53:39.265099
SPY271217C00765000,2026-09-18 18:58:23+00:00,765.0,77.79,76.79,81.5,0.099998474,0.12871473,12.0,647.0,0.24490730075836187,False,REGULAR,USD,2027-12-17,761.6900024414062,2026-09-18 23:53:39.265099
SPY271217C00770000,2026-09-18 19:44:18+00:00,770.0,75.38,73.58,78.5,-1.1200027,-1.4640559,6.0,1177.0,0.24246210426330564,False,REGULAR,USD,2027-12-17,761.6900024414062,2026-09-18 23:53:39.265099
SPY271217C00775000,2026-09-17 19:08:25+00:00,775.0,71.2,70.5,75.41,0.0,0.0,3.0,1890.0,0.23962399787902827,False,REGULAR,USD,2027-12-17,761.6900024414062,2026-09-18 23:53:39.265099
SPY271217C00780000,2026-09-18 16:28:05+00:00,780.0,66.85,68.59,70.81,-0.20000458,-0.29829168,12.0,2624.0,0.23220830055236816,False,REGULAR,USD,2027-12-17,761.6900024414062,2026-09-18 23:53:39.265099
SPY271217C00785000,2026-09-16 18:36:01+00:00,785.0,61.81,65.57,67.98,0.0,0.0,28.0,891.0,0.2298813584899902,False,REGULAR,USD,2027-12-17,761.6900024414062,2026-09-18 23:53:39.265099
SPY271217C00790000,2026-09-18 19:52:24+00:00,790.0,62.8,62.61,64.96,1.8199997,2.9845846,1.0,2414.0,0.22685251914978025,False,REGULAR,USD,2027-12-17,761.6900024414062,2026-09-18 23:53:39.265099
SPY271217C00795000,2026-09-17 19:32:58+00:00,795.0,59.3,59.71,61.89,0.0,0.0,20.0,1913.0,0.2235337657165527,False,REGULAR,USD,2027-12-17,761.6900024414062,2026-09-18 23:53:39.265099
SPY271217C00800000,2026-09-18 19:28:12+00:00,800.0,56.79,57.9,58.17,-0.07999802,-0.14066823,3.0,4750.0,0.21813983772277828,False,REGULAR,USD,2027-12-17,761.6900024414062,2026-09-18 23:53:39.265099
SPY271217C00805000,2026-09-18 19:29:29+00:00,805.0,53.93,55.12,55.39,-0.18999863,-0.35106915,6.0,743.0,0.21537039520263673,False,REGULAR,USD,2027-12-17,761.6900024414062,2026-09-18 23:53:39.265099
SPY271217C00810000,2026-09-18 19:23:26+00:00,810.0,51.26,52.42,52.68,-0.08000183,-0.15582749,1.0,889.0,0.21263909927368163,False,REGULAR,USD,2027-12-17,761.6900024414062,2026-09-18 23:53:39.265099
SPY271217C00815000,2026-09-18 19:23:25+00:00,815.0,48.63,49.77,50.03,0.069999695,0.14415093,1.0,755.0,0.20992687664031978,False,REGULAR,USD,2027-12-17,761.6900024414062,2026-09-18 23:53:39.265099
SPY271217C00820000,2026-09-18 19:23:25+00:00,820.0,46.09,47.21,47.47,0.069999695,0.15210712,1.0,901.0,0.20731383514404295,False,REGULAR,USD,2027-12-17,761.6900024414062,2026-09-18 23:53:39.265099
SPY271217C00825000,2026-09-18 19:44:19+00:00,825.0,44.0,44.72,44.98,0.45999908,1.0564977,5.0,1374.0,0.20473512557983392,False,REGULAR,USD,2027-12-17,761.6900024414062,2026-09-18 23:53:39.265099
SPY271217C00830000,2026-09-18 19:23:26+00:00,830.0,41.23,42.3,42.56,0.07999802,0.19440587,1.0,2146.0,0.20218693328857418,False,REGULAR,USD,2027-12-17,761.6900024414062,2026-09-18 23:53:39.265099
SPY271217C00835000,2026-09-17 18:41:08+00:00,835.0,38.47,40.0,40.23,0.0,0.0,3.0,850.0,0.19973410747528075,False,REGULAR,USD,2027-12-17,761.6900024414062,2026-09-18 23:53:39.265099
SPY271217C00840000,2026-09-18 17:53:36+00:00,840.0,36.01,37.74,37.97,-0.24000168,-0.6620736,3.0,692.0,0.19731179893493653,False,REGULAR,USD,2027-12-17,761.6900024414062,2026-09-18 23:53:39.265099
SPY271217C00845000,2026-09-18 19:49:25+00:00,845.0,35.02,35.55,35.8,1.4000015,4.1641927,3.0,531.0,0.19496959823608395,False,REGULAR,USD,2027-12-17,761.6900024414062,2026-09-18 23:53:39.265099
SPY271217C00850000,2026-09-18 19:41:39+00:00,850.0,32.76,33.49,33.71,0.40999985,1.2673875,48.0,2894.0,0.19268843208312988,False,REGULAR,USD,2027-12-17,761.6900024414062,2026-09-18 23:53:39.265099
SPY271217C00855000,2026-09-10 16:10:39+00:00,855.0,29.63,31.48,31.7,0.0,0.0,7.0,519.0,0.19046448581695558,False,REGULAR,USD,2027-12-17,761.6900024414062,2026-09-18 23:53:39.265099
SPY271217C00860000,2026-09-15 19:36:19+00:00,860.0,25.99,29.58,29.79,0.0,0.0,21.0,497.0,0.18836260864257812,False,REGULAR,USD,2027-12-17,761.6900024414062,2026-09-18 23:53:39.265099
SPY271217C00865000,2026-09-11 16:17:35+00:00,865.0,28.69,27.74,27.97,0.0,0.0,1.0,486.0,0.1863484686279297,False,REGULAR,USD,2027-12-17,761.6900024414062,2026-09-18 23:53:39.265099
SPY271217C00870000,2026-09-17 15:26:46+00:00,870.0,24.55,26.0,26.2,0.0,0.0,1.0,1089.0,0.18429618202209472,False,REGULAR,USD,2027-12-17,761.6900024414062,2026-09-18 23:53:39.265099
SPY271217C00875000,2026-09-17 13:30:09+00:00,875.0,23.19,24.34,24.54,0.0,0.0,1.0,2080.0,0.18240411109924318,False,REGULAR,USD,2027-12-17,761.6900024414062,2026-09-18 23:53:39.265099
SPY271217C00880000,2026-09-18 15:36:45+00:00,880.0,21.6,22.77,22.96,-0.22999954,-1.0535939,10.0,2775.0,0.18058070404052734,False,REGULAR,USD,2027-12-17,761.6900024414062,2026-09-18 23:53:39.265099
SPY271217C00885000,2026-09-17 19:35:46+00:00,885.0,20.31,21.29,21.47,0.0,0.0,2.0,930.0,0.1788641074371338,False,REGULAR,USD,2027-12-17,761.6900024414062,2026-09-18 23:53:39.265099
SPY271217C00890000,2026-09-18 20:01:12+00:00,890.0,19.74,19.87,20.05,0.77000046,4.059043,29.0,1305.0,0.17718565742492673,False,REGULAR,USD,2027-12-17,761.6900024414062,2026-09-18 23:53:39.265099
SPY271217C00895000,2026-09-18 19:29:42+00:00,895.0,17.85,18.55,18.73,0.1400013,0.7905212,1.0,1549.0,0.17567505241394044,False,REGULAR,USD,2027-12-17,761.6900024414062,2026-09-18 23:53:39.265099
SPY271217C00900000,2026-09-18 19:32:55+00:00,900.0,16.71,17.3,17.47,0.25,1.5188336,12.0,7110.0,0.17417207672119145,False,REGULAR,USD,2027-12-17,761.6900024414062,2026-09-18 23:53:39.265099
SPY271217C00905000,2026-09-15 19:40:07+00:00,905.0,13.72,16.16,16.25,0.0,0.0,31.0,559.0,0.17260806648254398,False,REGULAR,USD,2027-12-17,761.6900024414062,2026-09-18 23:53:39.265099
SPY271217C00910000,2026-09-17 19:35:47+00:00,910.0,14.26,15.06,15.14,0.0,0.0,21.0,1643.0,0.17127293579101563,False,REGULAR,USD,2027-12-17,761.6900024414062,2026-09-18 23:53:39.265099
SPY271217C00915000,2026-09-18 19:44:01+00:00,915.0,13.61,14.02,14.1,0.29999924,2.2539387,19.0,3199.0,0.1700217276000977,False,REGULAR,USD,2027-12-17,761.6900024414062,2026-09-18 23:53:39.265099
SPY271217C00920000,2026-09-17 19:35:47+00:00,920.0,12.31,13.05,13.13,0.0,0.0,1.0,596.0,0.16886207122802738,False,REGULAR,USD,2027-12-17,761.6900024414062,2026-09-18 23:53:39.265099
SPY271217C00925000,2026-09-18 19:41:46+00:00,925.0,11.74,12.13,12.21,2.2399998,23.578943,3.0,882.0,0.16771767349243166,False,REGULAR,USD,2027-12-17,761.6900024414062,2026-09-18 23:53:39.265099
SPY271217C00930000,2026-09-18 18:15:43+00:00,930.0,10.48,11.28,11.36,-0.14000034,-1.3182707,4.0,613.0,0.16668008621215824,False,REGULAR,USD,2027-12-17,761.6900024414062,2026-09-18 23:53:39.265099
SPY271217C00935000,2026-09-18 19:44:00+00:00,935.0,10.2,10.48,10.55,0.53999996,5.5900617,17.0,609.0,0.1656348696136475,False,REGULAR,USD,2027-12-17,761.6900024414062,2026-09-18 23:53:39.265099
SPY271217C00940000,2026-09-18 19:36:39+00:00,940.0,9.36,9.74,9.81,-0.40000057,-4.0983663,25.0,1263.0,0.1647269807434082,False,REGULAR,USD,2027-12-17,761.6900024414062,2026-09-18 23:53:39.265099
SPY271217C00945000,2026-09-04 19:31:01+00:00,945.0,10.22,9.04,9.11,0.0,0.0,3.0,369.0,0.1638267211914063,False,REGULAR,USD,2027-12-17,761.6900024414062,2026-09-18 23:53:39.265099
SPY271217C00950000,2026-09-18 19:35:10+00:00,950.0,8.01,8.38,8.45,1.44,21.917809,2.0,1155.0,0.16294172027587894,False,REGULAR,USD,2027-12-17,761.6900024414062,2026-09-18 23:53:39.265099
SPY271217C00955000,2026-09-17 15:08:23+00:00,955.0,6.91,7.78,7.84,0.0,0.0,1.0,956.0,0.1621330125427246,False,REGULAR,USD,2027-12-17,761.6900024414062,2026-09-18 23:53:39.265099
SPY271217C00960000,2026-09-18 19:07:37+00:00,960.0,6.85,7.2,7.27,-0.52,-7.055631,2.0,648.0,0.1613624514007568,False,REGULAR,USD,2027-12-17,761.6900024414062,2026-09-18 23:53:39.265099
SPY271217C00965000,2026-08-19 16:14:04+00:00,965.0,10.06,6.68,6.74,0.0,0.0,1.0,526.0,0.1606376661682129,False,REGULAR,USD,2027-12-17,761.6900024414062,2026-09-18 23:53:39.265099
SPY271217C00970000,2026-09-16 19:14:03+00:00,970.0,4.5,6.18,6.25,0.0,0.0,21.0,1757.0,0.1599815447998047,False,REGULAR,USD,2027-12-17,761.6900024414062,2026-09-18 23:53:39.265099
SPY271217C00975000,2026-09-16 19:31:20+00:00,975.0,4.24,5.73,5.79,0.0,0.0,2.0,1757.0,0.1593254234313965,False,REGULAR,USD,2027-12-17,761.6900024414062,2026-09-18 23:53:39.265099
SPY271217C00980000,2026-09-18 16:15:38+00:00,980.0,4.8,5.3,5.36,-0.049999714,-1.0309219,1.0,2454.0,0.1586921900177002,False,REGULAR,USD,2027-12-17,761.6900024414062,2026-09-18 23:53:39.265099
SPY271217C00985000,2026-09-04 18:46:29+00:00,985.0,5.58,4.91,4.96,0.0,0.0,1.0,952.0,0.15808947387695313,False,REGULAR,USD,2027-12-17,761.6900024414062,2026-09-18 23:53:39.265099
SPY271217C00990000,2026-09-16 19:40:07+00:00,990.0,3.36,4.54,4.6,0.0,0.0,702.0,1220.0,0.1576164561462402,False,REGULAR,USD,2027-12-17,761.6900024414062,2026-09-18 23:53:39.265099
SPY271217C00995000,2026-09-17 13:40:16+00:00,995.0,3.66,4.21,4.26,0.0,0.0,200.0,1067.0,0.15711292114257813,False,REGULAR,USD,2027-12-17,761.6900024414062,2026-09-18 23:53:39.265099
SPY271217C01000000,2026-09-18 20:10:23+00:00,1000.0,3.92,3.89,3.95,0.31000018,8.587263,181.0,6680.0,0.1567009379577637,False,REGULAR,USD,2027-12-17,761.6900024414062,2026-09-18 23:53:39.265099
SPY271217C01005000,2026-09-18 13:45:26+00:00,1005.0,3.39,3.61,3.66,0.4100001,13.758391,54.0,1010.0,0.15628895477294924,False,REGULAR,USD,2027-12-17,761.6900024414062,2026-09-18 23:53:39.265099
SPY271217C01010000,2026-09-17 15:54:52+00:00,1010.0,3.15,3.34,3.39,0.10000014,3.2786932,210.0,436.0,0.15589223022460938,False,REGULAR,USD,2027-12-17,761.6900024414062,2026-09-18 23:53:39.265099
SPY271217C01015000,2026-08-31 17:52:21+00:00,1015.0,3.73,3.09,3.14,0.0,0.0,56.0,90.0,0.15554128158569336,False,REGULAR,USD,2027-12-17,761.6900024414062,2026-09-18 23:53:39.265099
SPY271217C01020000,2026-09-04 20:07:03+00:00,1020.0,3.3,2.87,2.92,0.0,0.0,4.0,304.0,0.15532766067504883,False,REGULAR,USD,2027-12-17,761.6900024414062,2026-09-18 23:53:39.265099
SPY271217C01025000,2026-09-17 15:01:55+00:00,1025.0,2.35,2.66,2.71,0.0,0.0,4.0,562.0,0.15506826385498051,False,REGULAR,USD,2027-12-17,761.6900024414062,2026-09-18 23:53:39.265099
SPY271217C01030000,2026-09-14 13:36:34+00:00,1030.0,2.25,2.47,2.52,0.07999992,3.6866324,2.0,208.0,0.1548851602172852,False,REGULAR,USD,2027-12-17,761.6900024414062,2026-09-18 23:53:39.265099
SPY271217C01035000,2026-09-01 19:33:36+00:00,1035.0,2.32,2.29,2.34,0.0,0.0,12.0,296.0,0.15468679794311524,False,REGULAR,USD,2027-12-17,761.6900024414062,2026-09-18 23:53:39.265099
SPY271217C01040000,2026-09-01 18:30:53+00:00,1040.0,2.15,2.13,2.18,0.0,0.0,36.0,240.0,0.154579987487793,False,REGULAR,USD,2027-12-17,761.6900024414062,2026-09-18 23:53:39.265099
SPY271217C01045000,2026-08-27 18:05:01+00:00,1045.0,2.91,1.98,2.03,0.0,0.0,20.0,197.0,0.15448843566894532,False,REGULAR,USD,2027-12-17,761.6900024414062,2026-09-18 23:53:39.265099
SPY271217C01050000,2026-09-18 19:43:44+00:00,1050.0,1.79,1.85,1.89,0.13,7.8313255,819.0,24807.0,0.1543968838500977,False,REGULAR,USD,2027-12-17,761.6900024414062,2026-09-18 23:53:39.265099
SPY271217C01055000,2026-09-18 17:29:39+00:00,1055.0,1.57,1.72,1.76,-0.029999971,-1.8749982,1.0,531.0,0.15433584930419925,False,REGULAR,USD,2027-12-17,761.6900024414062,2026-09-18 23:53:39.265099
SPY271217C01060000,2026-09-18 14:38:46+00:00,1060.0,1.46,1.61,1.65,-0.01999998,-1.3513501,262.0,438.0,0.1544579183959961,False,REGULAR,USD,2027-12-17,761.6900024414062,2026-09-18 23:53:39.265099
SPY271217C01065000,2026-09-17 18:36:54+00:00,1065.0,1.37,1.51,1.54,0.0,0.0,266.0,161.0,0.1544579183959961,False,REGULAR,USD,2027-12-17,761.6900024414062,2026-09-18 23:53:39.265099
SPY271217C01070000,2026-08-20 19:54:59+00:00,1070.0,1.78,1.41,1.44,0.0,0.0,1.0,1220.0,0.15451895294189455,False,REGULAR,USD,2027-12-17,761.6900024414062,2026-09-18 23:53:39.265099
SPY271217C01075000,2026-09-17 18:33:56+00:00,1075.0,1.21,1.32,1.35,0.0,0.0,275.0,4055.0,0.15464102203369146,False,REGULAR,USD,2027-12-17,761.6900024414062,2026-09-18 23:53:39.265099
SPY271217C01080000,2026-09-17 15:21:53+00:00,1080.0,1.09,1.24,1.27,0.0,0.0,1.0,7014.0,0.15485464294433599,False,REGULAR,USD,2027-12-17,761.6900024414062,2026-09-18 23:53:39.265099
SPY271217C01085000,2026-09-16 19:11:45+00:00,1085.0,0.85,1.16,1.19,0.0,0.0,1.0,10046.0,0.1549461947631836,False,REGULAR,USD,2027-12-17,761.6900024414062,2026-09-18 23:53:39.265099
SPY271217C01090000,2026-09-10 14:07:37+00:00,1090.0,1.05,1.09,1.12,0.0,0.0,2.0,10927.0,0.15515981567382814,False,REGULAR,USD,2027-12-17,761.6900024414062,2026-09-18 23:53:39.265099
SPY271217C01095000,2026-09-18 13:38:53+00:00,1095.0,0.97,1.02,1.05,0.20000005,25.974031,1.0,14675.0,0.15528188476562502,False,REGULAR,USD,2027-12-17,761.6900024414062,2026-09-18 23:53:39.265099
SPY271217C01100000,2026-09-18 19:21:35+00:00,1100.0,0.93,0.96,0.99,0.030000031,3.3333368,1.0,16921.0,0.15555654022216797,False,REGULAR,USD,2027-12-17,761.6900024414062,2026-09-18 23:53:39.265099
SPY271217C01105000,2026-09-02 14:22:43+00:00,1105.0,1.0,0.91,0.94,0.0,0.0,1.0,11012.0,0.1559532647705078,False,REGULAR,USD,2027-12-17,761.6900024414062,2026-09-18 23:53:39.265099
SPY271217C01110000,2026-09-10 18:58:14+00:00,1110.0,0.8,0.86,0.88,0.0,0.0,5.0,18349.0,0.1560753338623047,False,REGULAR,USD,2027-12-17,761.6900024414062,2026-09-18 23:53:39.265099
SPY271217C01115000,2026-09-01 19:32:43+00:00,1115.0,0.8,0.81,0.84,0.0,0.0,12.0,15049.0,0.15659412750244145,False,REGULAR,USD,2027-12-17,761.6900024414062,2026-09-18 23:53:39.265099
SPY271217C01120000,2026-09-17 15:15:04+00:00,1120.0,0.7,0.77,0.8,0.0,0.0,3.0,12569.0,0.1570518865966797,False,REGULAR,USD,2027-12-17,761.6900024414062,2026-09-18 23:53:39.265099
SPY271217C01125000,2026-08-05 17:40:33+00:00,1125.0,1.44,0.85,0.87,0.0,0.0,160.0,2988.0,0.16040878662109376,False,REGULAR,USD,2027-12-17,761.6900024414062,2026-09-18 23:53:39.265099
SPY271217C01130000,2026-09-15 17:10:59+00:00,1130.0,0.56,0.7,0.72,0.0,0.0,12.0,11692.0,0.15778430114746095,False,REGULAR,USD,2027-12-17,761.6900024414062,2026-09-18 23:53:39.265099
SPY271217C01135000,2026-09-17 14:27:57+00:00,1135.0,0.6,0.66,0.69,0.0,0.0,1.0,354.0,0.1583946466064453,False,REGULAR,USD,2027-12-17,761.6900024414062,2026-09-18 23:53:39.265099
SPY271217C01140000,2026-09-16 19:44:38+00:00,1140.0,0.49,0.63,0.66,0.0,0.0,1.0,7568.0,0.15888292297363282,False,REGULAR,USD,2027-12-17,761.6900024414062,2026-09-18 23:53:39.265099
SPY271217C01150000,2026-09-18 19:53:38+00:00,1150.0,0.58,0.58,0.6,0.119999975,26.08695,100.0,12121.0,0.15979844116210937,False,REGULAR,USD,2027-12-17,761.6900024414062,2026-09-18 23:53:39.265099
SPY271217C01160000,2026-09-08 19:46:06+00:00,1160.0,0.59,0.53,0.55,0.0,0.0,5.0,10323.0,0.16083602844238282,False,REGULAR,USD,2027-12-17,761.6900024414062,2026-09-18 23:53:39.265099
SPY271217C01170000,2026-08-21 18:18:37+00:00,1170.0,0.61,0.49,0.51,0.0,0.0,1.0,24.0,0.16211775390625,False,REGULAR,USD,2027-12-17,761.6900024414062,2026-09-18 23:53:39.265099
SPY271217C01180000,2026-08-13 14:05:48+00:00,1180.0,0.87,0.45,0.48,0.0,0.0,1.0,25.0,0.16358258300781253,False,REGULAR,USD,2027-12-17,761.6900024414062,2026-09-18 23:53:39.265099
SPY271217C01190000,2026-07-14 20:01:39+00:00,1190.0,0.8,0.48,0.51,0.0,0.0,10.0,84.0,0.16754982849121097,False,REGULAR,USD,2027-12-17,761.6900024414062,2026-09-18 23:53:39.265099
SPY271217C01200000,2026-09-16 19:49:00+00:00,1200.0,0.32,0.39,0.41,0.0,0.0,25.0,337.0,0.16577982666015628,False,REGULAR,USD,2027-12-17,761.6900024414062,2026-09-18 23:53:39.265099
SPY271217C01210000,2026-08-26 15:00:17+00:00,1210.0,0.44,0.36,0.39,0.0,0.0,1.0,102.0,0.16736672485351564,False,REGULAR,USD,2027-12-17,761.6900024414062,2026-09-18 23:53:39.265099
SPY271217C01220000,2026-08-04 19:48:42+00:00,1220.0,0.77,0.38,0.41,0.0,0.0,2.0,2383.0,0.17090672851562502,False,REGULAR,USD,2027-12-17,761.6900024414062,2026-09-18 23:53:39.265099
SPY271217C01230000,2026-08-04 17:35:07+00:00,1230.0,0.67,0.36,0.38,0.0,0.0,275.0,607.0,0.1720053503417969,False,REGULAR,USD,2027-12-17,761.6900024414062,2026-09-18 23:53:39.265099
SPY271217C01240000,2026-08-24 13:40:01+00:00,1240.0,0.37,0.3,0.32,0.0,0.0,1.0,4.0,0.17115086669921875,False,REGULAR,USD,2027-12-17,761.6900024414062,2026-09-18 23:53:39.265099
SPY271217C01250000,2026-09-17 16:48:03+00:00,1250.0,0.26,0.28,0.3,0.0,0.0,1.0,828.0,0.17224948852539065,False,REGULAR,USD,2027-12-17,761.6900024414062,2026-09-18 23:53:39.265099
SPY271217C01260000,2026-08-14 14:19:03+00:00,1260.0,0.48,0.26,0.29,0.0,0.0,1.0,577.0,0.17408052490234377,False,REGULAR,USD,2027-12-17,761.6900024414062,2026-09-18 23:53:39.265099
SPY271217C01270000,2026-05-14 15:03:19+00:00,1270.0,0.71,0.6,0.63,0.0,0.0,194.0,200.0,0.19300123413085937,False,REGULAR,USD,2027-12-17,761.6900024414062,2026-09-18 23:53:39.265099
SPY271217C01280000,2026-08-05 15:26:36+00:00,1280.0,0.44,0.26,0.28,0.0,0.0,2.0,9.0,0.17810880493164064,False,REGULAR,USD,2027-12-17,761.6900024414062,2026-09-18 23:53:39.265099
SPY271217C01290000,2026-07-28 14:25:43+00:00,1290.0,0.28,0.25,0.27,0.0,0.0,46.0,700.0,0.179695703125,False,REGULAR,USD,2027-12-17,761.6900024414062,2026-09-18 23:53:39.265099
SPY271217C01300000,2026-08-20 19:48:33+00:00,1300.0,0.25,0.2,0.23,0.0,0.0,25.0,159.0,0.17896328857421873,False,REGULAR,USD,2027-12-17,761.6900024414062,2026-09-18 23:53:39.265099
SPY271217C01310000,2026-08-12 15:59:04+00:00,1310.0,0.33,0.19,0.22,0.0,0.0,1.0,208.0,0.18042811767578126,False,REGULAR,USD,2027-12-17,761.6900024414062,2026-09-18 23:53:39.265099
SPY271217C01320000,2026-09-09 14:55:12+00:00,1320.0,0.21,0.18,0.21,0.0,0.0,1.0,267.0,0.18164880859375,False,REGULAR,USD,2027-12-17,761.6900024414062,2026-09-18 23:53:39.265099
SPY271217C01330000,2026-09-11 20:05:26+00:00,1330.0,0.18,0.17,0.19,0.0,0.0,1.0,80.0,0.18201501586914062,False,REGULAR,USD,2027-12-17,761.6900024414062,2026-09-18 23:53:39.265099
SPY271217C01340000,2026-09-18 17:02:58+00:00,1340.0,0.17,0.16,0.18,0.0,0.0,1.0,1013.0,0.18311363769531247,False,REGULAR,USD,2027-12-17,761.6900024414062,2026-09-18 23:53:39.265099
SPY271217C01350000,2026-09-04 14:08:15+00:00,1350.0,0.18,0.15,0.17,0.0,0.0,1.0,2.0,0.18433432861328125,False,REGULAR,USD,2027-12-17,761.6900024414062,2026-09-18 23:53:39.265099
SPY271217C01360000,2026-08-11 16:03:33+00:00,1360.0,0.26,0.14,0.16,0.0,0.0,,0.0,0.18531088134765622,False,REGULAR,USD,2027-12-17,761.6900024414062,2026-09-18 23:53:39.265099
SPY271217C01370000,2026-06-02 16:43:00+00:00,1370.0,0.34,0.0,0.0,0.0,0.0,1.0,0.0,0.12500875,False,REGULAR,USD,2027-12-17,761.6900024414062,2026-09-18 23:53:39.265099
SPY271217C01380000,2026-08-14 13:42:38+00:00,1380.0,0.25,0.12,0.15,0.0,0.0,362.0,662.0,0.18824053955078124,False,REGULAR,USD,2027-12-17,761.6900024414062,2026-09-18 23:53:39.265099
SPY271217C01390000,2026-06-08 19:15:32+00:00,1390.0,0.27,0.21,0.24,0.0,0.0,1.0,1.0,0.1991046887207031,False,REGULAR,USD,2027-12-17,761.6900024414062,2026-09-18 23:53:39.265099
SPY271217C01400000,2026-08-25 14:54:11+00:00,1400.0,0.15,0.11,0.13,0.0,0.0,1.0,23.0,0.18970536865234378,False,REGULAR,USD,2027-12-17,761.6900024414062,2026-09-18 23:53:39.265099
SPY271217C01410000,2026-07-27 15:42:28+00:00,1410.0,0.15,0.12,0.14,0.0,0.0,6.0,6.0,0.1928791650390625,False,REGULAR,USD,2027-12-17,761.6900024414062,2026-09-18 23:53:39.265099
SPY271217C01430000,2026-09-08 14:44:11+00:00,1430.0,0.1,0.09,0.11,0.0,0.0,1.0,2.0,0.192390888671875,False,REGULAR,USD,2027-12-17,761.6900024414062,2026-09-18 23:53:39.265099
SPY271217C01440000,2026-09-10 16:35:33+00:00,1440.0,0.1,0.08,0.11,0.0,0.0,2.0,33.0,0.194343994140625,False,REGULAR,USD,2027-12-17,761.6900024414062,2026-09-18 23:53:39.265099
SPY271217C01450000,2026-09-15 18:30:12+00:00,1450.0,0.07,0.08,0.1,0.0,0.0,10.0,12.0,0.19458813232421873,False,REGULAR,USD,2027-12-17,761.6900024414062,2026-09-18 23:53:39.265099
SPY271217C01460000,2026-08-31 14:03:47+00:00,1460.0,0.08,0.07,0.1,0.0,0.0,1.0,2.0,0.196297099609375,False,REGULAR,USD,2027-12-17,761.6900024414062,2026-09-18 23:53:39.265099
SPY271217C01470000,2026-09-15 17:08:01+00:00,1470.0,0.07,0.07,0.09,0.0,0.0,161.0,183.0,0.196297099609375,False,REGULAR,USD,2027-12-17,761.6900024414062,2026-09-18 23:53:39.265099
SPY271217C01480000,2026-09-15 17:08:01+00:00,1480.0,0.07,0.06,0.08,0.0,0.0,161.0,809.0,0.196297099609375,False,REGULAR,USD,2027-12-17,761.6900024414062,2026-09-18 23:53:39.265099
SPY280121C00050000,2026-09-15 14:17:59+00:00,50.0,710.5,711.0,715.5,0.0,0.0,1.0,0.0,1.138432042236328,True,REGULAR,USD,2028-01-21,761.6900024414062,2026-09-18 23:53:39.265099
SPY280121C00060000,2025-10-31 19:33:51+00:00,60.0,627.36,619.25,624.0,0.0,0.0,1.0,1.0,1.0000000000000003e-05,True,REGULAR,USD,2028-01-21,761.6900024414062,2026-09-18 23:53:39.265099
SPY280121C00100000,2026-09-10 16:57:15+00:00,100.0,658.86,661.57,666.0,0.0,0.0,1.0,0.0,0.8708509008789063,True,REGULAR,USD,2028-01-21,761.6900024414062,2026-09-18 23:53:39.265099
SPY280121C00105000,2025-11-14 16:23:59+00:00,105.0,566.79,585.73,590.5,0.0,0.0,4.0,0.0,1.0000000000000003e-05,True,REGULAR,USD,2028-01-21,761.6900024414062,2026-09-18 23:53:39.265099
SPY280121C00110000,2025-11-14 16:20:34+00:00,110.0,563.32,580.81,585.5,0.0,0.0,4.0,0.0,1.0000000000000003e-05,True,REGULAR,USD,2028-01-21,761.6900024414062,2026-09-18 23:53:39.265099
SPY280121C00115000,2025-11-14 16:21:32+00:00,115.0,558.49,576.09,579.0,0.0,0.0,4.0,0.0,1.0000000000000003e-05,True,REGULAR,USD,2028-01-21,761.6900024414062,2026-09-18 23:53:39.265099
SPY280121C00120000,2025-12-26 17:04:03+00:00,120.0,570.92,570.53,575.0,0.0,0.0,2.0,1.0,1.0000000000000003e-05,True,REGULAR,USD,2028-01-21,761.6900024414062,2026-09-18 23:53:39.265099
SPY280121C00130000,2025-11-14 17:24:37+00:00,130.0,545.83,561.2,564.0,0.0,0.0,60.0,0.0,1.0000000000000003e-05,True,REGULAR,USD,2028-01-21,761.6900024414062,2026-09-18 23:53:39.265099
SPY280121C00135000,2025-11-19 17:34:28+00:00,135.0,525.91,556.1,560.5,0.0,0.0,,0.0,1.0000000000000003e-05,True,REGULAR,USD,2028-01-21,761.6900024414062,2026-09-18 23:53:39.265099
SPY280121C00140000,2025-11-19 15:34:46+00:00,140.0,526.84,551.18,556.0,0.0,0.0,30.0,0.0,1.0000000000000003e-05,True,REGULAR,USD,2028-01-21,761.6900024414062,2026-09-18 23:53:39.265099
SPY280121C00150000,2026-09-16 13:38:43+00:00,150.0,609.32,612.5,617.0,0.0,0.0,4.0,4.0,0.7400538690185545,True,REGULAR,USD,2028-01-21,761.6900024414062,2026-09-18 23:53:39.265099
SPY280121C00180000,2026-04-08 15:03:40+00:00,180.0,497.75,559.13,563.0,0.0,0.0,10.0,0.0,1.0000000000000003e-05,True,REGULAR,USD,2028-01-21,761.6900024414062,2026-09-18 23:53:39.265099
SPY280121C00185000,2026-08-07 14:57:25+00:00,185.0,591.06,579.71,584.5,0.0,0.0,2.0,1.0,0.7187528125,True,REGULAR,USD,2028-01-21,761.6900024414062,2026-09-18 23:53:39.265099
SPY280121C00195000,2026-01-16 19:52:47+00:00,195.0,500.5,493.72,498.72,0.0,0.0,1.0,0.0,1.0000000000000003e-05,True,REGULAR,USD,2028-01-21,761.6900024414062,2026-09-18 23:53:39.265099
SPY280121C00200000,2026-09-16 14:39:37+00:00,200.0,563.25,565.74,570.5,0.0,0.0,47.0,287.0,0.7048979705810547,True,REGULAR,USD,2028-01-21,761.6900024414062,2026-09-18 23:53:39.265099
SPY280121C00220000,2026-01-06 20:52:33+00:00,220.0,477.0,476.0,480.5,0.0,0.0,1.0,3.0,1.0000000000000003e-05,True,REGULAR,USD,2028-01-21,761.6900024414062,2026-09-18 23:53:39.265099
SPY280121C00225000,2026-04-30 19:08:24+00:00,225.0,500.92,519.5,523.91,0.0,0.0,,0.0,1.0000000000000003e-05,True,REGULAR,USD,2028-01-21,761.6900024414062,2026-09-18 23:53:39.265099
SPY280121C00240000,2025-10-10 14:14:36+00:00,240.0,445.03,430.0,434.87,0.0,0.0,4.0,9.0,1.0000000000000003e-05,True,REGULAR,USD,2028-01-21,761.6900024414062,2026-09-18 23:53:39.265099
SPY280121C00245000,2025-11-10 21:10:51+00:00,245.0,449.09,453.63,457.5,0.0,0.0,,1.0,1.0000000000000003e-05,True,REGULAR,USD,2028-01-21,761.6900024414062,2026-09-18 23:53:39.265099
SPY280121C00250000,2026-08-21 13:54:13+00:00,250.0,522.0,519.27,524.0,0.0,0.0,1.0,5.0,0.6544224011230471,True,REGULAR,USD,2028-01-21,761.6900024414062,2026-09-18 23:53:39.265099
SPY280121C00255000,2025-09-25 17:04:19+00:00,255.0,417.83,428.19,433.0,0.0,0.0,,1.0,1.0000000000000003e-05,True,REGULAR,USD,2028-01-21,761.6900024414062,2026-09-18 23:53:39.265099
SPY280121C00260000,2026-01-02 20:59:26+00:00,260.0,433.67,439.5,444.0,0.0,0.0,1.0,3.0,1.0000000000000003e-05,True,REGULAR,USD,2028-01-21,761.6900024414062,2026-09-18 23:53:39.265099
SPY280121C00270000,2026-06-05 18:48:36+00:00,270.0,480.0,0.0,0.0,0.0,0.0,1.0,0.0,1.0000000000000003e-05,True,REGULAR,USD,2028-01-21,761.6900024414062,2026-09-18 23:53:39.265099
SPY280121C00280000,2025-11-06 17:26:42+00:00,280.0,405.0,421.93,426.0,0.0,0.0,,1.0,1.0000000000000003e-05,True,REGULAR,USD,2028-01-21,761.6900024414062,2026-09-18 23:53:39.265099
SPY280121C00285000,2026-06-22 18:43:00+00:00,285.0,474.36,465.0,469.31,0.0,0.0,,0.0,1.0000000000000003e-05,True,REGULAR,USD,2028-01-21,761.6900024414062,2026-09-18 23:53:39.265099
SPY280121C00295000,2025-11-12 19:02:16+00:00,295.0,407.72,408.39,411.0,0.0,0.0,,5.0,1.0000000000000003e-05,True,REGULAR,USD,2028-01-21,761.6900024414062,2026-09-18 23:53:39.265099
SPY280121C00300000,2026-05-12 15:43:39+00:00,300.0,446.7,464.13,469.0,0.0,0.0,1.0,37.0,0.5184679501342774,True,REGULAR,USD,2028-01-21,761.6900024414062,2026-09-18 23:53:39.265099
SPY280121C00305000,2026-06-22 18:38:15+00:00,305.0,456.47,447.0,450.99,0.0,0.0,,0.0,1.0000000000000003e-05,True,REGULAR,USD,2028-01-21,761.6900024414062,2026-09-18 23:53:39.265099
SPY280121C00310000,2026-08-04 14:32:42+00:00,310.0,468.39,468.5,473.0,0.0,0.0,1.0,0.0,0.6414220428466797,True,REGULAR,USD,2028-01-21,761.6900024414062,2026-09-18 23:53:39.265099
SPY280121C00315000,2026-03-10 15:42:21+00:00,315.0,380.0,408.1,412.5,0.0,0.0,1.0,0.0,1.0000000000000003e-05,True,REGULAR,USD,2028-01-21,761.6900024414062,2026-09-18 23:53:39.265099
SPY280121C00320000,2025-12-12 15:56:27+00:00,320.0,381.47,374.63,379.5,0.0,0.0,11.0,0.0,1.0000000000000003e-05,True,REGULAR,USD,2028-01-21,761.6900024414062,2026-09-18 23:53:39.265099
SPY280121C00330000,2026-09-09 15:02:06+00:00,330.0,446.43,445.5,450.31,0.0,0.0,18.0,27.0,0.5753826641845703,True,REGULAR,USD,2028-01-21,761.6900024414062,2026-09-18 23:53:39.265099
SPY280121C00335000,2026-04-10 14:56:09+00:00,335.0,363.47,418.0,421.5,0.0,0.0,2.0,6.0,1.0000000000000003e-05,True,REGULAR,USD,2028-01-21,761.6900024414062,2026-09-18 23:53:39.265099
SPY280121C00340000,2026-05-07 19:57:27+00:00,340.0,408.0,414.0,418.94,0.0,0.0,6.0,16.0,1.0000000000000003e-05,True,REGULAR,USD,2028-01-21,761.6900024414062,2026-09-18 23:53:39.265099
SPY280121C00350000,2026-09-03 18:12:38+00:00,350.0,438.0,427.01,431.99,0.0,0.0,1.0,35.0,0.5555464367675782,True,REGULAR,USD,2028-01-21,761.6900024414062,2026-09-18 23:53:39.265099
SPY280121C00355000,2026-02-26 16:21:19+00:00,355.0,351.03,0.0,0.0,0.0,0.0,2.0,0.0,1.0000000000000003e-05,True,REGULAR,USD,2028-01-21,761.6900024414062,2026-09-18 23:53:39.265099
SPY280121C00360000,2026-01-05 20:33:54+00:00,360.0,348.8,349.5,354.43,0.0,0.0,,9.0,1.0000000000000003e-05,True,REGULAR,USD,2028-01-21,761.6900024414062,2026-09-18 23:53:39.265099
SPY280121C00365000,2026-08-10 18:09:22+00:00,365.0,425.26,413.5,418.0,0.0,0.0,10.0,10.0,0.5411575425720216,True,REGULAR,USD,2028-01-21,761.6900024414062,2026-09-18 23:53:39.265099
SPY280121C00370000,2026-05-08 15:43:36+00:00,370.0,386.0,387.0,391.94,0.0,0.0,1.0,2.0,0.23780059082031246,True,REGULAR,USD,2028-01-21,761.6900024414062,2026-09-18 23:53:39.265099
SPY280121C00375000,2026-08-14 15:17:23+00:00,375.0,418.66,404.5,409.0,0.0,0.0,5.0,7.0,0.532933137512207,True,REGULAR,USD,2028-01-21,761.6900024414062,2026-09-18 23:53:39.265099
SPY280121C00380000,2026-09-03 14:32:54+00:00,380.0,405.5,399.6,404.5,0.0,0.0,1.0,3.0,0.5271653729248047,True,REGULAR,USD,2028-01-21,761.6900024414062,2026-09-18 23:53:39.265099
SPY280121C00385000,2025-11-24 15:01:12+00:00,385.0,306.93,328.21,332.0,0.0,0.0,1.0,1.0,1.0000000000000003e-05,True,REGULAR,USD,2028-01-21,761.6900024414062,2026-09-18 23:53:39.265099
SPY280121C00390000,2026-08-10 15:51:05+00:00,390.0,402.87,390.5,395.46,0.0,0.0,1.0,5.0,0.5183001051330567,True,REGULAR,USD,2028-01-21,761.6900024414062,2026-09-18 23:53:39.265099
SPY280121C00395000,2026-05-18 15:37:58+00:00,395.0,365.0,0.0,0.0,0.0,0.0,1.0,0.0,1.0000000000000003e-05,True,REGULAR,USD,2028-01-21,761.6900024414062,2026-09-18 23:53:39.265099
SPY280121C00400000,2026-09-15 14:40:45+00:00,400.0,376.29,381.5,386.36,0.0,0.0,1.0,120.0,0.5095492771148682,True,REGULAR,USD,2028-01-21,761.6900024414062,2026-09-18 23:53:39.265099
SPY280121C00405000,2026-09-02 18:46:37+00:00,405.0,378.95,377.0,381.81,0.0,0.0,1.0,2.0,0.5051471604919433,True,REGULAR,USD,2028-01-21,761.6900024414062,2026-09-18 23:53:39.265099
SPY280121C00410000,2026-05-19 13:49:11+00:00,410.0,349.5,0.0,0.0,0.0,0.0,1.0,0.0,1.0000000000000003e-05,True,REGULAR,USD,2028-01-21,761.6900024414062,2026-09-18 23:53:39.265099
SPY280121C00415000,2026-04-06 14:18:23+00:00,415.0,271.37,0.0,0.0,0.0,0.0,1.0,0.0,1.0000000000000003e-05,True,REGULAR,USD,2028-01-21,761.6900024414062,2026-09-18 23:53:39.265099
SPY280121C00420000,2026-07-21 18:05:58+00:00,420.0,353.0,362.79,367.5,0.0,0.0,1.0,21.0,0.5032245722961426,True,REGULAR,USD,2028-01-21,761.6900024414062,2026-09-18 23:53:39.265099
SPY280121C00425000,2026-06-23 19:56:43+00:00,425.0,338.75,338.0,342.78,0.0,0.0,1.0,26.0,0.33101560104370115,True,REGULAR,USD,2028-01-21,761.6900024414062,2026-09-18 23:53:39.265099
SPY280121C00430000,2026-07-20 13:38:24+00:00,430.0,344.35,353.77,358.5,0.0,0.0,16.0,71.0,0.4942677526855469,True,REGULAR,USD,2028-01-21,761.6900024414062,2026-09-18 23:53:39.265099
SPY280121C00435000,2026-04-06 14:22:50+00:00,435.0,255.4,0.0,0.0,0.0,0.0,1.0,0.0,1.0000000000000003e-05,True,REGULAR,USD,2028-01-21,761.6900024414062,2026-09-18 23:53:39.265099
SPY280121C00440000,2026-07-20 13:38:35+00:00,440.0,335.37,344.77,349.5,0.0,0.0,16.0,50.0,0.48528041580200193,True,REGULAR,USD,2028-01-21,761.6900024414062,2026-09-18 23:53:39.265099
SPY280121C00445000,2026-01-05 19:47:54+00:00,445.0,274.6,275.44,280.0,0.0,0.0,1.0,1.0,1.0000000000000003e-05,True,REGULAR,USD,2028-01-21,761.6900024414062,2026-09-18 23:53:39.265099
SPY280121C00450000,2026-08-10 13:56:48+00:00,450.0,348.16,336.12,341.0,0.0,0.0,1.0,40.0,0.4792837716674804,True,REGULAR,USD,2028-01-21,761.6900024414062,2026-09-18 23:53:39.265099
SPY280121C00455000,2026-06-10 14:25:36+00:00,455.0,312.32,325.5,330.45,0.0,0.0,1.0,3.0,0.43773450454711915,True,REGULAR,USD,2028-01-21,761.6900024414062,2026-09-18 23:53:39.265099
SPY280121C00460000,2026-08-27 16:57:24+00:00,460.0,337.0,327.13,332.0,0.0,0.0,1.0,131.0,0.4701514777374268,True,REGULAR,USD,2028-01-21,761.6900024414062,2026-09-18 23:53:39.265099
SPY280121C00465000,2026-08-10 14:09:05+00:00,465.0,333.9,322.65,327.5,0.0,0.0,8.0,15.0,0.4655815161132813,True,REGULAR,USD,2028-01-21,761.6900024414062,2026-09-18 23:53:39.265099
SPY280121C00470000,2026-08-04 15:05:21+00:00,470.0,325.21,322.42,327.0,0.0,0.0,7.0,7.0,0.4831442066955567,True,REGULAR,USD,2028-01-21,761.6900024414062,2026-09-18 23:53:39.265099
SPY280121C00475000,2026-06-09 16:15:01+00:00,475.0,286.66,308.0,312.86,0.0,0.0,1.0,40.0,0.4243069044494629,True,REGULAR,USD,2028-01-21,761.6900024414062,2026-09-18 23:53:39.265099
SPY280121C00480000,2026-09-18 16:44:11+00:00,480.0,307.92,309.23,314.0,-6.789978,-2.1575348,1.0,16.0,0.4518487432861329,True,REGULAR,USD,2028-01-21,761.6900024414062,2026-09-18 23:53:39.265099
SPY280121C00485000,2026-06-26 16:31:47+00:00,485.0,284.15,304.63,309.0,0.0,0.0,2.0,42.0,0.4445780030059814,True,REGULAR,USD,2028-01-21,761.6900024414062,2026-09-18 23:53:39.265099
SPY280121C00490000,2026-08-04 17:07:16+00:00,490.0,311.58,304.53,309.0,0.0,0.0,2.0,13.0,0.463521600189209,True,REGULAR,USD,2028-01-21,761.6900024414062,2026-09-18 23:53:39.265099
SPY280121C00495000,2026-07-15 18:41:59+00:00,495.0,292.76,295.8,300.5,0.0,0.0,1.0,11.0,0.4380930825042725,True,REGULAR,USD,2028-01-21,761.6900024414062,2026-09-18 23:53:39.265099
SPY280121C00500000,2026-09-17 18:17:03+00:00,500.0,291.0,291.5,296.42,0.0,0.0,3.0,124.0,0.43565932998657225,True,REGULAR,USD,2028-01-21,761.6900024414062,2026-09-18 23:53:39.265099
SPY280121C00505000,2026-08-05 17:19:33+00:00,505.0,298.39,291.21,296.0,0.0,0.0,1.0,9.0,0.45131469100952154,True,REGULAR,USD,2028-01-21,761.6900024414062,2026-09-18 23:53:39.265099
SPY280121C00510000,2026-08-05 19:03:35+00:00,510.0,293.92,286.78,291.5,0.0,0.0,2.0,112.0,0.4464014100646973,True,REGULAR,USD,2028-01-21,761.6900024414062,2026-09-18 23:53:39.265099
SPY280121C00515000,2026-05-08 16:59:35+00:00,515.0,257.57,260.27,265.0,0.0,0.0,2.0,4.0,0.32610994941711424,True,REGULAR,USD,2028-01-21,761.6900024414062,2026-09-18 23:53:39.265099
SPY280121C00520000,2026-08-28 17:05:11+00:00,520.0,281.11,274.0,278.78,0.0,0.0,3.0,161.0,0.4188595712280273,True,REGULAR,USD,2028-01-21,761.6900024414062,2026-09-18 23:53:39.265099
SPY280121C00525000,2026-09-17 19:47:05+00:00,525.0,269.71,269.5,274.39,0.0,0.0,1.0,41.0,0.4147168514251709,True,REGULAR,USD,2028-01-21,761.6900024414062,2026-09-18 23:53:39.265099
SPY280121C00530000,2026-08-10 19:12:39+00:00,530.0,277.97,265.04,270.0,0.0,0.0,3.0,18.0,0.4105588729858398,True,REGULAR,USD,2028-01-21,761.6900024414062,2026-09-18 23:53:39.265099
SPY280121C00535000,2026-08-25 16:41:30+00:00,535.0,265.03,260.68,265.5,0.0,0.0,10.0,325.0,0.40586684226989744,True,REGULAR,USD,2028-01-21,761.6900024414062,2026-09-18 23:53:39.265099
SPY280121C00540000,2026-09-08 15:15:56+00:00,540.0,260.82,256.5,261.3,0.0,0.0,2.0,82.0,0.40254045951843265,True,REGULAR,USD,2028-01-21,761.6900024414062,2026-09-18 23:53:39.265099
SPY280121C00545000,2026-09-01 15:03:36+00:00,545.0,253.17,252.0,256.96,0.0,0.0,2.0,27.0,0.3985503260803223,True,REGULAR,USD,2028-01-21,761.6900024414062,2026-09-18 23:53:39.265099
SPY280121C00550000,2026-09-18 13:31:05+00:00,550.0,249.54,247.65,252.5,1.9399872,0.7835166,1.0,758.0,0.39399562309265135,True,REGULAR,USD,2028-01-21,761.6900024414062,2026-09-18 23:53:39.265099
SPY280121C00555000,2026-08-07 16:18:50+00:00,555.0,256.45,243.5,248.31,0.0,0.0,33.0,244.0,0.3906158351135254,True,REGULAR,USD,2028-01-21,761.6900024414062,2026-09-18 23:53:39.265099
SPY280121C00560000,2026-09-10 13:30:04+00:00,560.0,235.26,239.03,244.0,0.0,0.0,1.0,63.0,0.3866714775848388,True,REGULAR,USD,2028-01-21,761.6900024414062,2026-09-18 23:53:39.265099
SPY280121C00565000,2026-09-17 18:55:32+00:00,565.0,233.42,234.74,239.5,0.0,0.0,1.0,43.0,0.3819031536865234,True,REGULAR,USD,2028-01-21,761.6900024414062,2026-09-18 23:53:39.265099
SPY280121C00570000,2026-08-24 17:28:31+00:00,570.0,233.22,230.5,235.43,0.0,0.0,3.0,99.0,0.37892009025573725,True,REGULAR,USD,2028-01-21,761.6900024414062,2026-09-18 23:53:39.265099
SPY280121C00575000,2026-09-11 13:49:00+00:00,575.0,229.05,226.19,231.0,0.0,0.0,1.0,44.0,0.37440353385925285,True,REGULAR,USD,2028-01-21,761.6900024414062,2026-09-18 23:53:39.265099
SPY280121C00580000,2026-09-16 19:35:32+00:00,580.0,214.74,222.0,226.92,0.0,0.0,2.0,108.0,0.37129077201843264,True,REGULAR,USD,2028-01-21,761.6900024414062,2026-09-18 23:53:39.265099
SPY280121C00585000,2026-08-31 19:22:10+00:00,585.0,222.04,217.71,222.5,0.0,0.0,1.0,39.0,0.36676658630371095,True,REGULAR,USD,2028-01-21,761.6900024414062,2026-09-18 23:53:39.265099
SPY280121C00590000,2026-09-16 18:24:21+00:00,590.0,211.52,213.5,218.46,0.0,0.0,2.0,268.0,0.36373774696350103,True,REGULAR,USD,2028-01-21,761.6900024414062,2026-09-18 23:53:39.265099
SPY280121C00595000,2026-09-18 16:18:21+00:00,595.0,208.1,209.29,214.0,-1.0099945,-0.48299676,3.0,328.0,0.35900756965637204,True,REGULAR,USD,2028-01-21,761.6900024414062,2026-09-18 23:53:39.265099
SPY280121C00600000,2026-09-18 16:18:21+00:00,600.0,203.9,205.1,210.0,-1.0,-0.48804295,4.0,1578.0,0.3560397648620605,True,REGULAR,USD,2028-01-21,761.6900024414062,2026-09-18 23:53:39.265099
SPY280121C00605000,2026-09-09 14:18:46+00:00,605.0,201.47,201.0,205.9,0.0,0.0,3.0,87.0,0.35263708892822265,True,REGULAR,USD,2028-01-21,761.6900024414062,2026-09-18 23:53:39.265099
SPY280121C00610000,2026-09-08 13:50:38+00:00,610.0,201.15,196.78,201.5,0.0,0.0,6.0,381.0,0.3480518686676025,True,REGULAR,USD,2028-01-21,761.6900024414062,2026-09-18 23:53:39.265099
SPY280121C00615000,2026-08-20 15:28:25+00:00,615.0,199.14,192.65,197.5,0.0,0.0,5.0,73.0,0.3449467361450196,True,REGULAR,USD,2028-01-21,761.6900024414062,2026-09-18 23:53:39.265099
SPY280121C00620000,2026-09-15 19:41:24+00:00,620.0,182.9,188.53,193.5,0.0,0.0,5.0,243.0,0.34177675441741945,True,REGULAR,USD,2028-01-21,761.6900024414062,2026-09-18 23:53:39.265099
SPY280121C00625000,2026-09-16 15:35:44+00:00,625.0,181.68,184.5,189.41,0.0,0.0,2.0,71.0,0.33822530677795415,True,REGULAR,USD,2028-01-21,761.6900024414062,2026-09-18 23:53:39.265099
SPY280121C00630000,2026-09-18 16:13:05+00:00,630.0,179.43,180.5,185.34,-1.3900146,-0.7687283,1.0,223.0,0.33470437641143796,True,REGULAR,USD,2028-01-21,761.6900024414062,2026-09-18 23:53:39.265099
SPY280121C00635000,2026-09-18 13:58:13+00:00,635.0,175.94,176.31,181.0,1.3200073,0.7559314,4.0,149.0,0.33017637603759764,True,REGULAR,USD,2028-01-21,761.6900024414062,2026-09-18 23:53:39.265099
SPY280121C00640000,2026-09-18 13:55:08+00:00,640.0,171.96,172.28,177.0,-1.0999908,-0.6356124,1.0,658.0,0.32681184669494634,True,REGULAR,USD,2028-01-21,761.6900024414062,2026-09-18 23:53:39.265099
SPY280121C00645000,2026-08-04 19:53:51+00:00,645.0,182.38,172.19,177.0,0.0,0.0,5.0,137.0,0.33720297813415523,True,REGULAR,USD,2028-01-21,761.6900024414062,2026-09-18 23:53:39.265099
SPY280121C00650000,2026-09-18 18:46:47+00:00,650.0,165.01,164.28,169.0,0.039993286,0.024242762,12.0,614.0,0.3199225723266601,True,REGULAR,USD,2028-01-21,761.6900024414062,2026-09-18 23:53:39.265099
SPY280121C00655000,2026-09-16 13:33:16+00:00,655.0,157.54,160.32,165.0,0.0,0.0,3.0,365.0,0.3163940126419067,True,REGULAR,USD,2028-01-21,761.6900024414062,2026-09-18 23:53:39.265099
SPY280121C00660000,2026-09-16 19:13:37+00:00,660.0,147.66,156.38,161.0,0.0,0.0,4.0,650.0,0.3128120477294921,True,REGULAR,USD,2028-01-21,761.6900024414062,2026-09-18 23:53:39.265099
SPY280121C00665000,2026-09-17 14:02:58+00:00,665.0,151.0,152.5,157.44,0.0,0.0,1.0,281.0,0.3106376920318603,True,REGULAR,USD,2028-01-21,761.6900024414062,2026-09-18 23:53:39.265099
SPY280121C00670000,2026-09-17 17:34:02+00:00,670.0,148.5,148.57,153.5,0.0,0.0,1.0,457.0,0.30712820564270016,True,REGULAR,USD,2028-01-21,761.6900024414062,2026-09-18 23:53:39.265099
SPY280121C00675000,2026-09-17 18:37:53+00:00,675.0,145.52,144.73,149.5,0.0,0.0,1.0,907.0,0.30336695175170897,True,REGULAR,USD,2028-01-21,761.6900024414062,2026-09-18 23:53:39.265099
SPY280121C00680000,2026-09-17 18:38:17+00:00,680.0,142.17,140.92,145.5,0.0,0.0,3.0,1324.0,0.2995446633148193,True,REGULAR,USD,2028-01-21,761.6900024414062,2026-09-18 23:53:39.265099
SPY280121C00685000,2026-09-17 18:35:58+00:00,685.0,137.32,137.09,142.0,0.0,0.0,2.0,1016.0,0.2972634971618652,True,REGULAR,USD,2028-01-21,761.6900024414062,2026-09-18 23:53:39.265099
SPY280121C00690000,2026-09-18 18:08:48+00:00,690.0,133.25,133.28,138.0,-0.27000427,-0.2022201,3.0,1071.0,0.29331913963317857,True,REGULAR,USD,2028-01-21,761.6900024414062,2026-09-18 23:53:39.265099
SPY280121C00695000,2026-09-14 17:29:13+00:00,695.0,130.08,129.53,134.5,0.0,0.0,208.0,979.0,0.2908777577972411,True,REGULAR,USD,2028-01-21,761.6900024414062,2026-09-18 23:53:39.265099
SPY280121C00700000,2026-09-18 20:10:26+00:00,700.0,128.05,125.81,130.5,2.6500015,2.1132388,3.0,2639.0,0.2867960725402831,True,REGULAR,USD,2028-01-21,761.6900024414062,2026-09-18 23:53:39.265099
SPY280121C00705000,2026-09-18 17:33:36+00:00,705.0,122.0,122.12,127.0,5.6900024,4.892101,1.0,539.0,0.2841944750213622,True,REGULAR,USD,2028-01-21,761.6900024414062,2026-09-18 23:53:39.265099
SPY280121C00710000,2026-09-15 15:55:41+00:00,710.0,112.34,118.5,123.43,0.0,0.0,1.0,438.0,0.28129533409118646,True,REGULAR,USD,2028-01-21,761.6900024414062,2026-09-18 23:53:39.265099
SPY280121C00715000,2026-09-18 18:46:47+00:00,715.0,115.71,114.83,119.5,-0.20999908,-0.18115863,1.0,267.0,0.2772212781524658,True,REGULAR,USD,2028-01-21,761.6900024414062,2026-09-18 23:53:39.265099
SPY280121C00720000,2026-09-18 19:37:28+00:00,720.0,112.11,111.23,116.0,1.1100006,1.0000006,2.0,605.0,0.2743717277908325,True,REGULAR,USD,2028-01-21,761.6900024414062,2026-09-18 23:53:39.265099
SPY280121C00725000,2026-09-14 16:53:44+00:00,725.0,108.59,107.67,112.5,0.0,0.0,13.0,479.0,0.2714306256103516,True,REGULAR,USD,2028-01-21,761.6900024414062,2026-09-18 23:53:39.265099
SPY280121C00730000,2026-09-16 19:52:17+00:00,730.0,98.75,104.15,109.0,0.0,0.0,5.0,1505.0,0.26840178627014155,True,REGULAR,USD,2028-01-21,761.6900024414062,2026-09-18 23:53:39.265099
SPY280121C00735000,2026-09-17 19:08:31+00:00,735.0,102.39,100.65,105.3,0.0,0.0,5.0,537.0,0.2646977522659302,True,REGULAR,USD,2028-01-21,761.6900024414062,2026-09-18 23:53:39.265099
SPY280121C00740000,2026-09-17 14:23:31+00:00,740.0,96.93,97.22,102.0,0.0,0.0,5.0,354.0,0.262077081451416,True,REGULAR,USD,2028-01-21,761.6900024414062,2026-09-18 23:53:39.265099
SPY280121C00745000,2026-09-17 17:13:36+00:00,745.0,94.1,93.78,98.5,0.0,0.0,1.0,977.0,0.2587735866546631,True,REGULAR,USD,2028-01-21,761.6900024414062,2026-09-18 23:53:39.265099
SPY280121C00750000,2026-09-18 18:46:36+00:00,750.0,91.18,90.41,95.0,0.1800003,0.19780253,29.0,4851.0,0.25537472537994393,True,REGULAR,USD,2028-01-21,761.6900024414062,2026-09-18 23:53:39.265099
SPY280121C00755000,2026-09-17 15:45:41+00:00,755.0,88.51,87.1,92.0,0.0,0.0,1.0,1629.0,0.25331862411499023,True,REGULAR,USD,2028-01-21,761.6900024414062,2026-09-18 23:53:39.265099
SPY280121C00760000,2026-09-18 16:06:55+00:00,760.0,85.25,83.79,88.5,1.449997,1.7303065,16.0,2458.0,0.2497175859069824,True,REGULAR,USD,2028-01-21,761.6900024414062,2026-09-18 23:53:39.265099
SPY280121C00765000,2026-09-18 19:44:32+00:00,765.0,81.86,80.55,85.5,2.949997,3.7384322,2.0,2938.0,0.2474440490722656,False,REGULAR,USD,2028-01-21,761.6900024414062,2026-09-18 23:53:39.265099
SPY280121C00770000,2026-09-17 17:38:35+00:00,770.0,77.36,77.36,82.0,0.0,0.0,9.0,644.0,0.2436332046127319,False,REGULAR,USD,2028-01-21,761.6900024414062,2026-09-18 23:53:39.265099
SPY280121C00775000,2026-09-17 17:38:35+00:00,775.0,74.35,74.21,79.0,0.0,0.0,9.0,671.0,0.24113460289001462,False,REGULAR,USD,2028-01-21,761.6900024414062,2026-09-18 23:53:39.265099
SPY280121C00780000,2026-09-18 14:11:59+00:00,780.0,71.84,71.83,75.04,-0.030006409,-0.04175095,10.0,1027.0,0.23578645080566402,False,REGULAR,USD,2028-01-21,761.6900024414062,2026-09-18 23:53:39.265099
SPY280121C00785000,2026-09-14 16:53:51+00:00,785.0,69.34,68.8,72.02,0.0,0.0,7.0,1337.0,0.23299412033081057,False,REGULAR,USD,2028-01-21,761.6900024414062,2026-09-18 23:53:39.265099
SPY280121C00790000,2026-09-17 19:36:21+00:00,790.0,65.9,65.8,69.06,0.0,0.0,1.0,1142.0,0.23024375110626222,False,REGULAR,USD,2028-01-21,761.6900024414062,2026-09-18 23:53:39.265099
SPY280121C00795000,2026-09-17 17:38:37+00:00,795.0,62.63,62.98,66.15,0.0,0.0,30.0,856.0,0.22750864051818845,False,REGULAR,USD,2028-01-21,761.6900024414062,2026-09-18 23:53:39.265099
SPY280121C00800000,2026-09-18 20:03:50+00:00,800.0,61.33,60.44,61.9,1.4800034,2.4728544,36.0,1743.0,0.22082535774230955,False,REGULAR,USD,2028-01-21,761.6900024414062,2026-09-18 23:53:39.265099
SPY280121C00805000,2026-09-18 19:23:25+00:00,805.0,57.61,58.6,59.49,0.13999939,0.24360429,4.0,661.0,0.21923083023071288,False,REGULAR,USD,2028-01-21,761.6900024414062,2026-09-18 23:53:39.265099
SPY280121C00810000,2026-09-18 19:40:29+00:00,810.0,55.09,55.87,56.76,0.33000183,0.602633,5.0,1193.0,0.21658727146148682,False,REGULAR,USD,2028-01-21,761.6900024414062,2026-09-18 23:53:39.265099
SPY280121C00815000,2026-09-18 19:23:25+00:00,815.0,52.26,53.21,54.1,0.15999985,0.30710146,168.0,1601.0,0.21399330326080324,False,REGULAR,USD,2028-01-21,761.6900024414062,2026-09-18 23:53:39.265099
SPY280121C00820000,2026-09-18 19:28:35+00:00,820.0,49.82,50.62,51.51,0.25999832,0.5246132,8.0,1836.0,0.21144892562866208,False,REGULAR,USD,2028-01-21,761.6900024414062,2026-09-18 23:53:39.265099
SPY280121C00825000,2026-09-18 19:23:26+00:00,825.0,47.06,48.1,48.99,0.0,0.0,2.0,1943.0,0.20895413856506342,False,REGULAR,USD,2028-01-21,761.6900024414062,2026-09-18 23:53:39.265099
SPY280121C00830000,2026-09-18 19:23:25+00:00,830.0,44.84,45.66,46.54,0.20000076,0.44803038,4.0,1646.0,0.2064974980926513,False,REGULAR,USD,2028-01-21,761.6900024414062,2026-09-18 23:53:39.265099
SPY280121C00835000,2026-09-18 19:23:26+00:00,835.0,42.31,43.29,44.16,0.010002136,0.023645712,2.0,1141.0,0.20408663352966308,False,REGULAR,USD,2028-01-21,761.6900024414062,2026-09-18 23:53:39.265099
SPY280121C00840000,2026-09-18 19:49:27+00:00,840.0,40.63,40.99,41.86,1.1300011,2.8607621,6.0,1791.0,0.20174443283081056,False,REGULAR,USD,2028-01-21,761.6900024414062,2026-09-18 23:53:39.265099
SPY280121C00845000,2026-09-18 15:00:21+00:00,845.0,37.33,38.77,39.64,0.55000305,1.4953862,1.0,1139.0,0.19947089599609374,False,REGULAR,USD,2028-01-21,761.6900024414062,2026-09-18 23:53:39.265099
SPY280121C00850000,2026-09-18 19:37:08+00:00,850.0,35.99,36.63,37.49,0.30000305,0.84058017,12.0,1287.0,0.19722787643432615,False,REGULAR,USD,2028-01-21,761.6900024414062,2026-09-18 23:53:39.265099
SPY280121C00855000,2026-09-18 13:41:39+00:00,855.0,33.79,34.57,35.43,0.24000168,0.7153552,3.0,529.0,0.19508403800964355,False,REGULAR,USD,2028-01-21,761.6900024414062,2026-09-18 23:53:39.265099
SPY280121C00860000,2026-09-17 18:02:05+00:00,860.0,31.57,32.6,33.44,0.0,0.0,9.0,565.0,0.19297834617614748,False,REGULAR,USD,2028-01-21,761.6900024414062,2026-09-18 23:53:39.265099
SPY280121C00865000,2026-09-17 15:00:10+00:00,865.0,29.1,30.7,31.53,0.0,0.0,1.0,368.0,0.1909336888885498,False,REGULAR,USD,2028-01-21,761.6900024414062,2026-09-18 23:53:39.265099
SPY280121C00870000,2026-09-17 15:46:06+00:00,870.0,27.98,28.88,29.7,0.0,0.0,2.0,448.0,0.1889576954650879,False,REGULAR,USD,2028-01-21,761.6900024414062,2026-09-18 23:53:39.265099
SPY280121C00875000,2026-09-18 16:47:31+00:00,875.0,25.75,27.15,27.95,2.8600006,12.494542,4.0,855.0,0.18705418056488038,False,REGULAR,USD,2028-01-21,761.6900024414062,2026-09-18 23:53:39.265099
SPY280121C00880000,2026-09-18 13:37:36+00:00,880.0,24.72,25.5,26.28,0.22999954,0.939157,1.0,584.0,0.18521932952880854,False,REGULAR,USD,2028-01-21,761.6900024414062,2026-09-18 23:53:39.265099
SPY280121C00885000,2026-09-16 18:49:32+00:00,885.0,21.44,23.93,24.69,0.0,0.0,6.0,1120.0,0.18346458633422852,False,REGULAR,USD,2028-01-21,761.6900024414062,2026-09-18 23:53:39.265099
SPY280121C00890000,2026-09-17 18:18:05+00:00,890.0,21.7,22.43,23.18,0.0,0.0,110.0,1131.0,0.18178613632202145,False,REGULAR,USD,2028-01-21,761.6900024414062,2026-09-18 23:53:39.265099
SPY280121C00895000,2026-09-18 20:00:45+00:00,895.0,21.0,21.02,21.74,2.0,10.526316,1.0,1191.0,0.18015346221923828,False,REGULAR,USD,2028-01-21,761.6900024414062,2026-09-18 23:53:39.265099
SPY280121C00900000,2026-09-18 20:01:13+00:00,900.0,19.75,19.67,20.37,0.80999947,4.2766604,41.0,2319.0,0.1785818226623535,False,REGULAR,USD,2028-01-21,761.6900024414062,2026-09-18 23:53:39.265099
SPY280121C00905000,2026-09-18 14:45:38+00:00,905.0,17.3,18.4,19.09,-1.9400005,-10.083163,1.0,700.0,0.17713988151550292,False,REGULAR,USD,2028-01-21,761.6900024414062,2026-09-18 23:53:39.265099
SPY280121C00910000,2026-09-17 14:20:49+00:00,910.0,16.2,17.2,17.82,0.0,0.0,5.0,1229.0,0.17553772468566894,False,REGULAR,USD,2028-01-21,761.6900024414062,2026-09-18 23:53:39.265099
SPY280121C00915000,2026-09-18 14:05:55+00:00,915.0,15.15,16.25,16.59,0.069999695,0.46418896,2.0,564.0,0.17388216262817385,False,REGULAR,USD,2028-01-21,761.6900024414062,2026-09-18 23:53:39.265099
SPY280121C00920000,2026-09-17 17:35:43+00:00,920.0,14.4,15.18,15.51,0.0,0.0,103.0,499.0,0.1726156958007813,False,REGULAR,USD,2028-01-21,761.6900024414062,2026-09-18 23:53:39.265099
SPY280121C00925000,2026-09-18 14:45:38+00:00,925.0,13.1,14.17,14.5,0.26000023,2.0249238,1.0,190.0,0.17144078079223635,False,REGULAR,USD,2028-01-21,761.6900024414062,2026-09-18 23:53:39.265099
SPY280121C00930000,2026-09-16 18:57:09+00:00,930.0,10.79,13.23,13.55,0.0,0.0,1.0,828.0,0.17032690032958986,False,REGULAR,USD,2028-01-21,761.6900024414062,2026-09-18 23:53:39.265099
SPY280121C00935000,2026-09-17 15:22:22+00:00,935.0,11.38,12.34,12.66,0.0,0.0,2.0,274.0,0.16928931304931644,False,REGULAR,USD,2028-01-21,761.6900024414062,2026-09-18 23:53:39.265099
SPY280121C00940000,2026-09-17 14:12:29+00:00,940.0,10.38,11.51,11.82,0.0,0.0,2.0,204.0,0.16828224304199224,False,REGULAR,USD,2028-01-21,761.6900024414062,2026-09-18 23:53:39.265099
SPY280121C00945000,2026-09-17 14:07:37+00:00,945.0,9.66,10.72,11.03,0.0,0.0,3.0,153.0,0.16732094894409183,False,REGULAR,USD,2028-01-21,761.6900024414062,2026-09-18 23:53:39.265099
SPY280121C00950000,2026-09-18 14:13:26+00:00,950.0,9.24,9.99,10.29,0.119999886,1.3157883,2.0,798.0,0.16641306007385256,False,REGULAR,USD,2028-01-21,761.6900024414062,2026-09-18 23:53:39.265099
SPY280121C00955000,2026-09-01 18:51:04+00:00,955.0,9.37,9.3,9.6,0.0,0.0,1.0,275.0,0.16558146438598637,False,REGULAR,USD,2028-01-21,761.6900024414062,2026-09-18 23:53:39.265099
SPY280121C00960000,2026-09-14 14:03:02+00:00,960.0,8.08,8.66,8.95,0.0,0.0,1.0,791.0,0.16476512733459472,False,REGULAR,USD,2028-01-21,761.6900024414062,2026-09-18 23:53:39.265099
SPY280121C00965000,2026-09-17 15:42:19+00:00,965.0,7.72,8.05,8.34,0.099999905,1.3123348,1.0,1312.0,0.16398693687438967,False,REGULAR,USD,2028-01-21,761.6900024414062,2026-09-18 23:53:39.265099
SPY280121C00970000,2026-09-15 19:58:33+00:00,970.0,6.23,7.49,7.77,0.0,0.0,6.0,1406.0,0.1632468930053711,False,REGULAR,USD,2028-01-21,761.6900024414062,2026-09-18 23:53:39.265099
SPY280121C00975000,2026-09-03 17:25:53+00:00,975.0,8.59,6.96,7.24,0.0,0.0,1.0,98.0,0.16257551300048828,False,REGULAR,USD,2028-01-21,761.6900024414062,2026-09-18 23:53:39.265099
SPY280121C00980000,2026-09-16 17:27:48+00:00,980.0,5.6,6.47,6.74,0.0,0.0,533.0,365.0,0.16190413299560547,False,REGULAR,USD,2028-01-21,761.6900024414062,2026-09-18 23:53:39.265099
SPY280121C00985000,2026-09-16 13:57:34+00:00,985.0,5.27,6.01,6.27,0.0,0.0,10.0,55.0,0.16126327026367188,False,REGULAR,USD,2028-01-21,761.6900024414062,2026-09-18 23:53:39.265099
SPY280121C00990000,2026-09-17 19:05:27+00:00,990.0,5.27,5.59,5.84,0.0,0.0,4.0,813.0,0.16069870071411135,False,REGULAR,USD,2028-01-21,761.6900024414062,2026-09-18 23:53:39.265099
SPY280121C00995000,2026-09-15 18:30:32+00:00,995.0,4.28,5.19,5.44,0.0,0.0,3.0,775.0,0.16017990707397461,False,REGULAR,USD,2028-01-21,761.6900024414062,2026-09-18 23:53:39.265099
SPY280121C01000000,2026-09-18 20:02:17+00:00,1000.0,4.9,4.92,5.1,0.32999992,7.2210045,308.0,16460.0,0.15993576889038086,False,REGULAR,USD,2028-01-21,761.6900024414062,2026-09-18 23:53:39.265099
SPY280121C01005000,2026-09-18 15:23:09+00:00,1005.0,4.18,4.57,4.76,0.7999997,23.668629,18.0,1266.0,0.1595543029785156,False,REGULAR,USD,2028-01-21,761.6900024414062,2026-09-18 23:53:39.265099
SPY280121C01010000,2026-09-18 20:09:00+00:00,1010.0,4.27,4.25,4.43,0.30999994,7.8282814,19.0,6162.0,0.15909654388427735,False,REGULAR,USD,2028-01-21,761.6900024414062,2026-09-18 23:53:39.265099
SPY280121C01015000,2026-09-18 17:07:26+00:00,1015.0,3.65,3.95,4.12,0.08000016,2.240901,58.0,6724.0,0.15863878479003907,False,REGULAR,USD,2028-01-21,761.6900024414062,2026-09-18 23:53:39.265099
SPY280121C01020000,2026-09-18 15:23:33+00:00,1020.0,3.36,3.68,3.85,0.03999996,1.2048181,38.0,5092.0,0.1583793879699707,False,REGULAR,USD,2028-01-21,761.6900024414062,2026-09-18 23:53:39.265099
SPY280121C01025000,2026-09-18 15:23:39+00:00,1025.0,3.12,3.42,3.59,0.48999977,18.631168,36.0,5175.0,0.15805895660400393,False,REGULAR,USD,2028-01-21,761.6900024414062,2026-09-18 23:53:39.265099
SPY280121C01030000,2026-09-18 15:23:45+00:00,1030.0,2.9,3.19,3.42,0.03000021,1.0453035,37.0,6256.0,0.15845568115234376,False,REGULAR,USD,2028-01-21,761.6900024414062,2026-09-18 23:53:39.265099
SPY280121C01035000,2026-09-17 14:44:59+00:00,1035.0,2.67,2.97,3.13,0.0,0.0,43.0,1759.0,0.15760119750976562,False,REGULAR,USD,2028-01-21,761.6900024414062,2026-09-18 23:53:39.265099
SPY280121C01040000,2026-09-17 14:44:42+00:00,1040.0,2.49,2.77,2.92,0.0,0.0,44.0,2296.0,0.1573570593261719,False,REGULAR,USD,2028-01-21,761.6900024414062,2026-09-18 23:53:39.265099
SPY280121C01045000,2026-09-18 15:20:27+00:00,1045.0,2.35,2.58,2.73,0.27999997,13.526568,2.0,4332.0,0.1572044729614258,False,REGULAR,USD,2028-01-21,761.6900024414062,2026-09-18 23:53:39.265099
SPY280121C01050000,2026-09-18 20:14:05+00:00,1050.0,2.45,2.41,2.55,0.25,11.363636,39.0,7181.0,0.1570213693237305,False,REGULAR,USD,2028-01-21,761.6900024414062,2026-09-18 23:53:39.265099
SPY280121C01055000,2026-09-18 19:04:16+00:00,1055.0,2.15,2.25,2.39,0.13000011,6.4356494,39.0,7307.0,0.15696033477783206,False,REGULAR,USD,2028-01-21,761.6900024414062,2026-09-18 23:53:39.265099
SPY280121C01060000,2026-09-18 15:20:57+00:00,1060.0,1.92,2.1,2.23,0.24000001,14.285715,2.0,6375.0,0.15679248977661137,False,REGULAR,USD,2028-01-21,761.6900024414062,2026-09-18 23:53:39.265099
SPY280121C01065000,2026-09-17 14:44:59+00:00,1065.0,1.77,1.96,2.09,0.0,0.0,1.0,4640.0,0.15674671386718753,False,REGULAR,USD,2028-01-21,761.6900024414062,2026-09-18 23:53:39.265099
SPY280121C01070000,2026-09-17 17:46:40+00:00,1070.0,1.68,1.84,2.02,0.0,0.0,1.0,1871.0,0.15757068023681642,False,REGULAR,USD,2028-01-21,761.6900024414062,2026-09-18 23:53:39.265099
SPY280121C01075000,2026-09-18 17:28:59+00:00,1075.0,1.57,1.66,1.82,-0.029999971,-1.8749982,1.0,1299.0,0.15647205841064454,False,REGULAR,USD,2028-01-21,761.6900024414062,2026-09-18 23:53:39.265099
SPY280121C01080000,2026-09-15 20:03:02+00:00,1080.0,1.32,1.56,1.7,0.0,0.0,2.0,307.0,0.1563805065917969,False,REGULAR,USD,2028-01-21,761.6900024414062,2026-09-18 23:53:39.265099
SPY280121C01085000,2026-08-13 17:35:53+00:00,1085.0,2.97,1.46,1.6,0.0,0.0,19.0,22.0,0.15647205841064454,False,REGULAR,USD,2028-01-21,761.6900024414062,2026-09-18 23:53:39.265099
SPY280121C01090000,2026-09-15 14:30:12+00:00,1090.0,1.16,1.37,1.51,0.0,0.0,1.0,207.0,0.15665516204833985,False,REGULAR,USD,2028-01-21,761.6900024414062,2026-09-18 23:53:39.265099
SPY280121C01095000,2026-09-17 15:22:56+00:00,1095.0,1.2,1.29,1.42,0.0,0.0,3.0,4.0,0.15674671386718753,False,REGULAR,USD,2028-01-21,761.6900024414062,2026-09-18 23:53:39.265099
SPY280121C01100000,2026-09-17 15:41:00+00:00,1100.0,1.17,1.21,1.33,0.0,0.0,1.0,888.0,0.1567161965942383,False,REGULAR,USD,2028-01-21,761.6900024414062,2026-09-18 23:53:39.265099
SPY280121C01105000,2026-08-31 19:29:21+00:00,1105.0,1.36,1.14,1.26,0.0,0.0,342.0,346.0,0.15699085205078128,False,REGULAR,USD,2028-01-21,761.6900024414062,2026-09-18 23:53:39.265099
SPY280121C01110000,2026-09-18 19:04:33+00:00,1110.0,1.09,1.08,1.19,0.18,19.78022,20.0,73.0,0.15717395568847659,False,REGULAR,USD,2028-01-21,761.6900024414062,2026-09-18 23:53:39.265099
SPY280121C01115000,2026-09-15 20:03:03+00:00,1115.0,0.87,1.02,1.12,0.0,0.0,3.0,8.0,0.15729602478027344,False,REGULAR,USD,2028-01-21,761.6900024414062,2026-09-18 23:53:39.265099
SPY280121C01120000,2026-09-18 20:00:33+00:00,1120.0,0.98,0.96,1.03,0.19,24.050632,1.0,207.0,0.1568687829589844,False,REGULAR,USD,2028-01-21,761.6900024414062,2026-09-18 23:53:39.265099
SPY280121C01125000,2026-09-03 19:38:10+00:00,1125.0,1.2,0.91,1.01,0.0,0.0,1.0,33.0,0.1579063702392578,False,REGULAR,USD,2028-01-21,761.6900024414062,2026-09-18 23:53:39.265099
SPY280121C01130000,2026-08-20 19:16:38+00:00,1130.0,1.13,0.86,0.95,0.0,0.0,1.0,77.0,0.1580284393310547,False,REGULAR,USD,2028-01-21,761.6900024414062,2026-09-18 23:53:39.265099
SPY280121C01135000,2026-09-01 15:09:11+00:00,1135.0,0.9,0.82,0.91,0.0,0.0,80.0,126.0,0.15851671569824222,False,REGULAR,USD,2028-01-21,761.6900024414062,2026-09-18 23:53:39.265099
SPY280121C01140000,2026-09-14 18:32:34+00:00,1140.0,0.74,0.78,0.86,0.0,0.0,302.0,444.0,0.15869981933593752,False,REGULAR,USD,2028-01-21,761.6900024414062,2026-09-18 23:53:39.265099
SPY280121C01150000,2026-09-15 18:38:31+00:00,1150.0,0.6,0.7,0.79,0.0,0.0,1.0,837.0,0.15973740661621094,False,REGULAR,USD,2028-01-21,761.6900024414062,2026-09-18 23:53:39.265099
SPY280121C01160000,2026-08-31 17:33:00+00:00,1160.0,0.76,0.64,0.73,0.0,0.0,19.0,57.0,0.16083602844238282,False,REGULAR,USD,2028-01-21,761.6900024414062,2026-09-18 23:53:39.265099
SPY280121C01170000,2026-09-03 18:50:30+00:00,1170.0,0.74,0.59,0.67,0.0,0.0,1.0,82.0,0.16175154663085936,False,REGULAR,USD,2028-01-21,761.6900024414062,2026-09-18 23:53:39.265099
SPY280121C01180000,2026-09-17 17:27:06+00:00,1180.0,0.54,0.54,0.62,0.0,0.0,280.0,1093.0,0.1627891339111328,False,REGULAR,USD,2028-01-21,761.6900024414062,2026-09-18 23:53:39.265099
SPY280121C01190000,2026-07-29 19:25:46+00:00,1190.0,0.63,0.59,0.62,0.0,0.0,2.0,46.0,0.16541361938476565,False,REGULAR,USD,2028-01-21,761.6900024414062,2026-09-18 23:53:39.265099
SPY280121C01200000,2026-09-17 19:34:15+00:00,1200.0,0.48,0.46,0.54,0.0,0.0,6.0,1815.0,0.1651694812011719,False,REGULAR,USD,2028-01-21,761.6900024414062,2026-09-18 23:53:39.265099
SPY280121C01210000,2026-08-06 14:49:39+00:00,1210.0,0.76,0.42,0.51,0.0,0.0,1.0,48.0,0.166573275756836,False,REGULAR,USD,2028-01-21,761.6900024414062,2026-09-18 23:53:39.265099
SPY280121C01220000,2026-06-23 13:30:01+00:00,1220.0,0.85,0.58,0.62,0.0,0.0,5.0,41.0,0.17322604125976562,False,REGULAR,USD,2028-01-21,761.6900024414062,2026-09-18 23:53:39.265099
SPY280121C01230000,2026-07-27 13:30:00+00:00,1230.0,0.52,0.43,0.47,0.0,0.0,9.0,51.0,0.16993017578125003,False,REGULAR,USD,2028-01-21,761.6900024414062,2026-09-18 23:53:39.265099
SPY280121C01240000,2026-07-17 15:33:49+00:00,1240.0,0.61,0.42,0.46,0.0,0.0,1.0,155.0,0.17188328125000002,False,REGULAR,USD,2028-01-21,761.6900024414062,2026-09-18 23:53:39.265099
SPY280121C01250000,2026-09-15 18:32:14+00:00,1250.0,0.29,0.33,0.41,0.0,0.0,1.0,323.0,0.1720053503417969,False,REGULAR,USD,2028-01-21,761.6900024414062,2026-09-18 23:53:39.265099
SPY280121C01260000,2026-09-10 18:05:29+00:00,1260.0,0.32,0.3,0.39,0.0,0.0,1.0,140.0,0.1733481103515625,False,REGULAR,USD,2028-01-21,761.6900024414062,2026-09-18 23:53:39.265099
SPY280121C01270000,2026-09-10 20:01:45+00:00,1270.0,0.3,0.28,0.37,0.0,0.0,30.0,142.0,0.17469087036132813,False,REGULAR,USD,2028-01-21,761.6900024414062,2026-09-18 23:53:39.265099
SPY280121C01280000,2026-09-10 13:30:02+00:00,1280.0,0.3,0.26,0.35,0.0,0.0,3.0,188.0,0.17591156127929689,False,REGULAR,USD,2028-01-21,761.6900024414062,2026-09-18 23:53:39.265099
SPY280121C01290000,2026-08-13 14:08:56+00:00,1290.0,0.48,0.25,0.33,0.0,0.0,1.0,352.0,0.17701018310546873,False,REGULAR,USD,2028-01-21,761.6900024414062,2026-09-18 23:53:39.265099
SPY280121C01300000,2026-08-25 19:08:22+00:00,1300.0,0.33,0.23,0.32,0.0,0.0,9.0,856.0,0.17859708129882812,False,REGULAR,USD,2028-01-21,761.6900024414062,2026-09-18 23:53:39.265099
SPY280121C01310000,2026-09-16 19:25:17+00:00,1310.0,0.2,0.22,0.3,0.0,0.0,1.0,204.0,0.17957363403320312,False,REGULAR,USD,2028-01-21,761.6900024414062,2026-09-18 23:53:39.265099
SPY280121C01320000,2026-08-28 13:44:03+00:00,1320.0,0.3,0.2,0.29,0.0,0.0,1.0,235.0,0.1810384631347656,False,REGULAR,USD,2028-01-21,761.6900024414062,2026-09-18 23:53:39.265099
SPY280121C01330000,2026-09-11 17:18:24+00:00,1330.0,0.21,0.19,0.28,0.0,0.0,1.0,1478.0,0.1825032922363281,False,REGULAR,USD,2028-01-21,761.6900024414062,2026-09-18 23:53:39.265099
SPY280121C01340000,2026-09-16 19:22:55+00:00,1340.0,0.17,0.18,0.27,0.0,0.0,8.0,4869.0,0.18396812133789062,False,REGULAR,USD,2028-01-21,761.6900024414062,2026-09-18 23:53:39.265099
SPY280121C01350000,2026-07-24 19:17:51+00:00,1350.0,0.28,0.21,0.25,0.0,0.0,6.0,6.0,0.18457846679687498,False,REGULAR,USD,2028-01-21,761.6900024414062,2026-09-18 23:53:39.265099
SPY280121C01360000,2026-08-03 15:40:21+00:00,1360.0,0.22,0.19,0.23,0.0,0.0,1.0,1.0,0.18506674316406246,False,REGULAR,USD,2028-01-21,761.6900024414062,2026-09-18 23:53:39.265099
SPY280121C01380000,2026-08-25 14:02:50+00:00,1380.0,0.19,0.14,0.22,0.0,0.0,1.0,9.0,0.18824053955078124,False,REGULAR,USD,2028-01-21,761.6900024414062,2026-09-18 23:53:39.265099
SPY280121C01390000,2026-09-03 13:37:16+00:00,1390.0,0.15,0.13,0.21,0.0,0.0,2.0,5.0,0.18933916137695314,False,REGULAR,USD,2028-01-21,761.6900024414062,2026-09-18 23:53:39.265099
SPY280121C01400000,2026-08-10 13:45:11+00:00,1400.0,0.24,0.12,0.2,0.0,0.0,1.0,11.0,0.19043778320312502,False,REGULAR,USD,2028-01-21,761.6900024414062,2026-09-18 23:53:39.265099
SPY280121C01410000,2026-09-18 17:40:20+00:00,1410.0,0.1,0.11,0.19,-0.019999996,-16.666662,15.0,85.0,0.1914143359375,False,REGULAR,USD,2028-01-21,761.6900024414062,2026-09-18 23:53:39.265099
SPY280121C01420000,2026-08-14 17:05:41+00:00,1420.0,0.24,0.1,0.19,0.0,0.0,1.0,6.0,0.19336744140625,False,REGULAR,USD,2028-01-21,761.6900024414062,2026-09-18 23:53:39.265099
SPY280121C01430000,2026-09-14 16:14:48+00:00,1430.0,0.12,0.09,0.18,0.0,0.0,50.0,59.0,0.19409985595703128,False,REGULAR,USD,2028-01-21,761.6900024414062,2026-09-18 23:53:39.265099
SPY280121C01440000,2026-09-16 19:33:45+00:00,1440.0,0.11,0.09,0.17,0.0,0.0,10.0,24.0,0.19507640869140624,False,REGULAR,USD,2028-01-21,761.6900024414062,2026-09-18 23:53:39.265099
SPY280121C01450000,2026-09-15 18:04:38+00:00,1450.0,0.09,0.08,0.17,0.0,0.0,100.0,119.0,0.19678537597656248,False,REGULAR,USD,2028-01-21,761.6900024414062,2026-09-18 23:53:39.265099
SPY280121C01460000,2026-09-04 15:45:43+00:00,1460.0,0.12,0.07,0.16,0.0,0.0,4.0,14.0,0.19751779052734375,False,REGULAR,USD,2028-01-21,761.6900024414062,2026-09-18 23:53:39.265099
SPY280121C01470000,2026-09-16 18:44:38+00:00,1470.0,0.1,0.07,0.15,0.0,0.0,1.0,91.0,0.198250205078125,False,REGULAR,USD,2028-01-21,761.6900024414062,2026-09-18 23:53:39.265099
SPY280121C01480000,2026-09-17 14:56:36+00:00,1480.0,0.12,0.06,0.15,0.029999994,33.333324,16.0,4371.0,0.19995917236328126,False,REGULAR,USD,2028-01-21,761.6900024414062,2026-09-18 23:53:39.265099
SPY280616C00050000,2026-06-23 13:46:16+00:00,50.0,687.33,687.07,692.0,0.0,0.0,1.0,3.0,1.0000000000000003e-05,True,REGULAR,USD,2028-06-16,761.6900024414062,2026-09-18 23:53:39.265099
SPY280616C00055000,2026-05-27 18:04:33+00:00,55.0,692.5,0.0,0.0,0.0,0.0,1.0,0.0,1.0000000000000003e-05,True,REGULAR,USD,2028-06-16,761.6900024414062,2026-09-18 23:53:39.265099
SPY280616C00060000,2026-04-15 16:51:51+00:00,60.0,637.05,676.0,680.5,0.0,0.0,1.0,0.0,1.0000000000000003e-05,True,REGULAR,USD,2028-06-16,761.6900024414062,2026-09-18 23:53:39.265099
SPY280616C00065000,2026-03-20 18:41:02+00:00,65.0,584.47,643.55,648.5,0.0,0.0,2.0,0.0,1.0000000000000003e-05,True,REGULAR,USD,2028-06-16,761.6900024414062,2026-09-18 23:53:39.265099
SPY280616C00070000,2026-03-27 17:53:29+00:00,70.0,567.09,0.0,0.0,0.0,0.0,1.0,0.0,1.0000000000000003e-05,True,REGULAR,USD,2028-06-16,761.6900024414062,2026-09-18 23:53:39.265099
SPY280616C00075000,2026-03-30 17:43:12+00:00,75.0,559.61,0.0,0.0,0.0,0.0,1.0,0.0,1.0000000000000003e-05,True,REGULAR,USD,2028-06-16,761.6900024414062,2026-09-18 23:53:39.265099
SPY280616C00080000,2026-09-09 15:00:17+00:00,80.0,683.86,681.28,686.0,0.0,0.0,20.0,0.0,0.8421646643066407,True,REGULAR,USD,2028-06-16,761.6900024414062,2026-09-18 23:53:39.265099
SPY280616C00105000,2026-08-27 16:27:45+00:00,105.0,666.0,656.62,661.5,0.0,0.0,,0.0,0.7598900964355471,True,REGULAR,USD,2028-06-16,761.6900024414062,2026-09-18 23:53:39.265099
SPY280616C00115000,2026-09-10 14:24:40+00:00,115.0,645.07,646.71,651.5,0.0,0.0,,0.0,0.7263210961914062,True,REGULAR,USD,2028-06-16,761.6900024414062,2026-09-18 23:53:39.265099
SPY280616C00135000,2026-02-09 14:31:09+00:00,135.0,553.94,0.0,0.0,0.0,0.0,44.0,0.0,1.0000000000000003e-05,True,REGULAR,USD,2028-06-16,761.6900024414062,2026-09-18 23:53:39.265099
SPY280616C00140000,2026-02-09 15:04:54+00:00,140.0,551.5,0.0,0.0,0.0,0.0,132.0,0.0,1.0000000000000003e-05,True,REGULAR,USD,2028-06-16,761.6900024414062,2026-09-18 23:53:39.265099
SPY280616C00150000,2026-06-03 19:56:04+00:00,150.0,608.0,0.0,0.0,0.0,0.0,,0.0,1.0000000000000003e-05,True,REGULAR,USD,2028-06-16,761.6900024414062,2026-09-18 23:53:39.265099
SPY280616C00155000,2025-12-10 19:40:08+00:00,155.0,531.5,532.0,536.0,0.0,0.0,,0.0,1.0000000000000003e-05,True,REGULAR,USD,2028-06-16,761.6900024414062,2026-09-18 23:53:39.265099
SPY280616C00160000,2026-09-16 13:44:29+00:00,160.0,600.67,604.21,609.0,0.0,0.0,40.0,2.0,0.6804231176757813,True,REGULAR,USD,2028-06-16,761.6900024414062,2026-09-18 23:53:39.265099
SPY280616C00165000,2026-09-18 19:35:47+00:00,165.0,600.04,599.69,604.5,-1.2400513,-0.20623523,5.0,9.0,0.6798432894897463,True,REGULAR,USD,2028-06-16,761.6900024414062,2026-09-18 23:53:39.265099
SPY280616C00180000,2026-04-17 15:50:10+00:00,180.0,536.35,563.0,567.0,0.0,0.0,6.0,6.0,1.0000000000000003e-05,True,REGULAR,USD,2028-06-16,761.6900024414062,2026-09-18 23:53:39.265099
SPY280616C00190000,2026-05-06 18:11:58+00:00,190.0,547.55,554.0,558.0,0.0,0.0,1.0,2.0,1.0000000000000003e-05,True,REGULAR,USD,2028-06-16,761.6900024414062,2026-09-18 23:53:39.265099
SPY280616C00195000,2026-05-12 17:19:11+00:00,195.0,544.95,563.5,567.5,0.0,0.0,1.0,1.0,0.4459283923339844,True,REGULAR,USD,2028-06-16,761.6900024414062,2026-09-18 23:53:39.265099
SPY280616C00200000,2026-07-10 16:04:48+00:00,200.0,559.5,567.29,572.0,0.0,0.0,1.0,20.0,0.6472508419799804,True,REGULAR,USD,2028-06-16,761.6900024414062,2026-09-18 23:53:39.265099
SPY280616C00210000,2026-05-05 18:22:09+00:00,210.0,522.04,536.0,540.0,0.0,0.0,1.0,1.0,1.0000000000000003e-05,True,REGULAR,USD,2028-06-16,761.6900024414062,2026-09-18 23:53:39.265099
SPY280616C00225000,2026-06-10 17:12:50+00:00,225.0,514.5,538.0,542.16,0.0,0.0,1.0,11.0,0.5002186209106446,True,REGULAR,USD,2028-06-16,761.6900024414062,2026-09-18 23:53:39.265099
SPY280616C00240000,2026-05-29 14:47:19+00:00,240.0,526.0,0.0,0.0,0.0,0.0,2.0,0.0,1.0000000000000003e-05,True,REGULAR,USD,2028-06-16,761.6900024414062,2026-09-18 23:53:39.265099
SPY280616C00250000,2025-12-22 14:38:46+00:00,250.0,445.86,451.68,456.0,0.0,0.0,4.0,4.0,1.0000000000000003e-05,True,REGULAR,USD,2028-06-16,761.6900024414062,2026-09-18 23:53:39.265099
SPY280616C00300000,2026-06-12 14:52:56+00:00,300.0,458.5,470.5,474.96,0.0,0.0,1.0,18.0,0.5008900009155274,True,REGULAR,USD,2028-06-16,761.6900024414062,2026-09-18 23:53:39.265099
SPY280616C00320000,2026-06-24 16:33:31+00:00,320.0,440.52,459.08,464.0,0.0,0.0,2.0,4.0,0.552036950378418,True,REGULAR,USD,2028-06-16,761.6900024414062,2026-09-18 23:53:39.265099
SPY280616C00340000,2026-08-04 18:31:08+00:00,340.0,452.16,446.5,451.42,0.0,0.0,40.0,13.0,0.5741161973571778,True,REGULAR,USD,2028-06-16,761.6900024414062,2026-09-18 23:53:39.265099
SPY280616C00345000,2026-08-07 16:14:41+00:00,345.0,449.35,437.82,442.5,0.0,0.0,2.0,1.0,0.5383804707336428,True,REGULAR,USD,2028-06-16,761.6900024414062,2026-09-18 23:53:39.265099
SPY280616C00350000,2026-08-19 15:00:42+00:00,350.0,443.05,433.36,438.0,0.0,0.0,1.0,15.0,0.5339707247924804,True,REGULAR,USD,2028-06-16,761.6900024414062,2026-09-18 23:53:39.265099
SPY280616C00360000,2026-03-31 13:41:50+00:00,360.0,307.48,0.0,0.0,0.0,0.0,2.0,0.0,1.0000000000000003e-05,True,REGULAR,USD,2028-06-16,761.6900024414062,2026-09-18 23:53:39.265099
SPY280616C00365000,2026-03-31 13:43:54+00:00,365.0,303.43,0.0,0.0,0.0,0.0,1.0,0.0,1.0000000000000003e-05,True,REGULAR,USD,2028-06-16,761.6900024414062,2026-09-18 23:53:39.265099
SPY280616C00370000,2026-05-21 13:40:42+00:00,370.0,394.07,0.0,0.0,0.0,0.0,1.0,0.0,1.0000000000000003e-05,True,REGULAR,USD,2028-06-16,761.6900024414062,2026-09-18 23:53:39.265099
SPY280616C00375000,2026-09-15 17:02:56+00:00,375.0,406.13,411.13,416.0,0.0,0.0,1.0,8.0,0.5137682901000976,True,REGULAR,USD,2028-06-16,761.6900024414062,2026-09-18 23:53:39.265099
SPY280616C00380000,2025-12-16 20:02:25+00:00,380.0,327.23,327.41,332.0,0.0,0.0,,1.0,1.0000000000000003e-05,True,REGULAR,USD,2028-06-16,761.6900024414062,2026-09-18 23:53:39.265099
SPY280616C00385000,2026-09-09 13:43:47+00:00,385.0,402.87,402.26,407.0,0.0,0.0,1.0,66.0,0.5050708673095703,True,REGULAR,USD,2028-06-16,761.6900024414062,2026-09-18 23:53:39.265099
SPY280616C00390000,2026-08-14 15:20:05+00:00,390.0,411.95,397.84,402.5,0.0,0.0,5.0,6.0,0.5007679318237305,True,REGULAR,USD,2028-06-16,761.6900024414062,2026-09-18 23:53:39.265099
SPY280616C00395000,2026-01-05 17:03:00+00:00,395.0,324.75,324.55,329.0,0.0,0.0,,9.0,1.0000000000000003e-05,True,REGULAR,USD,2028-06-16,761.6900024414062,2026-09-18 23:53:39.265099
SPY280616C00400000,2026-08-17 14:17:59+00:00,400.0,401.54,389.0,393.97,0.0,0.0,4.0,377.0,0.5080463014221193,True,REGULAR,USD,2028-06-16,761.6900024414062,2026-09-18 23:53:39.265099
SPY280616C00405000,2026-04-14 13:51:20+00:00,405.0,316.63,361.64,365.5,0.0,0.0,2.0,8.0,0.3386601779174804,True,REGULAR,USD,2028-06-16,761.6900024414062,2026-09-18 23:53:39.265099
SPY280616C00410000,2026-04-15 18:02:23+00:00,410.0,320.8,357.33,361.0,0.0,0.0,13.0,18.0,0.3377294010925293,True,REGULAR,USD,2028-06-16,761.6900024414062,2026-09-18 23:53:39.265099
SPY280616C00415000,2026-01-05 19:32:09+00:00,415.0,306.84,307.65,312.5,0.0,0.0,,1.0,1.0000000000000003e-05,True,REGULAR,USD,2028-06-16,761.6900024414062,2026-09-18 23:53:39.265099
SPY280616C00420000,2026-08-26 18:41:26+00:00,420.0,374.52,371.37,376.0,0.0,0.0,1.0,6.0,0.4891561094665528,True,REGULAR,USD,2028-06-16,761.6900024414062,2026-09-18 23:53:39.265099
SPY280616C00425000,2026-09-01 18:05:13+00:00,425.0,365.99,367.0,371.95,0.0,0.0,4.0,33.0,0.48682153808593753,True,REGULAR,USD,2028-06-16,761.6900024414062,2026-09-18 23:53:39.265099
SPY280616C00430000,2026-07-20 15:54:13+00:00,430.0,350.02,361.5,366.47,0.0,0.0,1.0,3.0,0.47695682960510255,True,REGULAR,USD,2028-06-16,761.6900024414062,2026-09-18 23:53:39.265099
SPY280616C00435000,2026-07-31 13:30:01+00:00,435.0,343.38,362.07,367.0,0.0,0.0,1.0,26.0,0.49786879089355474,True,REGULAR,USD,2028-06-16,761.6900024414062,2026-09-18 23:53:39.265099
SPY280616C00440000,2026-07-10 19:03:38+00:00,440.0,350.0,352.75,357.5,0.0,0.0,15.0,0.0,0.46783216499328617,True,REGULAR,USD,2028-06-16,761.6900024414062,2026-09-18 23:53:39.265099
SPY280616C00445000,2026-03-09 20:12:03+00:00,445.0,269.0,299.86,304.5,0.0,0.0,,0.0,1.0000000000000003e-05,True,REGULAR,USD,2028-06-16,761.6900024414062,2026-09-18 23:53:39.265099
SPY280616C00450000,2026-08-31 14:08:10+00:00,450.0,347.45,345.1,350.0,0.0,0.0,2.0,37.0,0.4659782406616212,True,REGULAR,USD,2028-06-16,761.6900024414062,2026-09-18 23:53:39.265099
SPY280616C00455000,2026-03-09 14:53:58+00:00,455.0,253.64,291.49,296.0,0.0,0.0,1.0,3.0,1.0000000000000003e-05,True,REGULAR,USD,2028-06-16,761.6900024414062,2026-09-18 23:53:39.265099
SPY280616C00460000,2026-08-03 16:26:52+00:00,460.0,332.75,340.18,345.0,0.0,0.0,2.0,4.0,0.47538519004821767,True,REGULAR,USD,2028-06-16,761.6900024414062,2026-09-18 23:53:39.265099
SPY280616C00465000,2026-09-15 16:18:03+00:00,465.0,326.63,332.06,337.0,0.0,0.0,2.0,4.0,0.4542596078491211,True,REGULAR,USD,2028-06-16,761.6900024414062,2026-09-18 23:53:39.265099
SPY280616C00470000,2026-06-22 19:52:16+00:00,470.0,317.2,308.0,312.26,0.0,0.0,4.0,6.0,0.34799083412170406,True,REGULAR,USD,2028-06-16,761.6900024414062,2026-09-18 23:53:39.265099
SPY280616C00475000,2026-07-16 14:09:47+00:00,475.0,318.33,322.5,327.44,0.0,0.0,25.0,35.0,0.4423502420806885,True,REGULAR,USD,2028-06-16,761.6900024414062,2026-09-18 23:53:39.265099
SPY280616C00480000,2026-08-05 16:48:25+00:00,480.0,329.66,323.0,327.74,0.0,0.0,4.0,2.0,0.4590279317474365,True,REGULAR,USD,2028-06-16,761.6900024414062,2026-09-18 23:53:39.265099
SPY280616C00485000,2026-06-30 17:36:00+00:00,485.0,304.07,313.88,318.5,0.0,0.0,1.0,26.0,0.4333705345153809,True,REGULAR,USD,2028-06-16,761.6900024414062,2026-09-18 23:53:39.265099
SPY280616C00490000,2026-09-16 18:29:03+00:00,490.0,306.9,310.5,315.46,0.0,0.0,1.0,17.0,0.435125277709961,True,REGULAR,USD,2028-06-16,761.6900024414062,2026-09-18 23:53:39.265099
SPY280616C00495000,2026-07-01 18:55:41+00:00,495.0,295.81,305.35,310.0,0.0,0.0,1.0,11.0,0.4263210444641114,True,REGULAR,USD,2028-06-16,761.6900024414062,2026-09-18 23:53:39.265099
SPY280616C00500000,2026-09-17 19:39:13+00:00,500.0,301.0,301.92,306.5,0.0,0.0,1.0,108.0,0.42594720787048346,True,REGULAR,USD,2028-06-16,761.6900024414062,2026-09-18 23:53:39.265099
SPY280616C00505000,2026-06-22 18:36:52+00:00,505.0,288.58,278.5,283.07,0.0,0.0,2.0,3.0,0.33742422836303715,True,REGULAR,USD,2028-06-16,761.6900024414062,2026-09-18 23:53:39.265099
SPY280616C00510000,2026-06-22 18:38:46+00:00,510.0,284.39,274.5,278.95,0.0,0.0,84.0,44.0,0.3357839249420166,True,REGULAR,USD,2028-06-16,761.6900024414062,2026-09-18 23:53:39.265099
SPY280616C00515000,2026-08-13 14:46:33+00:00,515.0,303.05,289.15,294.0,0.0,0.0,12.0,54.0,0.4160596114349364,True,REGULAR,USD,2028-06-16,761.6900024414062,2026-09-18 23:53:39.265099
SPY280616C00520000,2026-08-03 16:32:27+00:00,520.0,282.47,288.52,293.45,0.0,0.0,3.0,38.0,0.42706108833312995,True,REGULAR,USD,2028-06-16,761.6900024414062,2026-09-18 23:53:39.265099
SPY280616C00525000,2026-07-16 14:09:47+00:00,525.0,276.49,280.05,285.0,0.0,0.0,25.0,70.0,0.4067136965942383,True,REGULAR,USD,2028-06-16,761.6900024414062,2026-09-18 23:53:39.265099
SPY280616C00530000,2026-08-04 15:43:13+00:00,530.0,284.5,280.06,284.99,0.0,0.0,1.0,43.0,0.4194393994140625,True,REGULAR,USD,2028-06-16,761.6900024414062,2026-09-18 23:53:39.265099
SPY280616C00535000,2026-09-09 13:51:31+00:00,535.0,272.87,272.27,277.0,0.0,0.0,1.0,33.0,0.4012511047363281,True,REGULAR,USD,2028-06-16,761.6900024414062,2026-09-18 23:53:39.265099
SPY280616C00540000,2026-07-22 18:10:07+00:00,540.0,260.09,267.56,272.5,0.0,0.0,1.0,19.0,0.39656670333862304,True,REGULAR,USD,2028-06-16,761.6900024414062,2026-09-18 23:53:39.265099
SPY280616C00545000,2026-09-17 13:47:41+00:00,545.0,262.77,263.9,268.5,0.0,0.0,11.0,13.0,0.393759114227295,True,REGULAR,USD,2028-06-16,761.6900024414062,2026-09-18 23:53:39.265099
SPY280616C00550000,2026-09-16 16:52:44+00:00,550.0,257.5,259.74,264.5,0.0,0.0,1.0,777.0,0.39091337852478025,True,REGULAR,USD,2028-06-16,761.6900024414062,2026-09-18 23:53:39.265099
SPY280616C00555000,2026-09-18 13:31:05+00:00,555.0,257.13,255.58,260.5,2.550003,1.0016509,1.0,18.0,0.3880294962310791,True,REGULAR,USD,2028-06-16,761.6900024414062,2026-09-18 23:53:39.265099
SPY280616C00560000,2026-09-11 19:13:59+00:00,560.0,254.14,251.44,256.0,0.0,0.0,2.0,7.0,0.3833069482421875,True,REGULAR,USD,2028-06-16,761.6900024414062,2026-09-18 23:53:39.265099
SPY280616C00565000,2026-09-18 14:56:57+00:00,565.0,246.56,247.32,252.0,-3.300003,-1.3207408,2.0,19.0,0.38036966072082523,True,REGULAR,USD,2028-06-16,761.6900024414062,2026-09-18 23:53:39.265099
SPY280616C00570000,2026-08-06 13:53:00+00:00,570.0,253.97,243.21,248.0,0.0,0.0,4.0,16.0,0.3774018559265136,True,REGULAR,USD,2028-06-16,761.6900024414062,2026-09-18 23:53:39.265099
SPY280616C00575000,2026-08-31 15:16:47+00:00,575.0,243.26,239.11,244.0,0.0,0.0,1.0,17.0,0.37439590454101557,True,REGULAR,USD,2028-06-16,761.6900024414062,2026-09-18 23:53:39.265099
SPY280616C00580000,2026-08-31 13:46:42+00:00,580.0,239.4,235.03,239.5,0.0,0.0,2.0,17.0,0.36963520996093746,True,REGULAR,USD,2028-06-16,761.6900024414062,2026-09-18 23:53:39.265099
SPY280616C00585000,2026-08-07 16:21:48+00:00,585.0,242.97,230.96,235.5,0.0,0.0,9.0,16.0,0.3665758533477783,True,REGULAR,USD,2028-06-16,761.6900024414062,2026-09-18 23:53:39.265099
SPY280616C00590000,2026-09-02 15:47:12+00:00,590.0,229.75,226.91,231.5,0.0,0.0,1.0,11.0,0.36348597946167,True,REGULAR,USD,2028-06-16,761.6900024414062,2026-09-18 23:53:39.265099
SPY280616C00595000,2026-09-09 13:55:21+00:00,595.0,224.36,222.87,227.5,0.0,0.0,1.0,19.0,0.36035795898437495,True,REGULAR,USD,2028-06-16,761.6900024414062,2026-09-18 23:53:39.265099
SPY280616C00600000,2026-09-18 18:54:09+00:00,600.0,220.0,218.85,223.5,0.0,0.0,2.0,358.0,0.35719942123413084,True,REGULAR,USD,2028-06-16,761.6900024414062,2026-09-18 23:53:39.265099
SPY280616C00605000,2026-09-18 16:43:52+00:00,605.0,213.13,214.85,219.5,2.350006,1.1149094,14.0,50.0,0.35400655155181876,True,REGULAR,USD,2028-06-16,761.6900024414062,2026-09-18 23:53:39.265099
SPY280616C00610000,2026-09-18 16:43:52+00:00,610.0,209.11,210.86,215.5,2.350006,1.1365864,14.0,133.0,0.3507755352783203,True,REGULAR,USD,2028-06-16,761.6900024414062,2026-09-18 23:53:39.265099
SPY280616C00615000,2026-09-16 19:14:01+00:00,615.0,198.0,206.89,211.5,0.0,0.0,3.0,24.0,0.3475178163909911,True,REGULAR,USD,2028-06-16,761.6900024414062,2026-09-18 23:53:39.265099
SPY280616C00620000,2026-09-18 17:11:34+00:00,620.0,202.01,202.94,207.5,0.009994507,0.0049477755,10.0,184.0,0.34422195091247554,True,REGULAR,USD,2028-06-16,761.6900024414062,2026-09-18 23:53:39.265099
SPY280616C00625000,2026-09-10 15:47:13+00:00,625.0,196.35,199.01,203.5,0.0,0.0,7.0,115.0,0.34089556816101074,True,REGULAR,USD,2028-06-16,761.6900024414062,2026-09-18 23:53:39.265099
SPY280616C00630000,2026-09-18 20:05:28+00:00,630.0,197.23,195.1,199.5,5.869995,3.0675142,3.0,94.0,0.3375386681365967,True,REGULAR,USD,2028-06-16,761.6900024414062,2026-09-18 23:53:39.265099
SPY280616C00635000,2026-09-14 16:27:24+00:00,635.0,190.81,191.21,196.0,0.0,0.0,1.0,387.0,0.3356618558502198,True,REGULAR,USD,2028-06-16,761.6900024414062,2026-09-18 23:53:39.265099
SPY280616C00640000,2026-09-16 19:09:19+00:00,640.0,180.0,187.36,192.0,0.0,0.0,5.0,55.0,0.33222103332519537,True,REGULAR,USD,2028-06-16,761.6900024414062,2026-09-18 23:53:39.265099
SPY280616C00645000,2026-08-21 19:58:55+00:00,645.0,188.79,183.51,188.0,0.0,0.0,2.0,58.0,0.3287496935272216,True,REGULAR,USD,2028-06-16,761.6900024414062,2026-09-18 23:53:39.265099
SPY280616C00650000,2026-09-18 20:10:27+00:00,650.0,182.0,179.65,184.0,5.0,2.8248587,1.0,261.0,0.32524020713806145,True,REGULAR,USD,2028-06-16,761.6900024414062,2026-09-18 23:53:39.265099
SPY280616C00655000,2026-09-17 16:07:53+00:00,655.0,175.48,175.87,180.5,0.0,0.0,1.0,62.0,0.3231574032592772,True,REGULAR,USD,2028-06-16,761.6900024414062,2026-09-18 23:53:39.265099
SPY280616C00660000,2026-09-18 19:27:36+00:00,660.0,171.74,172.06,176.5,-7.2599945,-4.055863,1.0,348.0,0.3195678090286254,True,REGULAR,USD,2028-06-16,761.6900024414062,2026-09-18 23:53:39.265099
SPY280616C00665000,2026-09-18 17:19:28+00:00,665.0,167.85,168.29,173.0,1.2000122,0.72007936,1.0,46.0,0.317378194694519,True,REGULAR,USD,2028-06-16,761.6900024414062,2026-09-18 23:53:39.265099
SPY280616C00670000,2026-09-16 18:22:49+00:00,670.0,163.05,164.57,169.0,0.0,0.0,1.0,84.0,0.31370467796325685,True,REGULAR,USD,2028-06-16,761.6900024414062,2026-09-18 23:53:39.265099
SPY280616C00675000,2026-09-14 15:59:43+00:00,675.0,160.3,160.85,165.5,0.0,0.0,14.0,68.0,0.31140825317382803,True,REGULAR,USD,2028-06-16,761.6900024414062,2026-09-18 23:53:39.265099
SPY280616C00680000,2026-09-10 19:41:14+00:00,680.0,154.24,157.16,161.5,0.0,0.0,2.0,309.0,0.3076546286010742,True,REGULAR,USD,2028-06-16,761.6900024414062,2026-09-18 23:53:39.265099
SPY280616C00685000,2026-09-14 15:54:26+00:00,685.0,152.93,153.5,158.0,0.0,0.0,12.0,248.0,0.30525139335632323,True,REGULAR,USD,2028-06-16,761.6900024414062,2026-09-18 23:53:39.265099
SPY280616C00690000,2026-09-14 18:34:37+00:00,690.0,150.31,149.84,154.5,0.0,0.0,1.0,463.0,0.3027871235656738,True,REGULAR,USD,2028-06-16,761.6900024414062,2026-09-18 23:53:39.265099
SPY280616C00695000,2026-09-14 16:01:28+00:00,695.0,145.65,146.2,150.5,0.0,0.0,19.0,171.0,0.2988961712646484,True,REGULAR,USD,2028-06-16,761.6900024414062,2026-09-18 23:53:39.265099
SPY280616C00700000,2026-09-18 19:52:57+00:00,700.0,145.0,142.6,147.0,3.0299988,2.1342528,4.0,290.0,0.29632509101867677,True,REGULAR,USD,2028-06-16,761.6900024414062,2026-09-18 23:53:39.265099
SPY280616C00705000,2026-09-17 15:06:00+00:00,705.0,137.8,139.03,143.5,0.0,0.0,1.0,292.0,0.29369297622680657,True,REGULAR,USD,2028-06-16,761.6900024414062,2026-09-18 23:53:39.265099
SPY280616C00710000,2026-09-14 16:01:50+00:00,710.0,134.92,135.53,140.0,0.0,0.0,27.0,234.0,0.29100364154815667,True,REGULAR,USD,2028-06-16,761.6900024414062,2026-09-18 23:53:39.265099
SPY280616C00715000,2026-09-14 14:42:49+00:00,715.0,130.02,132.0,136.5,0.0,0.0,3.0,334.0,0.2882532723236083,True,REGULAR,USD,2028-06-16,761.6900024414062,2026-09-18 23:53:39.265099
SPY280616C00720000,2026-09-17 17:15:43+00:00,720.0,129.0,128.52,133.0,0.0,0.0,2.0,109.0,0.28543805389404286,True,REGULAR,USD,2028-06-16,761.6900024414062,2026-09-18 23:53:39.265099
SPY280616C00725000,2026-09-08 14:02:09+00:00,725.0,128.44,125.07,129.5,0.0,0.0,2.0,97.0,0.28256943023681635,True,REGULAR,USD,2028-06-16,761.6900024414062,2026-09-18 23:53:39.265099
SPY280616C00730000,2026-09-17 14:31:32+00:00,730.0,121.24,121.64,126.0,0.0,0.0,1.0,311.0,0.2796321427154541,True,REGULAR,USD,2028-06-16,761.6900024414062,2026-09-18 23:53:39.265099
SPY280616C00735000,2026-09-04 13:49:53+00:00,735.0,125.82,118.25,122.5,0.0,0.0,1.0,426.0,0.2766338206481933,True,REGULAR,USD,2028-06-16,761.6900024414062,2026-09-18 23:53:39.265099
SPY280616C00740000,2026-09-18 17:34:05+00:00,740.0,113.42,114.87,119.5,3.619995,3.2968988,2.0,129.0,0.27486381881713867,True,REGULAR,USD,2028-06-16,761.6900024414062,2026-09-18 23:53:39.265099
SPY280616C00745000,2026-09-18 15:55:37+00:00,745.0,110.03,111.55,116.0,0.83000183,0.760075,1.0,303.0,0.27173579833984374,True,REGULAR,USD,2028-06-16,761.6900024414062,2026-09-18 23:53:39.265099
SPY280616C00750000,2026-09-17 16:31:39+00:00,750.0,108.36,108.26,112.5,-0.16999817,-0.15663703,1.0,482.0,0.268539113998413,True,REGULAR,USD,2028-06-16,761.6900024414062,2026-09-18 23:53:39.265099
SPY280616C00755000,2026-09-16 18:45:21+00:00,755.0,103.79,104.99,109.5,0.0,0.0,1.0,280.0,0.26654404727935793,True,REGULAR,USD,2028-06-16,761.6900024414062,2026-09-18 23:53:39.265099
SPY280616C00760000,2026-09-18 16:23:42+00:00,760.0,100.89,101.75,106.0,-0.69999695,-0.6890412,4.0,424.0,0.26320622055053716,True,REGULAR,USD,2028-06-16,761.6900024414062,2026-09-18 23:53:39.265099
SPY280616C00765000,2026-09-18 19:40:23+00:00,765.0,99.18,98.57,103.0,0.08000183,0.08072839,2.0,693.0,0.2610623821258544,False,REGULAR,USD,2028-06-16,761.6900024414062,2026-09-18 23:53:39.265099
SPY280616C00770000,2026-09-15 18:18:28+00:00,770.0,92.32,95.42,100.0,0.0,0.0,5.0,579.0,0.25883843585968025,False,REGULAR,USD,2028-06-16,761.6900024414062,2026-09-18 23:53:39.265099
SPY280616C00775000,2026-09-16 13:30:08+00:00,775.0,90.21,92.29,97.0,0.0,0.0,10.0,132.0,0.25653056709289557,False,REGULAR,USD,2028-06-16,761.6900024414062,2026-09-18 23:53:39.265099
SPY280616C00780000,2026-09-17 14:46:25+00:00,780.0,89.0,89.23,94.0,0.0,0.0,1.0,416.0,0.2541464051437378,False,REGULAR,USD,2028-06-16,761.6900024414062,2026-09-18 23:53:39.265099
SPY280616C00785000,2026-09-15 14:50:54+00:00,785.0,82.75,86.2,91.0,0.0,0.0,1.0,248.0,0.2516745060348511,False,REGULAR,USD,2028-06-16,761.6900024414062,2026-09-18 23:53:39.265099
SPY280616C00790000,2026-09-18 18:31:37+00:00,790.0,83.84,83.2,88.0,0.8299942,0.9998725,152.0,64.0,0.24912249908447265,False,REGULAR,USD,2028-06-16,761.6900024414062,2026-09-18 23:53:39.265099
SPY280616C00795000,2026-09-17 17:48:38+00:00,795.0,80.51,80.26,85.0,0.0,0.0,20.0,482.0,0.2464789403152466,False,REGULAR,USD,2028-06-16,761.6900024414062,2026-09-18 23:53:39.265099
SPY280616C00800000,2026-09-18 17:34:06+00:00,800.0,77.41,77.89,81.53,-0.55999756,-0.71822184,3.0,2104.0,0.24258035869598382,False,REGULAR,USD,2028-06-16,761.6900024414062,2026-09-18 23:53:39.265099
SPY280616C00805000,2026-09-04 17:13:44+00:00,805.0,79.51,75.26,78.71,0.0,0.0,1.0,276.0,0.24021145538330074,False,REGULAR,USD,2028-06-16,761.6900024414062,2026-09-18 23:53:39.265099
SPY280616C00810000,2026-09-18 19:23:26+00:00,810.0,72.75,72.27,76.06,-6.6200027,-8.340686,6.0,358.0,0.2381667980957031,False,REGULAR,USD,2028-06-16,761.6900024414062,2026-09-18 23:53:39.265099
SPY280616C00815000,2026-09-17 17:48:32+00:00,815.0,69.0,69.75,73.2,-0.30999756,-0.4472624,1.0,499.0,0.23550798069000245,False,REGULAR,USD,2028-06-16,761.6900024414062,2026-09-18 23:53:39.265099
SPY280616C00820000,2026-09-16 19:48:10+00:00,820.0,61.76,68.57,68.95,0.0,0.0,1.0,204.0,0.22927482769012453,False,REGULAR,USD,2028-06-16,761.6900024414062,2026-09-18 23:53:39.265099
SPY280616C00825000,2026-09-17 19:53:00+00:00,825.0,64.4,65.93,66.3,0.0,0.0,2.0,1184.0,0.22693262699127192,False,REGULAR,USD,2028-06-16,761.6900024414062,2026-09-18 23:53:39.265099
SPY280616C00830000,2026-09-18 19:23:26+00:00,830.0,62.17,63.34,63.71,5.4699974,9.647262,2.0,53.0,0.22463238754272458,False,REGULAR,USD,2028-06-16,761.6900024414062,2026-09-18 23:53:39.265099
SPY280616C00835000,2026-09-17 19:45:30+00:00,835.0,59.25,60.81,61.17,0.0,0.0,1.0,3235.0,0.22235503604888912,False,REGULAR,USD,2028-06-16,761.6900024414062,2026-09-18 23:53:39.265099
SPY280616C00840000,2026-09-18 19:35:01+00:00,840.0,57.2,58.33,58.69,3.8600006,7.2365966,3.0,441.0,0.2201196458053588,False,REGULAR,USD,2028-06-16,761.6900024414062,2026-09-18 23:53:39.265099
SPY280616C00845000,2026-09-14 14:44:25+00:00,845.0,52.85,55.91,56.27,0.0,0.0,2.0,206.0,0.21792240215301512,False,REGULAR,USD,2028-06-16,761.6900024414062,2026-09-18 23:53:39.265099
SPY280616C00850000,2026-09-17 18:27:45+00:00,850.0,51.89,53.54,53.9,0.0,0.0,7.0,6398.0,0.21574041713714598,False,REGULAR,USD,2028-06-16,761.6900024414062,2026-09-18 23:53:39.265099
SPY280616C00855000,2026-08-28 16:57:12+00:00,855.0,57.2,51.24,51.6,0.0,0.0,2.0,112.0,0.21362328132629396,False,REGULAR,USD,2028-06-16,761.6900024414062,2026-09-18 23:53:39.265099
SPY280616C00860000,2026-09-17 15:22:49+00:00,860.0,46.6,49.0,49.36,0.0,0.0,4.0,104.0,0.21154047744750976,False,REGULAR,USD,2028-06-16,761.6900024414062,2026-09-18 23:53:39.265099
SPY280616C00865000,2026-09-04 17:42:23+00:00,865.0,48.93,46.81,47.16,0.0,0.0,1.0,97.0,0.20944241493225094,False,REGULAR,USD,2028-06-16,761.6900024414062,2026-09-18 23:53:39.265099
SPY280616C00870000,2026-09-17 17:07:10+00:00,870.0,43.17,44.7,45.05,0.0,0.0,4.0,2183.0,0.20745879219055172,False,REGULAR,USD,2028-06-16,761.6900024414062,2026-09-18 23:53:39.265099
SPY280616C00875000,2026-09-16 15:53:33+00:00,875.0,40.12,42.64,42.99,0.0,0.0,10.0,1517.0,0.2054827987670898,False,REGULAR,USD,2028-06-16,761.6900024414062,2026-09-18 23:53:39.265099
SPY280616C00880000,2026-09-18 13:44:50+00:00,880.0,39.37,40.64,40.99,-2.5499992,-6.0830135,1.0,199.0,0.20353732261657712,False,REGULAR,USD,2028-06-16,761.6900024414062,2026-09-18 23:53:39.265099
SPY280616C00885000,2026-08-20 15:18:10+00:00,885.0,43.4,38.72,39.06,0.0,0.0,1.0,19.0,0.20165669567108152,False,REGULAR,USD,2028-06-16,761.6900024414062,2026-09-18 23:53:39.265099
SPY280616C00890000,2026-09-10 18:50:58+00:00,890.0,34.61,36.86,37.19,0.0,0.0,12.0,309.0,0.19980658599853518,False,REGULAR,USD,2028-06-16,761.6900024414062,2026-09-18 23:53:39.265099
SPY280616C00895000,2026-09-17 19:42:40+00:00,895.0,33.69,35.06,35.39,0.0,0.0,2.0,60.0,0.19802132553100588,False,REGULAR,USD,2028-06-16,761.6900024414062,2026-09-18 23:53:39.265099
SPY280616C00900000,2026-09-18 17:22:57+00:00,900.0,31.8,33.33,33.65,3.7999992,13.571426,2.0,1119.0,0.1962742116546631,False,REGULAR,USD,2028-06-16,761.6900024414062,2026-09-18 23:53:39.265099
SPY280616C00905000,2026-09-14 18:48:06+00:00,905.0,30.44,31.66,31.98,0.0,0.0,3.0,261.0,0.19458813232421873,False,REGULAR,USD,2028-06-16,761.6900024414062,2026-09-18 23:53:39.265099
SPY280616C00910000,2026-09-08 15:45:27+00:00,910.0,31.46,30.06,30.37,0.0,0.0,1.0,224.0,0.1929440142440796,False,REGULAR,USD,2028-06-16,761.6900024414062,2026-09-18 23:53:39.265099
SPY280616C00915000,2026-09-18 19:43:29+00:00,915.0,28.02,28.53,28.83,0.65999985,2.41228,1.0,124.0,0.19136856002807617,False,REGULAR,USD,2028-06-16,761.6900024414062,2026-09-18 23:53:39.265099
SPY280616C00920000,2026-09-18 16:02:22+00:00,920.0,25.56,27.05,27.35,0.32999992,1.3079665,43.0,247.0,0.18983506706237796,False,REGULAR,USD,2028-06-16,761.6900024414062,2026-09-18 23:53:39.265099
SPY280616C00925000,2026-09-17 18:52:06+00:00,925.0,24.4,25.64,25.93,0.0,0.0,33.0,518.0,0.18834735000610353,False,REGULAR,USD,2028-06-16,761.6900024414062,2026-09-18 23:53:39.265099
SPY280616C00930000,2026-09-16 13:37:11+00:00,930.0,21.91,24.3,24.58,0.0,0.0,1.0,180.0,0.18693592613220214,False,REGULAR,USD,2028-06-16,761.6900024414062,2026-09-18 23:53:39.265099
SPY280616C00935000,2026-09-17 13:30:03+00:00,935.0,21.68,23.01,23.29,0.0,0.0,2.0,233.0,0.1855779074859619,False,REGULAR,USD,2028-06-16,761.6900024414062,2026-09-18 23:53:39.265099
SPY280616C00940000,2026-09-14 14:46:06+00:00,940.0,20.13,21.78,22.06,0.0,0.0,1.0,287.0,0.1842809233856201,False,REGULAR,USD,2028-06-16,761.6900024414062,2026-09-18 23:53:39.265099
SPY280616C00945000,2026-09-18 19:23:01+00:00,945.0,20.0,20.61,20.89,0.70000076,3.6269472,2.0,415.0,0.1830373445129394,False,REGULAR,USD,2028-06-16,761.6900024414062,2026-09-18 23:53:39.265099
SPY280616C00950000,2026-09-17 19:53:47+00:00,950.0,18.71,19.5,19.76,0.0,0.0,51.0,538.0,0.18180139495849607,False,REGULAR,USD,2028-06-16,761.6900024414062,2026-09-18 23:53:39.265099
SPY280616C00955000,2026-09-14 18:48:06+00:00,955.0,17.43,18.49,18.63,0.0,0.0,1.0,491.0,0.18042048835754396,False,REGULAR,USD,2028-06-16,761.6900024414062,2026-09-18 23:53:39.265099
SPY280616C00960000,2026-09-17 18:52:06+00:00,960.0,16.48,17.5,17.63,0.0,0.0,34.0,101.0,0.17935238380432125,False,REGULAR,USD,2028-06-16,761.6900024414062,2026-09-18 23:53:39.265099
SPY280616C00965000,2026-09-02 15:26:12+00:00,965.0,17.5,16.54,16.66,0.0,0.0,1.0,431.0,0.17826139129638674,False,REGULAR,USD,2028-06-16,761.6900024414062,2026-09-18 23:53:39.265099
SPY280616C00970000,2026-09-16 19:12:09+00:00,970.0,12.4,15.63,15.75,0.0,0.0,30.0,265.0,0.1772619506072998,False,REGULAR,USD,2028-06-16,761.6900024414062,2026-09-18 23:53:39.265099
SPY280616C00975000,2026-09-18 19:32:56+00:00,975.0,14.24,14.77,14.89,-0.97000027,-6.377385,1.0,61.0,0.17631591514587405,False,REGULAR,USD,2028-06-16,761.6900024414062,2026-09-18 23:53:39.265099
SPY280616C00980000,2026-09-15 13:32:02+00:00,980.0,12.41,13.94,14.06,0.0,0.0,1.0,201.0,0.17536225036621095,False,REGULAR,USD,2028-06-16,761.6900024414062,2026-09-18 23:53:39.265099
SPY280616C00985000,2026-09-18 19:34:30+00:00,985.0,12.68,13.17,13.29,-0.90999985,-6.696099,2.0,21.0,0.17451539604187014,False,REGULAR,USD,2028-06-16,761.6900024414062,2026-09-18 23:53:39.265099
SPY280616C00990000,2026-09-15 14:38:10+00:00,990.0,10.6,12.43,12.55,0.0,0.0,5.0,131.0,0.17366091239929202,False,REGULAR,USD,2028-06-16,761.6900024414062,2026-09-18 23:53:39.265099
SPY280616C00995000,2026-09-16 19:47:28+00:00,995.0,9.27,11.73,11.85,0.0,0.0,2.0,388.0,0.1728522046661377,False,REGULAR,USD,2028-06-16,761.6900024414062,2026-09-18 23:53:39.265099
SPY280616C01000000,2026-09-18 19:33:05+00:00,1000.0,10.65,11.08,11.19,0.8699999,8.895704,4.0,2658.0,0.17209690216064455,False,REGULAR,USD,2028-06-16,761.6900024414062,2026-09-18 23:53:39.265099
SPY280616C01005000,2026-09-03 15:14:11+00:00,1005.0,11.79,10.45,10.56,0.0,0.0,105.0,307.0,0.17134159965515136,False,REGULAR,USD,2028-06-16,761.6900024414062,2026-09-18 23:53:39.265099
SPY280616C01010000,2026-09-02 15:36:37+00:00,1010.0,10.48,9.86,9.97,0.0,0.0,250.0,266.0,0.170654961013794,False,REGULAR,USD,2028-06-16,761.6900024414062,2026-09-18 23:53:39.265099
SPY280616C01015000,2026-09-10 13:58:40+00:00,1015.0,8.55,9.31,9.41,0.0,0.0,2.0,378.0,0.16999121032714848,False,REGULAR,USD,2028-06-16,761.6900024414062,2026-09-18 23:53:39.265099
SPY280616C01020000,2026-09-09 16:36:02+00:00,1020.0,8.57,8.78,8.88,0.0,0.0,3.0,1126.0,0.16935034759521483,False,REGULAR,USD,2028-06-16,761.6900024414062,2026-09-18 23:53:39.265099
SPY280616C01025000,2026-09-03 15:38:34+00:00,1025.0,9.55,8.28,8.38,0.0,0.0,100.0,112.0,0.16874763145446783,False,REGULAR,USD,2028-06-16,761.6900024414062,2026-09-18 23:53:39.265099
SPY280616C01030000,2026-08-12 14:22:10+00:00,1030.0,10.97,7.81,7.91,0.0,0.0,25.0,145.0,0.16819069122314456,False,REGULAR,USD,2028-06-16,761.6900024414062,2026-09-18 23:53:39.265099
SPY280616C01035000,2026-09-16 13:41:51+00:00,1035.0,6.2,7.37,7.47,0.0,0.0,3.0,132.0,0.16767189758300782,False,REGULAR,USD,2028-06-16,761.6900024414062,2026-09-18 23:53:39.265099
SPY280616C01040000,2026-09-16 19:19:22+00:00,1040.0,5.15,6.95,7.05,0.0,0.0,1.0,559.0,0.16716836257934575,False,REGULAR,USD,2028-06-16,761.6900024414062,2026-09-18 23:53:39.265099
SPY280616C01045000,2026-08-12 16:19:58+00:00,1045.0,9.31,6.56,6.66,0.0,0.0,10.0,43.0,0.16672586212158208,False,REGULAR,USD,2028-06-16,761.6900024414062,2026-09-18 23:53:39.265099
SPY280616C01050000,2026-09-17 15:08:31+00:00,1050.0,5.43,6.19,6.28,0.0,0.0,1.0,166.0,0.16622232711791995,False,REGULAR,USD,2028-06-16,761.6900024414062,2026-09-18 23:53:39.265099
SPY280616C01055000,2026-06-30 19:37:27+00:00,1055.0,6.73,6.73,6.83,0.0,0.0,25.0,6.0,0.1713797462463379,False,REGULAR,USD,2028-06-16,761.6900024414062,2026-09-18 23:53:39.265099
SPY280616C01060000,2026-08-20 18:59:14+00:00,1060.0,6.39,5.51,5.6,0.0,0.0,2.0,60.0,0.16541361938476565,False,REGULAR,USD,2028-06-16,761.6900024414062,2026-09-18 23:53:39.265099
SPY280616C01065000,2026-08-07 15:02:43+00:00,1065.0,7.79,5.2,5.29,0.0,0.0,95.0,115.0,0.16506267074584963,False,REGULAR,USD,2028-06-16,761.6900024414062,2026-09-18 23:53:39.265099
SPY280616C01070000,2026-08-17 17:58:31+00:00,1070.0,7.19,4.91,5.0,0.0,0.0,1.0,196.0,0.1647422393798828,False,REGULAR,USD,2028-06-16,761.6900024414062,2026-09-18 23:53:39.265099
SPY280616C01075000,2026-09-18 13:45:38+00:00,1075.0,4.38,4.64,4.73,0.1500001,3.5461016,91.0,7.0,0.16446758392333982,False,REGULAR,USD,2028-06-16,761.6900024414062,2026-09-18 23:53:39.265099
SPY280616C01080000,2026-08-05 13:30:12+00:00,1080.0,7.7,4.74,4.82,0.0,0.0,1.0,24.0,0.16678689666748053,False,REGULAR,USD,2028-06-16,761.6900024414062,2026-09-18 23:53:39.265099
SPY280616C01085000,2026-08-26 19:54:49+00:00,1085.0,4.86,4.14,4.23,0.0,0.0,2.0,1.0,0.16393353164672853,False,REGULAR,USD,2028-06-16,761.6900024414062,2026-09-18 23:53:39.265099
SPY280616C01090000,2026-08-28 14:02:41+00:00,1090.0,5.2,3.92,4.0,0.0,0.0,50.0,52.0,0.16368939346313482,False,REGULAR,USD,2028-06-16,761.6900024414062,2026-09-18 23:53:39.265099
SPY280616C01095000,2026-07-06 18:34:31+00:00,1095.0,4.67,4.29,4.38,0.0,0.0,,1.0,0.16835853622436525,False,REGULAR,USD,2028-06-16,761.6900024414062,2026-09-18 23:53:39.265099
SPY280616C01100000,2026-09-16 19:32:32+00:00,1100.0,2.63,3.5,3.59,0.0,0.0,20.0,2992.0,0.16333844482421878,False,REGULAR,USD,2028-06-16,761.6900024414062,2026-09-18 23:53:39.265099
SPY280616C01105000,2026-09-14 15:06:37+00:00,1105.0,2.87,3.32,3.4,0.0,0.0,1.0,7.0,0.1631858584594727,False,REGULAR,USD,2028-06-16,761.6900024414062,2026-09-18 23:53:39.265099
SPY280616C01110000,2026-09-14 14:39:43+00:00,1110.0,2.71,3.14,3.22,0.0,0.0,1.0,249.0,0.16303327209472657,False,REGULAR,USD,2028-06-16,761.6900024414062,2026-09-18 23:53:39.265099
SPY280616C01115000,2026-06-15 15:32:32+00:00,1115.0,4.77,3.84,3.92,0.0,0.0,5.0,4.0,0.17087621124267582,False,REGULAR,USD,2028-06-16,761.6900024414062,2026-09-18 23:53:39.265099
SPY280616C01120000,2026-09-09 19:56:33+00:00,1120.0,2.79,2.82,2.9,0.0,0.0,3.0,26.0,0.16286542709350588,False,REGULAR,USD,2028-06-16,761.6900024414062,2026-09-18 23:53:39.265099
SPY280616C01125000,2026-09-18 13:45:42+00:00,1125.0,2.53,2.67,2.75,0.43000007,20.476194,213.0,38.0,0.16275861663818358,False,REGULAR,USD,2028-06-16,761.6900024414062,2026-09-18 23:53:39.265099
SPY280616C01130000,2026-09-18 13:45:42+00:00,1130.0,2.4,2.54,2.61,0.11000013,4.803499,37.0,58.0,0.1626975820922852,False,REGULAR,USD,2028-06-16,761.6900024414062,2026-09-18 23:53:39.265099
SPY280616C01135000,2026-09-15 20:03:02+00:00,1135.0,1.98,2.41,2.48,0.0,0.0,2.0,110.0,0.16266706481933596,False,REGULAR,USD,2028-06-16,761.6900024414062,2026-09-18 23:53:39.265099
SPY280616C01140000,2026-08-13 17:35:53+00:00,1140.0,3.83,2.29,2.36,0.0,0.0,2.0,47.0,0.1626975820922852,False,REGULAR,USD,2028-06-16,761.6900024414062,2026-09-18 23:53:39.265099
SPY280616C01145000,2026-08-13 17:35:53+00:00,1145.0,3.65,2.18,2.24,0.0,0.0,,102.0,0.16263654754638673,False,REGULAR,USD,2028-06-16,761.6900024414062,2026-09-18 23:53:39.265099
SPY280616C01150000,2026-09-17 15:27:06+00:00,1150.0,1.86,2.07,2.14,0.0,0.0,3.0,682.0,0.1627891339111328,False,REGULAR,USD,2028-06-16,761.6900024414062,2026-09-18 23:53:39.265099
SPY280616C01160000,2026-09-04 15:22:13+00:00,1160.0,2.0,1.88,1.94,0.0,0.0,1.0,26.0,0.16286542709350588,False,REGULAR,USD,2028-06-16,761.6900024414062,2026-09-18 23:53:39.265099
SPY280616C01170000,2026-09-15 19:42:19+00:00,1170.0,1.36,1.71,1.77,0.0,0.0,1.0,107.0,0.16312482391357425,False,REGULAR,USD,2028-06-16,761.6900024414062,2026-09-18 23:53:39.265099
SPY280616C01180000,2026-09-15 20:03:02+00:00,1180.0,1.28,1.56,1.61,0.0,0.0,2.0,1336.0,0.16330792755126955,False,REGULAR,USD,2028-06-16,761.6900024414062,2026-09-18 23:53:39.265099
SPY280616C01190000,2026-09-16 19:18:03+00:00,1190.0,1.06,1.42,1.47,0.0,0.0,2.0,209.0,0.16358258300781253,False,REGULAR,USD,2028-06-16,761.6900024414062,2026-09-18 23:53:39.265099
SPY280616C01200000,2026-09-17 15:27:06+00:00,1200.0,1.18,1.3,1.35,0.0,0.0,23.0,947.0,0.16397930755615236,False,REGULAR,USD,2028-06-16,761.6900024414062,2026-09-18 23:53:39.265099
SPY280616C01210000,2026-08-10 19:49:57+00:00,1210.0,1.94,1.2,1.24,0.0,0.0,6.0,6.0,0.1643760321044922,False,REGULAR,USD,2028-06-16,761.6900024414062,2026-09-18 23:53:39.265099
SPY280616C01220000,2026-09-15 16:20:02+00:00,1220.0,0.9,1.1,1.14,0.0,0.0,44.0,430.0,0.16480327392578126,False,REGULAR,USD,2028-06-16,761.6900024414062,2026-09-18 23:53:39.265099
SPY280616C01230000,2026-09-11 18:36:50+00:00,1230.0,0.99,1.02,1.06,0.0,0.0,39.0,72.0,0.16547465393066407,False,REGULAR,USD,2028-06-16,761.6900024414062,2026-09-18 23:53:39.265099
SPY280616C01240000,2026-09-17 15:18:23+00:00,1240.0,0.82,0.95,0.98,0.0,0.0,298.0,1306.0,0.1659934475708008,False,REGULAR,USD,2028-06-16,761.6900024414062,2026-09-18 23:53:39.265099
SPY280616C01250000,2026-09-14 15:37:45+00:00,1250.0,0.79,0.88,0.92,0.0,0.0,2.0,275.0,0.16681741394042973,False,REGULAR,USD,2028-06-16,761.6900024414062,2026-09-18 23:53:39.265099
SPY280616C01260000,2026-08-25 13:30:01+00:00,1260.0,0.97,0.82,0.86,0.0,0.0,1.0,1009.0,0.16754982849121097,False,REGULAR,USD,2028-06-16,761.6900024414062,2026-09-18 23:53:39.265099
SPY280616C01270000,2026-08-18 19:54:23+00:00,1270.0,0.99,0.77,0.81,0.0,0.0,11.0,195.0,0.16846534667968754,False,REGULAR,USD,2028-06-16,761.6900024414062,2026-09-18 23:53:39.265099
SPY280616C01280000,2026-09-10 16:10:03+00:00,1280.0,0.7,0.72,0.76,0.0,0.0,16.0,302.0,0.16919776123046876,False,REGULAR,USD,2028-06-16,761.6900024414062,2026-09-18 23:53:39.265099
SPY280616C01290000,2026-08-13 14:08:07+00:00,1290.0,1.12,0.68,0.72,0.0,0.0,1.0,273.0,0.17017431396484378,False,REGULAR,USD,2028-06-16,761.6900024414062,2026-09-18 23:53:39.265099
SPY280616C01300000,2026-09-10 13:52:46+00:00,1300.0,0.64,0.64,0.68,0.0,0.0,7.0,903.0,0.1710287976074219,False,REGULAR,USD,2028-06-16,761.6900024414062,2026-09-18 23:53:39.265099
SPY280616C01310000,2026-09-03 18:22:13+00:00,1310.0,0.7,0.61,0.65,0.0,0.0,1.0,63.0,0.17212741943359378,False,REGULAR,USD,2028-06-16,761.6900024414062,2026-09-18 23:53:39.265099
SPY280616C01320000,2026-08-24 13:30:00+00:00,1320.0,0.7,0.58,0.61,0.0,0.0,1.0,3.0,0.17285983398437502,False,REGULAR,USD,2028-06-16,761.6900024414062,2026-09-18 23:53:39.265099
SPY280616C01330000,2026-09-17 17:45:53+00:00,1330.0,0.51,0.55,0.58,0.0,0.0,3.0,94.0,0.17377535217285156,False,REGULAR,USD,2028-06-16,761.6900024414062,2026-09-18 23:53:39.265099
SPY280616C01340000,2026-09-11 19:35:35+00:00,1340.0,0.5,0.52,0.56,0.0,0.0,3.0,367.0,0.17505707763671874,False,REGULAR,USD,2028-06-16,761.6900024414062,2026-09-18 23:53:39.265099
SPY280616C01350000,2026-09-16 19:42:13+00:00,1350.0,0.41,0.49,0.53,0.0,0.0,5.0,215.0,0.17585052673339846,False,REGULAR,USD,2028-06-16,761.6900024414062,2026-09-18 23:53:39.265099
SPY280616C01360000,2026-09-16 18:36:58+00:00,1360.0,0.41,0.47,0.51,0.0,0.0,5.0,1969.0,0.17701018310546873,False,REGULAR,USD,2028-06-16,761.6900024414062,2026-09-18 23:53:39.265099
SPY280616C01370000,2026-09-11 19:35:30+00:00,1370.0,0.43,0.45,0.49,0.0,0.0,6.0,37.0,0.17810880493164064,False,REGULAR,USD,2028-06-16,761.6900024414062,2026-09-18 23:53:39.265099
SPY280616C01380000,2026-09-15 17:29:31+00:00,1380.0,0.36,0.43,0.47,0.0,0.0,4.0,9.0,0.1790853576660156,False,REGULAR,USD,2028-06-16,761.6900024414062,2026-09-18 23:53:39.265099
SPY280616C01390000,2026-09-18 17:37:43+00:00,1390.0,0.39,0.41,0.45,-0.100000024,-20.408167,2.0,1.0,0.18006191040039063,False,REGULAR,USD,2028-06-16,761.6900024414062,2026-09-18 23:53:39.265099
SPY280616C01400000,2026-09-10 15:06:56+00:00,1400.0,0.37,0.39,0.43,0.0,0.0,4.0,182.0,0.18097742858886717,False,REGULAR,USD,2028-06-16,761.6900024414062,2026-09-18 23:53:39.265099
SPY280616C01410000,2026-08-07 14:33:45+00:00,1410.0,0.6,0.37,0.41,0.0,0.0,4.0,1.0,0.1818319122314453,False,REGULAR,USD,2028-06-16,761.6900024414062,2026-09-18 23:53:39.265099
SPY280616C01420000,2026-07-10 16:38:53+00:00,1420.0,0.62,0.4,0.43,0.0,0.0,1.0,2.0,0.18457846679687498,False,REGULAR,USD,2028-06-16,761.6900024414062,2026-09-18 23:53:39.265099
SPY280616C01430000,2026-09-15 16:23:13+00:00,1430.0,0.3,0.34,0.38,0.0,0.0,1.0,2.0,0.18384605224609374,False,REGULAR,USD,2028-06-16,761.6900024414062,2026-09-18 23:53:39.265099
SPY280616C01440000,2026-09-14 19:34:02+00:00,1440.0,0.29,0.33,0.37,0.0,0.0,1.0,847.0,0.18506674316406246,False,REGULAR,USD,2028-06-16,761.6900024414062,2026-09-18 23:53:39.265099
SPY280616C01450000,2026-09-15 16:21:13+00:00,1450.0,0.28,0.32,0.35,0.0,0.0,1.0,19.0,0.18567708862304685,False,REGULAR,USD,2028-06-16,761.6900024414062,2026-09-18 23:53:39.265099
SPY280616C01460000,2026-09-14 15:55:21+00:00,1460.0,0.28,0.3,0.34,0.0,0.0,10.0,23.0,0.18677571044921876,False,REGULAR,USD,2028-06-16,761.6900024414062,2026-09-18 23:53:39.265099
SPY280616C01470000,2026-09-03 13:47:25+00:00,1470.0,0.32,0.29,0.33,0.0,0.0,1.0,472.0,0.1878743322753906,False,REGULAR,USD,2028-06-16,761.6900024414062,2026-09-18 23:53:39.265099
SPY280616C01480000,2026-09-18 18:06:53+00:00,1480.0,0.28,0.28,0.31,0.030000001,12.0,6.0,596.0,0.18836260864257812,False,REGULAR,USD,2028-06-16,761.6900024414062,2026-09-18 23:53:39.265099
SPY281215C00050000,2026-08-18 17:35:45+00:00,50.0,718.25,711.5,715.85,0.0,0.0,2.0,1.0,0.9158943957519532,True,REGULAR,USD,2028-12-15,761.6900024414062,2026-09-18 23:53:39.265099
SPY281215C00060000,2026-06-17 17:33:45+00:00,60.0,689.74,677.3,682.0,0.0,0.0,3.0,0.0,1.0000000000000003e-05,True,REGULAR,USD,2028-12-15,761.6900024414062,2026-09-18 23:53:39.265099
SPY281215C00070000,2026-03-04 19:56:40+00:00,70.0,619.49,0.0,0.0,0.0,0.0,,0.0,1.0000000000000003e-05,True,REGULAR,USD,2028-12-15,761.6900024414062,2026-09-18 23:53:39.265099
SPY281215C00090000,2026-04-08 14:05:47+00:00,90.0,585.88,647.5,650.0,0.0,0.0,1.0,0.0,1.0000000000000003e-05,True,REGULAR,USD,2028-12-15,761.6900024414062,2026-09-18 23:53:39.265099
SPY281215C00100000,2026-08-18 17:35:45+00:00,100.0,668.58,662.0,666.5,0.0,0.0,2.0,2.0,0.6961700305175782,True,REGULAR,USD,2028-12-15,761.6900024414062,2026-09-18 23:53:39.265099
SPY281215C00110000,2026-08-04 17:53:28+00:00,110.0,662.54,657.57,662.5,0.0,0.0,,1.0,0.8359696578979491,True,REGULAR,USD,2028-12-15,761.6900024414062,2026-09-18 23:53:39.265099
SPY281215C00120000,2026-08-04 17:53:28+00:00,120.0,652.72,647.54,652.47,0.0,0.0,1.0,0.0,0.7958394439697265,True,REGULAR,USD,2028-12-15,761.6900024414062,2026-09-18 23:53:39.265099
SPY281215C00130000,2026-09-10 18:23:31+00:00,130.0,628.99,632.0,636.5,0.0,0.0,10.0,11.0,0.6040689007568361,True,REGULAR,USD,2028-12-15,761.6900024414062,2026-09-18 23:53:39.265099
SPY281215C00140000,2026-09-10 19:02:20+00:00,140.0,618.77,622.87,627.0,0.0,0.0,10.0,16.0,0.6027261407470705,True,REGULAR,USD,2028-12-15,761.6900024414062,2026-09-18 23:53:39.265099
SPY281215C00150000,2026-09-10 19:02:25+00:00,150.0,609.94,614.07,618.5,0.0,0.0,2.0,30.0,0.6165199481201173,True,REGULAR,USD,2028-12-15,761.6900024414062,2026-09-18 23:53:39.265099
SPY281215C00160000,2026-09-16 19:25:50+00:00,160.0,592.9,605.28,609.5,0.0,0.0,1.0,1.0,0.618015294494629,True,REGULAR,USD,2028-12-15,761.6900024414062,2026-09-18 23:53:39.265099
SPY281215C00170000,2026-05-22 16:36:51+00:00,170.0,582.29,0.0,0.0,0.0,0.0,2.0,0.0,1.0000000000000003e-05,True,REGULAR,USD,2028-12-15,761.6900024414062,2026-09-18 23:53:39.265099
SPY281215C00180000,2026-09-09 15:11:11+00:00,180.0,587.0,587.7,592.0,0.0,0.0,1.0,4.0,0.6176490872192384,True,REGULAR,USD,2028-12-15,761.6900024414062,2026-09-18 23:53:39.265099
SPY281215C00190000,2026-09-10 14:10:48+00:00,190.0,573.5,578.93,583.0,0.0,0.0,1.0,2.0,0.6127968408203126,True,REGULAR,USD,2028-12-15,761.6900024414062,2026-09-18 23:53:39.265099
SPY281215C00200000,2026-09-16 19:22:59+00:00,200.0,558.5,570.16,574.5,0.0,0.0,2.0,96.0,0.6105385626220705,True,REGULAR,USD,2028-12-15,761.6900024414062,2026-09-18 23:53:39.265099
SPY281215C00210000,2026-09-16 19:09:52+00:00,210.0,551.96,561.4,565.5,0.0,0.0,1.0,7.0,0.6039010557556155,True,REGULAR,USD,2028-12-15,761.6900024414062,2026-09-18 23:53:39.265099
SPY281215C00220000,2026-09-09 15:10:34+00:00,220.0,552.0,552.64,557.0,0.0,0.0,1.0,20.0,0.5997659652709962,True,REGULAR,USD,2028-12-15,761.6900024414062,2026-09-18 23:53:39.265099
SPY281215C00230000,2026-08-11 14:29:03+00:00,230.0,556.0,543.9,548.0,0.0,0.0,1.0,18.0,0.5922281988525393,True,REGULAR,USD,2028-12-15,761.6900024414062,2026-09-18 23:53:39.265099
SPY281215C00240000,2026-09-16 18:59:53+00:00,240.0,527.0,535.16,539.5,0.0,0.0,1.0,7.0,0.5870402624511719,True,REGULAR,USD,2028-12-15,761.6900024414062,2026-09-18 23:53:39.265099
SPY281215C00250000,2026-09-15 19:39:03+00:00,250.0,521.0,526.43,530.5,0.0,0.0,2.0,26.0,0.5790142196655274,True,REGULAR,USD,2028-12-15,761.6900024414062,2026-09-18 23:53:39.265099
SPY281215C00260000,2026-06-10 20:04:41+00:00,260.0,483.0,510.0,514.23,0.0,0.0,2.0,14.0,0.518605277862549,True,REGULAR,USD,2028-12-15,761.6900024414062,2026-09-18 23:53:39.265099
SPY281215C00270000,2026-08-11 14:30:52+00:00,270.0,520.0,509.0,513.0,0.0,0.0,1.0,10.0,0.5648999809265138,True,REGULAR,USD,2028-12-15,761.6900024414062,2026-09-18 23:53:39.265099
SPY281215C00280000,2026-09-09 15:10:33+00:00,280.0,499.5,500.3,504.5,0.0,0.0,1.0,4.0,0.5586591986083984,True,REGULAR,USD,2028-12-15,761.6900024414062,2026-09-18 23:53:39.265099
SPY281215C00290000,2026-09-10 14:08:32+00:00,290.0,486.0,491.61,496.0,0.0,0.0,1.0,6.0,0.5522200540161133,True,REGULAR,USD,2028-12-15,761.6900024414062,2026-09-18 23:53:39.265099
SPY281215C00300000,2026-09-01 14:04:39+00:00,300.0,482.75,482.93,487.0,0.0,0.0,10.0,69.0,0.5438125453186036,True,REGULAR,USD,2028-12-15,761.6900024414062,2026-09-18 23:53:39.265099
SPY281215C00310000,2026-09-15 14:43:49+00:00,310.0,469.0,474.26,478.5,0.0,0.0,2.0,19.0,0.5371750384521485,True,REGULAR,USD,2028-12-15,761.6900024414062,2026-09-18 23:53:39.265099
SPY281215C00320000,2026-08-31 13:58:42+00:00,320.0,469.66,465.6,470.0,0.0,0.0,1.0,121.0,0.5304459797668459,True,REGULAR,USD,2028-12-15,761.6900024414062,2026-09-18 23:53:39.265099
SPY281215C00325000,2026-09-09 15:11:10+00:00,325.0,460.0,461.28,465.5,0.0,0.0,1.0,11.0,0.5262651133728027,True,REGULAR,USD,2028-12-15,761.6900024414062,2026-09-18 23:53:39.265099
SPY281215C00330000,2026-09-04 14:26:20+00:00,330.0,464.5,456.95,461.0,0.0,0.0,1.0,26.0,0.5220384710693358,True,REGULAR,USD,2028-12-15,761.6900024414062,2026-09-18 23:53:39.265099
SPY281215C00335000,2026-06-08 15:32:07+00:00,335.0,435.5,445.0,449.26,0.0,0.0,1.0,9.0,0.4835409312438966,True,REGULAR,USD,2028-12-15,761.6900024414062,2026-09-18 23:53:39.265099
SPY281215C00340000,2026-03-11 15:35:36+00:00,340.0,360.81,395.28,400.0,0.0,0.0,3.0,22.0,1.0000000000000003e-05,True,REGULAR,USD,2028-12-15,761.6900024414062,2026-09-18 23:53:39.265099
SPY281215C00345000,2026-09-15 14:39:54+00:00,345.0,439.0,444.01,448.5,0.0,0.0,1.0,4.0,0.5125933750915526,True,REGULAR,USD,2028-12-15,761.6900024414062,2026-09-18 23:53:39.265099
SPY281215C00350000,2026-09-10 14:09:35+00:00,350.0,434.0,439.7,444.0,0.0,0.0,1.0,83.0,0.508420138015747,True,REGULAR,USD,2028-12-15,761.6900024414062,2026-09-18 23:53:39.265099
SPY281215C00355000,2026-09-16 18:00:16+00:00,355.0,432.93,435.4,439.5,0.0,0.0,7.0,14.0,0.5042774182128906,True,REGULAR,USD,2028-12-15,761.6900024414062,2026-09-18 23:53:39.265099
SPY281215C00360000,2026-09-04 14:26:19+00:00,360.0,438.5,431.1,435.5,0.0,0.0,5.0,11.0,0.5015613809204101,True,REGULAR,USD,2028-12-15,761.6900024414062,2026-09-18 23:53:39.265099
SPY281215C00365000,2026-05-04 13:45:58+00:00,365.0,386.12,404.5,409.0,0.0,0.0,1.0,1.0,0.369925124053955,True,REGULAR,USD,2028-12-15,761.6900024414062,2026-09-18 23:53:39.265099
SPY281215C00370000,2026-08-24 13:54:19+00:00,370.0,422.76,422.51,427.0,0.0,0.0,1.0,8.0,0.5067188000488281,True,REGULAR,USD,2028-12-15,761.6900024414062,2026-09-18 23:53:39.265099
SPY281215C00375000,2026-09-10 14:22:02+00:00,375.0,414.88,418.22,422.5,0.0,0.0,1.0,16.0,0.5018360363769532,True,REGULAR,USD,2028-12-15,761.6900024414062,2026-09-18 23:53:39.265099
SPY281215C00380000,2026-09-10 16:57:16+00:00,380.0,410.58,413.94,418.5,0.0,0.0,1.0,19.0,0.49956249954223636,True,REGULAR,USD,2028-12-15,761.6900024414062,2026-09-18 23:53:39.265099
SPY281215C00385000,2026-05-12 15:12:16+00:00,385.0,383.57,400.5,404.5,0.0,0.0,1.0,6.0,0.44470770141601557,True,REGULAR,USD,2028-12-15,761.6900024414062,2026-09-18 23:53:39.265099
SPY281215C00390000,2026-02-09 16:24:20+00:00,390.0,339.84,0.0,0.0,0.0,0.0,2.0,0.0,1.0000000000000003e-05,True,REGULAR,USD,2028-12-15,761.6900024414062,2026-09-18 23:53:39.265099
SPY281215C00395000,2026-05-04 13:44:40+00:00,395.0,360.89,379.5,383.84,0.0,0.0,,2.0,0.3693300372314453,True,REGULAR,USD,2028-12-15,761.6900024414062,2026-09-18 23:53:39.265099
SPY281215C00400000,2026-09-02 15:28:02+00:00,400.0,399.75,396.85,401.5,0.0,0.0,3.0,97.0,0.485158346710205,True,REGULAR,USD,2028-12-15,761.6900024414062,2026-09-18 23:53:39.265099
SPY281215C00405000,2026-08-31 15:30:59+00:00,405.0,395.68,392.6,397.0,0.0,0.0,1.0,7.0,0.48035950553894036,True,REGULAR,USD,2028-12-15,761.6900024414062,2026-09-18 23:53:39.265099
SPY281215C00410000,2026-08-20 14:41:36+00:00,410.0,391.79,388.35,393.0,0.0,0.0,24.0,101.0,0.4779104943847656,True,REGULAR,USD,2028-12-15,761.6900024414062,2026-09-18 23:53:39.265099
SPY281215C00415000,2026-09-16 13:59:48+00:00,415.0,381.5,384.1,388.5,0.0,0.0,12.0,32.0,0.47314217048645024,True,REGULAR,USD,2028-12-15,761.6900024414062,2026-09-18 23:53:39.265099
SPY281215C00420000,2026-09-15 14:00:21+00:00,420.0,378.01,379.86,384.5,0.0,0.0,1.0,31.0,0.4706550127410889,True,REGULAR,USD,2028-12-15,761.6900024414062,2026-09-18 23:53:39.265099
SPY281215C00425000,2026-09-01 16:43:24+00:00,425.0,374.7,375.63,380.0,0.0,0.0,1.0,11.0,0.46590957679748546,True,REGULAR,USD,2028-12-15,761.6900024414062,2026-09-18 23:53:39.265099
SPY281215C00430000,2026-09-04 14:19:56+00:00,430.0,378.5,371.41,376.0,0.0,0.0,2.0,3.0,0.4633842724609375,True,REGULAR,USD,2028-12-15,761.6900024414062,2026-09-18 23:53:39.265099
SPY281215C00435000,2026-09-11 14:55:16+00:00,435.0,368.68,367.19,372.0,0.0,0.0,18.0,20.0,0.46081319221496586,True,REGULAR,USD,2028-12-15,761.6900024414062,2026-09-18 23:53:39.265099
SPY281215C00440000,2026-09-10 14:22:37+00:00,440.0,359.48,362.98,367.5,0.0,0.0,4.0,10.0,0.45609064422607426,True,REGULAR,USD,2028-12-15,761.6900024414062,2026-09-18 23:53:39.265099
SPY281215C00445000,2026-08-11 14:34:56+00:00,445.0,370.0,358.78,363.5,0.0,0.0,1.0,2.0,0.4534890467071533,True,REGULAR,USD,2028-12-15,761.6900024414062,2026-09-18 23:53:39.265099
SPY281215C00450000,2026-09-18 20:06:02+00:00,450.0,356.82,354.59,359.5,5.3200073,1.5135156,1.0,82.0,0.4508493025970459,True,REGULAR,USD,2028-12-15,761.6900024414062,2026-09-18 23:53:39.265099
SPY281215C00455000,2026-06-16 14:39:58+00:00,455.0,341.73,330.0,334.16,0.0,0.0,1.0,16.0,0.3563601962280273,True,REGULAR,USD,2028-12-15,761.6900024414062,2026-09-18 23:53:39.265099
SPY281215C00460000,2026-08-27 16:42:13+00:00,460.0,354.35,346.23,351.0,0.0,0.0,5.0,83.0,0.44348701049804684,True,REGULAR,USD,2028-12-15,761.6900024414062,2026-09-18 23:53:39.265099
SPY281215C00465000,2026-08-07 14:28:48+00:00,465.0,353.0,342.06,347.0,0.0,0.0,1.0,16.0,0.44077860252380363,True,REGULAR,USD,2028-12-15,761.6900024414062,2026-09-18 23:53:39.265099
SPY281215C00470000,2026-09-11 13:52:38+00:00,470.0,339.6,337.91,342.5,0.0,0.0,1.0,3.0,0.43611708908081054,True,REGULAR,USD,2028-12-15,761.6900024414062,2026-09-18 23:53:39.265099
SPY281215C00475000,2026-09-11 20:05:43+00:00,475.0,335.62,333.76,338.5,0.0,0.0,1.0,40.0,0.43338579315185544,True,REGULAR,USD,2028-12-15,761.6900024414062,2026-09-18 23:53:39.265099
SPY281215C00480000,2026-07-09 16:54:40+00:00,480.0,321.35,328.5,333.13,0.0,0.0,1.0,5.0,0.42545130218505867,True,REGULAR,USD,2028-12-15,761.6900024414062,2026-09-18 23:53:39.265099
SPY281215C00485000,2026-06-16 15:33:00+00:00,485.0,319.53,305.5,309.9,0.0,0.0,1.0,18.0,0.34763225616455073,True,REGULAR,USD,2028-12-15,761.6900024414062,2026-09-18 23:53:39.265099
SPY281215C00490000,2026-08-06 15:10:15+00:00,490.0,331.0,321.38,326.0,0.0,0.0,2.0,7.0,0.42319302398681635,True,REGULAR,USD,2028-12-15,761.6900024414062,2026-09-18 23:53:39.265099
SPY281215C00495000,2026-09-14 14:25:07+00:00,495.0,314.4,317.27,322.0,0.0,0.0,1.0,7.0,0.4203854348754883,True,REGULAR,USD,2028-12-15,761.6900024414062,2026-09-18 23:53:39.265099
SPY281215C00500000,2026-09-18 17:23:06+00:00,500.0,312.15,313.17,318.0,-0.26000977,-0.08322709,10.0,168.0,0.4175473284912109,True,REGULAR,USD,2028-12-15,761.6900024414062,2026-09-18 23:53:39.265099
SPY281215C00505000,2026-06-01 16:46:15+00:00,505.0,306.67,0.0,0.0,0.0,0.0,14.0,0.0,1.0000000000000003e-05,True,REGULAR,USD,2028-12-15,761.6900024414062,2026-09-18 23:53:39.265099
SPY281215C00510000,2026-09-10 14:22:32+00:00,510.0,301.35,305.01,309.5,0.0,0.0,2.0,31.0,0.410062967300415,True,REGULAR,USD,2028-12-15,761.6900024414062,2026-09-18 23:53:39.265099
SPY281215C00515000,2026-07-23 16:35:09+00:00,515.0,283.56,299.62,304.5,0.0,0.0,1.0,12.0,0.4037382624816895,True,REGULAR,USD,2028-12-15,761.6900024414062,2026-09-18 23:53:39.265099
SPY281215C00520000,2026-08-20 13:47:12+00:00,520.0,301.38,296.89,301.5,0.0,0.0,33.0,65.0,0.4042799440765381,True,REGULAR,USD,2028-12-15,761.6900024414062,2026-09-18 23:53:39.265099
SPY281215C00525000,2026-09-11 15:06:17+00:00,525.0,295.34,292.85,297.5,0.0,0.0,1.0,60.0,0.40135028587341304,True,REGULAR,USD,2028-12-15,761.6900024414062,2026-09-18 23:53:39.265099
SPY281215C00530000,2026-09-17 20:08:20+00:00,530.0,287.98,288.83,293.5,0.0,0.0,1.0,20.0,0.3984015543746948,True,REGULAR,USD,2028-12-15,761.6900024414062,2026-09-18 23:53:39.265099
SPY281215C00535000,2026-09-18 15:59:29+00:00,535.0,283.5,284.81,289.5,3.399994,1.21385,1.0,25.0,0.39542993492126466,True,REGULAR,USD,2028-12-15,761.6900024414062,2026-09-18 23:53:39.265099
SPY281215C00540000,2026-07-07 14:57:07+00:00,540.0,270.0,279.63,284.5,0.0,0.0,1.0,7.0,0.3892082258987427,True,REGULAR,USD,2028-12-15,761.6900024414062,2026-09-18 23:53:39.265099
SPY281215C00545000,2026-08-06 15:10:05+00:00,545.0,286.05,276.81,281.5,0.0,0.0,1.0,12.0,0.38943329078674316,True,REGULAR,USD,2028-12-15,761.6900024414062,2026-09-18 23:53:39.265099
SPY281215C00550000,2026-09-18 16:00:34+00:00,550.0,271.3,272.84,277.5,2.7999878,1.0428259,3.0,111.0,0.3864044514465332,True,REGULAR,USD,2028-12-15,761.6900024414062,2026-09-18 23:53:39.265099
SPY281215C00555000,2026-09-03 15:11:38+00:00,555.0,275.68,268.87,273.5,0.0,0.0,1.0,161.0,0.3833527241516113,True,REGULAR,USD,2028-12-15,761.6900024414062,2026-09-18 23:53:39.265099
SPY281215C00560000,2026-09-18 19:07:47+00:00,560.0,265.66,264.92,269.5,-3.0599976,-1.1387309,2.0,50.0,0.38028573822021483,True,REGULAR,USD,2028-12-15,761.6900024414062,2026-09-18 23:53:39.265099
SPY281215C00565000,2026-09-18 14:56:57+00:00,565.0,260.36,260.99,265.5,-12.830017,-4.6963716,2.0,9.0,0.3771996789932251,True,REGULAR,USD,2028-12-15,761.6900024414062,2026-09-18 23:53:39.265099
SPY281215C00570000,2026-08-31 13:30:01+00:00,570.0,266.48,257.06,261.5,0.0,0.0,1.0,34.0,0.3740907318115234,True,REGULAR,USD,2028-12-15,761.6900024414062,2026-09-18 23:53:39.265099
SPY281215C00575000,2026-09-01 18:05:13+00:00,575.0,252.34,253.15,257.5,0.0,0.0,4.0,33.0,0.3709703406524658,True,REGULAR,USD,2028-12-15,761.6900024414062,2026-09-18 23:53:39.265099
SPY281215C00580000,2026-09-15 17:11:45+00:00,580.0,244.66,249.26,254.0,0.0,0.0,1.0,56.0,0.3692995199584961,True,REGULAR,USD,2028-12-15,761.6900024414062,2026-09-18 23:53:39.265099
SPY281215C00585000,2026-09-17 15:49:59+00:00,585.0,244.97,245.38,250.0,0.0,0.0,2.0,21.0,0.3661257235717773,True,REGULAR,USD,2028-12-15,761.6900024414062,2026-09-18 23:53:39.265099
SPY281215C00590000,2026-09-11 15:17:34+00:00,590.0,245.19,241.52,246.0,0.0,0.0,5.0,55.0,0.3629290392303467,True,REGULAR,USD,2028-12-15,761.6900024414062,2026-09-18 23:53:39.265099
SPY281215C00595000,2026-08-27 15:12:27+00:00,595.0,245.0,237.67,242.0,0.0,0.0,12.0,16.0,0.3597170962524414,True,REGULAR,USD,2028-12-15,761.6900024414062,2026-09-18 23:53:39.265099
SPY281215C00600000,2026-09-18 17:05:00+00:00,600.0,233.0,233.84,238.5,-1.0,-0.42735043,7.0,280.0,0.3579013185119629,True,REGULAR,USD,2028-12-15,761.6900024414062,2026-09-18 23:53:39.265099
SPY281215C00605000,2026-09-16 19:13:37+00:00,605.0,221.0,230.02,234.5,0.0,0.0,1.0,49.0,0.35463597030639643,True,REGULAR,USD,2028-12-15,761.6900024414062,2026-09-18 23:53:39.265099
SPY281215C00610000,2026-09-10 14:41:04+00:00,610.0,223.75,226.23,230.5,0.0,0.0,1.0,30.0,0.35135536346435536,True,REGULAR,USD,2028-12-15,761.6900024414062,2026-09-18 23:53:39.265099
SPY281215C00615000,2026-09-16 13:36:43+00:00,615.0,218.9,222.45,227.0,0.0,0.0,53.0,23.0,0.349428960609436,True,REGULAR,USD,2028-12-15,761.6900024414062,2026-09-18 23:53:39.265099
SPY281215C00620000,2026-09-03 16:03:15+00:00,620.0,227.25,218.68,223.0,0.0,0.0,14.0,88.0,0.34609876319885247,True,REGULAR,USD,2028-12-15,761.6900024414062,2026-09-18 23:53:39.265099
SPY281215C00625000,2026-09-04 18:17:07+00:00,625.0,220.22,214.93,219.5,0.0,0.0,1.0,235.0,0.34409606716156,True,REGULAR,USD,2028-12-15,761.6900024414062,2026-09-18 23:53:39.265099
SPY281215C00630000,2026-09-15 17:02:26+00:00,630.0,206.72,211.21,215.5,0.0,0.0,1.0,930.0,0.3407162791824341,True,REGULAR,USD,2028-12-15,761.6900024414062,2026-09-18 23:53:39.265099
SPY281215C00635000,2026-09-09 19:20:37+00:00,635.0,207.56,207.5,212.0,0.0,0.0,1.0,345.0,0.3386411046218872,True,REGULAR,USD,2028-12-15,761.6900024414062,2026-09-18 23:53:39.265099
SPY281215C00640000,2026-09-17 19:29:46+00:00,640.0,204.43,203.8,208.0,0.0,0.0,1.0,714.0,0.33521172607421873,True,REGULAR,USD,2028-12-15,761.6900024414062,2026-09-18 23:53:39.265099
SPY281215C00645000,2026-09-16 19:06:21+00:00,645.0,194.36,200.13,204.5,0.0,0.0,1.0,1037.0,0.3330602583312989,True,REGULAR,USD,2028-12-15,761.6900024414062,2026-09-18 23:53:39.265099
SPY281215C00650000,2026-09-18 19:36:42+00:00,650.0,197.38,196.48,201.0,1.2799988,0.65272754,7.0,1036.0,0.33087064399719235,True,REGULAR,USD,2028-12-15,761.6900024414062,2026-09-18 23:53:39.265099
SPY281215C00655000,2026-09-17 19:12:19+00:00,655.0,193.34,192.84,197.0,0.0,0.0,3.0,578.0,0.3273611576080323,True,REGULAR,USD,2028-12-15,761.6900024414062,2026-09-18 23:53:39.265099
SPY281215C00660000,2026-09-14 18:42:01+00:00,660.0,189.5,189.23,193.5,0.0,0.0,7.0,837.0,0.32510287940979,True,REGULAR,USD,2028-12-15,761.6900024414062,2026-09-18 23:53:39.265099
SPY281215C00665000,2026-09-17 16:57:47+00:00,665.0,185.0,185.63,190.0,0.0,0.0,24.0,381.0,0.3227988253021239,True,REGULAR,USD,2028-12-15,761.6900024414062,2026-09-18 23:53:39.265099
SPY281215C00670000,2026-09-15 14:17:35+00:00,670.0,177.8,182.06,186.5,0.0,0.0,5.0,546.0,0.32045662460327146,True,REGULAR,USD,2028-12-15,761.6900024414062,2026-09-18 23:53:39.265099
SPY281215C00675000,2026-09-18 19:28:22+00:00,675.0,179.5,178.51,183.0,1.1000061,0.6165954,2.0,635.0,0.3180724626541137,True,REGULAR,USD,2028-12-15,761.6900024414062,2026-09-18 23:53:39.265099
SPY281215C00680000,2026-09-16 18:06:31+00:00,680.0,173.0,174.98,179.5,0.0,0.0,1.0,653.0,0.3156501541137695,True,REGULAR,USD,2028-12-15,761.6900024414062,2026-09-18 23:53:39.265099
SPY281215C00685000,2026-09-09 18:14:07+00:00,685.0,170.79,171.47,176.0,0.0,0.0,3.0,1455.0,0.3131858843231201,True,REGULAR,USD,2028-12-15,761.6900024414062,2026-09-18 23:53:39.265099
SPY281215C00690000,2026-09-17 19:26:53+00:00,690.0,167.91,167.97,172.0,0.0,0.0,2.0,2097.0,0.3094704063415527,True,REGULAR,USD,2028-12-15,761.6900024414062,2026-09-18 23:53:39.265099
SPY281215C00695000,2026-09-16 18:55:31+00:00,695.0,160.49,164.51,169.0,0.0,0.0,3.0,2470.0,0.3081429049682617,True,REGULAR,USD,2028-12-15,761.6900024414062,2026-09-18 23:53:39.265099
SPY281215C00700000,2026-09-17 13:31:17+00:00,700.0,160.55,161.06,165.5,0.0,0.0,1.0,833.0,0.3055565660858154,True,REGULAR,USD,2028-12-15,761.6900024414062,2026-09-18 23:53:39.265099
SPY281215C00705000,2026-09-18 17:27:18+00:00,705.0,156.54,157.64,162.0,8.459991,5.7131224,2.0,427.0,0.3029320806121826,True,REGULAR,USD,2028-12-15,761.6900024414062,2026-09-18 23:53:39.265099
SPY281215C00710000,2026-09-17 15:33:43+00:00,710.0,153.62,154.24,158.5,0.0,0.0,1.0,2015.0,0.30026944854736326,True,REGULAR,USD,2028-12-15,761.6900024414062,2026-09-18 23:53:39.265099
SPY281215C00715000,2026-09-17 17:02:32+00:00,715.0,150.82,150.87,155.0,0.0,0.0,2.0,638.0,0.29756485523223875,True,REGULAR,USD,2028-12-15,761.6900024414062,2026-09-18 23:53:39.265099
SPY281215C00720000,2026-09-18 14:40:58+00:00,720.0,147.09,147.52,151.5,-0.4900055,-0.33202702,28.0,1206.0,0.29481830066680903,True,REGULAR,USD,2028-12-15,761.6900024414062,2026-09-18 23:53:39.265099
SPY281215C00725000,2026-09-14 19:38:45+00:00,725.0,143.5,144.19,148.5,0.0,0.0,2.0,255.0,0.2931894412231445,True,REGULAR,USD,2028-12-15,761.6900024414062,2026-09-18 23:53:39.265099
SPY281215C00730000,2026-09-18 15:55:37+00:00,730.0,139.34,140.89,145.0,-0.66000366,-0.4714312,1.0,1280.0,0.29035514949798574,True,REGULAR,USD,2028-12-15,761.6900024414062,2026-09-18 23:53:39.265099
SPY281215C00735000,2026-09-17 17:12:20+00:00,735.0,136.5,137.61,141.5,0.0,0.0,4.0,1249.0,0.2874750818634032,True,REGULAR,USD,2028-12-15,761.6900024414062,2026-09-18 23:53:39.265099
SPY281215C00740000,2026-09-18 19:32:56+00:00,740.0,135.06,134.36,138.5,-0.11000061,-0.08137946,5.0,1468.0,0.2856974507141113,True,REGULAR,USD,2028-12-15,761.6900024414062,2026-09-18 23:53:39.265099
SPY281215C00745000,2026-09-18 15:03:04+00:00,745.0,130.93,131.14,135.0,-0.40000916,-0.30458322,1.0,1467.0,0.2827220166015625,True,REGULAR,USD,2028-12-15,761.6900024414062,2026-09-18 23:53:39.265099
SPY281215C00750000,2026-09-18 18:37:29+00:00,750.0,128.24,127.95,132.0,5.970009,4.8826437,5.0,1379.0,0.28084138965606686,True,REGULAR,USD,2028-12-15,761.6900024414062,2026-09-18 23:53:39.265099
SPY281215C00755000,2026-09-16 19:34:54+00:00,755.0,118.31,124.77,128.65,0.0,0.0,7.0,625.0,0.2781139083862304,True,REGULAR,USD,2028-12-15,761.6900024414062,2026-09-18 23:53:39.265099
SPY281215C00760000,2026-09-18 19:59:00+00:00,760.0,123.14,121.62,125.5,7.970001,6.920206,140.0,2263.0,0.2757831516647338,True,REGULAR,USD,2028-12-15,761.6900024414062,2026-09-18 23:53:39.265099
SPY281215C00765000,2026-09-18 19:42:23+00:00,765.0,119.62,118.51,122.5,0.7200012,0.6055519,12.0,634.0,0.27373849437713615,False,REGULAR,USD,2028-12-15,761.6900024414062,2026-09-18 23:53:39.265099
SPY281215C00770000,2026-09-17 14:23:19+00:00,770.0,115.0,115.43,119.5,0.0,0.0,1.0,1130.0,0.2716366172027588,False,REGULAR,USD,2028-12-15,761.6900024414062,2026-09-18 23:53:39.265099
SPY281215C00775000,2026-09-17 16:54:49+00:00,775.0,111.92,112.37,116.5,0.0,0.0,1.0,1756.0,0.2694813348007202,False,REGULAR,USD,2028-12-15,761.6900024414062,2026-09-18 23:53:39.265099
SPY281215C00780000,2026-09-18 14:54:32+00:00,780.0,109.29,109.34,113.5,0.34000397,0.3120734,40.0,403.0,0.26726501785278317,False,REGULAR,USD,2028-12-15,761.6900024414062,2026-09-18 23:53:39.265099
SPY281215C00785000,2026-09-18 14:54:40+00:00,785.0,106.3,106.35,110.5,0.7900009,0.748745,121.0,317.0,0.264995295677185,False,REGULAR,USD,2028-12-15,761.6900024414062,2026-09-18 23:53:39.265099
SPY281215C00790000,2026-09-18 14:54:32+00:00,790.0,103.39,103.4,107.5,0.69000244,0.6718622,40.0,148.0,0.26266453895568853,False,REGULAR,USD,2028-12-15,761.6900024414062,2026-09-18 23:53:39.265099
SPY281215C00795000,2026-09-18 14:54:40+00:00,795.0,100.45,100.47,105.0,6.5399933,6.964107,120.0,95.0,0.261375184173584,False,REGULAR,USD,2028-12-15,761.6900024414062,2026-09-18 23:53:39.265099
SPY281215C00800000,2026-09-18 18:45:16+00:00,800.0,98.0,97.57,100.5,8.0,8.888889,2.0,4479.0,0.2556226782226563,False,REGULAR,USD,2028-12-15,761.6900024414062,2026-09-18 23:53:39.265099
SPY281215C00805000,2026-09-16 18:36:01+00:00,805.0,91.67,94.72,99.0,0.0,0.0,4.0,267.0,0.2564123126602173,False,REGULAR,USD,2028-12-15,761.6900024414062,2026-09-18 23:53:39.265099
SPY281215C00810000,2026-09-18 19:23:28+00:00,810.0,92.87,91.91,96.5,3.9900055,4.4892054,2.0,1142.0,0.2549360395812989,False,REGULAR,USD,2028-12-15,761.6900024414062,2026-09-18 23:53:39.265099
SPY281215C00815000,2026-09-16 18:21:30+00:00,815.0,87.51,89.13,93.5,0.0,0.0,3.0,277.0,0.25229629547119137,False,REGULAR,USD,2028-12-15,761.6900024414062,2026-09-18 23:53:39.265099
SPY281215C00820000,2026-09-17 14:27:31+00:00,820.0,85.54,86.87,90.75,0.0,0.0,21.0,778.0,0.2501371984100341,False,REGULAR,USD,2028-12-15,761.6900024414062,2026-09-18 23:53:39.265099
SPY281215C00825000,2026-09-17 19:53:02+00:00,825.0,84.2,84.2,88.08,0.0,0.0,5.0,321.0,0.24809254112243653,False,REGULAR,USD,2028-12-15,761.6900024414062,2026-09-18 23:53:39.265099
SPY281215C00830000,2026-09-18 18:49:38+00:00,830.0,82.0,81.56,85.44,3.949997,5.0608544,17.0,1200.0,0.24604025451660155,False,REGULAR,USD,2028-12-15,761.6900024414062,2026-09-18 23:53:39.265099
SPY281215C00835000,2026-09-18 14:25:32+00:00,835.0,78.38,78.95,82.83,-1.1700058,-1.4707804,4.0,215.0,0.24398796791076663,False,REGULAR,USD,2028-12-15,761.6900024414062,2026-09-18 23:53:39.265099
SPY281215C00840000,2026-09-18 14:26:31+00:00,840.0,75.87,76.39,80.27,-0.22999573,-0.3022283,1.0,500.0,0.24197382789611818,False,REGULAR,USD,2028-12-15,761.6900024414062,2026-09-18 23:53:39.265099
SPY281215C00845000,2026-09-14 16:47:05+00:00,845.0,73.86,75.58,76.0,0.0,0.0,1.0,598.0,0.23611451148986815,False,REGULAR,USD,2028-12-15,761.6900024414062,2026-09-18 23:53:39.265099
SPY281215C00850000,2026-09-18 19:09:17+00:00,850.0,71.75,73.09,73.51,0.51000214,0.715893,3.0,762.0,0.2341003714752197,False,REGULAR,USD,2028-12-15,761.6900024414062,2026-09-18 23:53:39.265099
SPY281215C00855000,2026-09-17 15:16:52+00:00,855.0,67.98,70.64,71.05,0.0,0.0,1.0,136.0,0.23207860214233395,False,REGULAR,USD,2028-12-15,761.6900024414062,2026-09-18 23:53:39.265099
SPY281215C00860000,2026-09-17 15:16:52+00:00,860.0,65.58,68.24,68.65,0.0,0.0,1.0,236.0,0.23011023803710937,False,REGULAR,USD,2028-12-15,761.6900024414062,2026-09-18 23:53:39.265099
SPY281215C00865000,2026-09-04 17:34:15+00:00,865.0,67.85,65.89,66.3,0.0,0.0,54.0,298.0,0.2281762058639526,False,REGULAR,USD,2028-12-15,761.6900024414062,2026-09-18 23:53:39.265099
SPY281215C00870000,2026-09-17 19:01:45+00:00,870.0,61.83,63.58,63.99,0.0,0.0,1.0,219.0,0.2262498030090332,False,REGULAR,USD,2028-12-15,761.6900024414062,2026-09-18 23:53:39.265099
SPY281215C00875000,2026-09-17 19:01:45+00:00,875.0,59.61,61.31,61.72,0.0,0.0,1.0,244.0,0.22433484413146967,False,REGULAR,USD,2028-12-15,761.6900024414062,2026-09-18 23:53:39.265099
SPY281215C00880000,2026-09-17 15:58:06+00:00,880.0,57.15,59.1,59.51,0.0,0.0,2.0,194.0,0.22247329048156736,False,REGULAR,USD,2028-12-15,761.6900024414062,2026-09-18 23:53:39.265099
SPY281215C00885000,2026-09-01 18:57:58+00:00,885.0,55.6,56.94,57.35,0.0,0.0,5.0,55.0,0.22063843944549555,False,REGULAR,USD,2028-12-15,761.6900024414062,2026-09-18 23:53:39.265099
SPY281215C00890000,2026-09-17 19:40:36+00:00,890.0,53.4,54.82,55.23,0.0,0.0,1.0,423.0,0.21881121772766113,False,REGULAR,USD,2028-12-15,761.6900024414062,2026-09-18 23:53:39.265099
SPY281215C00895000,2026-09-16 18:53:37+00:00,895.0,48.0,52.76,53.16,0.0,0.0,3.0,2133.0,0.21701451328277588,False,REGULAR,USD,2028-12-15,761.6900024414062,2026-09-18 23:53:39.265099
SPY281215C00900000,2026-09-17 18:28:02+00:00,900.0,49.39,50.75,51.15,0.0,0.0,3.0,2397.0,0.21526739940643308,False,REGULAR,USD,2028-12-15,761.6900024414062,2026-09-18 23:53:39.265099
SPY281215C00905000,2026-09-16 19:49:13+00:00,905.0,43.04,48.79,49.19,0.0,0.0,26.0,381.0,0.21355080280303956,False,REGULAR,USD,2028-12-15,761.6900024414062,2026-09-18 23:53:39.265099
SPY281215C00910000,2026-09-16 19:49:43+00:00,910.0,41.01,46.87,47.27,0.0,0.0,57.0,438.0,0.2118380208587646,False,REGULAR,USD,2028-12-15,761.6900024414062,2026-09-18 23:53:39.265099
SPY281215C00915000,2026-09-16 19:07:20+00:00,915.0,39.55,45.02,45.42,0.0,0.0,85.0,261.0,0.21020153209686276,False,REGULAR,USD,2028-12-15,761.6900024414062,2026-09-18 23:53:39.265099
SPY281215C00920000,2026-09-18 13:58:58+00:00,920.0,41.6,43.23,43.61,3.5099983,9.215013,1.0,344.0,0.2085726726531982,False,REGULAR,USD,2028-12-15,761.6900024414062,2026-09-18 23:53:39.265099
SPY281215C00925000,2026-09-18 14:24:56+00:00,925.0,39.62,41.47,41.85,2.9399986,8.015264,3.0,449.0,0.20696670116424554,False,REGULAR,USD,2028-12-15,761.6900024414062,2026-09-18 23:53:39.265099
SPY281215C00930000,2026-09-16 19:08:10+00:00,930.0,35.0,39.77,40.15,0.0,0.0,30.0,439.0,0.20541794956207277,False,REGULAR,USD,2028-12-15,761.6900024414062,2026-09-18 23:53:39.265099
SPY281215C00935000,2026-09-14 18:48:05+00:00,935.0,36.72,38.14,38.51,0.0,0.0,1.0,96.0,0.20392641784667967,False,REGULAR,USD,2028-12-15,761.6900024414062,2026-09-18 23:53:39.265099
SPY281215C00940000,2026-09-17 17:41:56+00:00,940.0,35.07,36.54,36.91,0.0,0.0,1.0,256.0,0.20243870079040524,False,REGULAR,USD,2028-12-15,761.6900024414062,2026-09-18 23:53:39.265099
SPY281215C00945000,2026-09-16 19:13:38+00:00,945.0,29.8,35.0,35.4,0.0,0.0,3.0,321.0,0.2010883114624023,False,REGULAR,USD,2028-12-15,761.6900024414062,2026-09-18 23:53:39.265099
SPY281215C00950000,2026-09-18 18:17:46+00:00,950.0,32.1,33.53,33.88,-0.15000153,-0.465121,93.0,533.0,0.19961585304260251,False,REGULAR,USD,2028-12-15,761.6900024414062,2026-09-18 23:53:39.265099
SPY281215C00955000,2026-09-10 13:30:02+00:00,955.0,30.41,32.1,32.45,0.0,0.0,1.0,271.0,0.1982807223510742,False,REGULAR,USD,2028-12-15,761.6900024414062,2026-09-18 23:53:39.265099
SPY281215C00960000,2026-09-17 13:31:23+00:00,960.0,29.19,30.71,31.05,0.0,0.0,1.0,466.0,0.19693033302307125,False,REGULAR,USD,2028-12-15,761.6900024414062,2026-09-18 23:53:39.265099
SPY281215C00965000,2026-09-17 17:40:32+00:00,965.0,28.19,29.39,29.73,0.0,0.0,21.0,163.0,0.19570201278686522,False,REGULAR,USD,2028-12-15,761.6900024414062,2026-09-18 23:53:39.265099
SPY281215C00970000,2026-09-18 19:32:56+00:00,970.0,27.45,28.12,28.45,0.49000168,1.8175137,2.0,242.0,0.1944889511871338,False,REGULAR,USD,2028-12-15,761.6900024414062,2026-09-18 23:53:39.265099
SPY281215C00975000,2026-09-16 18:42:54+00:00,975.0,24.69,26.88,27.21,0.0,0.0,1.0,500.0,0.19329114822387694,False,REGULAR,USD,2028-12-15,761.6900024414062,2026-09-18 23:53:39.265099
SPY281215C00980000,2026-09-18 18:20:05+00:00,980.0,24.71,25.71,26.03,0.089998245,0.36554933,100.0,266.0,0.19216582378387453,False,REGULAR,USD,2028-12-15,761.6900024414062,2026-09-18 23:53:39.265099
SPY281215C00985000,2026-09-18 16:50:46+00:00,985.0,23.17,24.58,24.9,-0.32999992,-1.404255,4.0,175.0,0.1910939045715332,False,REGULAR,USD,2028-12-15,761.6900024414062,2026-09-18 23:53:39.265099
SPY281215C00990000,2026-09-17 19:35:47+00:00,990.0,22.41,23.49,23.81,0.0,0.0,9.0,371.0,0.1900410586547852,False,REGULAR,USD,2028-12-15,761.6900024414062,2026-09-18 23:53:39.265099
SPY281215C00995000,2026-09-18 20:02:17+00:00,995.0,22.46,22.45,22.76,2.039999,9.990201,6.0,64.0,0.18901873001098635,False,REGULAR,USD,2028-12-15,761.6900024414062,2026-09-18 23:53:39.265099
SPY281215C01000000,2026-09-18 20:10:22+00:00,1000.0,21.6,21.54,21.69,1.0,4.8543687,78.0,9164.0,0.1878361856842041,False,REGULAR,USD,2028-12-15,761.6900024414062,2026-09-18 23:53:39.265099
SPY281215C01005000,2026-09-11 14:44:17+00:00,1005.0,20.39,20.58,20.73,0.0,0.0,3.0,47.0,0.18689777954101564,False,REGULAR,USD,2028-12-15,761.6900024414062,2026-09-18 23:53:39.265099
SPY281215C01010000,2026-09-18 16:44:27+00:00,1010.0,18.47,19.66,19.81,-0.050001144,-0.26998457,7.0,155.0,0.18598989067077634,False,REGULAR,USD,2028-12-15,761.6900024414062,2026-09-18 23:53:39.265099
SPY281215C01015000,2026-09-18 16:49:55+00:00,1015.0,17.66,18.79,18.93,1.79,11.279143,5.0,112.0,0.18512777770996092,False,REGULAR,USD,2028-12-15,761.6900024414062,2026-09-18 23:53:39.265099
SPY281215C01020000,2026-09-18 16:44:53+00:00,1020.0,16.9,17.96,18.1,1.3999996,9.032256,10.0,140.0,0.18433432861328125,False,REGULAR,USD,2028-12-15,761.6900024414062,2026-09-18 23:53:39.265099
SPY281215C01025000,2026-09-18 16:50:20+00:00,1025.0,16.15,17.15,17.29,1.8799992,13.174485,5.0,49.0,0.18352562088012692,False,REGULAR,USD,2028-12-15,761.6900024414062,2026-09-18 23:53:39.265099
SPY281215C01030000,2026-09-16 19:20:49+00:00,1030.0,12.98,16.38,16.52,0.0,0.0,2.0,430.0,0.18276268905639648,False,REGULAR,USD,2028-12-15,761.6900024414062,2026-09-18 23:53:39.265099
SPY281215C01035000,2026-09-16 19:24:37+00:00,1035.0,12.31,15.65,15.79,0.0,0.0,1.0,146.0,0.1820569771194458,False,REGULAR,USD,2028-12-15,761.6900024414062,2026-09-18 23:53:39.265099
SPY281215C01040000,2026-09-18 16:50:57+00:00,1040.0,14.07,14.95,15.08,2.38,20.359283,4.0,156.0,0.18133600654602047,False,REGULAR,USD,2028-12-15,761.6900024414062,2026-09-18 23:53:39.265099
SPY281215C01045000,2026-09-18 16:47:42+00:00,1045.0,13.31,14.28,14.41,0.42000008,3.2583404,15.0,31.0,0.180672255859375,False,REGULAR,USD,2028-12-15,761.6900024414062,2026-09-18 23:53:39.265099
SPY281215C01050000,2026-09-18 19:46:47+00:00,1050.0,13.44,13.64,13.77,1.1899996,9.714282,2.0,1510.0,0.18003902244567874,False,REGULAR,USD,2028-12-15,761.6900024414062,2026-09-18 23:53:39.265099
SPY281215C01055000,2026-09-18 20:05:30+00:00,1055.0,13.1,13.03,13.16,2.6800003,25.719772,15.0,116.0,0.17944393562316893,False,REGULAR,USD,2028-12-15,761.6900024414062,2026-09-18 23:53:39.265099
SPY281215C01060000,2026-09-18 13:56:55+00:00,1060.0,11.7,12.44,12.57,0.6199999,5.595667,1.0,81.0,0.17884121948242188,False,REGULAR,USD,2028-12-15,761.6900024414062,2026-09-18 23:53:39.265099
SPY281215C01065000,2026-09-18 19:45:24+00:00,1065.0,11.64,11.89,12.01,1.5900002,15.820897,24.0,50.0,0.17827664993286135,False,REGULAR,USD,2028-12-15,761.6900024414062,2026-09-18 23:53:39.265099
SPY281215C01070000,2026-09-16 18:57:26+00:00,1070.0,9.1,11.36,11.48,0.0,0.0,1.0,824.0,0.17775785629272461,False,REGULAR,USD,2028-12-15,761.6900024414062,2026-09-18 23:53:39.265099
SPY281215C01075000,2026-09-18 19:46:17+00:00,1075.0,10.62,10.85,10.97,0.14999962,1.432661,9.0,43.0,0.17724669197082518,False,REGULAR,USD,2028-12-15,761.6900024414062,2026-09-18 23:53:39.265099
SPY281215C01080000,2026-09-17 14:07:13+00:00,1080.0,9.03,10.36,10.48,0.0,0.0,1.0,83.0,0.17675078628540042,False,REGULAR,USD,2028-12-15,761.6900024414062,2026-09-18 23:53:39.265099
SPY281215C01085000,2026-09-11 14:45:49+00:00,1085.0,9.64,9.9,10.02,0.0,0.0,6.0,23.0,0.17630065650939944,False,REGULAR,USD,2028-12-15,761.6900024414062,2026-09-18 23:53:39.265099
SPY281215C01090000,2026-09-18 20:11:11+00:00,1090.0,9.47,9.46,9.58,1.6200004,20.636948,36.0,126.0,0.17587341468811038,False,REGULAR,USD,2028-12-15,761.6900024414062,2026-09-18 23:53:39.265099
SPY281215C01095000,2026-09-17 15:22:04+00:00,1095.0,8.06,9.04,9.16,0.0,0.0,2.0,364.0,0.17546906082153318,False,REGULAR,USD,2028-12-15,761.6900024414062,2026-09-18 23:53:39.265099
SPY281215C01100000,2026-09-18 19:46:01+00:00,1100.0,8.52,8.64,8.75,0.35000038,4.2839704,145.0,4030.0,0.17503418968200682,False,REGULAR,USD,2028-12-15,761.6900024414062,2026-09-18 23:53:39.265099
SPY281215C01105000,2026-08-31 13:32:50+00:00,1105.0,9.14,8.26,8.37,0.0,0.0,1.0,15.0,0.17467561172485352,False,REGULAR,USD,2028-12-15,761.6900024414062,2026-09-18 23:53:39.265099
SPY281215C01110000,2026-09-10 18:14:14+00:00,1110.0,7.07,7.9,8.01,0.0,0.0,6.0,402.0,0.17434755104064945,False,REGULAR,USD,2028-12-15,761.6900024414062,2026-09-18 23:53:39.265099
SPY281215C01115000,2026-09-18 16:06:58+00:00,1115.0,6.95,7.55,7.66,0.14999962,2.2058766,14.0,277.0,0.1740042317199707,False,REGULAR,USD,2028-12-15,761.6900024414062,2026-09-18 23:53:39.265099
SPY281215C01120000,2026-09-17 15:22:55+00:00,1120.0,6.4,7.22,7.32,0.0,0.0,2.0,246.0,0.1736532830810547,False,REGULAR,USD,2028-12-15,761.6900024414062,2026-09-18 23:53:39.265099
SPY281215C01125000,2026-09-18 19:30:45+00:00,1125.0,6.64,6.9,7.01,0.46000004,7.4433665,26.0,91.0,0.17338625694274903,False,REGULAR,USD,2028-12-15,761.6900024414062,2026-09-18 23:53:39.265099
SPY281215C01130000,2026-09-10 18:09:22+00:00,1130.0,5.86,6.6,6.71,0.0,0.0,1.0,560.0,0.17311923080444336,False,REGULAR,USD,2028-12-15,761.6900024414062,2026-09-18 23:53:39.265099
SPY281215C01135000,2026-09-15 20:03:02+00:00,1135.0,5.26,6.32,6.42,0.0,0.0,27.0,236.0,0.17284457534790043,False,REGULAR,USD,2028-12-15,761.6900024414062,2026-09-18 23:53:39.265099
SPY281215C01140000,2026-09-17 15:36:01+00:00,1140.0,5.42,6.04,6.15,0.0,0.0,18.0,173.0,0.1726309544372559,False,REGULAR,USD,2028-12-15,761.6900024414062,2026-09-18 23:53:39.265099
SPY281215C01150000,2026-09-17 19:00:19+00:00,1150.0,5.15,5.54,5.64,0.0,0.0,1.0,971.0,0.17218845397949223,False,REGULAR,USD,2028-12-15,761.6900024414062,2026-09-18 23:53:39.265099
SPY281215C01160000,2026-09-09 14:21:03+00:00,1160.0,4.74,5.08,5.18,0.0,0.0,3.0,411.0,0.17183750534057618,False,REGULAR,USD,2028-12-15,761.6900024414062,2026-09-18 23:53:39.265099
SPY281215C01170000,2026-09-17 15:32:03+00:00,1170.0,4.19,4.66,4.76,0.0,0.0,3.0,258.0,0.17153233261108397,False,REGULAR,USD,2028-12-15,761.6900024414062,2026-09-18 23:53:39.265099
SPY281215C01180000,2026-09-02 18:36:22+00:00,1180.0,4.11,4.29,4.38,0.0,0.0,1.0,16.0,0.17128819442749021,False,REGULAR,USD,2028-12-15,761.6900024414062,2026-09-18 23:53:39.265099
SPY281215C01190000,2026-09-11 19:33:25+00:00,1190.0,3.66,3.94,4.04,0.0,0.0,2.0,331.0,0.17115086669921875,False,REGULAR,USD,2028-12-15,761.6900024414062,2026-09-18 23:53:39.265099
SPY281215C01200000,2026-09-18 19:44:35+00:00,1200.0,3.58,3.63,3.72,0.19999981,5.917154,1015.0,4444.0,0.17096776306152345,False,REGULAR,USD,2028-12-15,761.6900024414062,2026-09-18 23:53:39.265099
SPY281215C01210000,2026-09-17 16:09:35+00:00,1210.0,3.02,3.35,3.44,0.0,0.0,7.0,849.0,0.17093724578857422,False,REGULAR,USD,2028-12-15,761.6900024414062,2026-09-18 23:53:39.265099
SPY281215C01220000,2026-09-17 17:26:26+00:00,1220.0,2.78,3.1,3.18,0.0,0.0,237.0,612.0,0.17089146987915044,False,REGULAR,USD,2028-12-15,761.6900024414062,2026-09-18 23:53:39.265099
SPY281215C01230000,2026-09-14 13:53:46+00:00,1230.0,2.52,2.87,2.95,0.0,0.0,2.0,244.0,0.17096776306152345,False,REGULAR,USD,2028-12-15,761.6900024414062,2026-09-18 23:53:39.265099
SPY281215C01240000,2026-09-17 19:53:46+00:00,1240.0,2.49,2.66,2.74,0.0,0.0,50.0,569.0,0.17108983215332033,False,REGULAR,USD,2028-12-15,761.6900024414062,2026-09-18 23:53:39.265099
SPY281215C01250000,2026-09-17 19:59:05+00:00,1250.0,2.31,2.47,2.54,0.0,0.0,5.0,3626.0,0.17113560806274414,False,REGULAR,USD,2028-12-15,761.6900024414062,2026-09-18 23:53:39.265099
SPY281215C01260000,2026-09-18 15:15:40+00:00,1260.0,2.15,2.29,2.36,0.1500001,7.500005,1.0,590.0,0.17125767715454104,False,REGULAR,USD,2028-12-15,761.6900024414062,2026-09-18 23:53:39.265099
SPY281215C01270000,2026-09-16 16:56:17+00:00,1270.0,1.76,2.14,2.2,0.0,0.0,3.0,74.0,0.17147129806518557,False,REGULAR,USD,2028-12-15,761.6900024414062,2026-09-18 23:53:39.265099
SPY281215C01280000,2026-09-17 19:24:25+00:00,1280.0,1.85,1.99,2.05,0.0,0.0,1.0,1145.0,0.1716696603393555,False,REGULAR,USD,2028-12-15,761.6900024414062,2026-09-18 23:53:39.265099
SPY281215C01290000,2026-09-16 13:41:33+00:00,1290.0,1.52,1.86,1.92,0.0,0.0,5.0,471.0,0.1720053503417969,False,REGULAR,USD,2028-12-15,761.6900024414062,2026-09-18 23:53:39.265099
SPY281215C01300000,2026-09-17 15:18:56+00:00,1300.0,1.46,1.74,1.8,0.0,0.0,69.0,2745.0,0.1723410403442383,False,REGULAR,USD,2028-12-15,761.6900024414062,2026-09-18 23:53:39.265099
SPY281215C01310000,2026-09-02 14:02:17+00:00,1310.0,1.56,1.63,1.68,0.0,0.0,2.0,719.0,0.17255466125488284,False,REGULAR,USD,2028-12-15,761.6900024414062,2026-09-18 23:53:39.265099
SPY281215C01320000,2026-09-17 15:19:13+00:00,1320.0,1.3,1.53,1.58,0.0,0.0,71.0,810.0,0.1729819030761719,False,REGULAR,USD,2028-12-15,761.6900024414062,2026-09-18 23:53:39.265099
SPY281215C01330000,2026-09-18 15:10:06+00:00,1330.0,1.34,1.43,1.48,0.120000005,9.836065,20.0,314.0,0.17325655853271482,False,REGULAR,USD,2028-12-15,761.6900024414062,2026-09-18 23:53:39.265099
SPY281215C01340000,2026-09-10 17:12:35+00:00,1340.0,1.19,1.35,1.4,0.0,0.0,1.0,664.0,0.1738058694458008,False,REGULAR,USD,2028-12-15,761.6900024414062,2026-09-18 23:53:39.265099
SPY281215C01350000,2026-09-17 19:44:06+00:00,1350.0,1.19,1.27,1.32,0.0,0.0,34.0,5259.0,0.17423311126708985,False,REGULAR,USD,2028-12-15,761.6900024414062,2026-09-18 23:53:39.265099
SPY281215C01360000,2026-09-17 19:52:47+00:00,1360.0,1.14,1.21,1.25,0.0,0.0,10.0,19.0,0.1747824221801758,False,REGULAR,USD,2028-12-15,761.6900024414062,2026-09-18 23:53:39.265099
SPY281215C01370000,2026-09-11 20:03:53+00:00,1370.0,1.06,1.14,1.19,0.0,0.0,5.0,1032.0,0.17542328491210937,False,REGULAR,USD,2028-12-15,761.6900024414062,2026-09-18 23:53:39.265099
SPY281215C01380000,2026-09-14 16:19:00+00:00,1380.0,0.98,1.09,1.13,0.0,0.0,20.0,220.0,0.1759725958251953,False,REGULAR,USD,2028-12-15,761.6900024414062,2026-09-18 23:53:39.265099
SPY281215C01390000,2026-09-18 19:57:01+00:00,1390.0,1.05,1.04,1.08,0.07999992,8.247415,5.0,59.0,0.17670501037597658,False,REGULAR,USD,2028-12-15,761.6900024414062,2026-09-18 23:53:39.265099
SPY281215C01400000,2026-09-17 19:55:46+00:00,1400.0,0.95,0.99,1.04,0.0,0.0,21.0,268.0,0.1775594940185547,False,REGULAR,USD,2028-12-15,761.6900024414062,2026-09-18 23:53:39.265099
SPY281215C01410000,2026-08-19 15:40:28+00:00,1410.0,1.12,0.95,1.0,0.0,0.0,1.0,12.0,0.1783834603881836,False,REGULAR,USD,2028-12-15,761.6900024414062,2026-09-18 23:53:39.265099
SPY281215C01420000,2026-09-16 19:34:10+00:00,1420.0,0.77,0.92,0.96,0.0,0.0,3.0,21.0,0.17914639221191403,False,REGULAR,USD,2028-12-15,761.6900024414062,2026-09-18 23:53:39.265099
SPY281215C01430000,2026-08-27 18:20:42+00:00,1430.0,1.0,0.88,0.92,0.0,0.0,110.0,113.0,0.17984828948974607,False,REGULAR,USD,2028-12-15,761.6900024414062,2026-09-18 23:53:39.265099
SPY281215C01440000,2026-08-06 17:55:52+00:00,1440.0,0.99,0.85,0.89,0.0,0.0,6.0,12.0,0.18073329040527342,False,REGULAR,USD,2028-12-15,761.6900024414062,2026-09-18 23:53:39.265099
SPY281215C01450000,2026-09-18 13:38:27+00:00,1450.0,0.81,0.82,0.86,0.120000005,17.391304,1.0,84.0,0.18161829132080076,False,REGULAR,USD,2028-12-15,761.6900024414062,2026-09-18 23:53:39.265099
SPY281215C01460000,2026-09-14 16:02:45+00:00,1460.0,0.71,0.8,0.84,0.0,0.0,1.0,56.0,0.1826863958740234,False,REGULAR,USD,2028-12-15,761.6900024414062,2026-09-18 23:53:39.265099
SPY281215C01470000,2026-09-17 13:33:45+00:00,1470.0,0.71,0.77,0.81,0.0,0.0,2.0,562.0,0.1834798449707031,False,REGULAR,USD,2028-12-15,761.6900024414062,2026-09-18 23:53:39.265099
SPY281215C01480000,2026-09-18 20:13:57+00:00,1480.0,0.75,0.75,0.79,0.029999971,4.1666627,65.0,11560.0,0.18451743225097655,False,REGULAR,USD,2028-12-15,761.6900024414062,2026-09-18 23:53:39.265099
